[21:56:09] 탭로그 ON — 브라우저 열기·생성 · 씬 65개 · reopen=True
[21:56:15] ChromeDebug 재시작 port=9242 user_data=C:\ChromeDebug_2_5
[21:56:19] 모델 이미 Pro: Nano Banana Pro
[21:56:19] 세션 준비 — login=OK model=Nano Banana Pro auto=True
[21:56:19] ensure_page cur_sc=10 prefer_sc=10 cur=https://www.genspark.ai/ai_image prefer=https://www.genspark.ai/ai_image
[21:56:21] fill OK(clip) follow=False chars=65990
[21:56:21] 입력창 붙여넣기 — 프롬프트 45379자 + SRT 20568자 = 합계 65990자
  prompt=C:/cursor/videt/2_5_sceneImage/md/image.검신회귀록.txt
  srt=C:\cursor\wuxia\무협극장\검신귀환록\2부\13장\mp3\new.srt
[21:56:22] ensure_page cur_sc=10 prefer_sc=10 cur=https://www.genspark.ai/ai_image prefer=https://www.genspark.ai/ai_image
[21:56:24] 동일 입력창에 명령 추가(미실행): ===== CHARACTER LOOK (SRT_000) =====
State keys: Jin≈19|blood_robe
Jin Muhan, approximately nineteen years old, East-Asian young swordsman, sharp narrow phoenix eyes, high straight…
[21:56:24] 상태키 SRT_000 · Baek|base; Jin≈19|blood_robe
[21:56:24] run_scene 시작 SRT_000 · seen_files=0 · last_saved=
[21:56:24] ensure_page cur_sc=10 prefer_sc=10 cur=https://www.genspark.ai/ai_image prefer=https://www.genspark.ai/ai_image
[21:56:24] 모델 선택 시작 현재=(없음)
[21:56:24] 모델 선택 결과 ok=False 칩=(없음) picked=
[21:56:24] ⏱ 준비 SRT_000 0.1s · chars=2157
[21:56:24] submit 시작 composer=2157 url=https://www.genspark.ai/ai_image
[21:56:24] submit geo 실패 hit=no-btn
[21:56:24] submit 시도 method=geo geo=False
[21:56:25] submit 미확인 method=geo generating=False composer=2157
[21:56:25] submit geo 실패 hit=no-btn
[21:56:25] submit 시도 method=send send=False
[21:56:26] submit 미확인 method=send generating=False composer=2157
[21:56:26] submit 시도 method=ctrl
[21:56:27] submit 미확인 method=ctrl generating=False composer=2159
[21:56:28] submit 시도 method=enter
[21:56:29] submit 확인 method=enter generating=False composer=0
[21:56:29] ⏱ 입력창전송 SRT_000 4.3s
[21:56:29] 제출 후 last_saved=https://www.genspark.ai/api/files/s/luiekhzc
[21:56:29] ⏱ 생성대기 시작 SRT_000 max=120s
[21:56:44] ⏱ 생성대기 진행 15.1s SRT_000 busy=False url_ok=False src=
[21:56:46] ⏱ 생성대기 완료 17.4s SRT_000 https://www.genspark.ai/api/files/s/d9hrn3ed
[21:56:46] ⏱ 생성대기구간 SRT_000 17.4s · ok=True
[21:56:46] SRT_000 근접 이미지 https://www.genspark.ai/api/files/s/d9hrn3ed
[21:56:46] 다운로드 files URL=https://www.genspark.ai/api/files/s/d9hrn3ed → SRT_000.png
[21:56:47] ⏱ 다운로드 직접실패 0.3s · 페이지 fetch 재시도: HTTP Error 403: Forbidden
[21:56:47] ⏱ 다운로드 fetch 0.1s size=547516 SRT_000.png
[21:56:47] ⏱ 다운로드구간 SRT_000 0.3s · SRT_000.png
[21:56:48] ⏱ 다운로드후유휴 SRT_000 1.2s · idle=True
[21:56:48] ⏱ 씬합계 SRT_000 23.7s · https://www.genspark.ai/api/files/s/d9hrn3ed
[21:56:48] SRT_000 생성·다운로드 완료
C:\cursor\wuxia\무협극장\검신귀환록\2부\13장\png\SRT_000.png
[21:56:48] 상태키 SRT_020 · Baek|base; Jin≈19|blood_robe
[21:56:48] run_scene 시작 SRT_020 · seen_files=1 · last_saved=https://www.genspark.ai/api/files/s/d9hrn3ed
[21:56:48] ⏱ 준비 SRT_020 0.0s · chars=2133
[21:56:49] ⏱ 다음명령유휴 SRT_020 1.3s · idle=True
[21:56:50] fill OK(clip) follow=True chars=2133
[21:56:50] submit 시작 composer=2133 url=https://www.genspark.ai/agents?id=dfc736ff-1fb0-4e61-8de1-fd5978d9818d
[21:56:50] submit geo 실패 hit=no-btn
[21:56:50] submit 시도 method=geo geo=False
[21:56:51] submit 미확인 method=geo generating=False composer=2133
[21:56:51] submit geo 실패 hit=no-btn
[21:56:51] submit 시도 method=send send=False
[21:56:51] submit 미확인 method=send generating=False composer=2133
[21:56:52] submit 시도 method=ctrl
[21:56:52] submit 미확인 method=ctrl generating=False composer=2135
[21:56:52] submit 시도 method=enter
[21:56:53] submit 확인 method=enter generating=False composer=0
[21:56:53] ⏱ 입력·전송 SRT_020 3.7s · chars=2133
[21:56:53] 제출 후 last_saved=https://www.genspark.ai/api/files/s/d9hrn3ed
[21:56:53] ⏱ 생성대기 시작 SRT_020 max=120s
[21:57:05] ⏱ 생성대기 완료 12.2s SRT_020 https://www.genspark.ai/api/files/s/4rflvorm
[21:57:05] ⏱ 생성대기구간 SRT_020 12.2s · ok=True
[21:57:05] SRT_020 근접 이미지 https://www.genspark.ai/api/files/s/4rflvorm
[21:57:05] 다운로드 files URL=https://www.genspark.ai/api/files/s/4rflvorm → SRT_020.png
[21:57:06] ⏱ 다운로드 직접실패 0.3s · 페이지 fetch 재시도: HTTP Error 403: Forbidden
[21:57:06] ⏱ 다운로드 fetch 0.0s size=390919 SRT_020.png
[21:57:06] ⏱ 다운로드구간 SRT_020 0.4s · SRT_020.png
[21:57:09] ⏱ 다운로드후유휴 SRT_020 3.3s · idle=True
[21:57:09] ⏱ 씬합계 SRT_020 21.1s · https://www.genspark.ai/api/files/s/4rflvorm
[21:57:09] SRT_020 생성·다운로드 완료
C:\cursor\wuxia\무협극장\검신귀환록\2부\13장\png\SRT_020.png
[21:57:09] 상태키 SRT_040 · Baek|base; Jin≈19|blood_robe
[21:57:09] run_scene 시작 SRT_040 · seen_files=2 · last_saved=https://www.genspark.ai/api/files/s/4rflvorm
[21:57:09] ⏱ 준비 SRT_040 0.0s · chars=1657
[21:57:11] ⏱ 다음명령유휴 SRT_040 1.2s · idle=True
[21:57:11] fill OK(clip) follow=True chars=1657
[21:57:11] submit 시작 composer=1657 url=https://www.genspark.ai/agents?id=dfc736ff-1fb0-4e61-8de1-fd5978d9818d
[21:57:11] submit geo 실패 hit=no-btn
[21:57:11] submit 시도 method=geo geo=False
[21:57:12] submit 미확인 method=geo generating=False composer=1657
[21:57:12] submit geo 실패 hit=no-btn
[21:57:12] submit 시도 method=send send=False
[21:57:13] submit 미확인 method=send generating=False composer=1657
[21:57:13] submit 시도 method=ctrl
[21:57:13] submit 미확인 method=ctrl generating=False composer=1659
[21:57:14] submit 시도 method=enter
[21:57:14] submit 확인 method=enter generating=False composer=0
[21:57:14] ⏱ 입력·전송 SRT_040 3.8s · chars=1657
[21:57:14] 제출 후 last_saved=https://www.genspark.ai/api/files/s/4rflvorm
[21:57:15] ⏱ 생성대기 시작 SRT_040 max=120s
[21:57:30] ⏱ 생성대기 진행 15.4s SRT_040 busy=False url_ok=False src=
[21:57:31] ⏱ 생성대기 완료(busy무시) 16.7s SRT_040 https://www.genspark.ai/api/files/s/uuftj18p
[21:57:31] ⏱ 생성대기구간 SRT_040 16.7s · ok=True
[21:57:31] SRT_040 근접 이미지 https://www.genspark.ai/api/files/s/uuftj18p
[21:57:31] 다운로드 files URL=https://www.genspark.ai/api/files/s/uuftj18p → SRT_040.png
[21:57:31] ⏱ 다운로드 직접실패 0.3s · 페이지 fetch 재시도: HTTP Error 403: Forbidden
[21:57:32] ⏱ 다운로드 fetch 0.0s size=401557 SRT_040.png
[21:57:32] ⏱ 다운로드구간 SRT_040 0.3s · SRT_040.png
[21:57:33] ⏱ 다운로드후유휴 SRT_040 1.2s · idle=True
[21:57:33] ⏱ 씬합계 SRT_040 23.5s · https://www.genspark.ai/api/files/s/uuftj18p
[21:57:33] SRT_040 생성·다운로드 완료
C:\cursor\wuxia\무협극장\검신귀환록\2부\13장\png\SRT_040.png
[21:57:33] 상태키 SRT_060 · Baek|base; Jin≈19|blood_robe
[21:57:33] run_scene 시작 SRT_060 · seen_files=3 · last_saved=https://www.genspark.ai/api/files/s/uuftj18p
[21:57:33] ⏱ 준비 SRT_060 0.0s · chars=1593
[21:57:34] ⏱ 다음명령유휴 SRT_060 1.2s · idle=True
[21:57:35] fill OK(clip) follow=True chars=1593
[21:57:35] submit 시작 composer=1593 url=https://www.genspark.ai/agents?id=dfc736ff-1fb0-4e61-8de1-fd5978d9818d
[21:57:35] submit geo 실패 hit=no-btn
[21:57:35] submit 시도 method=geo geo=False
[21:57:35] submit 미확인 method=geo generating=False composer=1593
[21:57:36] submit geo 실패 hit=no-btn
[21:57:36] submit 시도 method=send send=False
[21:57:36] submit 미확인 method=send generating=False composer=1593
[21:57:36] submit 시도 method=ctrl
[21:57:37] submit 미확인 method=ctrl generating=False composer=1595
[21:57:37] submit 시도 method=enter
[21:57:38] submit 확인 method=enter generating=False composer=0
[21:57:38] ⏱ 입력·전송 SRT_060 3.7s · chars=1593
[21:57:38] 제출 후 last_saved=https://www.genspark.ai/api/files/s/uuftj18p
[21:57:38] ⏱ 생성대기 시작 SRT_060 max=120s
[21:57:49] ⏱ 생성대기 완료(busy무시) 11.2s SRT_060 https://www.genspark.ai/api/files/s/yx8gqjck
[21:57:49] ⏱ 생성대기구간 SRT_060 11.2s · ok=True
[21:57:49] SRT_060 근접 이미지 https://www.genspark.ai/api/files/s/yx8gqjck
[21:57:49] 다운로드 files URL=https://www.genspark.ai/api/files/s/yx8gqjck → SRT_060.png
[21:57:50] ⏱ 다운로드 직접실패 0.3s · 페이지 fetch 재시도: HTTP Error 403: Forbidden
[21:57:50] ⏱ 다운로드 fetch 0.1s size=487642 SRT_060.png
[21:57:50] ⏱ 다운로드구간 SRT_060 0.4s · SRT_060.png
[21:57:51] ⏱ 다운로드후유휴 SRT_060 1.3s · idle=True
[21:57:51] ⏱ 씬합계 SRT_060 18.1s · https://www.genspark.ai/api/files/s/yx8gqjck
[21:57:51] SRT_060 생성·다운로드 완료
C:\cursor\wuxia\무협극장\검신귀환록\2부\13장\png\SRT_060.png
[21:57:51] 상태키 SRT_080 · Baek|base; Jin≈19|blood_robe
[21:57:51] run_scene 시작 SRT_080 · seen_files=4 · last_saved=https://www.genspark.ai/api/files/s/yx8gqjck
[21:57:51] ⏱ 준비 SRT_080 0.0s · chars=1624
[21:57:52] ⏱ 다음명령유휴 SRT_080 1.3s · idle=True
[21:57:53] fill OK(clip) follow=True chars=1624
[21:57:53] submit 시작 composer=1624 url=https://www.genspark.ai/agents?id=dfc736ff-1fb0-4e61-8de1-fd5978d9818d
[21:57:53] submit geo 실패 hit=no-btn
[21:57:53] submit 시도 method=geo geo=False
[21:57:54] submit 미확인 method=geo generating=False composer=1624
[21:57:54] submit geo 실패 hit=no-btn
[21:57:54] submit 시도 method=send send=False
[21:57:55] submit 미확인 method=send generating=False composer=1624
[21:57:55] submit 시도 method=ctrl
[21:57:56] submit 미확인 method=ctrl generating=False composer=1626
[21:57:56] submit 시도 method=enter
[21:57:57] submit 확인 method=enter generating=False composer=0
[21:57:57] ⏱ 입력·전송 SRT_080 4.0s · chars=1624
[21:57:57] 제출 후 last_saved=https://www.genspark.ai/api/files/s/yx8gqjck
[21:57:57] ⏱ 생성대기 시작 SRT_080 max=120s
[21:58:10] ⏱ 생성대기 완료 13.5s SRT_080 https://www.genspark.ai/api/files/s/os1ki9j5
[21:58:10] ⏱ 생성대기구간 SRT_080 13.5s · ok=True
[21:58:10] SRT_080 근접 이미지 https://www.genspark.ai/api/files/s/os1ki9j5
[21:58:10] 다운로드 files URL=https://www.genspark.ai/api/files/s/os1ki9j5 → SRT_080.png
[21:58:11] ⏱ 다운로드 직접실패 0.3s · 페이지 fetch 재시도: HTTP Error 403: Forbidden
[21:58:11] ⏱ 다운로드 fetch 0.1s size=612600 SRT_080.png
[21:58:11] ⏱ 다운로드구간 SRT_080 0.4s · SRT_080.png
[21:58:12] ⏱ 다운로드후유휴 SRT_080 1.3s · idle=True
[21:58:12] ⏱ 씬합계 SRT_080 20.8s · https://www.genspark.ai/api/files/s/os1ki9j5
[21:58:12] SRT_080 생성·다운로드 완료
C:\cursor\wuxia\무협극장\검신귀환록\2부\13장\png\SRT_080.png
[21:58:12] 상태키 SRT_100 · Baek|base; Jin≈19|blood_robe
[21:58:12] run_scene 시작 SRT_100 · seen_files=5 · last_saved=https://www.genspark.ai/api/files/s/os1ki9j5
[21:58:12] ⏱ 준비 SRT_100 0.0s · chars=2488
[21:58:14] ⏱ 다음명령유휴 SRT_100 1.4s · idle=True
[21:58:14] fill OK(clip) follow=True chars=2488
[21:58:14] submit 시작 composer=2488 url=https://www.genspark.ai/agents?id=dfc736ff-1fb0-4e61-8de1-fd5978d9818d
[21:58:14] submit geo 실패 hit=no-btn
[21:58:14] submit 시도 method=geo geo=False
[21:58:15] submit 미확인 method=geo generating=False composer=2488
[21:58:15] submit geo 실패 hit=no-btn
[21:58:15] submit 시도 method=send send=False
[21:58:16] submit 미확인 method=send generating=False composer=2488
[21:58:16] submit 시도 method=ctrl
[21:58:17] submit 미확인 method=ctrl generating=False composer=2490
[21:58:17] submit 시도 method=enter
[21:58:18] submit 확인 method=enter generating=False composer=0
[21:58:18] ⏱ 입력·전송 SRT_100 4.2s · chars=2488
[21:58:18] 제출 후 last_saved=https://www.genspark.ai/api/files/s/os1ki9j5
[21:58:18] ⏱ 생성대기 시작 SRT_100 max=120s
[21:58:32] ⏱ 생성대기 완료 13.7s SRT_100 https://www.genspark.ai/api/files/s/kk309tdh
[21:58:32] ⏱ 생성대기구간 SRT_100 13.7s · ok=True
[21:58:32] SRT_100 근접 이미지 https://www.genspark.ai/api/files/s/kk309tdh
[21:58:32] 다운로드 files URL=https://www.genspark.ai/api/files/s/kk309tdh → SRT_100.png
[21:58:32] ⏱ 다운로드 직접실패 0.2s · 페이지 fetch 재시도: HTTP Error 403: Forbidden
[21:58:32] ⏱ 다운로드 fetch 0.1s size=559580 SRT_100.png
[21:58:32] ⏱ 다운로드구간 SRT_100 0.3s · SRT_100.png
[21:58:33] ⏱ 다운로드후유휴 SRT_100 1.3s · idle=True
[21:58:33] ⏱ 씬합계 SRT_100 21.2s · https://www.genspark.ai/api/files/s/kk309tdh
[21:58:33] SRT_100 생성·다운로드 완료
C:\cursor\wuxia\무협극장\검신귀환록\2부\13장\png\SRT_100.png
[21:58:33] 상태키 SRT_120 · Baek|base; Jin≈19|blood_robe
[21:58:33] run_scene 시작 SRT_120 · seen_files=6 · last_saved=https://www.genspark.ai/api/files/s/kk309tdh
[21:58:33] ⏱ 준비 SRT_120 0.0s · chars=2697
[21:58:35] ⏱ 다음명령유휴 SRT_120 1.5s · idle=True
[21:58:36] fill OK(clip) follow=True chars=2697
[21:58:36] submit 시작 composer=2697 url=https://www.genspark.ai/agents?id=dfc736ff-1fb0-4e61-8de1-fd5978d9818d
[21:58:36] submit geo 실패 hit=no-btn
[21:58:36] submit 시도 method=geo geo=False
[21:58:36] submit 미확인 method=geo generating=False composer=2697
[21:58:37] submit geo 실패 hit=no-btn
[21:58:37] submit 시도 method=send send=False
[21:58:37] submit 미확인 method=send generating=False composer=2697
[21:58:37] submit 시도 method=ctrl
[21:58:38] submit 미확인 method=ctrl generating=False composer=2699
[21:58:38] submit 시도 method=enter
[21:58:39] submit 확인 method=enter generating=False composer=0
[21:58:39] ⏱ 입력·전송 SRT_120 3.9s · chars=2697
[21:58:39] 제출 후 last_saved=https://www.genspark.ai/api/files/s/kk309tdh
[21:58:39] ⏱ 생성대기 시작 SRT_120 max=120s
[21:58:51] ⏱ 생성대기 완료 11.7s SRT_120 https://www.genspark.ai/api/files/s/h6pmp5xq
[21:58:51] ⏱ 생성대기구간 SRT_120 11.7s · ok=True
[21:58:51] SRT_120 근접 이미지 https://www.genspark.ai/api/files/s/h6pmp5xq
[21:58:51] 다운로드 files URL=https://www.genspark.ai/api/files/s/h6pmp5xq → SRT_120.png
[21:58:51] ⏱ 다운로드 직접실패 0.3s · 페이지 fetch 재시도: HTTP Error 403: Forbidden
[21:58:51] ⏱ 다운로드 fetch 0.1s size=546454 SRT_120.png
[21:58:51] ⏱ 다운로드구간 SRT_120 0.3s · SRT_120.png
[21:58:54] ⏱ 다운로드후유휴 SRT_120 2.4s · idle=True
[21:58:54] ⏱ 씬합계 SRT_120 20.1s · https://www.genspark.ai/api/files/s/h6pmp5xq
[21:58:54] SRT_120 생성·다운로드 완료
C:\cursor\wuxia\무협극장\검신귀환록\2부\13장\png\SRT_120.png
[21:58:54] 상태키 SRT_140 · Baek|base; Jin≈19|blood_robe
[21:58:54] run_scene 시작 SRT_140 · seen_files=7 · last_saved=https://www.genspark.ai/api/files/s/h6pmp5xq
[21:58:54] ⏱ 준비 SRT_140 0.0s · chars=2169
[21:58:55] ⏱ 다음명령유휴 SRT_140 1.3s · idle=True
[21:58:56] fill OK(clip) follow=True chars=2169
[21:58:56] submit 시작 composer=2169 url=https://www.genspark.ai/agents?id=dfc736ff-1fb0-4e61-8de1-fd5978d9818d
[21:58:56] submit geo 실패 hit=no-btn
[21:58:56] submit 시도 method=geo geo=False
[21:58:57] submit 미확인 method=geo generating=False composer=2169
[21:58:57] submit geo 실패 hit=no-btn
[21:58:57] submit 시도 method=send send=False
[21:58:57] submit 미확인 method=send generating=False composer=2169
[21:58:58] submit 시도 method=ctrl
[21:58:58] submit 미확인 method=ctrl generating=False composer=2171
[21:58:59] submit 시도 method=enter
[21:58:59] submit 확인 method=enter generating=False composer=0
[21:58:59] ⏱ 입력·전송 SRT_140 4.0s · chars=2169
[21:58:59] 제출 후 last_saved=https://www.genspark.ai/api/files/s/h6pmp5xq
[21:58:59] ⏱ 생성대기 시작 SRT_140 max=120s
[21:59:11] ⏱ 생성대기 완료(busy무시) 12.0s SRT_140 https://www.genspark.ai/api/files/s/nanmn0q8
[21:59:11] ⏱ 생성대기구간 SRT_140 12.0s · ok=True
[21:59:11] SRT_140 근접 이미지 https://www.genspark.ai/api/files/s/nanmn0q8
[21:59:11] 다운로드 files URL=https://www.genspark.ai/api/files/s/nanmn0q8 → SRT_140.png
[21:59:12] ⏱ 다운로드 직접실패 0.2s · 페이지 fetch 재시도: HTTP Error 403: Forbidden
[21:59:12] ⏱ 다운로드 fetch 0.0s size=492501 SRT_140.png
[21:59:12] ⏱ 다운로드구간 SRT_140 0.3s · SRT_140.png
[21:59:15] ⏱ 다운로드후유휴 SRT_140 3.2s · idle=True
[21:59:15] ⏱ 씬합계 SRT_140 21.1s · https://www.genspark.ai/api/files/s/nanmn0q8
[21:59:15] SRT_140 생성·다운로드 완료
C:\cursor\wuxia\무협극장\검신귀환록\2부\13장\png\SRT_140.png
[21:59:15] 상태키 SRT_160 · Baek|base; Jin≈19|blood_robe
[21:59:15] run_scene 시작 SRT_160 · seen_files=8 · last_saved=https://www.genspark.ai/api/files/s/nanmn0q8
[21:59:15] ⏱ 준비 SRT_160 0.0s · chars=2491
[21:59:16] ⏱ 다음명령유휴 SRT_160 1.4s · idle=True
[21:59:17] fill OK(clip) follow=True chars=2491
[21:59:17] submit 시작 composer=2491 url=https://www.genspark.ai/agents?id=dfc736ff-1fb0-4e61-8de1-fd5978d9818d
[21:59:17] submit geo 실패 hit=no-btn
[21:59:17] submit 시도 method=geo geo=False
[21:59:18] submit 미확인 method=geo generating=False composer=2491
[21:59:18] submit geo 실패 hit=no-btn
[21:59:18] submit 시도 method=send send=False
[21:59:19] submit 미확인 method=send generating=False composer=2491
[21:59:19] submit 시도 method=ctrl
[21:59:20] submit 미확인 method=ctrl generating=False composer=2493
[21:59:20] submit 시도 method=enter
[21:59:20] submit 확인 method=enter generating=False composer=0
[21:59:20] ⏱ 입력·전송 SRT_160 4.0s · chars=2491
[21:59:20] 제출 후 last_saved=https://www.genspark.ai/api/files/s/nanmn0q8
[21:59:21] ⏱ 생성대기 시작 SRT_160 max=120s
[21:59:33] ⏱ 생성대기 완료 12.5s SRT_160 https://www.genspark.ai/api/files/s/exhlfwzs
[21:59:33] ⏱ 생성대기구간 SRT_160 12.5s · ok=True
[21:59:33] SRT_160 근접 이미지 https://www.genspark.ai/api/files/s/exhlfwzs
[21:59:33] 다운로드 files URL=https://www.genspark.ai/api/files/s/exhlfwzs → SRT_160.png
[21:59:34] ⏱ 다운로드 직접실패 0.3s · 페이지 fetch 재시도: HTTP Error 403: Forbidden
[21:59:34] ⏱ 다운로드 fetch 0.1s size=664057 SRT_160.png
[21:59:34] ⏱ 다운로드구간 SRT_160 0.4s · SRT_160.png
[21:59:35] ⏱ 다운로드후유휴 SRT_160 1.3s · idle=True
[21:59:35] ⏱ 씬합계 SRT_160 19.9s · https://www.genspark.ai/api/files/s/exhlfwzs
[21:59:35] SRT_160 생성·다운로드 완료
C:\cursor\wuxia\무협극장\검신귀환록\2부\13장\png\SRT_160.png
[21:59:35] 상태키 SRT_180 · Baek|base; Jin≈19|blood_robe
[21:59:35] run_scene 시작 SRT_180 · seen_files=9 · last_saved=https://www.genspark.ai/api/files/s/exhlfwzs
[21:59:35] ⏱ 준비 SRT_180 0.0s · chars=2489
[21:59:36] ⏱ 다음명령유휴 SRT_180 1.3s · idle=True
[21:59:37] fill OK(clip) follow=True chars=2489
[21:59:37] submit 시작 composer=2489 url=https://www.genspark.ai/agents?id=dfc736ff-1fb0-4e61-8de1-fd5978d9818d
[21:59:37] submit geo 실패 hit=no-btn
[21:59:37] submit 시도 method=geo geo=False
[21:59:38] submit 미확인 method=geo generating=False composer=2489
[21:59:38] submit geo 실패 hit=no-btn
[21:59:38] submit 시도 method=send send=False
[21:59:39] submit 미확인 method=send generating=False composer=2489
[21:59:39] submit 시도 method=ctrl
[21:59:40] submit 미확인 method=ctrl generating=False composer=2491
[21:59:40] submit 시도 method=enter
[21:59:40] submit 확인 method=enter generating=False composer=0
[21:59:40] ⏱ 입력·전송 SRT_180 3.9s · chars=2489
[21:59:40] 제출 후 last_saved=https://www.genspark.ai/api/files/s/exhlfwzs
[21:59:41] ⏱ 생성대기 시작 SRT_180 max=120s
[21:59:52] ⏱ 생성대기 완료 11.4s SRT_180 https://www.genspark.ai/api/files/s/i5glowsf
[21:59:52] ⏱ 생성대기구간 SRT_180 11.4s · ok=True
[21:59:52] SRT_180 근접 이미지 https://www.genspark.ai/api/files/s/i5glowsf
[21:59:52] 다운로드 files URL=https://www.genspark.ai/api/files/s/i5glowsf → SRT_180.png
[21:59:52] ⏱ 다운로드 직접실패 0.3s · 페이지 fetch 재시도: HTTP Error 403: Forbidden
[21:59:52] ⏱ 다운로드 fetch 0.1s size=660263 SRT_180.png
[21:59:52] ⏱ 다운로드구간 SRT_180 0.4s · SRT_180.png
[21:59:54] ⏱ 다운로드후유휴 SRT_180 1.4s · idle=True
[21:59:54] ⏱ 씬합계 SRT_180 18.6s · https://www.genspark.ai/api/files/s/i5glowsf
[21:59:54] SRT_180 생성·다운로드 완료
C:\cursor\wuxia\무협극장\검신귀환록\2부\13장\png\SRT_180.png
[21:59:54] 상태키 SRT_200 · Baek|base; Jin≈19|blood_robe
[21:59:54] run_scene 시작 SRT_200 · seen_files=10 · last_saved=https://www.genspark.ai/api/files/s/i5glowsf
[21:59:54] ⏱ 준비 SRT_200 0.0s · chars=1610
[21:59:55] ⏱ 다음명령유휴 SRT_200 1.3s · idle=True
[21:59:56] fill OK(clip) follow=True chars=1610
[21:59:56] submit 시작 composer=1610 url=https://www.genspark.ai/agents?id=dfc736ff-1fb0-4e61-8de1-fd5978d9818d
[21:59:56] submit geo 실패 hit=no-btn
[21:59:56] submit 시도 method=geo geo=False
[21:59:57] submit 미확인 method=geo generating=False composer=1610
[21:59:57] submit geo 실패 hit=no-btn
[21:59:57] submit 시도 method=send send=False
[21:59:58] submit 미확인 method=send generating=False composer=1610
[21:59:58] submit 시도 method=ctrl
[21:59:58] submit 미확인 method=ctrl generating=False composer=1612
[21:59:59] submit 시도 method=enter
[21:59:59] submit 확인 method=enter generating=False composer=0
[21:59:59] ⏱ 입력·전송 SRT_200 3.9s · chars=1610
[21:59:59] 제출 후 last_saved=https://www.genspark.ai/api/files/s/i5glowsf
[21:59:59] ⏱ 생성대기 시작 SRT_200 max=120s
[22:00:13] ⏱ 생성대기 완료(busy무시) 13.6s SRT_200 https://www.genspark.ai/api/files/s/5mom0cot
[22:00:13] ⏱ 생성대기구간 SRT_200 13.6s · ok=True
[22:00:13] SRT_200 근접 이미지 https://www.genspark.ai/api/files/s/5mom0cot
[22:00:13] 다운로드 files URL=https://www.genspark.ai/api/files/s/5mom0cot → SRT_200.png
[22:00:13] ⏱ 다운로드 직접실패 0.3s · 페이지 fetch 재시도: HTTP Error 403: Forbidden
[22:00:13] ⏱ 다운로드 fetch 0.1s size=591837 SRT_200.png
[22:00:13] ⏱ 다운로드구간 SRT_200 0.4s · SRT_200.png
[22:00:15] ⏱ 다운로드후유휴 SRT_200 1.9s · idle=True
[22:00:15] ⏱ 씬합계 SRT_200 21.3s · https://www.genspark.ai/api/files/s/5mom0cot
[22:00:15] SRT_200 생성·다운로드 완료
C:\cursor\wuxia\무협극장\검신귀환록\2부\13장\png\SRT_200.png
[22:00:15] 상태키 SRT_220 · Baek|base; Jin≈19|blood_robe
[22:00:15] run_scene 시작 SRT_220 · seen_files=11 · last_saved=https://www.genspark.ai/api/files/s/5mom0cot
[22:00:15] ⏱ 준비 SRT_220 0.0s · chars=1629
[22:00:17] ⏱ 다음명령유휴 SRT_220 1.2s · idle=True
[22:00:17] fill OK(clip) follow=True chars=1629
[22:00:17] submit 시작 composer=1629 url=https://www.genspark.ai/agents?id=dfc736ff-1fb0-4e61-8de1-fd5978d9818d
[22:00:18] submit geo 실패 hit=no-btn
[22:00:18] submit 시도 method=geo geo=False
[22:00:18] submit 미확인 method=geo generating=False composer=1629
[22:00:18] submit geo 실패 hit=no-btn
[22:00:18] submit 시도 method=send send=False
[22:00:19] submit 미확인 method=send generating=False composer=1629
[22:00:19] submit 시도 method=ctrl
[22:00:20] submit 미확인 method=ctrl generating=False composer=1631
[22:00:20] submit 시도 method=enter
[22:00:21] submit 확인 method=enter generating=False composer=0
[22:00:21] ⏱ 입력·전송 SRT_220 4.0s · chars=1629
[22:00:21] 제출 후 last_saved=https://www.genspark.ai/api/files/s/5mom0cot
[22:00:21] ⏱ 생성대기 시작 SRT_220 max=120s
[22:00:32] ⏱ 생성대기 완료 11.2s SRT_220 https://www.genspark.ai/api/files/s/fl17l5mg
[22:00:32] ⏱ 생성대기구간 SRT_220 11.2s · ok=True
[22:00:32] SRT_220 근접 이미지 https://www.genspark.ai/api/files/s/fl17l5mg
[22:00:32] 다운로드 files URL=https://www.genspark.ai/api/files/s/fl17l5mg → SRT_220.png
[22:00:33] ⏱ 다운로드 직접실패 0.6s · 페이지 fetch 재시도: HTTP Error 403: Forbidden
[22:00:33] ⏱ 다운로드 fetch 0.1s size=533768 SRT_220.png
[22:00:33] ⏱ 다운로드구간 SRT_220 0.7s · SRT_220.png
[22:00:35] ⏱ 다운로드후유휴 SRT_220 2.4s · idle=True
[22:00:35] ⏱ 씬합계 SRT_220 19.9s · https://www.genspark.ai/api/files/s/fl17l5mg
[22:00:35] SRT_220 생성·다운로드 완료
C:\cursor\wuxia\무협극장\검신귀환록\2부\13장\png\SRT_220.png
[22:00:36] 상태키 SRT_240 · Baek|base; Jin≈19|blood_robe
[22:00:36] run_scene 시작 SRT_240 · seen_files=12 · last_saved=https://www.genspark.ai/api/files/s/fl17l5mg
[22:00:36] ⏱ 준비 SRT_240 0.0s · chars=1593
[22:00:37] ⏱ 다음명령유휴 SRT_240 1.3s · idle=True
[22:00:37] fill OK(clip) follow=True chars=1593
[22:00:37] submit 시작 composer=1593 url=https://www.genspark.ai/agents?id=dfc736ff-1fb0-4e61-8de1-fd5978d9818d
[22:00:38] submit geo 실패 hit=no-btn
[22:00:38] submit 시도 method=geo geo=False
[22:00:38] submit 미확인 method=geo generating=False composer=1593
[22:00:38] submit geo 실패 hit=no-btn
[22:00:38] submit 시도 method=send send=False
[22:00:39] submit 미확인 method=send generating=False composer=1593
[22:00:39] submit 시도 method=ctrl
[22:00:40] submit 미확인 method=ctrl generating=False composer=1595
[22:00:40] submit 시도 method=enter
[22:00:41] submit 확인 method=enter generating=False composer=0
[22:00:41] ⏱ 입력·전송 SRT_240 3.8s · chars=1593
[22:00:41] 제출 후 last_saved=https://www.genspark.ai/api/files/s/fl17l5mg
[22:00:41] ⏱ 생성대기 시작 SRT_240 max=120s
[22:00:55] ⏱ 생성대기 완료 14.4s SRT_240 https://www.genspark.ai/api/files/s/h0q8ikx1
[22:00:55] ⏱ 생성대기구간 SRT_240 14.4s · ok=True
[22:00:55] SRT_240 근접 이미지 https://www.genspark.ai/api/files/s/h0q8ikx1
[22:00:55] 다운로드 files URL=https://www.genspark.ai/api/files/s/h0q8ikx1 → SRT_240.png
[22:00:56] ⏱ 다운로드 직접실패 0.3s · 페이지 fetch 재시도: HTTP Error 403: Forbidden
[22:00:56] ⏱ 다운로드 fetch 0.0s size=510178 SRT_240.png
[22:00:56] ⏱ 다운로드구간 SRT_240 0.3s · SRT_240.png
[22:01:02] ⏱ 다운로드후유휴 SRT_240 6.7s · idle=True
[22:01:02] ⏱ 씬합계 SRT_240 26.9s · https://www.genspark.ai/api/files/s/h0q8ikx1
[22:01:02] SRT_240 생성·다운로드 완료
C:\cursor\wuxia\무협극장\검신귀환록\2부\13장\png\SRT_240.png
[22:01:03] 상태키 SRT_260 · Baek|base; Jin≈19|blood_robe
[22:01:03] run_scene 시작 SRT_260 · seen_files=13 · last_saved=https://www.genspark.ai/api/files/s/h0q8ikx1
[22:01:03] ⏱ 준비 SRT_260 0.0s · chars=2166
[22:01:04] ⏱ 다음명령유휴 SRT_260 1.3s · idle=True
[22:01:04] fill OK(clip) follow=True chars=2166
[22:01:04] submit 시작 composer=2166 url=https://www.genspark.ai/agents?id=dfc736ff-1fb0-4e61-8de1-fd5978d9818d
[22:01:05] submit geo 실패 hit=no-btn
[22:01:05] submit 시도 method=geo geo=False
[22:01:05] submit 미확인 method=geo generating=False composer=2166
[22:01:05] submit geo 실패 hit=no-btn
[22:01:05] submit 시도 method=send send=False
[22:01:06] submit 미확인 method=send generating=False composer=2166
[22:01:06] submit 시도 method=ctrl
[22:01:07] submit 미확인 method=ctrl generating=False composer=2168
[22:01:07] submit 시도 method=enter
[22:01:08] submit 확인 method=enter generating=False composer=0
[22:01:08] ⏱ 입력·전송 SRT_260 3.9s · chars=2166
[22:01:08] 제출 후 last_saved=https://www.genspark.ai/api/files/s/h0q8ikx1
[22:01:08] ⏱ 생성대기 시작 SRT_260 max=120s
[22:01:23] ⏱ 생성대기 진행 15.1s SRT_260 busy=True url_ok=True src=https://www.genspark.ai/api/files/s/qzov3ymy
[22:01:23] ⏱ 생성대기 완료(busy무시) 15.1s SRT_260 https://www.genspark.ai/api/files/s/qzov3ymy
[22:01:23] ⏱ 생성대기구간 SRT_260 15.1s · ok=True
[22:01:23] SRT_260 근접 이미지 https://www.genspark.ai/api/files/s/qzov3ymy
[22:01:23] 다운로드 files URL=https://www.genspark.ai/api/files/s/qzov3ymy → SRT_260.png
[22:01:23] ⏱ 다운로드 직접실패 0.3s · 페이지 fetch 재시도: HTTP Error 403: Forbidden
[22:01:23] ⏱ 다운로드 fetch 0.1s size=784210 SRT_260.png
[22:01:23] ⏱ 다운로드구간 SRT_260 0.4s · SRT_260.png
[22:01:25] ⏱ 다운로드후유휴 SRT_260 1.3s · idle=True
[22:01:25] ⏱ 씬합계 SRT_260 22.2s · https://www.genspark.ai/api/files/s/qzov3ymy
[22:01:25] SRT_260 생성·다운로드 완료
C:\cursor\wuxia\무협극장\검신귀환록\2부\13장\png\SRT_260.png
[22:01:25] 상태키 SRT_280 · Baek|base; Jin≈19|blood_robe
[22:01:25] run_scene 시작 SRT_280 · seen_files=14 · last_saved=https://www.genspark.ai/api/files/s/qzov3ymy
[22:01:25] ⏱ 준비 SRT_280 0.0s · chars=2171
[22:01:26] ⏱ 다음명령유휴 SRT_280 1.3s · idle=True
[22:01:27] fill OK(clip) follow=True chars=2171
[22:01:27] submit 시작 composer=2171 url=https://www.genspark.ai/agents?id=dfc736ff-1fb0-4e61-8de1-fd5978d9818d
[22:01:27] submit geo 실패 hit=no-btn
[22:01:27] submit 시도 method=geo geo=False
[22:01:28] submit 미확인 method=geo generating=False composer=2171
[22:01:28] submit geo 실패 hit=no-btn
[22:01:28] submit 시도 method=send send=False
[22:01:28] submit 미확인 method=send generating=False composer=2171
[22:01:29] submit 시도 method=ctrl
[22:01:29] submit 미확인 method=ctrl generating=False composer=2173
[22:01:30] submit 시도 method=enter
[22:01:30] submit 확인 method=enter generating=False composer=0
[22:01:30] ⏱ 입력·전송 SRT_280 3.9s · chars=2171
[22:01:30] 제출 후 last_saved=https://www.genspark.ai/api/files/s/qzov3ymy
[22:01:30] ⏱ 생성대기 시작 SRT_280 max=120s
[22:01:43] ⏱ 생성대기 완료 12.2s SRT_280 https://www.genspark.ai/api/files/s/rvysb2ga
[22:01:43] ⏱ 생성대기구간 SRT_280 12.2s · ok=True
[22:01:43] SRT_280 근접 이미지 https://www.genspark.ai/api/files/s/rvysb2ga
[22:01:43] 다운로드 files URL=https://www.genspark.ai/api/files/s/rvysb2ga → SRT_280.png
[22:01:43] ⏱ 다운로드 직접실패 0.3s · 페이지 fetch 재시도: HTTP Error 403: Forbidden
[22:01:43] ⏱ 다운로드 fetch 0.1s size=705163 SRT_280.png
[22:01:43] ⏱ 다운로드구간 SRT_280 0.4s · SRT_280.png
[22:01:44] ⏱ 다운로드후유휴 SRT_280 1.3s · idle=True
[22:01:44] ⏱ 씬합계 SRT_280 19.5s · https://www.genspark.ai/api/files/s/rvysb2ga
[22:01:44] SRT_280 생성·다운로드 완료
C:\cursor\wuxia\무협극장\검신귀환록\2부\13장\png\SRT_280.png
[22:01:45] 상태키 SRT_300 · Baek|base; Jin≈19|blood_robe
[22:01:45] run_scene 시작 SRT_300 · seen_files=15 · last_saved=https://www.genspark.ai/api/files/s/rvysb2ga
[22:01:45] ⏱ 준비 SRT_300 0.0s · chars=2135
[22:01:46] ⏱ 다음명령유휴 SRT_300 1.3s · idle=True
[22:01:46] fill OK(clip) follow=True chars=2135
[22:01:46] submit 시작 composer=2135 url=https://www.genspark.ai/agents?id=dfc736ff-1fb0-4e61-8de1-fd5978d9818d
[22:01:47] submit geo 실패 hit=no-btn
[22:01:47] submit 시도 method=geo geo=False
[22:01:47] submit 미확인 method=geo generating=False composer=2135
[22:01:48] submit geo 실패 hit=no-btn
[22:01:48] submit 시도 method=send send=False
[22:01:48] submit 미확인 method=send generating=False composer=2135
[22:01:48] submit 시도 method=ctrl
[22:01:49] submit 미확인 method=ctrl generating=False composer=2137
[22:01:49] submit 시도 method=enter
[22:01:50] submit 확인 method=enter generating=False composer=0
[22:01:50] ⏱ 입력·전송 SRT_300 4.1s · chars=2135
[22:01:50] 제출 후 last_saved=https://www.genspark.ai/api/files/s/rvysb2ga
[22:01:50] ⏱ 생성대기 시작 SRT_300 max=120s
[22:02:00] ⏱ 생성대기 완료(busy무시) 9.6s SRT_300 https://www.genspark.ai/api/files/s/f8apmnxv
[22:02:00] ⏱ 생성대기구간 SRT_300 9.6s · ok=True
[22:02:00] SRT_300 근접 이미지 https://www.genspark.ai/api/files/s/f8apmnxv
[22:02:00] 다운로드 files URL=https://www.genspark.ai/api/files/s/f8apmnxv → SRT_300.png
[22:02:00] ⏱ 다운로드 직접실패 0.3s · 페이지 fetch 재시도: HTTP Error 403: Forbidden
[22:02:00] ⏱ 다운로드 fetch 0.1s size=715482 SRT_300.png
[22:02:00] ⏱ 다운로드구간 SRT_300 0.3s · SRT_300.png
[22:02:01] ⏱ 다운로드후유휴 SRT_300 1.3s · idle=True
[22:02:01] ⏱ 씬합계 SRT_300 16.9s · https://www.genspark.ai/api/files/s/f8apmnxv
[22:02:01] SRT_300 생성·다운로드 완료
C:\cursor\wuxia\무협극장\검신귀환록\2부\13장\png\SRT_300.png
[22:02:02] 상태키 SRT_320 · Baek|base; Jin≈19|blood_robe
[22:02:02] run_scene 시작 SRT_320 · seen_files=16 · last_saved=https://www.genspark.ai/api/files/s/f8apmnxv
[22:02:02] ⏱ 준비 SRT_320 0.0s · chars=2471
[22:02:03] ⏱ 다음명령유휴 SRT_320 1.4s · idle=True
[22:02:04] fill OK(clip) follow=True chars=2471
[22:02:04] submit 시작 composer=2471 url=https://www.genspark.ai/agents?id=dfc736ff-1fb0-4e61-8de1-fd5978d9818d
[22:02:04] submit geo 실패 hit=no-btn
[22:02:04] submit 시도 method=geo geo=False
[22:02:04] submit 미확인 method=geo generating=False composer=2471
[22:02:04] submit geo 실패 hit=no-btn
[22:02:05] submit 시도 method=send send=False
[22:02:05] submit 미확인 method=send generating=False composer=2471
[22:02:05] submit 시도 method=ctrl
[22:02:06] submit 미확인 method=ctrl generating=False composer=2473
[22:02:06] submit 시도 method=enter
[22:02:07] submit 확인 method=enter generating=False composer=0
[22:02:07] ⏱ 입력·전송 SRT_320 3.9s · chars=2471
[22:02:07] 제출 후 last_saved=https://www.genspark.ai/api/files/s/f8apmnxv
[22:02:07] ⏱ 생성대기 시작 SRT_320 max=120s
[22:02:21] ⏱ 생성대기 완료(busy무시) 14.1s SRT_320 https://www.genspark.ai/api/files/s/b9mzr7r0
[22:02:21] ⏱ 생성대기구간 SRT_320 14.1s · ok=True
[22:02:21] SRT_320 근접 이미지 https://www.genspark.ai/api/files/s/b9mzr7r0
[22:02:21] 다운로드 files URL=https://www.genspark.ai/api/files/s/b9mzr7r0 → SRT_320.png
[22:02:21] ⏱ 다운로드 직접실패 0.3s · 페이지 fetch 재시도: HTTP Error 403: Forbidden
[22:02:22] ⏱ 다운로드 fetch 0.1s size=624888 SRT_320.png
[22:02:22] ⏱ 다운로드구간 SRT_320 0.4s · SRT_320.png
[22:02:24] ⏱ 다운로드후유휴 SRT_320 2.4s · idle=True
[22:02:24] ⏱ 씬합계 SRT_320 22.4s · https://www.genspark.ai/api/files/s/b9mzr7r0
[22:02:24] SRT_320 생성·다운로드 완료
C:\cursor\wuxia\무협극장\검신귀환록\2부\13장\png\SRT_320.png
[22:02:24] 상태키 SRT_340 · Baek|base; Jin≈19|blood_robe
[22:02:24] run_scene 시작 SRT_340 · seen_files=17 · last_saved=https://www.genspark.ai/api/files/s/b9mzr7r0
[22:02:24] ⏱ 준비 SRT_340 0.0s · chars=2465
[22:02:25] ⏱ 다음명령유휴 SRT_340 1.2s · idle=True
[22:02:26] fill OK(clip) follow=True chars=2465
[22:02:26] submit 시작 composer=2465 url=https://www.genspark.ai/agents?id=dfc736ff-1fb0-4e61-8de1-fd5978d9818d
[22:02:26] submit geo 실패 hit=no-btn
[22:02:26] submit 시도 method=geo geo=False
[22:02:27] submit 미확인 method=geo generating=False composer=2465
[22:02:27] submit geo 실패 hit=no-btn
[22:02:27] submit 시도 method=send send=False
[22:02:28] submit 미확인 method=send generating=False composer=2465
[22:02:28] submit 시도 method=ctrl
[22:02:29] submit 미확인 method=ctrl generating=False composer=2467
[22:02:29] submit 시도 method=enter
[22:02:29] submit 확인 method=enter generating=False composer=0
[22:02:29] ⏱ 입력·전송 SRT_340 4.0s · chars=2465
[22:02:29] 제출 후 last_saved=https://www.genspark.ai/api/files/s/b9mzr7r0
[22:02:30] ⏱ 생성대기 시작 SRT_340 max=120s
[22:02:43] ⏱ 생성대기 완료(busy무시) 13.8s SRT_340 https://www.genspark.ai/api/files/s/53nudglt
[22:02:43] ⏱ 생성대기구간 SRT_340 13.8s · ok=True
[22:02:43] SRT_340 근접 이미지 https://www.genspark.ai/api/files/s/53nudglt
[22:02:43] 다운로드 files URL=https://www.genspark.ai/api/files/s/53nudglt → SRT_340.png
[22:02:44] ⏱ 다운로드 직접실패 0.4s · 페이지 fetch 재시도: HTTP Error 403: Forbidden
[22:02:44] ⏱ 다운로드 fetch 0.1s size=542488 SRT_340.png
[22:02:44] ⏱ 다운로드구간 SRT_340 0.5s · SRT_340.png
[22:02:47] ⏱ 다운로드후유휴 SRT_340 2.8s · idle=True
[22:02:47] ⏱ 씬합계 SRT_340 22.5s · https://www.genspark.ai/api/files/s/53nudglt
[22:02:47] SRT_340 생성·다운로드 완료
C:\cursor\wuxia\무협극장\검신귀환록\2부\13장\png\SRT_340.png
[22:02:47] 상태키 SRT_360 · Baek|base; Jin≈19|blood_robe
[22:02:47] run_scene 시작 SRT_360 · seen_files=18 · last_saved=https://www.genspark.ai/api/files/s/53nudglt
[22:02:47] ⏱ 준비 SRT_360 0.0s · chars=2468
[22:02:48] ⏱ 다음명령유휴 SRT_360 1.3s · idle=True
[22:02:49] fill OK(clip) follow=True chars=2468
[22:02:49] submit 시작 composer=2468 url=https://www.genspark.ai/agents?id=dfc736ff-1fb0-4e61-8de1-fd5978d9818d
[22:02:49] submit geo 실패 hit=no-btn
[22:02:49] submit 시도 method=geo geo=False
[22:02:50] submit 미확인 method=geo generating=False composer=2468
[22:02:50] submit geo 실패 hit=no-btn
[22:02:50] submit 시도 method=send send=False
[22:02:51] submit 미확인 method=send generating=False composer=2468
[22:02:51] submit 시도 method=ctrl
[22:02:51] submit 미확인 method=ctrl generating=False composer=2470
[22:02:52] submit 시도 method=enter
[22:02:52] submit 확인 method=enter generating=False composer=0
[22:02:52] ⏱ 입력·전송 SRT_360 4.0s · chars=2468
[22:02:52] 제출 후 last_saved=https://www.genspark.ai/api/files/s/53nudglt
[22:02:52] ⏱ 생성대기 시작 SRT_360 max=120s
[22:03:08] ⏱ 생성대기 진행 15.4s SRT_360 busy=True url_ok=True src=https://www.genspark.ai/api/files/s/fihlb9e6
[22:03:08] ⏱ 생성대기 완료(busy무시) 15.4s SRT_360 https://www.genspark.ai/api/files/s/fihlb9e6
[22:03:08] ⏱ 생성대기구간 SRT_360 15.4s · ok=True
[22:03:08] SRT_360 근접 이미지 https://www.genspark.ai/api/files/s/fihlb9e6
[22:03:08] 다운로드 files URL=https://www.genspark.ai/api/files/s/fihlb9e6 → SRT_360.png
[22:03:08] ⏱ 다운로드 직접실패 0.3s · 페이지 fetch 재시도: HTTP Error 403: Forbidden
[22:03:08] ⏱ 다운로드 fetch 0.1s size=639687 SRT_360.png
[22:03:08] ⏱ 다운로드구간 SRT_360 0.4s · SRT_360.png
[22:03:10] ⏱ 다운로드후유휴 SRT_360 1.3s · idle=True
[22:03:10] ⏱ 씬합계 SRT_360 22.7s · https://www.genspark.ai/api/files/s/fihlb9e6
[22:03:10] SRT_360 생성·다운로드 완료
C:\cursor\wuxia\무협극장\검신귀환록\2부\13장\png\SRT_360.png
[22:03:10] 상태키 SRT_380 · Baek|base; Jin≈19|blood_robe
[22:03:10] run_scene 시작 SRT_380 · seen_files=19 · last_saved=https://www.genspark.ai/api/files/s/fihlb9e6
[22:03:10] ⏱ 준비 SRT_380 0.0s · chars=1431
[22:03:11] ⏱ 다음명령유휴 SRT_380 1.4s · idle=True
[22:03:12] fill OK(clip) follow=True chars=1431
[22:03:12] submit 시작 composer=1431 url=https://www.genspark.ai/agents?id=dfc736ff-1fb0-4e61-8de1-fd5978d9818d
[22:03:12] submit geo 실패 hit=no-btn
[22:03:12] submit 시도 method=geo geo=False
[22:03:12] submit 미확인 method=geo generating=False composer=1431
[22:03:13] submit geo 실패 hit=no-btn
[22:03:13] submit 시도 method=send send=False
[22:03:13] submit 미확인 method=send generating=False composer=1431
[22:03:14] submit 시도 method=ctrl
[22:03:14] submit 미확인 method=ctrl generating=False composer=1433
[22:03:15] submit 시도 method=enter
[22:03:15] submit 확인 method=enter generating=False composer=0
[22:03:15] ⏱ 입력·전송 SRT_380 3.9s · chars=1431
[22:03:15] 제출 후 last_saved=https://www.genspark.ai/api/files/s/fihlb9e6
[22:03:15] ⏱ 생성대기 시작 SRT_380 max=120s
[22:03:31] ⏱ 생성대기 진행 15.3s SRT_380 busy=False url_ok=False src=
[22:03:33] ⏱ 생성대기 완료 17.9s SRT_380 https://www.genspark.ai/api/files/s/ehhtpmum
[22:03:33] ⏱ 생성대기구간 SRT_380 17.9s · ok=True
[22:03:33] SRT_380 근접 이미지 https://www.genspark.ai/api/files/s/ehhtpmum
[22:03:33] 다운로드 files URL=https://www.genspark.ai/api/files/s/ehhtpmum → SRT_380.png
[22:03:33] ⏱ 다운로드 직접실패 0.3s · 페이지 fetch 재시도: HTTP Error 403: Forbidden
[22:03:34] ⏱ 다운로드 fetch 0.1s size=660939 SRT_380.png
[22:03:34] ⏱ 다운로드구간 SRT_380 0.4s · SRT_380.png
[22:03:37] ⏱ 다운로드후유휴 SRT_380 3.1s · idle=True
[22:03:37] ⏱ 씬합계 SRT_380 26.9s · https://www.genspark.ai/api/files/s/ehhtpmum
[22:03:37] SRT_380 생성·다운로드 완료
C:\cursor\wuxia\무협극장\검신귀환록\2부\13장\png\SRT_380.png
[22:03:37] 상태키 SRT_400 · Baek|base; Jin≈19|blood_robe
[22:03:37] run_scene 시작 SRT_400 · seen_files=20 · last_saved=https://www.genspark.ai/api/files/s/ehhtpmum
[22:03:37] ⏱ 준비 SRT_400 0.0s · chars=2485
[22:03:38] ⏱ 다음명령유휴 SRT_400 1.4s · idle=True
[22:03:39] fill OK(clip) follow=True chars=2485
[22:03:39] submit 시작 composer=2485 url=https://www.genspark.ai/agents?id=dfc736ff-1fb0-4e61-8de1-fd5978d9818d
[22:03:39] submit geo 실패 hit=no-btn
[22:03:39] submit 시도 method=geo geo=False
[22:03:40] submit 미확인 method=geo generating=False composer=2485
[22:03:40] submit geo 실패 hit=no-btn
[22:03:40] submit 시도 method=send send=False
[22:03:40] submit 미확인 method=send generating=False composer=2485
[22:03:41] submit 시도 method=ctrl
[22:03:41] submit 미확인 method=ctrl generating=False composer=2487
[22:03:42] submit 시도 method=enter
[22:03:42] submit 확인 method=enter generating=False composer=0
[22:03:42] ⏱ 입력·전송 SRT_400 4.0s · chars=2485
[22:03:42] 제출 후 last_saved=https://www.genspark.ai/api/files/s/ehhtpmum
[22:03:42] ⏱ 생성대기 시작 SRT_400 max=120s
[22:03:55] ⏱ 생성대기 완료(busy무시) 12.2s SRT_400 https://www.genspark.ai/api/files/s/e3l5xcxa
[22:03:55] ⏱ 생성대기구간 SRT_400 12.2s · ok=True
[22:03:55] SRT_400 근접 이미지 https://www.genspark.ai/api/files/s/e3l5xcxa
[22:03:55] 다운로드 files URL=https://www.genspark.ai/api/files/s/e3l5xcxa → SRT_400.png
[22:03:55] ⏱ 다운로드 직접실패 0.3s · 페이지 fetch 재시도: HTTP Error 403: Forbidden
[22:03:55] ⏱ 다운로드 fetch 0.1s size=757468 SRT_400.png
[22:03:55] ⏱ 다운로드구간 SRT_400 0.4s · SRT_400.png
[22:03:57] ⏱ 다운로드후유휴 SRT_400 1.9s · idle=True
[22:03:57] ⏱ 씬합계 SRT_400 20.1s · https://www.genspark.ai/api/files/s/e3l5xcxa
[22:03:57] SRT_400 생성·다운로드 완료
C:\cursor\wuxia\무협극장\검신귀환록\2부\13장\png\SRT_400.png
[22:03:57] 상태키 SRT_420 · Baek|base; Jin≈19|blood_robe
[22:03:57] run_scene 시작 SRT_420 · seen_files=21 · last_saved=https://www.genspark.ai/api/files/s/e3l5xcxa
[22:03:57] ⏱ 준비 SRT_420 0.0s · chars=2476
[22:03:59] ⏱ 다음명령유휴 SRT_420 1.5s · idle=True
[22:03:59] fill OK(clip) follow=True chars=2476
[22:03:59] submit 시작 composer=2476 url=https://www.genspark.ai/agents?id=dfc736ff-1fb0-4e61-8de1-fd5978d9818d
[22:03:59] submit geo 실패 hit=no-btn
[22:03:59] submit 시도 method=geo geo=False
[22:04:00] submit 미확인 method=geo generating=False composer=2476
[22:04:00] submit geo 실패 hit=no-btn
[22:04:00] submit 시도 method=send send=False
[22:04:01] submit 미확인 method=send generating=False composer=2476
[22:04:01] submit 시도 method=ctrl
[22:04:02] submit 미확인 method=ctrl generating=False composer=2478
[22:04:02] submit 시도 method=enter
[22:04:03] submit 확인 method=enter generating=False composer=0
[22:04:03] ⏱ 입력·전송 SRT_420 4.1s · chars=2476
[22:04:03] 제출 후 last_saved=https://www.genspark.ai/api/files/s/e3l5xcxa
[22:04:03] ⏱ 생성대기 시작 SRT_420 max=120s
[22:04:15] ⏱ 생성대기 완료(busy무시) 11.9s SRT_420 https://www.genspark.ai/api/files/s/hcebenky
[22:04:15] ⏱ 생성대기구간 SRT_420 11.9s · ok=True
[22:04:15] SRT_420 근접 이미지 https://www.genspark.ai/api/files/s/hcebenky
[22:04:15] 다운로드 files URL=https://www.genspark.ai/api/files/s/hcebenky → SRT_420.png
[22:04:15] ⏱ 다운로드 직접실패 0.2s · 페이지 fetch 재시도: HTTP Error 403: Forbidden
[22:04:15] ⏱ 다운로드 fetch 0.1s size=493497 SRT_420.png
[22:04:15] ⏱ 다운로드구간 SRT_420 0.3s · SRT_420.png
[22:04:18] ⏱ 다운로드후유휴 SRT_420 2.6s · idle=True
[22:04:18] ⏱ 씬합계 SRT_420 20.6s · https://www.genspark.ai/api/files/s/hcebenky
[22:04:18] SRT_420 생성·다운로드 완료
C:\cursor\wuxia\무협극장\검신귀환록\2부\13장\png\SRT_420.png
[22:04:18] 상태키 SRT_440 · Baek|base; Jin≈19|blood_robe
[22:04:18] run_scene 시작 SRT_440 · seen_files=22 · last_saved=https://www.genspark.ai/api/files/s/hcebenky
[22:04:18] ⏱ 준비 SRT_440 0.0s · chars=2456
[22:04:19] ⏱ 다음명령유휴 SRT_440 1.4s · idle=True
[22:04:20] fill OK(clip) follow=True chars=2456
[22:04:20] submit 시작 composer=2456 url=https://www.genspark.ai/agents?id=dfc736ff-1fb0-4e61-8de1-fd5978d9818d
[22:04:20] submit geo 실패 hit=no-btn
[22:04:20] submit 시도 method=geo geo=False
[22:04:21] submit 미확인 method=geo generating=False composer=2456
[22:04:21] submit geo 실패 hit=no-btn
[22:04:21] submit 시도 method=send send=False
[22:04:21] submit 미확인 method=send generating=False composer=2456
[22:04:22] submit 시도 method=ctrl
[22:04:22] submit 미확인 method=ctrl generating=False composer=2458
[22:04:23] submit 시도 method=enter
[22:04:23] submit 확인 method=enter generating=False composer=0
[22:04:23] ⏱ 입력·전송 SRT_440 4.0s · chars=2456
[22:04:23] 제출 후 last_saved=https://www.genspark.ai/api/files/s/hcebenky
[22:04:23] ⏱ 생성대기 시작 SRT_440 max=120s
[22:04:38] ⏱ 생성대기 완료(busy무시) 14.2s SRT_440 https://www.genspark.ai/api/files/s/anreqe2g
[22:04:38] ⏱ 생성대기구간 SRT_440 14.2s · ok=True
[22:04:38] SRT_440 근접 이미지 https://www.genspark.ai/api/files/s/anreqe2g
[22:04:38] 다운로드 files URL=https://www.genspark.ai/api/files/s/anreqe2g → SRT_440.png
[22:04:38] ⏱ 다운로드 직접실패 0.2s · 페이지 fetch 재시도: HTTP Error 403: Forbidden
[22:04:38] ⏱ 다운로드 fetch 0.1s size=457652 SRT_440.png
[22:04:38] ⏱ 다운로드구간 SRT_440 0.3s · SRT_440.png
[22:04:41] ⏱ 다운로드후유휴 SRT_440 2.9s · idle=True
[22:04:41] ⏱ 씬합계 SRT_440 23.0s · https://www.genspark.ai/api/files/s/anreqe2g
[22:04:41] SRT_440 생성·다운로드 완료
C:\cursor\wuxia\무협극장\검신귀환록\2부\13장\png\SRT_440.png
[22:04:41] 상태키 SRT_460 · Baek|base; Jin≈19|blood_robe
[22:04:41] run_scene 시작 SRT_460 · seen_files=23 · last_saved=https://www.genspark.ai/api/files/s/anreqe2g
[22:04:41] ⏱ 준비 SRT_460 0.0s · chars=2148
[22:04:42] ⏱ 다음명령유휴 SRT_460 1.3s · idle=True
[22:04:43] fill OK(clip) follow=True chars=2148
[22:04:43] submit 시작 composer=2148 url=https://www.genspark.ai/agents?id=dfc736ff-1fb0-4e61-8de1-fd5978d9818d
[22:04:43] submit geo 실패 hit=no-btn
[22:04:43] submit 시도 method=geo geo=False
[22:04:44] submit 미확인 method=geo generating=False composer=2148
[22:04:44] submit geo 실패 hit=no-btn
[22:04:44] submit 시도 method=send send=False
[22:04:45] submit 미확인 method=send generating=False composer=2148
[22:04:45] submit 시도 method=ctrl
[22:04:45] submit 미확인 method=ctrl generating=False composer=2150
[22:04:46] submit 시도 method=enter
[22:04:46] submit 확인 method=enter generating=False composer=0
[22:04:46] ⏱ 입력·전송 SRT_460 4.1s · chars=2148
[22:04:46] 제출 후 last_saved=https://www.genspark.ai/api/files/s/anreqe2g
[22:04:47] ⏱ 생성대기 시작 SRT_460 max=120s
[22:04:59] ⏱ 생성대기 완료 12.8s SRT_460 https://www.genspark.ai/api/files/s/b9rnhfu2
[22:04:59] ⏱ 생성대기구간 SRT_460 12.8s · ok=True
[22:04:59] SRT_460 근접 이미지 https://www.genspark.ai/api/files/s/b9rnhfu2
[22:04:59] 다운로드 files URL=https://www.genspark.ai/api/files/s/b9rnhfu2 → SRT_460.png
[22:05:00] ⏱ 다운로드 직접실패 0.3s · 페이지 fetch 재시도: HTTP Error 403: Forbidden
[22:05:00] ⏱ 다운로드 fetch 0.0s size=429120 SRT_460.png
[22:05:00] ⏱ 다운로드구간 SRT_460 0.4s · SRT_460.png
[22:05:01] ⏱ 다운로드후유휴 SRT_460 1.4s · idle=True
[22:05:01] ⏱ 씬합계 SRT_460 20.2s · https://www.genspark.ai/api/files/s/b9rnhfu2
[22:05:01] SRT_460 생성·다운로드 완료
C:\cursor\wuxia\무협극장\검신귀환록\2부\13장\png\SRT_460.png
[22:05:01] 상태키 SRT_480 · Baek|base; Jin≈19|blood_robe
[22:05:01] run_scene 시작 SRT_480 · seen_files=24 · last_saved=https://www.genspark.ai/api/files/s/b9rnhfu2
[22:05:01] ⏱ 준비 SRT_480 0.0s · chars=2489
[22:05:03] ⏱ 다음명령유휴 SRT_480 1.3s · idle=True
[22:05:03] fill OK(clip) follow=True chars=2489
[22:05:03] submit 시작 composer=2489 url=https://www.genspark.ai/agents?id=dfc736ff-1fb0-4e61-8de1-fd5978d9818d
[22:05:03] submit geo 실패 hit=no-btn
[22:05:03] submit 시도 method=geo geo=False
[22:05:04] submit 미확인 method=geo generating=False composer=2489
[22:05:04] submit geo 실패 hit=no-btn
[22:05:04] submit 시도 method=send send=False
[22:05:05] submit 미확인 method=send generating=False composer=2489
[22:05:05] submit 시도 method=ctrl
[22:05:06] submit 미확인 method=ctrl generating=False composer=2491
[22:05:06] submit 시도 method=enter
[22:05:07] submit 확인 method=enter generating=False composer=0
[22:05:07] ⏱ 입력·전송 SRT_480 3.9s · chars=2489
[22:05:07] 제출 후 last_saved=https://www.genspark.ai/api/files/s/b9rnhfu2
[22:05:07] ⏱ 생성대기 시작 SRT_480 max=120s
[22:05:17] ⏱ 생성대기 완료 10.5s SRT_480 https://www.genspark.ai/api/files/s/b250ra48
[22:05:17] ⏱ 생성대기구간 SRT_480 10.5s · ok=True
[22:05:17] SRT_480 근접 이미지 https://www.genspark.ai/api/files/s/b250ra48
[22:05:17] 다운로드 files URL=https://www.genspark.ai/api/files/s/b250ra48 → SRT_480.png
[22:05:18] ⏱ 다운로드 직접실패 0.2s · 페이지 fetch 재시도: HTTP Error 403: Forbidden
[22:05:18] ⏱ 다운로드 fetch 0.0s size=404182 SRT_480.png
[22:05:18] ⏱ 다운로드구간 SRT_480 0.3s · SRT_480.png
[22:05:21] ⏱ 다운로드후유휴 SRT_480 3.0s · idle=True
[22:05:21] ⏱ 씬합계 SRT_480 19.2s · https://www.genspark.ai/api/files/s/b250ra48
[22:05:21] SRT_480 생성·다운로드 완료
C:\cursor\wuxia\무협극장\검신귀환록\2부\13장\png\SRT_480.png
[22:05:21] 상태키 SRT_500 · Baek|base; Jin≈19|blood_robe
[22:05:21] run_scene 시작 SRT_500 · seen_files=25 · last_saved=https://www.genspark.ai/api/files/s/b250ra48
[22:05:21] ⏱ 준비 SRT_500 0.0s · chars=2479
[22:05:22] ⏱ 다음명령유휴 SRT_500 1.3s · idle=True
[22:05:23] fill OK(clip) follow=True chars=2479
[22:05:23] submit 시작 composer=2479 url=https://www.genspark.ai/agents?id=dfc736ff-1fb0-4e61-8de1-fd5978d9818d
[22:05:23] submit geo 실패 hit=no-btn
[22:05:23] submit 시도 method=geo geo=False
[22:05:23] submit 미확인 method=geo generating=False composer=2479
[22:05:24] submit geo 실패 hit=no-btn
[22:05:24] submit 시도 method=send send=False
[22:05:24] submit 미확인 method=send generating=False composer=2479
[22:05:25] submit 시도 method=ctrl
[22:05:25] submit 미확인 method=ctrl generating=False composer=2481
[22:05:25] submit 시도 method=enter
[22:05:26] submit 확인 method=enter generating=False composer=0
[22:05:26] ⏱ 입력·전송 SRT_500 3.9s · chars=2479
[22:05:26] 제출 후 last_saved=https://www.genspark.ai/api/files/s/b250ra48
[22:05:26] ⏱ 생성대기 시작 SRT_500 max=120s
[22:05:38] ⏱ 생성대기 완료 11.3s SRT_500 https://www.genspark.ai/api/files/s/wsyauq5f
[22:05:38] ⏱ 생성대기구간 SRT_500 11.3s · ok=True
[22:05:38] SRT_500 근접 이미지 https://www.genspark.ai/api/files/s/wsyauq5f
[22:05:38] 다운로드 files URL=https://www.genspark.ai/api/files/s/wsyauq5f → SRT_500.png
[22:05:38] ⏱ 다운로드 직접실패 0.3s · 페이지 fetch 재시도: HTTP Error 403: Forbidden
[22:05:38] ⏱ 다운로드 fetch 0.0s size=382726 SRT_500.png
[22:05:38] ⏱ 다운로드구간 SRT_500 0.4s · SRT_500.png
[22:05:43] ⏱ 다운로드후유휴 SRT_500 4.9s · idle=True
[22:05:43] ⏱ 씬합계 SRT_500 22.1s · https://www.genspark.ai/api/files/s/wsyauq5f
[22:05:43] SRT_500 생성·다운로드 완료
C:\cursor\wuxia\무협극장\검신귀환록\2부\13장\png\SRT_500.png
[22:05:43] 상태키 SRT_520 · Baek|base; Jin≈19|blood_robe
[22:05:43] run_scene 시작 SRT_520 · seen_files=26 · last_saved=https://www.genspark.ai/api/files/s/wsyauq5f
[22:05:43] ⏱ 준비 SRT_520 0.0s · chars=1620
[22:05:44] ⏱ 다음명령유휴 SRT_520 1.4s · idle=True
[22:05:45] fill OK(clip) follow=True chars=1620
[22:05:45] submit 시작 composer=1620 url=https://www.genspark.ai/agents?id=dfc736ff-1fb0-4e61-8de1-fd5978d9818d
[22:05:45] submit geo 실패 hit=no-btn
[22:05:45] submit 시도 method=geo geo=False
[22:05:46] submit 미확인 method=geo generating=False composer=1620
[22:05:46] submit geo 실패 hit=no-btn
[22:05:46] submit 시도 method=send send=False
[22:05:47] submit 미확인 method=send generating=False composer=1620
[22:05:47] submit 시도 method=ctrl
[22:05:47] submit 미확인 method=ctrl generating=False composer=1622
[22:05:48] submit 시도 method=enter
[22:05:48] submit 확인 method=enter generating=False composer=0
[22:05:48] ⏱ 입력·전송 SRT_520 3.9s · chars=1620
[22:05:48] 제출 후 last_saved=https://www.genspark.ai/api/files/s/wsyauq5f
[22:05:49] ⏱ 생성대기 시작 SRT_520 max=120s
[22:06:04] ⏱ 생성대기 진행 15.0s SRT_520 busy=True url_ok=True src=https://www.genspark.ai/api/files/s/uzomfxr0
[22:06:04] ⏱ 생성대기 완료(busy무시) 15.0s SRT_520 https://www.genspark.ai/api/files/s/uzomfxr0
[22:06:04] ⏱ 생성대기구간 SRT_520 15.0s · ok=True
[22:06:04] SRT_520 근접 이미지 https://www.genspark.ai/api/files/s/uzomfxr0
[22:06:04] 다운로드 files URL=https://www.genspark.ai/api/files/s/uzomfxr0 → SRT_520.png
[22:06:04] ⏱ 다운로드 직접실패 0.3s · 페이지 fetch 재시도: HTTP Error 403: Forbidden
[22:06:04] ⏱ 다운로드 fetch 0.0s size=433231 SRT_520.png
[22:06:04] ⏱ 다운로드구간 SRT_520 0.3s · SRT_520.png
[22:06:07] ⏱ 다운로드후유휴 SRT_520 3.4s · idle=True
[22:06:07] ⏱ 씬합계 SRT_520 24.3s · https://www.genspark.ai/api/files/s/uzomfxr0
[22:06:07] SRT_520 생성·다운로드 완료
C:\cursor\wuxia\무협극장\검신귀환록\2부\13장\png\SRT_520.png
[22:06:07] 상태키 SRT_540 · Baek|base; Jin≈19|blood_robe
[22:06:07] run_scene 시작 SRT_540 · seen_files=27 · last_saved=https://www.genspark.ai/api/files/s/uzomfxr0
[22:06:07] ⏱ 준비 SRT_540 0.0s · chars=2139
[22:06:09] ⏱ 다음명령유휴 SRT_540 1.3s · idle=True
[22:06:09] fill OK(clip) follow=True chars=2139
[22:06:09] submit 시작 composer=2139 url=https://www.genspark.ai/agents?id=dfc736ff-1fb0-4e61-8de1-fd5978d9818d
[22:06:10] submit geo 실패 hit=no-btn
[22:06:10] submit 시도 method=geo geo=False
[22:06:10] submit 미확인 method=geo generating=False composer=2139
[22:06:10] submit geo 실패 hit=no-btn
[22:06:10] submit 시도 method=send send=False
[22:06:11] submit 미확인 method=send generating=False composer=2139
[22:06:11] submit 시도 method=ctrl
[22:06:12] submit 미확인 method=ctrl generating=False composer=2141
[22:06:12] submit 시도 method=enter
[22:06:13] submit 확인 method=enter generating=False composer=0
[22:06:13] ⏱ 입력·전송 SRT_540 4.0s · chars=2139
[22:06:13] 제출 후 last_saved=https://www.genspark.ai/api/files/s/uzomfxr0
[22:06:13] ⏱ 생성대기 시작 SRT_540 max=120s
[22:06:26] ⏱ 생성대기 완료(busy무시) 12.6s SRT_540 https://www.genspark.ai/api/files/s/0d5gbc3u
[22:06:26] ⏱ 생성대기구간 SRT_540 12.6s · ok=True
[22:06:26] SRT_540 근접 이미지 https://www.genspark.ai/api/files/s/0d5gbc3u
[22:06:26] 다운로드 files URL=https://www.genspark.ai/api/files/s/0d5gbc3u → SRT_540.png
[22:06:26] ⏱ 다운로드 직접실패 0.7s · 페이지 fetch 재시도: HTTP Error 403: Forbidden
[22:06:26] ⏱ 다운로드 fetch 0.0s size=331765 SRT_540.png
[22:06:26] ⏱ 다운로드구간 SRT_540 0.7s · SRT_540.png
[22:06:28] ⏱ 다운로드후유휴 SRT_540 2.0s · idle=True
[22:06:28] ⏱ 씬합계 SRT_540 20.9s · https://www.genspark.ai/api/files/s/0d5gbc3u
[22:06:28] SRT_540 생성·다운로드 완료
C:\cursor\wuxia\무협극장\검신귀환록\2부\13장\png\SRT_540.png
[22:06:28] 상태키 SRT_560 · Baek|base; Jin≈19|wounded_shoulder
[22:06:28] run_scene 시작 SRT_560 · seen_files=28 · last_saved=https://www.genspark.ai/api/files/s/0d5gbc3u
[22:06:29] ⏱ 준비 SRT_560 0.0s · chars=2132
[22:06:30] ⏱ 다음명령유휴 SRT_560 1.4s · idle=True
[22:06:30] fill OK(clip) follow=True chars=2132
[22:06:30] submit 시작 composer=2132 url=https://www.genspark.ai/agents?id=dfc736ff-1fb0-4e61-8de1-fd5978d9818d
[22:06:31] submit geo 실패 hit=no-btn
[22:06:31] submit 시도 method=geo geo=False
[22:06:31] submit 미확인 method=geo generating=False composer=2132
[22:06:32] submit geo 실패 hit=no-btn
[22:06:32] submit 시도 method=send send=False
[22:06:32] submit 미확인 method=send generating=False composer=2132
[22:06:32] submit 시도 method=ctrl
[22:06:33] submit 미확인 method=ctrl generating=False composer=2134
[22:06:33] submit 시도 method=enter
[22:06:34] submit 확인 method=enter generating=False composer=0
[22:06:34] ⏱ 입력·전송 SRT_560 4.0s · chars=2132
[22:06:34] 제출 후 last_saved=https://www.genspark.ai/api/files/s/0d5gbc3u
[22:06:34] ⏱ 생성대기 시작 SRT_560 max=120s
[22:06:47] ⏱ 생성대기 완료(busy무시) 12.5s SRT_560 https://www.genspark.ai/api/files/s/gqdvpnks
[22:06:47] ⏱ 생성대기구간 SRT_560 12.5s · ok=True
[22:06:47] SRT_560 근접 이미지 https://www.genspark.ai/api/files/s/gqdvpnks
[22:06:47] 다운로드 files URL=https://www.genspark.ai/api/files/s/gqdvpnks → SRT_560.png
[22:06:47] ⏱ 다운로드 직접실패 0.2s · 페이지 fetch 재시도: HTTP Error 403: Forbidden
[22:06:47] ⏱ 다운로드 fetch 0.1s size=383132 SRT_560.png
[22:06:47] ⏱ 다운로드구간 SRT_560 0.3s · SRT_560.png
[22:06:49] ⏱ 다운로드후유휴 SRT_560 2.1s · idle=True
[22:06:49] ⏱ 씬합계 SRT_560 20.6s · https://www.genspark.ai/api/files/s/gqdvpnks
[22:06:49] SRT_560 생성·다운로드 완료
C:\cursor\wuxia\무협극장\검신귀환록\2부\13장\png\SRT_560.png
[22:06:49] 상태키 SRT_580 · Baek|base; Jin≈19|wounded_shoulder
[22:06:49] run_scene 시작 SRT_580 · seen_files=29 · last_saved=https://www.genspark.ai/api/files/s/gqdvpnks
[22:06:49] ⏱ 준비 SRT_580 0.0s · chars=2994
[22:06:51] ⏱ 다음명령유휴 SRT_580 1.4s · idle=True
[22:06:51] fill OK(clip) follow=True chars=2994
[22:06:51] submit 시작 composer=2994 url=https://www.genspark.ai/agents?id=dfc736ff-1fb0-4e61-8de1-fd5978d9818d
[22:06:52] submit geo 실패 hit=no-btn
[22:06:52] submit 시도 method=geo geo=False
[22:06:52] submit 미확인 method=geo generating=False composer=2994
[22:06:53] submit geo 실패 hit=no-btn
[22:06:53] submit 시도 method=send send=False
[22:06:53] submit 미확인 method=send generating=False composer=2994
[22:06:54] submit 시도 method=ctrl
[22:06:54] submit 미확인 method=ctrl generating=False composer=2996
[22:06:54] submit 시도 method=enter
[22:06:55] submit 확인 method=enter generating=False composer=0
[22:06:55] ⏱ 입력·전송 SRT_580 4.3s · chars=2994
[22:06:55] 제출 후 last_saved=https://www.genspark.ai/api/files/s/gqdvpnks
[22:06:55] ⏱ 생성대기 시작 SRT_580 max=120s
[22:07:10] ⏱ 생성대기 진행 15.0s SRT_580 busy=False url_ok=False src=
[22:07:16] ⏱ 생성대기 완료 20.6s SRT_580 https://www.genspark.ai/api/files/s/uk3netz0
[22:07:16] ⏱ 생성대기구간 SRT_580 20.6s · ok=True
[22:07:16] SRT_580 근접 이미지 https://www.genspark.ai/api/files/s/uk3netz0
[22:07:16] 다운로드 files URL=https://www.genspark.ai/api/files/s/uk3netz0 → SRT_580.png
[22:07:16] ⏱ 다운로드 직접실패 0.3s · 페이지 fetch 재시도: HTTP Error 403: Forbidden
[22:07:16] ⏱ 다운로드 fetch 0.1s size=608324 SRT_580.png
[22:07:16] ⏱ 다운로드구간 SRT_580 0.3s · SRT_580.png
[22:07:17] ⏱ 다운로드후유휴 SRT_580 1.3s · idle=True
[22:07:18] ⏱ 씬합계 SRT_580 28.3s · https://www.genspark.ai/api/files/s/uk3netz0
[22:07:18] SRT_580 생성·다운로드 완료
C:\cursor\wuxia\무협극장\검신귀환록\2부\13장\png\SRT_580.png
[22:07:18] 상태키 SRT_600 · Baek|base; Jin≈19|wounded_shoulder
[22:07:18] run_scene 시작 SRT_600 · seen_files=30 · last_saved=https://www.genspark.ai/api/files/s/uk3netz0
[22:07:18] ⏱ 준비 SRT_600 0.0s · chars=2467
[22:07:22] ⏱ 다음명령유휴 SRT_600 4.6s · idle=True
[22:07:23] fill OK(clip) follow=True chars=2467
[22:07:23] submit 시작 composer=2467 url=https://www.genspark.ai/agents?id=dfc736ff-1fb0-4e61-8de1-fd5978d9818d
[22:07:23] submit geo 실패 hit=no-btn
[22:07:23] submit 시도 method=geo geo=False
[22:07:24] submit 미확인 method=geo generating=False composer=2467
[22:07:24] submit geo 실패 hit=no-btn
[22:07:24] submit 시도 method=send send=False
[22:07:25] submit 미확인 method=send generating=False composer=2467
[22:07:25] submit 시도 method=ctrl
[22:07:25] submit 미확인 method=ctrl generating=False composer=2469
[22:07:26] submit 시도 method=enter
[22:07:26] submit 확인 method=enter generating=False composer=0
[22:07:26] ⏱ 입력·전송 SRT_600 4.1s · chars=2467
[22:07:26] 제출 후 last_saved=https://www.genspark.ai/api/files/s/uk3netz0
[22:07:27] ⏱ 생성대기 시작 SRT_600 max=120s
[22:07:39] ⏱ 생성대기 완료 12.9s SRT_600 https://www.genspark.ai/api/files/s/sxlqsmnr
[22:07:39] ⏱ 생성대기구간 SRT_600 12.9s · ok=True
[22:07:39] SRT_600 근접 이미지 https://www.genspark.ai/api/files/s/sxlqsmnr
[22:07:39] 다운로드 files URL=https://www.genspark.ai/api/files/s/sxlqsmnr → SRT_600.png
[22:07:40] ⏱ 다운로드 직접실패 0.3s · 페이지 fetch 재시도: HTTP Error 403: Forbidden
[22:07:40] ⏱ 다운로드 fetch 0.1s size=572597 SRT_600.png
[22:07:40] ⏱ 다운로드구간 SRT_600 0.4s · SRT_600.png
[22:07:41] ⏱ 다운로드후유휴 SRT_600 1.4s · idle=True
[22:07:41] ⏱ 씬합계 SRT_600 23.5s · https://www.genspark.ai/api/files/s/sxlqsmnr
[22:07:41] SRT_600 생성·다운로드 완료
C:\cursor\wuxia\무협극장\검신귀환록\2부\13장\png\SRT_600.png
[22:07:41] 상태키 SRT_620 · Baek|base; Jin≈19|wounded_shoulder
[22:07:41] run_scene 시작 SRT_620 · seen_files=31 · last_saved=https://www.genspark.ai/api/files/s/sxlqsmnr
[22:07:41] ⏱ 준비 SRT_620 0.0s · chars=2459
[22:07:43] ⏱ 다음명령유휴 SRT_620 1.4s · idle=True
[22:07:43] fill OK(clip) follow=True chars=2459
[22:07:44] submit 시작 composer=2459 url=https://www.genspark.ai/agents?id=dfc736ff-1fb0-4e61-8de1-fd5978d9818d
[22:07:44] submit geo 실패 hit=no-btn
[22:07:44] submit 시도 method=geo geo=False
[22:07:44] submit 미확인 method=geo generating=False composer=2459
[22:07:44] submit geo 실패 hit=no-btn
[22:07:44] submit 시도 method=send send=False
[22:07:45] submit 미확인 method=send generating=False composer=2459
[22:07:45] submit 시도 method=ctrl
[22:07:46] submit 미확인 method=ctrl generating=False composer=2461
[22:07:46] submit 시도 method=enter
[22:07:47] submit 확인 method=enter generating=False composer=0
[22:07:47] ⏱ 입력·전송 SRT_620 4.0s · chars=2459
[22:07:47] 제출 후 last_saved=https://www.genspark.ai/api/files/s/sxlqsmnr
[22:07:47] ⏱ 생성대기 시작 SRT_620 max=120s
[22:07:59] ⏱ 생성대기 완료 11.8s SRT_620 https://www.genspark.ai/api/files/s/etnxlv35
[22:07:59] ⏱ 생성대기구간 SRT_620 11.8s · ok=True
[22:07:59] SRT_620 근접 이미지 https://www.genspark.ai/api/files/s/etnxlv35
[22:07:59] 다운로드 files URL=https://www.genspark.ai/api/files/s/etnxlv35 → SRT_620.png
[22:07:59] ⏱ 다운로드 직접실패 0.3s · 페이지 fetch 재시도: HTTP Error 403: Forbidden
[22:07:59] ⏱ 다운로드 fetch 0.1s size=562633 SRT_620.png
[22:07:59] ⏱ 다운로드구간 SRT_620 0.4s · SRT_620.png
[22:08:04] ⏱ 다운로드후유휴 SRT_620 4.7s · idle=True
[22:08:04] ⏱ 씬합계 SRT_620 22.7s · https://www.genspark.ai/api/files/s/etnxlv35
[22:08:04] SRT_620 생성·다운로드 완료
C:\cursor\wuxia\무협극장\검신귀환록\2부\13장\png\SRT_620.png
[22:08:04] 상태키 SRT_640 · Baek|base; Jin≈19|wounded_shoulder
[22:08:04] run_scene 시작 SRT_640 · seen_files=32 · last_saved=https://www.genspark.ai/api/files/s/etnxlv35
[22:08:04] ⏱ 준비 SRT_640 0.0s · chars=1388
[22:08:06] ⏱ 다음명령유휴 SRT_640 1.4s · idle=True
[22:08:06] fill OK(clip) follow=True chars=1388
[22:08:06] submit 시작 composer=1388 url=https://www.genspark.ai/agents?id=dfc736ff-1fb0-4e61-8de1-fd5978d9818d
[22:08:06] submit geo 실패 hit=no-btn
[22:08:06] submit 시도 method=geo geo=False
[22:08:07] submit 미확인 method=geo generating=False composer=1388
[22:08:07] submit geo 실패 hit=no-btn
[22:08:07] submit 시도 method=send send=False
[22:08:08] submit 미확인 method=send generating=False composer=1388
[22:08:08] submit 시도 method=ctrl
[22:08:09] submit 미확인 method=ctrl generating=False composer=1390
[22:08:09] submit 시도 method=enter
[22:08:10] submit 확인 method=enter generating=False composer=0
[22:08:10] ⏱ 입력·전송 SRT_640 4.1s · chars=1388
[22:08:10] 제출 후 last_saved=https://www.genspark.ai/api/files/s/etnxlv35
[22:08:10] ⏱ 생성대기 시작 SRT_640 max=120s
[22:08:21] ⏱ 생성대기 완료(busy무시) 10.8s SRT_640 https://www.genspark.ai/api/files/s/x3omfftc
[22:08:21] ⏱ 생성대기구간 SRT_640 10.8s · ok=True
[22:08:21] SRT_640 근접 이미지 https://www.genspark.ai/api/files/s/x3omfftc
[22:08:21] 다운로드 files URL=https://www.genspark.ai/api/files/s/x3omfftc → SRT_640.png
[22:08:21] ⏱ 다운로드 직접실패 0.3s · 페이지 fetch 재시도: HTTP Error 403: Forbidden
[22:08:21] ⏱ 다운로드 fetch 0.1s size=625098 SRT_640.png
[22:08:21] ⏱ 다운로드구간 SRT_640 0.3s · SRT_640.png
[22:08:23] ⏱ 다운로드후유휴 SRT_640 2.0s · idle=True
[22:08:23] ⏱ 씬합계 SRT_640 18.9s · https://www.genspark.ai/api/files/s/x3omfftc
[22:08:23] SRT_640 생성·다운로드 완료
C:\cursor\wuxia\무협극장\검신귀환록\2부\13장\png\SRT_640.png
[22:08:23] 상태키 SRT_660 · Baek|base; Jin≈19|wounded_shoulder
[22:08:23] run_scene 시작 SRT_660 · seen_files=33 · last_saved=https://www.genspark.ai/api/files/s/x3omfftc
[22:08:23] ⏱ 준비 SRT_660 0.0s · chars=2468
[22:08:25] ⏱ 다음명령유휴 SRT_660 1.3s · idle=True
[22:08:25] fill OK(clip) follow=True chars=2468
[22:08:25] submit 시작 composer=2468 url=https://www.genspark.ai/agents?id=dfc736ff-1fb0-4e61-8de1-fd5978d9818d
[22:08:25] submit geo 실패 hit=no-btn
[22:08:25] submit 시도 method=geo geo=False
[22:08:26] submit 미확인 method=geo generating=False composer=2468
[22:08:26] submit geo 실패 hit=no-btn
[22:08:26] submit 시도 method=send send=False
[22:08:27] submit 미확인 method=send generating=False composer=2468
[22:08:27] submit 시도 method=ctrl
[22:08:28] submit 미확인 method=ctrl generating=False composer=2470
[22:08:28] submit 시도 method=enter
[22:08:29] submit 확인 method=enter generating=False composer=0
[22:08:29] ⏱ 입력·전송 SRT_660 4.0s · chars=2468
[22:08:29] 제출 후 last_saved=https://www.genspark.ai/api/files/s/x3omfftc
[22:08:29] ⏱ 생성대기 시작 SRT_660 max=120s
[22:08:42] ⏱ 생성대기 완료(busy무시) 12.8s SRT_660 https://www.genspark.ai/api/files/s/do0w2kzo
[22:08:42] ⏱ 생성대기구간 SRT_660 12.8s · ok=True
[22:08:42] SRT_660 근접 이미지 https://www.genspark.ai/api/files/s/do0w2kzo
[22:08:42] 다운로드 files URL=https://www.genspark.ai/api/files/s/do0w2kzo → SRT_660.png
[22:08:42] ⏱ 다운로드 직접실패 0.3s · 페이지 fetch 재시도: HTTP Error 403: Forbidden
[22:08:42] ⏱ 다운로드 fetch 0.1s size=588545 SRT_660.png
[22:08:42] ⏱ 다운로드구간 SRT_660 0.4s · SRT_660.png
[22:08:44] ⏱ 다운로드후유휴 SRT_660 2.0s · idle=True
[22:08:44] ⏱ 씬합계 SRT_660 20.8s · https://www.genspark.ai/api/files/s/do0w2kzo
[22:08:44] SRT_660 생성·다운로드 완료
C:\cursor\wuxia\무협극장\검신귀환록\2부\13장\png\SRT_660.png
[22:08:44] 상태키 SRT_680 · Baek|base; Jin≈19|wounded_shoulder
[22:08:44] run_scene 시작 SRT_680 · seen_files=34 · last_saved=https://www.genspark.ai/api/files/s/do0w2kzo
[22:08:44] ⏱ 준비 SRT_680 0.0s · chars=2966
[22:08:46] ⏱ 다음명령유휴 SRT_680 1.4s · idle=True
[22:08:46] fill OK(clip) follow=True chars=2966
[22:08:46] submit 시작 composer=2966 url=https://www.genspark.ai/agents?id=dfc736ff-1fb0-4e61-8de1-fd5978d9818d
[22:08:47] submit geo 실패 hit=no-btn
[22:08:47] submit 시도 method=geo geo=False
[22:08:47] submit 미확인 method=geo generating=False composer=2966
[22:08:47] submit geo 실패 hit=no-btn
[22:08:47] submit 시도 method=send send=False
[22:08:48] submit 미확인 method=send generating=False composer=2966
[22:08:48] submit 시도 method=ctrl
[22:08:49] submit 미확인 method=ctrl generating=False composer=2968
[22:08:49] submit 시도 method=enter
[22:08:50] submit 확인 method=enter generating=False composer=0
[22:08:50] ⏱ 입력·전송 SRT_680 4.1s · chars=2966
[22:08:50] 제출 후 last_saved=https://www.genspark.ai/api/files/s/do0w2kzo
[22:08:50] ⏱ 생성대기 시작 SRT_680 max=120s
[22:09:05] ⏱ 생성대기 진행 15.0s SRT_680 busy=True url_ok=True src=https://www.genspark.ai/api/files/s/bwyb9vri
[22:09:05] ⏱ 생성대기 완료(busy무시) 15.0s SRT_680 https://www.genspark.ai/api/files/s/bwyb9vri
[22:09:05] ⏱ 생성대기구간 SRT_680 15.0s · ok=True
[22:09:05] SRT_680 근접 이미지 https://www.genspark.ai/api/files/s/bwyb9vri
[22:09:05] 다운로드 files URL=https://www.genspark.ai/api/files/s/bwyb9vri → SRT_680.png
[22:09:05] ⏱ 다운로드 직접실패 0.3s · 페이지 fetch 재시도: HTTP Error 403: Forbidden
[22:09:05] ⏱ 다운로드 fetch 0.1s size=505037 SRT_680.png
[22:09:05] ⏱ 다운로드구간 SRT_680 0.4s · SRT_680.png
[22:09:08] ⏱ 다운로드후유휴 SRT_680 2.5s · idle=True
[22:09:08] ⏱ 씬합계 SRT_680 23.7s · https://www.genspark.ai/api/files/s/bwyb9vri
[22:09:08] SRT_680 생성·다운로드 완료
C:\cursor\wuxia\무협극장\검신귀환록\2부\13장\png\SRT_680.png
[22:09:08] 상태키 SRT_700 · Baek|base; Jin≈19|wounded_shoulder
[22:09:08] run_scene 시작 SRT_700 · seen_files=35 · last_saved=https://www.genspark.ai/api/files/s/bwyb9vri
[22:09:08] ⏱ 준비 SRT_700 0.0s · chars=2461
[22:09:10] ⏱ 다음명령유휴 SRT_700 1.5s · idle=True
[22:09:10] fill OK(clip) follow=True chars=2461
[22:09:10] submit 시작 composer=2461 url=https://www.genspark.ai/agents?id=dfc736ff-1fb0-4e61-8de1-fd5978d9818d
[22:09:11] submit geo 실패 hit=no-btn
[22:09:11] submit 시도 method=geo geo=False
[22:09:11] submit 미확인 method=geo generating=False composer=2461
[22:09:11] submit geo 실패 hit=no-btn
[22:09:11] submit 시도 method=send send=False
[22:09:12] submit 미확인 method=send generating=False composer=2461
[22:09:12] submit 시도 method=ctrl
[22:09:13] submit 미확인 method=ctrl generating=False composer=2463
[22:09:13] submit 시도 method=enter
[22:09:14] submit 확인 method=enter generating=False composer=0
[22:09:14] ⏱ 입력·전송 SRT_700 4.2s · chars=2461
[22:09:14] 제출 후 last_saved=https://www.genspark.ai/api/files/s/bwyb9vri
[22:09:14] ⏱ 생성대기 시작 SRT_700 max=120s
[22:09:29] ⏱ 생성대기 완료 14.9s SRT_700 https://www.genspark.ai/api/files/s/oxit7npm
[22:09:29] ⏱ 생성대기구간 SRT_700 14.9s · ok=True
[22:09:29] SRT_700 근접 이미지 https://www.genspark.ai/api/files/s/oxit7npm
[22:09:29] 다운로드 files URL=https://www.genspark.ai/api/files/s/oxit7npm → SRT_700.png
[22:09:29] ⏱ 다운로드 직접실패 0.2s · 페이지 fetch 재시도: HTTP Error 403: Forbidden
[22:09:29] ⏱ 다운로드 fetch 0.1s size=560489 SRT_700.png
[22:09:29] ⏱ 다운로드구간 SRT_700 0.3s · SRT_700.png
[22:09:31] ⏱ 다운로드후유휴 SRT_700 1.4s · idle=True
[22:09:31] ⏱ 씬합계 SRT_700 22.6s · https://www.genspark.ai/api/files/s/oxit7npm
[22:09:31] SRT_700 생성·다운로드 완료
C:\cursor\wuxia\무협극장\검신귀환록\2부\13장\png\SRT_700.png
[22:09:31] 상태키 SRT_720 · Baek|base; Jin≈19|wounded_shoulder
[22:09:31] run_scene 시작 SRT_720 · seen_files=36 · last_saved=https://www.genspark.ai/api/files/s/oxit7npm
[22:09:31] ⏱ 준비 SRT_720 0.0s · chars=2467
[22:09:32] ⏱ 다음명령유휴 SRT_720 1.5s · idle=True
[22:09:33] fill OK(clip) follow=True chars=2467
[22:09:33] submit 시작 composer=2467 url=https://www.genspark.ai/agents?id=dfc736ff-1fb0-4e61-8de1-fd5978d9818d
[22:09:33] submit geo 실패 hit=no-btn
[22:09:33] submit 시도 method=geo geo=False
[22:09:34] submit 미확인 method=geo generating=False composer=2467
[22:09:34] submit geo 실패 hit=no-btn
[22:09:34] submit 시도 method=send send=False
[22:09:35] submit 미확인 method=send generating=False composer=2467
[22:09:35] submit 시도 method=ctrl
[22:09:36] submit 미확인 method=ctrl generating=False composer=2469
[22:09:36] submit 시도 method=enter
[22:09:36] submit 확인 method=enter generating=False composer=0
[22:09:36] ⏱ 입력·전송 SRT_720 4.0s · chars=2467
[22:09:36] 제출 후 last_saved=https://www.genspark.ai/api/files/s/oxit7npm
[22:09:37] ⏱ 생성대기 시작 SRT_720 max=120s
[22:09:50] ⏱ 생성대기 완료(busy무시) 13.0s SRT_720 https://www.genspark.ai/api/files/s/cfddhjfs
[22:09:50] ⏱ 생성대기구간 SRT_720 13.0s · ok=True
[22:09:50] SRT_720 근접 이미지 https://www.genspark.ai/api/files/s/cfddhjfs
[22:09:50] 다운로드 files URL=https://www.genspark.ai/api/files/s/cfddhjfs → SRT_720.png
[22:09:50] ⏱ 다운로드 직접실패 0.3s · 페이지 fetch 재시도: HTTP Error 403: Forbidden
[22:09:50] ⏱ 다운로드 fetch 0.1s size=591429 SRT_720.png
[22:09:50] ⏱ 다운로드구간 SRT_720 0.4s · SRT_720.png
[22:09:52] ⏱ 다운로드후유휴 SRT_720 1.8s · idle=True
[22:09:52] ⏱ 씬합계 SRT_720 20.9s · https://www.genspark.ai/api/files/s/cfddhjfs
[22:09:52] SRT_720 생성·다운로드 완료
C:\cursor\wuxia\무협극장\검신귀환록\2부\13장\png\SRT_720.png
[22:09:52] 상태키 SRT_740 · Baek|base; Jin≈19|blood_robe
[22:09:52] run_scene 시작 SRT_740 · seen_files=37 · last_saved=https://www.genspark.ai/api/files/s/cfddhjfs
[22:09:52] ⏱ 준비 SRT_740 0.0s · chars=2163
[22:09:53] ⏱ 다음명령유휴 SRT_740 1.4s · idle=True
[22:09:54] fill OK(clip) follow=True chars=2163
[22:09:54] submit 시작 composer=2163 url=https://www.genspark.ai/agents?id=dfc736ff-1fb0-4e61-8de1-fd5978d9818d
[22:09:54] submit geo 실패 hit=no-btn
[22:09:54] submit 시도 method=geo geo=False
[22:09:55] submit 미확인 method=geo generating=False composer=2163
[22:09:55] submit geo 실패 hit=no-btn
[22:09:55] submit 시도 method=send send=False
[22:09:56] submit 미확인 method=send generating=False composer=2163
[22:09:56] submit 시도 method=ctrl
[22:09:57] submit 미확인 method=ctrl generating=False composer=2165
[22:09:57] submit 시도 method=enter
[22:09:58] submit 확인 method=enter generating=False composer=0
[22:09:58] ⏱ 입력·전송 SRT_740 4.2s · chars=2163
[22:09:58] 제출 후 last_saved=https://www.genspark.ai/api/files/s/cfddhjfs
[22:09:58] ⏱ 생성대기 시작 SRT_740 max=120s
[22:10:13] ⏱ 생성대기 진행 15.1s SRT_740 busy=True url_ok=False src=
[22:10:14] ⏱ 생성대기 완료 16.6s SRT_740 https://www.genspark.ai/api/files/s/0w0iwcmx
[22:10:14] ⏱ 생성대기구간 SRT_740 16.6s · ok=True
[22:10:15] SRT_740 근접 이미지 https://www.genspark.ai/api/files/s/0w0iwcmx
[22:10:15] 다운로드 files URL=https://www.genspark.ai/api/files/s/0w0iwcmx → SRT_740.png
[22:10:15] ⏱ 다운로드 직접실패 0.2s · 페이지 fetch 재시도: HTTP Error 403: Forbidden
[22:10:15] ⏱ 다운로드 fetch 0.1s size=527586 SRT_740.png
[22:10:15] ⏱ 다운로드구간 SRT_740 0.3s · SRT_740.png
[22:10:16] ⏱ 다운로드후유휴 SRT_740 1.3s · idle=True
[22:10:16] ⏱ 씬합계 SRT_740 24.2s · https://www.genspark.ai/api/files/s/0w0iwcmx
[22:10:16] SRT_740 생성·다운로드 완료
C:\cursor\wuxia\무협극장\검신귀환록\2부\13장\png\SRT_740.png
[22:10:16] 상태키 SRT_760 · Baek|base; Jin≈19|blood_robe
[22:10:16] run_scene 시작 SRT_760 · seen_files=38 · last_saved=https://www.genspark.ai/api/files/s/0w0iwcmx
[22:10:16] ⏱ 준비 SRT_760 0.0s · chars=2152
[22:10:18] ⏱ 다음명령유휴 SRT_760 1.4s · idle=True
[22:10:18] fill OK(clip) follow=True chars=2152
[22:10:18] submit 시작 composer=2152 url=https://www.genspark.ai/agents?id=dfc736ff-1fb0-4e61-8de1-fd5978d9818d
[22:10:19] submit geo 실패 hit=no-btn
[22:10:19] submit 시도 method=geo geo=False
[22:10:19] submit 미확인 method=geo generating=False composer=2152
[22:10:20] submit geo 실패 hit=no-btn
[22:10:20] submit 시도 method=send send=False
[22:10:20] submit 미확인 method=send generating=False composer=2152
[22:10:20] submit 시도 method=ctrl
[22:10:21] submit 미확인 method=ctrl generating=False composer=2154
[22:10:21] submit 시도 method=enter
[22:10:22] submit 확인 method=enter generating=False composer=0
[22:10:22] ⏱ 입력·전송 SRT_760 4.2s · chars=2152
[22:10:22] 제출 후 last_saved=https://www.genspark.ai/api/files/s/0w0iwcmx
[22:10:22] ⏱ 생성대기 시작 SRT_760 max=120s
[22:10:35] ⏱ 생성대기 완료(busy무시) 12.9s SRT_760 https://www.genspark.ai/api/files/s/a3qrwlop
[22:10:35] ⏱ 생성대기구간 SRT_760 12.9s · ok=True
[22:10:35] SRT_760 근접 이미지 https://www.genspark.ai/api/files/s/a3qrwlop
[22:10:35] 다운로드 files URL=https://www.genspark.ai/api/files/s/a3qrwlop → SRT_760.png
[22:10:36] ⏱ 다운로드 직접실패 0.5s · 페이지 fetch 재시도: HTTP Error 403: Forbidden
[22:10:36] ⏱ 다운로드 fetch 0.1s size=596178 SRT_760.png
[22:10:36] ⏱ 다운로드구간 SRT_760 0.6s · SRT_760.png
[22:10:37] ⏱ 다운로드후유휴 SRT_760 1.5s · idle=True
[22:10:37] ⏱ 씬합계 SRT_760 20.9s · https://www.genspark.ai/api/files/s/a3qrwlop
[22:10:37] SRT_760 생성·다운로드 완료
C:\cursor\wuxia\무협극장\검신귀환록\2부\13장\png\SRT_760.png
[22:10:37] 상태키 SRT_780 · Baek|base; Jin≈19|blood_robe
[22:10:37] run_scene 시작 SRT_780 · seen_files=39 · last_saved=https://www.genspark.ai/api/files/s/a3qrwlop
[22:10:37] ⏱ 준비 SRT_780 0.0s · chars=2489
[22:10:39] ⏱ 다음명령유휴 SRT_780 1.3s · idle=True
[22:10:39] fill OK(clip) follow=True chars=2489
[22:10:39] submit 시작 composer=2489 url=https://www.genspark.ai/agents?id=dfc736ff-1fb0-4e61-8de1-fd5978d9818d
[22:10:40] submit geo 실패 hit=no-btn
[22:10:40] submit 시도 method=geo geo=False
[22:10:40] submit 미확인 method=geo generating=False composer=2489
[22:10:41] submit geo 실패 hit=no-btn
[22:10:41] submit 시도 method=send send=False
[22:10:41] submit 미확인 method=send generating=False composer=2489
[22:10:42] submit 시도 method=ctrl
[22:10:42] submit 미확인 method=ctrl generating=False composer=2491
[22:10:43] submit 시도 method=enter
[22:10:43] submit 확인 method=enter generating=False composer=0
[22:10:43] ⏱ 입력·전송 SRT_780 4.3s · chars=2489
[22:10:43] 제출 후 last_saved=https://www.genspark.ai/api/files/s/a3qrwlop
[22:10:43] ⏱ 생성대기 시작 SRT_780 max=120s
[22:10:56] ⏱ 생성대기 완료(busy무시) 12.7s SRT_780 https://www.genspark.ai/api/files/s/bivtm5xf
[22:10:56] ⏱ 생성대기구간 SRT_780 12.7s · ok=True
[22:10:56] SRT_780 근접 이미지 https://www.genspark.ai/api/files/s/bivtm5xf
[22:10:56] 다운로드 files URL=https://www.genspark.ai/api/files/s/bivtm5xf → SRT_780.png
[22:10:56] ⏱ 다운로드 직접실패 0.3s · 페이지 fetch 재시도: HTTP Error 403: Forbidden
[22:10:56] ⏱ 다운로드 fetch 0.1s size=611217 SRT_780.png
[22:10:56] ⏱ 다운로드구간 SRT_780 0.4s · SRT_780.png
[22:11:00] ⏱ 다운로드후유휴 SRT_780 3.2s · idle=True
[22:11:00] ⏱ 씬합계 SRT_780 22.2s · https://www.genspark.ai/api/files/s/bivtm5xf
[22:11:00] SRT_780 생성·다운로드 완료
C:\cursor\wuxia\무협극장\검신귀환록\2부\13장\png\SRT_780.png
[22:11:00] 상태키 SRT_800 · Baek|base; Jin≈19|blood_robe
[22:11:00] run_scene 시작 SRT_800 · seen_files=40 · last_saved=https://www.genspark.ai/api/files/s/bivtm5xf
[22:11:00] ⏱ 준비 SRT_800 0.0s · chars=2158
[22:11:01] ⏱ 다음명령유휴 SRT_800 1.3s · idle=True
[22:11:02] fill OK(clip) follow=True chars=2158
[22:11:02] submit 시작 composer=2158 url=https://www.genspark.ai/agents?id=dfc736ff-1fb0-4e61-8de1-fd5978d9818d
[22:11:02] submit geo 실패 hit=no-btn
[22:11:02] submit 시도 method=geo geo=False
[22:11:03] submit 미확인 method=geo generating=False composer=2158
[22:11:03] submit geo 실패 hit=no-btn
[22:11:03] submit 시도 method=send send=False
[22:11:04] submit 미확인 method=send generating=False composer=2158
[22:11:04] submit 시도 method=ctrl
[22:11:05] submit 미확인 method=ctrl generating=False composer=2160
[22:11:05] submit 시도 method=enter
[22:11:05] submit 확인 method=enter generating=False composer=0
[22:11:05] ⏱ 입력·전송 SRT_800 4.3s · chars=2158
[22:11:05] 제출 후 last_saved=https://www.genspark.ai/api/files/s/bivtm5xf
[22:11:06] ⏱ 생성대기 시작 SRT_800 max=120s
[22:11:17] ⏱ 생성대기 완료 11.7s SRT_800 https://www.genspark.ai/api/files/s/tkcnqyp8
[22:11:17] ⏱ 생성대기구간 SRT_800 11.7s · ok=True
[22:11:17] SRT_800 근접 이미지 https://www.genspark.ai/api/files/s/tkcnqyp8
[22:11:17] 다운로드 files URL=https://www.genspark.ai/api/files/s/tkcnqyp8 → SRT_800.png
[22:11:18] ⏱ 다운로드 직접실패 0.2s · 페이지 fetch 재시도: HTTP Error 403: Forbidden
[22:11:18] ⏱ 다운로드 fetch 0.1s size=420670 SRT_800.png
[22:11:18] ⏱ 다운로드구간 SRT_800 0.3s · SRT_800.png
[22:11:24] ⏱ 다운로드후유휴 SRT_800 6.3s · idle=True
[22:11:24] ⏱ 씬합계 SRT_800 24.2s · https://www.genspark.ai/api/files/s/tkcnqyp8
[22:11:24] SRT_800 생성·다운로드 완료
C:\cursor\wuxia\무협극장\검신귀환록\2부\13장\png\SRT_800.png
[22:11:24] 상태키 SRT_820 · Baek|base; Jin≈19|blood_robe
[22:11:24] run_scene 시작 SRT_820 · seen_files=41 · last_saved=https://www.genspark.ai/api/files/s/tkcnqyp8
[22:11:24] ⏱ 준비 SRT_820 0.0s · chars=2161
[22:11:26] ⏱ 다음명령유휴 SRT_820 1.7s · idle=True
[22:11:27] fill OK(clip) follow=True chars=2161
[22:11:27] submit 시작 composer=2161 url=https://www.genspark.ai/agents?id=dfc736ff-1fb0-4e61-8de1-fd5978d9818d
[22:11:27] submit geo 실패 hit=no-btn
[22:11:27] submit 시도 method=geo geo=False
[22:11:27] submit 미확인 method=geo generating=False composer=2161
[22:11:28] submit geo 실패 hit=no-btn
[22:11:28] submit 시도 method=send send=False
[22:11:28] submit 미확인 method=send generating=False composer=2161
[22:11:29] submit 시도 method=ctrl
[22:11:29] submit 미확인 method=ctrl generating=False composer=2163
[22:11:30] submit 시도 method=enter
[22:11:30] submit 확인 method=enter generating=False composer=0
[22:11:30] ⏱ 입력·전송 SRT_820 4.2s · chars=2161
[22:11:30] 제출 후 last_saved=https://www.genspark.ai/api/files/s/tkcnqyp8
[22:11:30] ⏱ 생성대기 시작 SRT_820 max=120s
[22:11:41] ⏱ 생성대기 완료(busy무시) 10.9s SRT_820 https://www.genspark.ai/api/files/s/zsunjf7o
[22:11:41] ⏱ 생성대기구간 SRT_820 10.9s · ok=True
[22:11:41] SRT_820 근접 이미지 https://www.genspark.ai/api/files/s/zsunjf7o
[22:11:41] 다운로드 files URL=https://www.genspark.ai/api/files/s/zsunjf7o → SRT_820.png
[22:11:42] ⏱ 다운로드 직접실패 0.3s · 페이지 fetch 재시도: HTTP Error 403: Forbidden
[22:11:42] ⏱ 다운로드 fetch 0.1s size=397643 SRT_820.png
[22:11:42] ⏱ 다운로드구간 SRT_820 0.4s · SRT_820.png
[22:11:46] ⏱ 다운로드후유휴 SRT_820 4.1s · idle=True
[22:11:46] ⏱ 씬합계 SRT_820 21.5s · https://www.genspark.ai/api/files/s/zsunjf7o
[22:11:46] SRT_820 생성·다운로드 완료
C:\cursor\wuxia\무협극장\검신귀환록\2부\13장\png\SRT_820.png
[22:11:46] 상태키 SRT_840 · Baek|base; Jin≈19|blood_robe
[22:11:46] run_scene 시작 SRT_840 · seen_files=42 · last_saved=https://www.genspark.ai/api/files/s/zsunjf7o
[22:11:46] ⏱ 준비 SRT_840 0.0s · chars=1598
[22:11:47] ⏱ 다음명령유휴 SRT_840 1.4s · idle=True
[22:11:48] fill OK(clip) follow=True chars=1598
[22:11:48] submit 시작 composer=1598 url=https://www.genspark.ai/agents?id=dfc736ff-1fb0-4e61-8de1-fd5978d9818d
[22:11:48] submit geo 실패 hit=no-btn
[22:11:48] submit 시도 method=geo geo=False
[22:11:49] submit 미확인 method=geo generating=False composer=1598
[22:11:49] submit geo 실패 hit=no-btn
[22:11:49] submit 시도 method=send send=False
[22:11:50] submit 미확인 method=send generating=False composer=1598
[22:11:50] submit 시도 method=ctrl
[22:11:51] submit 미확인 method=ctrl generating=False composer=1600
[22:11:51] submit 시도 method=enter
[22:11:52] submit 확인 method=enter generating=False composer=0
[22:11:52] ⏱ 입력·전송 SRT_840 4.3s · chars=1598
[22:11:52] 제출 후 last_saved=https://www.genspark.ai/api/files/s/zsunjf7o
[22:11:52] ⏱ 생성대기 시작 SRT_840 max=120s
[22:12:05] ⏱ 생성대기 완료 12.7s SRT_840 https://www.genspark.ai/api/files/s/aqioxtmm
[22:12:05] ⏱ 생성대기구간 SRT_840 12.7s · ok=True
[22:12:05] SRT_840 근접 이미지 https://www.genspark.ai/api/files/s/aqioxtmm
[22:12:05] 다운로드 files URL=https://www.genspark.ai/api/files/s/aqioxtmm → SRT_840.png
[22:12:05] ⏱ 다운로드 직접실패 0.3s · 페이지 fetch 재시도: HTTP Error 403: Forbidden
[22:12:05] ⏱ 다운로드 fetch 0.1s size=654751 SRT_840.png
[22:12:05] ⏱ 다운로드구간 SRT_840 0.4s · SRT_840.png
[22:12:07] ⏱ 다운로드후유휴 SRT_840 1.6s · idle=True
[22:12:07] ⏱ 씬합계 SRT_840 20.8s · https://www.genspark.ai/api/files/s/aqioxtmm
[22:12:07] SRT_840 생성·다운로드 완료
C:\cursor\wuxia\무협극장\검신귀환록\2부\13장\png\SRT_840.png
[22:12:07] 상태키 SRT_860 · Baek|base; Jin≈19|blood_robe
[22:12:07] run_scene 시작 SRT_860 · seen_files=43 · last_saved=https://www.genspark.ai/api/files/s/aqioxtmm
[22:12:07] ⏱ 준비 SRT_860 0.0s · chars=2144
[22:12:11] ⏱ 다음명령유휴 SRT_860 4.0s · idle=True
[22:12:11] fill OK(clip) follow=True chars=2144
[22:12:11] submit 시작 composer=2144 url=https://www.genspark.ai/agents?id=dfc736ff-1fb0-4e61-8de1-fd5978d9818d
[22:12:12] submit geo 실패 hit=no-btn
[22:12:12] submit 시도 method=geo geo=False
[22:12:12] submit 미확인 method=geo generating=False composer=2144
[22:12:13] submit geo 실패 hit=no-btn
[22:12:13] submit 시도 method=send send=False
[22:12:13] submit 미확인 method=send generating=False composer=2144
[22:12:13] submit 시도 method=ctrl
[22:12:14] submit 미확인 method=ctrl generating=False composer=2146
[22:12:14] submit 시도 method=enter
[22:12:15] submit 확인 method=enter generating=False composer=0
[22:12:15] ⏱ 입력·전송 SRT_860 4.1s · chars=2144
[22:12:15] 제출 후 last_saved=https://www.genspark.ai/api/files/s/aqioxtmm
[22:12:15] ⏱ 생성대기 시작 SRT_860 max=120s
[22:12:28] ⏱ 생성대기 완료(busy무시) 12.9s SRT_860 https://www.genspark.ai/api/files/s/lkdxf2ei
[22:12:28] ⏱ 생성대기구간 SRT_860 12.9s · ok=True
[22:12:28] SRT_860 근접 이미지 https://www.genspark.ai/api/files/s/lkdxf2ei
[22:12:28] 다운로드 files URL=https://www.genspark.ai/api/files/s/lkdxf2ei → SRT_860.png
[22:12:28] ⏱ 다운로드 직접실패 0.2s · 페이지 fetch 재시도: HTTP Error 403: Forbidden
[22:12:28] ⏱ 다운로드 fetch 0.1s size=483725 SRT_860.png
[22:12:28] ⏱ 다운로드구간 SRT_860 0.4s · SRT_860.png
[22:12:30] ⏱ 다운로드후유휴 SRT_860 1.6s · idle=True
[22:12:30] ⏱ 씬합계 SRT_860 23.2s · https://www.genspark.ai/api/files/s/lkdxf2ei
[22:12:30] SRT_860 생성·다운로드 완료
C:\cursor\wuxia\무협극장\검신귀환록\2부\13장\png\SRT_860.png
[22:12:30] 상태키 SRT_880 · Baek|base; Jin≈19|blood_robe
[22:12:30] run_scene 시작 SRT_880 · seen_files=44 · last_saved=https://www.genspark.ai/api/files/s/lkdxf2ei
[22:12:30] ⏱ 준비 SRT_880 0.0s · chars=2162
[22:12:32] ⏱ 다음명령유휴 SRT_880 1.5s · idle=True
[22:12:32] fill OK(clip) follow=True chars=2162
[22:12:32] submit 시작 composer=2162 url=https://www.genspark.ai/agents?id=dfc736ff-1fb0-4e61-8de1-fd5978d9818d
[22:12:32] submit geo 실패 hit=no-btn
[22:12:32] submit 시도 method=geo geo=False
[22:12:33] submit 미확인 method=geo generating=False composer=2162
[22:12:33] submit geo 실패 hit=no-btn
[22:12:33] submit 시도 method=send send=False
[22:12:34] submit 미확인 method=send generating=False composer=2162
[22:12:34] submit 시도 method=ctrl
[22:12:35] submit 미확인 method=ctrl generating=False composer=2164
[22:12:35] submit 시도 method=enter
[22:12:36] submit 확인 method=enter generating=False composer=0
[22:12:36] ⏱ 입력·전송 SRT_880 4.1s · chars=2162
[22:12:36] 제출 후 last_saved=https://www.genspark.ai/api/files/s/lkdxf2ei
[22:12:36] ⏱ 생성대기 시작 SRT_880 max=120s
[22:12:48] ⏱ 생성대기 완료(busy무시) 12.3s SRT_880 https://www.genspark.ai/api/files/s/4iblz1lh
[22:12:48] ⏱ 생성대기구간 SRT_880 12.3s · ok=True
[22:12:48] SRT_880 근접 이미지 https://www.genspark.ai/api/files/s/4iblz1lh
[22:12:48] 다운로드 files URL=https://www.genspark.ai/api/files/s/4iblz1lh → SRT_880.png
[22:12:49] ⏱ 다운로드 직접실패 0.2s · 페이지 fetch 재시도: HTTP Error 403: Forbidden
[22:12:49] ⏱ 다운로드 fetch 0.1s size=534665 SRT_880.png
[22:12:49] ⏱ 다운로드구간 SRT_880 0.3s · SRT_880.png
[22:12:51] ⏱ 다운로드후유휴 SRT_880 2.0s · idle=True
[22:12:51] ⏱ 씬합계 SRT_880 20.5s · https://www.genspark.ai/api/files/s/4iblz1lh
[22:12:51] SRT_880 생성·다운로드 완료
C:\cursor\wuxia\무협극장\검신귀환록\2부\13장\png\SRT_880.png
[22:12:51] 상태키 SRT_900 · Baek|base; Jin≈19|blood_robe
[22:12:51] run_scene 시작 SRT_900 · seen_files=45 · last_saved=https://www.genspark.ai/api/files/s/4iblz1lh
[22:12:51] ⏱ 준비 SRT_900 0.0s · chars=1638
[22:12:52] ⏱ 다음명령유휴 SRT_900 1.6s · idle=True
[22:12:53] fill OK(clip) follow=True chars=1638
[22:12:53] submit 시작 composer=1638 url=https://www.genspark.ai/agents?id=dfc736ff-1fb0-4e61-8de1-fd5978d9818d
[22:12:53] submit geo 실패 hit=no-btn
[22:12:53] submit 시도 method=geo geo=False
[22:12:54] submit 미확인 method=geo generating=False composer=1638
[22:12:54] submit geo 실패 hit=no-btn
[22:12:54] submit 시도 method=send send=False
[22:12:55] submit 미확인 method=send generating=False composer=1638
[22:12:55] submit 시도 method=ctrl
[22:12:56] submit 미확인 method=ctrl generating=False composer=1640
[22:12:56] submit 시도 method=enter
[22:12:57] submit 확인 method=enter generating=False composer=0
[22:12:57] ⏱ 입력·전송 SRT_900 4.3s · chars=1638
[22:12:57] 제출 후 last_saved=https://www.genspark.ai/api/files/s/4iblz1lh
[22:12:57] ⏱ 생성대기 시작 SRT_900 max=120s
[22:13:12] ⏱ 생성대기 진행 15.4s SRT_900 busy=False url_ok=False src=
[22:13:13] ⏱ 생성대기 완료(busy무시) 16.4s SRT_900 https://www.genspark.ai/api/files/s/rexcvssa
[22:13:13] ⏱ 생성대기구간 SRT_900 16.4s · ok=True
[22:13:13] SRT_900 근접 이미지 https://www.genspark.ai/api/files/s/rexcvssa
[22:13:13] 다운로드 files URL=https://www.genspark.ai/api/files/s/rexcvssa → SRT_900.png
[22:13:14] ⏱ 다운로드 직접실패 0.2s · 페이지 fetch 재시도: HTTP Error 403: Forbidden
[22:13:14] ⏱ 다운로드 fetch 0.1s size=455238 SRT_900.png
[22:13:14] ⏱ 다운로드구간 SRT_900 0.3s · SRT_900.png
[22:13:16] ⏱ 다운로드후유휴 SRT_900 2.3s · idle=True
[22:13:16] ⏱ 씬합계 SRT_900 25.1s · https://www.genspark.ai/api/files/s/rexcvssa
[22:13:16] SRT_900 생성·다운로드 완료
C:\cursor\wuxia\무협극장\검신귀환록\2부\13장\png\SRT_900.png
[22:13:16] 상태키 SRT_920 · Baek|base; Jin≈19|blood_robe
[22:13:16] run_scene 시작 SRT_920 · seen_files=46 · last_saved=https://www.genspark.ai/api/files/s/rexcvssa
[22:13:16] ⏱ 준비 SRT_920 0.0s · chars=1656
[22:13:17] ⏱ 다음명령유휴 SRT_920 1.4s · idle=True
[22:13:18] fill OK(clip) follow=True chars=1656
[22:13:18] submit 시작 composer=1656 url=https://www.genspark.ai/agents?id=dfc736ff-1fb0-4e61-8de1-fd5978d9818d
[22:13:18] submit geo 실패 hit=no-btn
[22:13:18] submit 시도 method=geo geo=False
[22:13:19] submit 미확인 method=geo generating=False composer=1656
[22:13:19] submit geo 실패 hit=no-btn
[22:13:19] submit 시도 method=send send=False
[22:13:20] submit 미확인 method=send generating=False composer=1656
[22:13:20] submit 시도 method=ctrl
[22:13:21] submit 미확인 method=ctrl generating=False composer=1658
[22:13:21] submit 시도 method=enter
[22:13:22] submit 확인 method=enter generating=False composer=0
[22:13:22] ⏱ 입력·전송 SRT_920 4.2s · chars=1656
[22:13:22] 제출 후 last_saved=https://www.genspark.ai/api/files/s/rexcvssa
[22:13:22] ⏱ 생성대기 시작 SRT_920 max=120s
[22:13:35] ⏱ 생성대기 완료 13.6s SRT_920 https://www.genspark.ai/api/files/s/fxgaq0wh
[22:13:35] ⏱ 생성대기구간 SRT_920 13.6s · ok=True
[22:13:36] SRT_920 근접 이미지 https://www.genspark.ai/api/files/s/fxgaq0wh
[22:13:36] 다운로드 files URL=https://www.genspark.ai/api/files/s/fxgaq0wh → SRT_920.png
[22:13:36] ⏱ 다운로드 직접실패 0.2s · 페이지 fetch 재시도: HTTP Error 403: Forbidden
[22:13:36] ⏱ 다운로드 fetch 0.1s size=402607 SRT_920.png
[22:13:36] ⏱ 다운로드구간 SRT_920 0.4s · SRT_920.png
[22:13:37] ⏱ 다운로드후유휴 SRT_920 1.5s · idle=True
[22:13:37] ⏱ 씬합계 SRT_920 21.2s · https://www.genspark.ai/api/files/s/fxgaq0wh
[22:13:37] SRT_920 생성·다운로드 완료
C:\cursor\wuxia\무협극장\검신귀환록\2부\13장\png\SRT_920.png
[22:13:37] 상태키 SRT_940 · Baek|base; Jin≈19|blood_robe
[22:13:37] run_scene 시작 SRT_940 · seen_files=47 · last_saved=https://www.genspark.ai/api/files/s/fxgaq0wh
[22:13:38] ⏱ 준비 SRT_940 0.0s · chars=2468
[22:13:39] ⏱ 다음명령유휴 SRT_940 1.6s · idle=True
[22:13:40] fill OK(clip) follow=True chars=2468
[22:13:40] submit 시작 composer=2468 url=https://www.genspark.ai/agents?id=dfc736ff-1fb0-4e61-8de1-fd5978d9818d
[22:13:40] submit geo 실패 hit=no-btn
[22:13:40] submit 시도 method=geo geo=False
[22:13:41] submit 미확인 method=geo generating=False composer=2468
[22:13:41] submit geo 실패 hit=no-btn
[22:13:41] submit 시도 method=send send=False
[22:13:42] submit 미확인 method=send generating=False composer=2468
[22:13:42] submit 시도 method=ctrl
[22:13:43] submit 미확인 method=ctrl generating=False composer=2470
[22:13:43] submit 시도 method=enter
[22:13:43] submit 확인 method=enter generating=False composer=0
[22:13:43] ⏱ 입력·전송 SRT_940 4.3s · chars=2468
[22:13:43] 제출 후 last_saved=https://www.genspark.ai/api/files/s/fxgaq0wh
[22:13:44] ⏱ 생성대기 시작 SRT_940 max=120s
[22:13:58] ⏱ 생성대기 완료(busy무시) 13.9s SRT_940 https://www.genspark.ai/api/files/s/7qigvlnd
[22:13:58] ⏱ 생성대기구간 SRT_940 13.9s · ok=True
[22:13:58] SRT_940 근접 이미지 https://www.genspark.ai/api/files/s/7qigvlnd
[22:13:58] 다운로드 files URL=https://www.genspark.ai/api/files/s/7qigvlnd → SRT_940.png
[22:13:58] ⏱ 다운로드 직접실패 0.3s · 페이지 fetch 재시도: HTTP Error 403: Forbidden
[22:13:58] ⏱ 다운로드 fetch 0.1s size=503082 SRT_940.png
[22:13:58] ⏱ 다운로드구간 SRT_940 0.4s · SRT_940.png
[22:14:00] ⏱ 다운로드후유휴 SRT_940 2.2s · idle=True
[22:14:00] ⏱ 씬합계 SRT_940 22.6s · https://www.genspark.ai/api/files/s/7qigvlnd
[22:14:00] SRT_940 생성·다운로드 완료
C:\cursor\wuxia\무협극장\검신귀환록\2부\13장\png\SRT_940.png
[22:14:00] 상태키 SRT_960 · Baek|base; Jin≈19|blood_robe
[22:14:00] run_scene 시작 SRT_960 · seen_files=48 · last_saved=https://www.genspark.ai/api/files/s/7qigvlnd
[22:14:00] ⏱ 준비 SRT_960 0.0s · chars=1398
[22:14:02] ⏱ 다음명령유휴 SRT_960 1.4s · idle=True
[22:14:02] fill OK(clip) follow=True chars=1398
[22:14:02] submit 시작 composer=1398 url=https://www.genspark.ai/agents?id=dfc736ff-1fb0-4e61-8de1-fd5978d9818d
[22:14:03] submit geo 실패 hit=no-btn
[22:14:03] submit 시도 method=geo geo=False
[22:14:03] submit 미확인 method=geo generating=False composer=1398
[22:14:03] submit geo 실패 hit=no-btn
[22:14:03] submit 시도 method=send send=False
[22:14:04] submit 미확인 method=send generating=False composer=1398
[22:14:04] submit 시도 method=ctrl
[22:14:05] submit 미확인 method=ctrl generating=False composer=1400
[22:14:05] submit 시도 method=enter
[22:14:06] submit 확인 method=enter generating=False composer=0
[22:14:06] ⏱ 입력·전송 SRT_960 4.1s · chars=1398
[22:14:06] 제출 후 last_saved=https://www.genspark.ai/api/files/s/7qigvlnd
[22:14:06] ⏱ 생성대기 시작 SRT_960 max=120s
[22:14:16] ⏱ 생성대기 완료 10.0s SRT_960 https://www.genspark.ai/api/files/s/6qorzomw
[22:14:16] ⏱ 생성대기구간 SRT_960 10.0s · ok=True
[22:14:16] SRT_960 근접 이미지 https://www.genspark.ai/api/files/s/6qorzomw
[22:14:16] 다운로드 files URL=https://www.genspark.ai/api/files/s/6qorzomw → SRT_960.png
[22:14:16] ⏱ 다운로드 직접실패 0.2s · 페이지 fetch 재시도: HTTP Error 403: Forbidden
[22:14:16] ⏱ 다운로드 fetch 0.1s size=577147 SRT_960.png
[22:14:16] ⏱ 다운로드구간 SRT_960 0.3s · SRT_960.png
[22:14:24] ⏱ 다운로드후유휴 SRT_960 7.7s · idle=True
[22:14:24] ⏱ 씬합계 SRT_960 23.9s · https://www.genspark.ai/api/files/s/6qorzomw
[22:14:24] SRT_960 생성·다운로드 완료
C:\cursor\wuxia\무협극장\검신귀환록\2부\13장\png\SRT_960.png
[22:14:24] 상태키 SRT_980 · Baek|base; Jin≈19|blood_robe
[22:14:24] run_scene 시작 SRT_980 · seen_files=49 · last_saved=https://www.genspark.ai/api/files/s/6qorzomw
[22:14:24] ⏱ 준비 SRT_980 0.0s · chars=2447
[22:14:26] ⏱ 다음명령유휴 SRT_980 1.5s · idle=True
[22:14:27] fill OK(clip) follow=True chars=2447
[22:14:27] submit 시작 composer=2447 url=https://www.genspark.ai/agents?id=dfc736ff-1fb0-4e61-8de1-fd5978d9818d
[22:14:27] submit geo 실패 hit=no-btn
[22:14:27] submit 시도 method=geo geo=False
[22:14:27] submit 미확인 method=geo generating=False composer=2447
[22:14:28] submit geo 실패 hit=no-btn
[22:14:28] submit 시도 method=send send=False
[22:14:28] submit 미확인 method=send generating=False composer=2447
[22:14:29] submit 시도 method=ctrl
[22:14:29] submit 미확인 method=ctrl generating=False composer=2449
[22:14:30] submit 시도 method=enter
[22:14:30] submit 확인 method=enter generating=False composer=0
[22:14:30] ⏱ 입력·전송 SRT_980 4.3s · chars=2447
[22:14:30] 제출 후 last_saved=https://www.genspark.ai/api/files/s/6qorzomw
[22:14:30] ⏱ 생성대기 시작 SRT_980 max=120s
[22:14:41] ⏱ 생성대기 완료 11.1s SRT_980 https://www.genspark.ai/api/files/s/njtpn9rh
[22:14:41] ⏱ 생성대기구간 SRT_980 11.1s · ok=True
[22:14:41] SRT_980 근접 이미지 https://www.genspark.ai/api/files/s/njtpn9rh
[22:14:41] 다운로드 files URL=https://www.genspark.ai/api/files/s/njtpn9rh → SRT_980.png
[22:14:42] ⏱ 다운로드 직접실패 0.3s · 페이지 fetch 재시도: HTTP Error 403: Forbidden
[22:14:42] ⏱ 다운로드 fetch 0.1s size=433066 SRT_980.png
[22:14:42] ⏱ 다운로드구간 SRT_980 0.4s · SRT_980.png
[22:14:44] ⏱ 다운로드후유휴 SRT_980 1.9s · idle=True
[22:14:44] ⏱ 씬합계 SRT_980 19.4s · https://www.genspark.ai/api/files/s/njtpn9rh
[22:14:44] SRT_980 생성·다운로드 완료
C:\cursor\wuxia\무협극장\검신귀환록\2부\13장\png\SRT_980.png
[22:14:44] 상태키 SRT_1000 · Baek|base; Jin≈19|blood_robe
[22:14:44] run_scene 시작 SRT_1000 · seen_files=50 · last_saved=https://www.genspark.ai/api/files/s/njtpn9rh
[22:14:44] ⏱ 준비 SRT_1000 0.0s · chars=2493
[22:14:45] ⏱ 다음명령유휴 SRT_1000 1.3s · idle=True
[22:14:46] fill OK(clip) follow=True chars=2493
[22:14:46] submit 시작 composer=2493 url=https://www.genspark.ai/agents?id=dfc736ff-1fb0-4e61-8de1-fd5978d9818d
[22:14:46] submit geo 실패 hit=no-btn
[22:14:46] submit 시도 method=geo geo=False
[22:14:47] submit 미확인 method=geo generating=False composer=2493
[22:14:47] submit geo 실패 hit=no-btn
[22:14:47] submit 시도 method=send send=False
[22:14:48] submit 미확인 method=send generating=False composer=2493
[22:14:48] submit 시도 method=ctrl
[22:14:49] submit 미확인 method=ctrl generating=False composer=2495
[22:14:49] submit 시도 method=enter
[22:14:49] submit 확인 method=enter generating=False composer=0
[22:14:49] ⏱ 입력·전송 SRT_1000 4.2s · chars=2493
[22:14:49] 제출 후 last_saved=https://www.genspark.ai/api/files/s/njtpn9rh
[22:14:50] ⏱ 생성대기 시작 SRT_1000 max=120s
[22:15:00] ⏱ 생성대기 완료 10.8s SRT_1000 https://www.genspark.ai/api/files/s/lt4kzkks
[22:15:00] ⏱ 생성대기구간 SRT_1000 10.8s · ok=True
[22:15:01] SRT_1000 근접 이미지 https://www.genspark.ai/api/files/s/lt4kzkks
[22:15:01] 다운로드 files URL=https://www.genspark.ai/api/files/s/lt4kzkks → SRT_1000.png
[22:15:01] ⏱ 다운로드 직접실패 0.3s · 페이지 fetch 재시도: HTTP Error 403: Forbidden
[22:15:01] ⏱ 다운로드 fetch 0.1s size=533397 SRT_1000.png
[22:15:01] ⏱ 다운로드구간 SRT_1000 0.4s · SRT_1000.png
[22:15:05] ⏱ 다운로드후유휴 SRT_1000 3.7s · idle=True
[22:15:05] ⏱ 씬합계 SRT_1000 20.7s · https://www.genspark.ai/api/files/s/lt4kzkks
[22:15:05] SRT_1000 생성·다운로드 완료
C:\cursor\wuxia\무협극장\검신귀환록\2부\13장\png\SRT_1000.png
[22:15:05] 상태키 SRT_1020 · Baek|base; Jin≈19|blood_robe
[22:15:05] run_scene 시작 SRT_1020 · seen_files=51 · last_saved=https://www.genspark.ai/api/files/s/lt4kzkks
[22:15:05] ⏱ 준비 SRT_1020 0.0s · chars=2451
[22:15:06] ⏱ 다음명령유휴 SRT_1020 1.6s · idle=True
[22:15:07] fill OK(clip) follow=True chars=2451
[22:15:07] submit 시작 composer=2451 url=https://www.genspark.ai/agents?id=dfc736ff-1fb0-4e61-8de1-fd5978d9818d
[22:15:07] submit geo 실패 hit=no-btn
[22:15:07] submit 시도 method=geo geo=False
[22:15:08] submit 미확인 method=geo generating=False composer=2451
[22:15:08] submit geo 실패 hit=no-btn
[22:15:08] submit 시도 method=send send=False
[22:15:09] submit 미확인 method=send generating=False composer=2451
[22:15:09] submit 시도 method=ctrl
[22:15:10] submit 미확인 method=ctrl generating=False composer=2453
[22:15:10] submit 시도 method=enter
[22:15:11] submit 확인 method=enter generating=False composer=0
[22:15:11] ⏱ 입력·전송 SRT_1020 4.3s · chars=2451
[22:15:11] 제출 후 last_saved=https://www.genspark.ai/api/files/s/lt4kzkks
[22:15:11] ⏱ 생성대기 시작 SRT_1020 max=120s
[22:15:24] ⏱ 생성대기 완료(busy무시) 12.9s SRT_1020 https://www.genspark.ai/api/files/s/lvykpbk8
[22:15:24] ⏱ 생성대기구간 SRT_1020 12.9s · ok=True
[22:15:24] SRT_1020 근접 이미지 https://www.genspark.ai/api/files/s/lvykpbk8
[22:15:24] 다운로드 files URL=https://www.genspark.ai/api/files/s/lvykpbk8 → SRT_1020.png
[22:15:24] ⏱ 다운로드 직접실패 0.3s · 페이지 fetch 재시도: HTTP Error 403: Forbidden
[22:15:24] ⏱ 다운로드 fetch 0.1s size=490626 SRT_1020.png
[22:15:24] ⏱ 다운로드구간 SRT_1020 0.3s · SRT_1020.png
[22:15:26] ⏱ 다운로드후유휴 SRT_1020 2.1s · idle=True
[22:15:26] ⏱ 씬합계 SRT_1020 21.4s · https://www.genspark.ai/api/files/s/lvykpbk8
[22:15:26] SRT_1020 생성·다운로드 완료
C:\cursor\wuxia\무협극장\검신귀환록\2부\13장\png\SRT_1020.png
[22:15:26] 상태키 SRT_1040 · Baek|base; Jin≈19|blood_robe
[22:15:26] run_scene 시작 SRT_1040 · seen_files=52 · last_saved=https://www.genspark.ai/api/files/s/lvykpbk8
[22:15:26] ⏱ 준비 SRT_1040 0.0s · chars=2145
[22:15:28] ⏱ 다음명령유휴 SRT_1040 1.5s · idle=True
[22:15:29] fill OK(clip) follow=True chars=2145
[22:15:29] submit 시작 composer=2145 url=https://www.genspark.ai/agents?id=dfc736ff-1fb0-4e61-8de1-fd5978d9818d
[22:15:29] submit geo 실패 hit=no-btn
[22:15:29] submit 시도 method=geo geo=False
[22:15:29] submit 미확인 method=geo generating=False composer=2145
[22:15:30] submit geo 실패 hit=no-btn
[22:15:30] submit 시도 method=send send=False
[22:15:30] submit 미확인 method=send generating=False composer=2145
[22:15:31] submit 시도 method=ctrl
[22:15:31] submit 미확인 method=ctrl generating=False composer=2147
[22:15:32] submit 시도 method=enter
[22:15:32] submit 확인 method=enter generating=False composer=0
[22:15:32] ⏱ 입력·전송 SRT_1040 4.3s · chars=2145
[22:15:32] 제출 후 last_saved=https://www.genspark.ai/api/files/s/lvykpbk8
[22:15:32] ⏱ 생성대기 시작 SRT_1040 max=120s
[22:15:44] ⏱ 생성대기 완료 11.6s SRT_1040 https://www.genspark.ai/api/files/s/ojtnxs4d
[22:15:44] ⏱ 생성대기구간 SRT_1040 11.6s · ok=True
[22:15:44] SRT_1040 근접 이미지 https://www.genspark.ai/api/files/s/ojtnxs4d
[22:15:44] 다운로드 files URL=https://www.genspark.ai/api/files/s/ojtnxs4d → SRT_1040.png
[22:15:44] ⏱ 다운로드 직접실패 0.3s · 페이지 fetch 재시도: HTTP Error 403: Forbidden
[22:15:44] ⏱ 다운로드 fetch 0.1s size=478793 SRT_1040.png
[22:15:44] ⏱ 다운로드구간 SRT_1040 0.4s · SRT_1040.png
[22:15:49] ⏱ 다운로드후유휴 SRT_1040 4.4s · idle=True
[22:15:49] ⏱ 씬합계 SRT_1040 22.4s · https://www.genspark.ai/api/files/s/ojtnxs4d
[22:15:49] SRT_1040 생성·다운로드 완료
C:\cursor\wuxia\무협극장\검신귀환록\2부\13장\png\SRT_1040.png
[22:15:49] 상태키 SRT_1060 · Baek|base; Jin≈19|blood_robe
[22:15:49] run_scene 시작 SRT_1060 · seen_files=53 · last_saved=https://www.genspark.ai/api/files/s/ojtnxs4d
[22:15:49] ⏱ 준비 SRT_1060 0.0s · chars=2142
[22:15:50] ⏱ 다음명령유휴 SRT_1060 1.5s · idle=True
[22:15:51] fill OK(clip) follow=True chars=2142
[22:15:51] submit 시작 composer=2142 url=https://www.genspark.ai/agents?id=dfc736ff-1fb0-4e61-8de1-fd5978d9818d
[22:15:51] submit geo 실패 hit=no-btn
[22:15:51] submit 시도 method=geo geo=False
[22:15:52] submit 미확인 method=geo generating=False composer=2142
[22:15:52] submit geo 실패 hit=no-btn
[22:15:52] submit 시도 method=send send=False
[22:15:53] submit 미확인 method=send generating=False composer=2142
[22:15:53] submit 시도 method=ctrl
[22:15:54] submit 미확인 method=ctrl generating=False composer=2144
[22:15:54] submit 시도 method=enter
[22:15:55] submit 확인 method=enter generating=False composer=0
[22:15:55] ⏱ 입력·전송 SRT_1060 4.3s · chars=2142
[22:15:55] 제출 후 last_saved=https://www.genspark.ai/api/files/s/ojtnxs4d
[22:15:55] ⏱ 생성대기 시작 SRT_1060 max=120s
[22:16:10] ⏱ 생성대기 진행 15.4s SRT_1060 busy=False url_ok=False src=
[22:16:12] ⏱ 생성대기 완료(busy무시) 17.0s SRT_1060 https://www.genspark.ai/api/files/s/oqvfaz9m
[22:16:12] ⏱ 생성대기구간 SRT_1060 17.0s · ok=True
[22:16:12] SRT_1060 근접 이미지 https://www.genspark.ai/api/files/s/oqvfaz9m
[22:16:12] 다운로드 files URL=https://www.genspark.ai/api/files/s/oqvfaz9m → SRT_1060.png
[22:16:12] ⏱ 다운로드 직접실패 0.3s · 페이지 fetch 재시도: HTTP Error 403: Forbidden
[22:16:12] ⏱ 다운로드 fetch 0.1s size=475553 SRT_1060.png
[22:16:12] ⏱ 다운로드구간 SRT_1060 0.4s · SRT_1060.png
[22:16:15] ⏱ 다운로드후유휴 SRT_1060 2.2s · idle=True
[22:16:15] ⏱ 씬합계 SRT_1060 25.7s · https://www.genspark.ai/api/files/s/oqvfaz9m
[22:16:15] SRT_1060 생성·다운로드 완료
C:\cursor\wuxia\무협극장\검신귀환록\2부\13장\png\SRT_1060.png
[22:16:15] 상태키 SRT_1080 · Baek|base; Jin≈19|blood_robe
[22:16:15] run_scene 시작 SRT_1080 · seen_files=54 · last_saved=https://www.genspark.ai/api/files/s/oqvfaz9m
[22:16:15] ⏱ 준비 SRT_1080 0.0s · chars=2126
[22:16:16] ⏱ 다음명령유휴 SRT_1080 1.4s · idle=True
[22:16:17] fill OK(clip) follow=True chars=2126
[22:16:17] submit 시작 composer=2126 url=https://www.genspark.ai/agents?id=dfc736ff-1fb0-4e61-8de1-fd5978d9818d
[22:16:17] submit geo 실패 hit=no-btn
[22:16:17] submit 시도 method=geo geo=False
[22:16:18] submit 미확인 method=geo generating=False composer=2126
[22:16:18] submit geo 실패 hit=no-btn
[22:16:18] submit 시도 method=send send=False
[22:16:19] submit 미확인 method=send generating=False composer=2126
[22:16:19] submit 시도 method=ctrl
[22:16:19] submit 미확인 method=ctrl generating=False composer=2128
[22:16:20] submit 시도 method=enter
[22:16:20] submit 확인 method=enter generating=False composer=0
[22:16:20] ⏱ 입력·전송 SRT_1080 4.2s · chars=2126
[22:16:20] 제출 후 last_saved=https://www.genspark.ai/api/files/s/oqvfaz9m
[22:16:21] ⏱ 생성대기 시작 SRT_1080 max=120s
[22:16:33] ⏱ 생성대기 완료(busy무시) 12.5s SRT_1080 https://www.genspark.ai/api/files/s/sgfn3hwk
[22:16:33] ⏱ 생성대기구간 SRT_1080 12.5s · ok=True
[22:16:33] SRT_1080 근접 이미지 https://www.genspark.ai/api/files/s/sgfn3hwk
[22:16:33] 다운로드 files URL=https://www.genspark.ai/api/files/s/sgfn3hwk → SRT_1080.png
[22:16:33] ⏱ 다운로드 직접실패 0.2s · 페이지 fetch 재시도: HTTP Error 403: Forbidden
[22:16:34] ⏱ 다운로드 fetch 0.1s size=727758 SRT_1080.png
[22:16:34] ⏱ 다운로드구간 SRT_1080 0.3s · SRT_1080.png
[22:16:36] ⏱ 다운로드후유휴 SRT_1080 2.3s · idle=True
[22:16:36] ⏱ 씬합계 SRT_1080 21.0s · https://www.genspark.ai/api/files/s/sgfn3hwk
[22:16:36] SRT_1080 생성·다운로드 완료
C:\cursor\wuxia\무협극장\검신귀환록\2부\13장\png\SRT_1080.png
[22:16:36] 상태키 SRT_1100 · Baek|base; Jin≈19|blood_robe
[22:16:36] run_scene 시작 SRT_1100 · seen_files=55 · last_saved=https://www.genspark.ai/api/files/s/sgfn3hwk
[22:16:36] ⏱ 준비 SRT_1100 0.0s · chars=2450
[22:16:38] ⏱ 다음명령유휴 SRT_1100 1.6s · idle=True
[22:16:38] fill OK(clip) follow=True chars=2450
[22:16:38] submit 시작 composer=2450 url=https://www.genspark.ai/agents?id=dfc736ff-1fb0-4e61-8de1-fd5978d9818d
[22:16:38] submit geo 실패 hit=no-btn
[22:16:38] submit 시도 method=geo geo=False
[22:16:39] submit 미확인 method=geo generating=False composer=2450
[22:16:39] submit geo 실패 hit=no-btn
[22:16:39] submit 시도 method=send send=False
[22:16:40] submit 미확인 method=send generating=False composer=2450
[22:16:40] submit 시도 method=ctrl
[22:16:41] submit 미확인 method=ctrl generating=False composer=2452
[22:16:41] submit 시도 method=enter
[22:16:42] submit 확인 method=enter generating=False composer=0
[22:16:42] ⏱ 입력·전송 SRT_1100 4.3s · chars=2450
[22:16:42] 제출 후 last_saved=https://www.genspark.ai/api/files/s/sgfn3hwk
[22:16:42] ⏱ 생성대기 시작 SRT_1100 max=120s
[22:16:54] ⏱ 생성대기 완료 12.3s SRT_1100 https://www.genspark.ai/api/files/s/m5cimjmf
[22:16:54] ⏱ 생성대기구간 SRT_1100 12.3s · ok=True
[22:16:54] SRT_1100 근접 이미지 https://www.genspark.ai/api/files/s/m5cimjmf
[22:16:54] 다운로드 files URL=https://www.genspark.ai/api/files/s/m5cimjmf → SRT_1100.png
[22:16:55] ⏱ 다운로드 직접실패 0.4s · 페이지 fetch 재시도: HTTP Error 403: Forbidden
[22:16:55] ⏱ 다운로드 fetch 0.1s size=571567 SRT_1100.png
[22:16:55] ⏱ 다운로드구간 SRT_1100 0.5s · SRT_1100.png
[22:16:56] ⏱ 다운로드후유휴 SRT_1100 1.5s · idle=True
[22:16:56] ⏱ 씬합계 SRT_1100 20.4s · https://www.genspark.ai/api/files/s/m5cimjmf
[22:16:56] SRT_1100 생성·다운로드 완료
C:\cursor\wuxia\무협극장\검신귀환록\2부\13장\png\SRT_1100.png
[22:16:57] 상태키 SRT_1120 · Baek|base; Jin≈19|blood_robe
[22:16:57] run_scene 시작 SRT_1120 · seen_files=56 · last_saved=https://www.genspark.ai/api/files/s/m5cimjmf
[22:16:57] ⏱ 준비 SRT_1120 0.0s · chars=2167
[22:16:58] ⏱ 다음명령유휴 SRT_1120 1.7s · idle=True
[22:16:59] fill OK(clip) follow=True chars=2167
[22:16:59] submit 시작 composer=2167 url=https://www.genspark.ai/agents?id=dfc736ff-1fb0-4e61-8de1-fd5978d9818d
[22:16:59] submit geo 실패 hit=no-btn
[22:16:59] submit 시도 method=geo geo=False
[22:17:00] submit 미확인 method=geo generating=False composer=2167
[22:17:00] submit geo 실패 hit=no-btn
[22:17:00] submit 시도 method=send send=False
[22:17:01] submit 미확인 method=send generating=False composer=2167
[22:17:01] submit 시도 method=ctrl
[22:17:02] submit 미확인 method=ctrl generating=False composer=2169
[22:17:02] submit 시도 method=enter
[22:17:02] submit 확인 method=enter generating=False composer=0
[22:17:02] ⏱ 입력·전송 SRT_1120 4.1s · chars=2167
[22:17:02] 제출 후 last_saved=https://www.genspark.ai/api/files/s/m5cimjmf
[22:17:03] ⏱ 생성대기 시작 SRT_1120 max=120s
[22:17:15] ⏱ 생성대기 완료(busy무시) 12.6s SRT_1120 https://www.genspark.ai/api/files/s/z9bsj94z
[22:17:15] ⏱ 생성대기구간 SRT_1120 12.6s · ok=True
[22:17:15] SRT_1120 근접 이미지 https://www.genspark.ai/api/files/s/z9bsj94z
[22:17:15] 다운로드 files URL=https://www.genspark.ai/api/files/s/z9bsj94z → SRT_1120.png
[22:17:16] ⏱ 다운로드 직접실패 0.3s · 페이지 fetch 재시도: HTTP Error 403: Forbidden
[22:17:16] ⏱ 다운로드 fetch 0.1s size=579789 SRT_1120.png
[22:17:16] ⏱ 다운로드구간 SRT_1120 0.4s · SRT_1120.png
[22:17:18] ⏱ 다운로드후유휴 SRT_1120 2.0s · idle=True
[22:17:18] ⏱ 씬합계 SRT_1120 21.1s · https://www.genspark.ai/api/files/s/z9bsj94z
[22:17:18] SRT_1120 생성·다운로드 완료
C:\cursor\wuxia\무협극장\검신귀환록\2부\13장\png\SRT_1120.png
[22:17:18] 상태키 SRT_1140 · Baek|base; Jin≈19|blood_robe
[22:17:18] run_scene 시작 SRT_1140 · seen_files=57 · last_saved=https://www.genspark.ai/api/files/s/z9bsj94z
[22:17:18] ⏱ 준비 SRT_1140 0.0s · chars=2169
[22:17:19] ⏱ 다음명령유휴 SRT_1140 1.3s · idle=True
[22:17:20] fill OK(clip) follow=True chars=2169
[22:17:20] submit 시작 composer=2169 url=https://www.genspark.ai/agents?id=dfc736ff-1fb0-4e61-8de1-fd5978d9818d
[22:17:20] submit geo 실패 hit=no-btn
[22:17:20] submit 시도 method=geo geo=False
[22:17:21] submit 미확인 method=geo generating=False composer=2169
[22:17:21] submit geo 실패 hit=no-btn
[22:17:21] submit 시도 method=send send=False
[22:17:22] submit 미확인 method=send generating=False composer=2169
[22:17:22] submit 시도 method=ctrl
[22:17:23] submit 미확인 method=ctrl generating=False composer=2171
[22:17:23] submit 시도 method=enter
[22:17:23] submit 확인 method=enter generating=False composer=0
[22:17:23] ⏱ 입력·전송 SRT_1140 4.2s · chars=2169
[22:17:23] 제출 후 last_saved=https://www.genspark.ai/api/files/s/z9bsj94z
[22:17:24] ⏱ 생성대기 시작 SRT_1140 max=120s
[22:17:37] ⏱ 생성대기 완료(busy무시) 13.4s SRT_1140 https://www.genspark.ai/api/files/s/baezzvxi
[22:17:37] ⏱ 생성대기구간 SRT_1140 13.4s · ok=True
[22:17:37] SRT_1140 근접 이미지 https://www.genspark.ai/api/files/s/baezzvxi
[22:17:37] 다운로드 files URL=https://www.genspark.ai/api/files/s/baezzvxi → SRT_1140.png
[22:17:37] ⏱ 다운로드 직접실패 0.2s · 페이지 fetch 재시도: HTTP Error 403: Forbidden
[22:17:37] ⏱ 다운로드 fetch 0.1s size=832687 SRT_1140.png
[22:17:37] ⏱ 다운로드구간 SRT_1140 0.4s · SRT_1140.png
[22:17:41] ⏱ 다운로드후유휴 SRT_1140 3.5s · idle=True
[22:17:41] ⏱ 씬합계 SRT_1140 23.1s · https://www.genspark.ai/api/files/s/baezzvxi
[22:17:41] SRT_1140 생성·다운로드 완료
C:\cursor\wuxia\무협극장\검신귀환록\2부\13장\png\SRT_1140.png
[22:17:41] 상태키 SRT_1160 · Baek|base; Jin≈19|blood_robe
[22:17:41] run_scene 시작 SRT_1160 · seen_files=58 · last_saved=https://www.genspark.ai/api/files/s/baezzvxi
[22:17:41] ⏱ 준비 SRT_1160 0.0s · chars=1577
[22:17:43] ⏱ 다음명령유휴 SRT_1160 1.4s · idle=True
[22:17:43] fill OK(clip) follow=True chars=1577
[22:17:43] submit 시작 composer=1577 url=https://www.genspark.ai/agents?id=dfc736ff-1fb0-4e61-8de1-fd5978d9818d
[22:17:43] submit geo 실패 hit=no-btn
[22:17:43] submit 시도 method=geo geo=False
[22:17:44] submit 미확인 method=geo generating=False composer=1577
[22:17:44] submit geo 실패 hit=no-btn
[22:17:44] submit 시도 method=send send=False
[22:17:45] submit 미확인 method=send generating=False composer=1577
[22:17:45] submit 시도 method=ctrl
[22:17:46] submit 미확인 method=ctrl generating=False composer=1579
[22:17:46] submit 시도 method=enter
[22:17:47] submit 확인 method=enter generating=False composer=0
[22:17:47] ⏱ 입력·전송 SRT_1160 4.3s · chars=1577
[22:17:47] 제출 후 last_saved=https://www.genspark.ai/api/files/s/baezzvxi
[22:17:47] ⏱ 생성대기 시작 SRT_1160 max=120s
[22:18:02] ⏱ 생성대기 진행 15.1s SRT_1160 busy=False url_ok=False src=
[22:18:06] ⏱ 생성대기 완료(busy무시) 19.2s SRT_1160 https://www.genspark.ai/api/files/s/lyai2jbk
[22:18:06] ⏱ 생성대기구간 SRT_1160 19.2s · ok=True
[22:18:06] SRT_1160 근접 이미지 https://www.genspark.ai/api/files/s/lyai2jbk
[22:18:06] 다운로드 files URL=https://www.genspark.ai/api/files/s/lyai2jbk → SRT_1160.png
[22:18:07] ⏱ 다운로드 직접실패 0.3s · 페이지 fetch 재시도: HTTP Error 403: Forbidden
[22:18:07] ⏱ 다운로드 fetch 0.1s size=691908 SRT_1160.png
[22:18:07] ⏱ 다운로드구간 SRT_1160 0.4s · SRT_1160.png
[22:18:10] ⏱ 다운로드후유휴 SRT_1160 3.5s · idle=True
[22:18:10] ⏱ 씬합계 SRT_1160 29.2s · https://www.genspark.ai/api/files/s/lyai2jbk
[22:18:10] SRT_1160 생성·다운로드 완료
C:\cursor\wuxia\무협극장\검신귀환록\2부\13장\png\SRT_1160.png
[22:18:10] 상태키 SRT_1180 · Baek|base; Jin≈19|blood_robe
[22:18:10] run_scene 시작 SRT_1180 · seen_files=59 · last_saved=https://www.genspark.ai/api/files/s/lyai2jbk
[22:18:11] ⏱ 준비 SRT_1180 0.0s · chars=1583
[22:18:12] ⏱ 다음명령유휴 SRT_1180 1.5s · idle=True
[22:18:13] fill OK(clip) follow=True chars=1583
[22:18:13] submit 시작 composer=1583 url=https://www.genspark.ai/agents?id=dfc736ff-1fb0-4e61-8de1-fd5978d9818d
[22:18:13] submit geo 실패 hit=no-btn
[22:18:13] submit 시도 method=geo geo=False
[22:18:13] submit 미확인 method=geo generating=False composer=1583
[22:18:14] submit geo 실패 hit=no-btn
[22:18:14] submit 시도 method=send send=False
[22:18:14] submit 미확인 method=send generating=False composer=1583
[22:18:15] submit 시도 method=ctrl
[22:18:15] submit 미확인 method=ctrl generating=False composer=1585
[22:18:15] submit 시도 method=enter
[22:18:16] submit 확인 method=enter generating=False composer=0
[22:18:16] ⏱ 입력·전송 SRT_1180 4.0s · chars=1583
[22:18:16] 제출 후 last_saved=https://www.genspark.ai/api/files/s/lyai2jbk
[22:18:16] ⏱ 생성대기 시작 SRT_1180 max=120s
[22:18:29] ⏱ 생성대기 완료(busy무시) 13.0s SRT_1180 https://www.genspark.ai/api/files/s/4fvkkhcd
[22:18:29] ⏱ 생성대기구간 SRT_1180 13.0s · ok=True
[22:18:29] SRT_1180 근접 이미지 https://www.genspark.ai/api/files/s/4fvkkhcd
[22:18:29] 다운로드 files URL=https://www.genspark.ai/api/files/s/4fvkkhcd → SRT_1180.png
[22:18:30] ⏱ 다운로드 직접실패 0.5s · 페이지 fetch 재시도: HTTP Error 403: Forbidden
[22:18:30] ⏱ 다운로드 fetch 0.1s size=674923 SRT_1180.png
[22:18:30] ⏱ 다운로드구간 SRT_1180 0.6s · SRT_1180.png
[22:18:32] ⏱ 다운로드후유휴 SRT_1180 2.5s · idle=True
[22:18:32] ⏱ 씬합계 SRT_1180 22.0s · https://www.genspark.ai/api/files/s/4fvkkhcd
[22:18:32] SRT_1180 생성·다운로드 완료
C:\cursor\wuxia\무협극장\검신귀환록\2부\13장\png\SRT_1180.png
[22:18:33] 상태키 SRT_1200 · Baek|base; Jin≈19|blood_robe
[22:18:33] run_scene 시작 SRT_1200 · seen_files=60 · last_saved=https://www.genspark.ai/api/files/s/4fvkkhcd
[22:18:33] ⏱ 준비 SRT_1200 0.0s · chars=2694
[22:18:34] ⏱ 다음명령유휴 SRT_1200 1.6s · idle=True
[22:18:35] fill OK(clip) follow=True chars=2694
[22:18:35] submit 시작 composer=2694 url=https://www.genspark.ai/agents?id=dfc736ff-1fb0-4e61-8de1-fd5978d9818d
[22:18:35] submit geo 실패 hit=no-btn
[22:18:35] submit 시도 method=geo geo=False
[22:18:36] submit 미확인 method=geo generating=False composer=2694
[22:18:36] submit geo 실패 hit=no-btn
[22:18:36] submit 시도 method=send send=False
[22:18:37] submit 미확인 method=send generating=False composer=2694
[22:18:37] submit 시도 method=ctrl
[22:18:38] submit 미확인 method=ctrl generating=False composer=2696
[22:18:38] submit 시도 method=enter
[22:18:39] submit 확인 method=enter generating=False composer=0
[22:18:39] ⏱ 입력·전송 SRT_1200 4.2s · chars=2694
[22:18:39] 제출 후 last_saved=https://www.genspark.ai/api/files/s/4fvkkhcd
[22:18:39] ⏱ 생성대기 시작 SRT_1200 max=120s
[22:18:54] ⏱ 생성대기 진행 15.2s SRT_1200 busy=False url_ok=False src=
[22:18:56] ⏱ 생성대기 완료(busy무시) 17.3s SRT_1200 https://www.genspark.ai/api/files/s/xfwqwsrz
[22:18:56] ⏱ 생성대기구간 SRT_1200 17.3s · ok=True
[22:18:56] SRT_1200 근접 이미지 https://www.genspark.ai/api/files/s/xfwqwsrz
[22:18:56] 다운로드 files URL=https://www.genspark.ai/api/files/s/xfwqwsrz → SRT_1200.png
[22:18:56] ⏱ 다운로드 직접실패 0.2s · 페이지 fetch 재시도: HTTP Error 403: Forbidden
[22:18:56] ⏱ 다운로드 fetch 0.1s size=719942 SRT_1200.png
[22:18:56] ⏱ 다운로드구간 SRT_1200 0.4s · SRT_1200.png
[22:18:58] ⏱ 다운로드후유휴 SRT_1200 2.0s · idle=True
[22:18:58] ⏱ 씬합계 SRT_1200 25.7s · https://www.genspark.ai/api/files/s/xfwqwsrz
[22:18:58] SRT_1200 생성·다운로드 완료
C:\cursor\wuxia\무협극장\검신귀환록\2부\13장\png\SRT_1200.png
[22:18:59] 상태키 SRT_1220 · Baek|base; Jin≈19|blood_robe
[22:18:59] run_scene 시작 SRT_1220 · seen_files=61 · last_saved=https://www.genspark.ai/api/files/s/xfwqwsrz
[22:18:59] ⏱ 준비 SRT_1220 0.0s · chars=2678
[22:19:00] ⏱ 다음명령유휴 SRT_1220 1.6s · idle=True
[22:19:01] fill OK(clip) follow=True chars=2678
[22:19:01] submit 시작 composer=2678 url=https://www.genspark.ai/agents?id=dfc736ff-1fb0-4e61-8de1-fd5978d9818d
[22:19:01] submit geo 실패 hit=no-btn
[22:19:01] submit 시도 method=geo geo=False
[22:19:02] submit 미확인 method=geo generating=False composer=2678
[22:19:02] submit geo 실패 hit=no-btn
[22:19:02] submit 시도 method=send send=False
[22:19:03] submit 미확인 method=send generating=False composer=2678
[22:19:03] submit 시도 method=ctrl
[22:19:03] submit 미확인 method=ctrl generating=False composer=2680
[22:19:04] submit 시도 method=enter
[22:19:04] submit 확인 method=enter generating=False composer=0
[22:19:04] ⏱ 입력·전송 SRT_1220 4.2s · chars=2678
[22:19:04] 제출 후 last_saved=https://www.genspark.ai/api/files/s/xfwqwsrz
[22:19:05] ⏱ 생성대기 시작 SRT_1220 max=120s
[22:19:18] ⏱ 생성대기 완료(busy무시) 13.5s SRT_1220 https://www.genspark.ai/api/files/s/6nynye4t
[22:19:18] ⏱ 생성대기구간 SRT_1220 13.5s · ok=True
[22:19:18] SRT_1220 근접 이미지 https://www.genspark.ai/api/files/s/6nynye4t
[22:19:18] 다운로드 files URL=https://www.genspark.ai/api/files/s/6nynye4t → SRT_1220.png
[22:19:18] ⏱ 다운로드 직접실패 0.2s · 페이지 fetch 재시도: HTTP Error 403: Forbidden
[22:19:18] ⏱ 다운로드 fetch 0.1s size=669528 SRT_1220.png
[22:19:19] ⏱ 다운로드구간 SRT_1220 0.3s · SRT_1220.png
[22:19:22] ⏱ 다운로드후유휴 SRT_1220 3.6s · idle=True
[22:19:22] ⏱ 씬합계 SRT_1220 23.6s · https://www.genspark.ai/api/files/s/6nynye4t
[22:19:22] SRT_1220 생성·다운로드 완료
C:\cursor\wuxia\무협극장\검신귀환록\2부\13장\png\SRT_1220.png
[22:19:22] 상태키 SRT_1240 · Baek|base; Jin≈19|blood_robe
[22:19:22] run_scene 시작 SRT_1240 · seen_files=62 · last_saved=https://www.genspark.ai/api/files/s/6nynye4t
[22:19:22] ⏱ 준비 SRT_1240 0.1s · chars=2140
[22:19:24] ⏱ 다음명령유휴 SRT_1240 1.4s · idle=True
[22:19:24] fill OK(clip) follow=True chars=2140
[22:19:24] submit 시작 composer=2140 url=https://www.genspark.ai/agents?id=dfc736ff-1fb0-4e61-8de1-fd5978d9818d
[22:19:25] submit geo 실패 hit=no-btn
[22:19:25] submit 시도 method=geo geo=False
[22:19:25] submit 미확인 method=geo generating=False composer=2140
[22:19:25] submit geo 실패 hit=no-btn
[22:19:25] submit 시도 method=send send=False
[22:19:26] submit 미확인 method=send generating=False composer=2140
[22:19:26] submit 시도 method=ctrl
[22:19:27] submit 미확인 method=ctrl generating=False composer=2142
[22:19:27] submit 시도 method=enter
[22:19:28] submit 확인 method=enter generating=False composer=0
[22:19:28] ⏱ 입력·전송 SRT_1240 4.2s · chars=2140
[22:19:28] 제출 후 last_saved=https://www.genspark.ai/api/files/s/6nynye4t
[22:19:28] ⏱ 생성대기 시작 SRT_1240 max=120s
[22:19:42] ⏱ 생성대기 완료(busy무시) 14.0s SRT_1240 https://www.genspark.ai/api/files/s/6c9iwztj
[22:19:42] ⏱ 생성대기구간 SRT_1240 14.0s · ok=True
[22:19:42] SRT_1240 근접 이미지 https://www.genspark.ai/api/files/s/6c9iwztj
[22:19:42] 다운로드 files URL=https://www.genspark.ai/api/files/s/6c9iwztj → SRT_1240.png
[22:19:43] ⏱ 다운로드 직접실패 0.4s · 페이지 fetch 재시도: HTTP Error 403: Forbidden
[22:19:43] ⏱ 다운로드 fetch 0.1s size=630135 SRT_1240.png
[22:19:43] ⏱ 다운로드구간 SRT_1240 0.5s · SRT_1240.png
[22:19:45] ⏱ 다운로드후유휴 SRT_1240 2.5s · idle=True
[22:19:45] ⏱ 씬합계 SRT_1240 22.9s · https://www.genspark.ai/api/files/s/6c9iwztj
[22:19:45] SRT_1240 생성·다운로드 완료
C:\cursor\wuxia\무협극장\검신귀환록\2부\13장\png\SRT_1240.png
[22:19:45] 상태키 SRT_1260 · Baek|base; Jin≈19|blood_robe
[22:19:45] run_scene 시작 SRT_1260 · seen_files=63 · last_saved=https://www.genspark.ai/api/files/s/6c9iwztj
[22:19:45] ⏱ 준비 SRT_1260 0.0s · chars=2073
[22:19:47] ⏱ 다음명령유휴 SRT_1260 1.5s · idle=True
[22:19:48] fill OK(clip) follow=True chars=2073
[22:19:48] submit 시작 composer=2073 url=https://www.genspark.ai/agents?id=dfc736ff-1fb0-4e61-8de1-fd5978d9818d
[22:19:48] submit geo 실패 hit=no-btn
[22:19:48] submit 시도 method=geo geo=False
[22:19:48] submit 미확인 method=geo generating=False composer=2073
[22:19:49] submit geo 실패 hit=no-btn
[22:19:49] submit 시도 method=send send=False
[22:19:49] submit 미확인 method=send generating=False composer=2073
[22:19:50] submit 시도 method=ctrl
[22:19:50] submit 미확인 method=ctrl generating=False composer=2075
[22:19:50] submit 시도 method=enter
[22:19:51] submit 확인 method=enter generating=False composer=0
[22:19:51] ⏱ 입력·전송 SRT_1260 4.2s · chars=2073
[22:19:51] 제출 후 last_saved=https://www.genspark.ai/api/files/s/6c9iwztj
[22:19:51] ⏱ 생성대기 시작 SRT_1260 max=120s
[22:20:06] ⏱ 생성대기 완료(busy무시) 14.6s SRT_1260 https://www.genspark.ai/api/files/s/ued4rx1y
[22:20:06] ⏱ 생성대기구간 SRT_1260 14.6s · ok=True
[22:20:06] SRT_1260 근접 이미지 https://www.genspark.ai/api/files/s/ued4rx1y
[22:20:06] 다운로드 files URL=https://www.genspark.ai/api/files/s/ued4rx1y → SRT_1260.png
[22:20:06] ⏱ 다운로드 직접실패 0.3s · 페이지 fetch 재시도: HTTP Error 403: Forbidden
[22:20:06] ⏱ 다운로드 fetch 0.1s size=619021 SRT_1260.png
[22:20:06] ⏱ 다운로드구간 SRT_1260 0.4s · SRT_1260.png
[22:20:09] ⏱ 다운로드후유휴 SRT_1260 2.9s · idle=True
[22:20:09] ⏱ 씬합계 SRT_1260 23.9s · https://www.genspark.ai/api/files/s/ued4rx1y
[22:20:09] SRT_1260 생성·다운로드 완료
C:\cursor\wuxia\무협극장\검신귀환록\2부\13장\png\SRT_1260.png
[22:20:09] 상태키 SRT_1267 · Baek|base; Jin≈19|blood_robe
[22:20:09] run_scene 시작 SRT_1267 · seen_files=64 · last_saved=https://www.genspark.ai/api/files/s/ued4rx1y
[22:20:09] ⏱ 준비 SRT_1267 0.0s · chars=2024
[22:20:11] ⏱ 다음명령유휴 SRT_1267 1.4s · idle=True
[22:20:11] fill OK(clip) follow=True chars=2024
[22:20:11] submit 시작 composer=2024 url=https://www.genspark.ai/agents?id=dfc736ff-1fb0-4e61-8de1-fd5978d9818d
[22:20:12] submit geo 실패 hit=no-btn
[22:20:12] submit 시도 method=geo geo=False
[22:20:12] submit 미확인 method=geo generating=False composer=2024
[22:20:13] submit geo 실패 hit=no-btn
[22:20:13] submit 시도 method=send send=False
[22:20:13] submit 미확인 method=send generating=False composer=2024
[22:20:13] submit 시도 method=ctrl
[22:20:14] submit 미확인 method=ctrl generating=False composer=2026
[22:20:14] submit 시도 method=enter
[22:20:15] submit 확인 method=enter generating=False composer=0
[22:20:15] ⏱ 입력·전송 SRT_1267 4.2s · chars=2024
[22:20:15] 제출 후 last_saved=https://www.genspark.ai/api/files/s/ued4rx1y
[22:20:15] ⏱ 생성대기 시작 SRT_1267 max=120s
[22:20:30] ⏱ 생성대기 완료 14.4s SRT_1267 https://www.genspark.ai/api/files/s/1vbwlgzz
[22:20:30] ⏱ 생성대기구간 SRT_1267 14.4s · ok=True
[22:20:30] SRT_1267 근접 이미지 https://www.genspark.ai/api/files/s/1vbwlgzz
[22:20:30] 다운로드 files URL=https://www.genspark.ai/api/files/s/1vbwlgzz → SRT_1267.png
[22:20:30] ⏱ 다운로드 직접실패 0.3s · 페이지 fetch 재시도: HTTP Error 403: Forbidden
[22:20:30] ⏱ 다운로드 fetch 0.1s size=631439 SRT_1267.png
[22:20:30] ⏱ 다운로드구간 SRT_1267 0.4s · SRT_1267.png
[22:20:32] ⏱ 다운로드후유휴 SRT_1267 1.5s · idle=True
[22:20:32] ⏱ 씬합계 SRT_1267 22.2s · https://www.genspark.ai/api/files/s/1vbwlgzz
[22:20:32] SRT_1267 생성·다운로드 완료
C:\cursor\wuxia\무협극장\검신귀환록\2부\13장\png\SRT_1267.png
