[21:56:09] 탭로그 ON — 브라우저 열기·생성 · 씬 65개 · reopen=True
[21:56:15] ChromeDebug 재시작 port=9242 user_data=C:\ChromeDebug_2_5
[21:56:19] 모델 이미 Pro: Nano Banana Pro
[21:56:19] 세션 준비 — login=OK model=Nano Banana Pro auto=True
[21:56:19] ensure_page cur_sc=10 prefer_sc=10 cur=https://www.genspark.ai/ai_image prefer=https://www.genspark.ai/ai_image
[21:56:21] fill OK(clip) follow=False chars=65990
[21:56:21] 입력창 붙여넣기 — 프롬프트 45379자 + SRT 20568자 = 합계 65990자
  prompt=C:/cursor/videt/2_5_sceneImage/md/image.검신회귀록.txt
  srt=C:\cursor\wuxia\무협극장\검신귀환록\2부\13장\mp3\new.srt
[21:56:22] ensure_page cur_sc=10 prefer_sc=10 cur=https://www.genspark.ai/ai_image prefer=https://www.genspark.ai/ai_image
[21:56:24] 동일 입력창에 명령 추가(미실행): ===== CHARACTER LOOK (SRT_000) =====
State keys: Jin≈19|blood_robe
Jin Muhan, approximately nineteen years old, East-Asian young swordsman, sharp narrow phoenix eyes, high straight…
[21:56:24] 상태키 SRT_000 · Baek|base; Jin≈19|blood_robe
[21:56:24] run_scene 시작 SRT_000 · seen_files=0 · last_saved=
[21:56:24] ensure_page cur_sc=10 prefer_sc=10 cur=https://www.genspark.ai/ai_image prefer=https://www.genspark.ai/ai_image
[21:56:24] 모델 선택 시작 현재=(없음)
[21:56:24] 모델 선택 결과 ok=False 칩=(없음) picked=
[21:56:24] ⏱ 준비 SRT_000 0.1s · chars=2157
[21:56:24] submit 시작 composer=2157 url=https://www.genspark.ai/ai_image
[21:56:24] submit geo 실패 hit=no-btn
[21:56:24] submit 시도 method=geo geo=False
[21:56:25] submit 미확인 method=geo generating=False composer=2157
[21:56:25] submit geo 실패 hit=no-btn
[21:56:25] submit 시도 method=send send=False
[21:56:26] submit 미확인 method=send generating=False composer=2157
[21:56:26] submit 시도 method=ctrl
[21:56:27] submit 미확인 method=ctrl generating=False composer=2159
[21:56:28] submit 시도 method=enter
[21:56:29] submit 확인 method=enter generating=False composer=0
[21:56:29] ⏱ 입력창전송 SRT_000 4.3s
[21:56:29] 제출 후 last_saved=https://www.genspark.ai/api/files/s/luiekhzc
[21:56:29] ⏱ 생성대기 시작 SRT_000 max=120s
[21:56:44] ⏱ 생성대기 진행 15.1s SRT_000 busy=False url_ok=False src=
[21:56:46] ⏱ 생성대기 완료 17.4s SRT_000 https://www.genspark.ai/api/files/s/d9hrn3ed
[21:56:46] ⏱ 생성대기구간 SRT_000 17.4s · ok=True
[21:56:46] SRT_000 근접 이미지 https://www.genspark.ai/api/files/s/d9hrn3ed
[21:56:46] 다운로드 files URL=https://www.genspark.ai/api/files/s/d9hrn3ed → SRT_000.png
[21:56:47] ⏱ 다운로드 직접실패 0.3s · 페이지 fetch 재시도: HTTP Error 403: Forbidden
[21:56:47] ⏱ 다운로드 fetch 0.1s size=547516 SRT_000.png
[21:56:47] ⏱ 다운로드구간 SRT_000 0.3s · SRT_000.png
[21:56:48] ⏱ 다운로드후유휴 SRT_000 1.2s · idle=True
[21:56:48] ⏱ 씬합계 SRT_000 23.7s · https://www.genspark.ai/api/files/s/d9hrn3ed
[21:56:48] SRT_000 생성·다운로드 완료
C:\cursor\wuxia\무협극장\검신귀환록\2부\13장\png\SRT_000.png
[21:56:48] 상태키 SRT_020 · Baek|base; Jin≈19|blood_robe
[21:56:48] run_scene 시작 SRT_020 · seen_files=1 · last_saved=https://www.genspark.ai/api/files/s/d9hrn3ed
[21:56:48] ⏱ 준비 SRT_020 0.0s · chars=2133
[21:56:49] ⏱ 다음명령유휴 SRT_020 1.3s · idle=True
[21:56:50] fill OK(clip) follow=True chars=2133
[21:56:50] submit 시작 composer=2133 url=https://www.genspark.ai/agents?id=dfc736ff-1fb0-4e61-8de1-fd5978d9818d
[21:56:50] submit geo 실패 hit=no-btn
[21:56:50] submit 시도 method=geo geo=False
[21:56:51] submit 미확인 method=geo generating=False composer=2133
[21:56:51] submit geo 실패 hit=no-btn
[21:56:51] submit 시도 method=send send=False
[21:56:51] submit 미확인 method=send generating=False composer=2133
[21:56:52] submit 시도 method=ctrl
[21:56:52] submit 미확인 method=ctrl generating=False composer=2135
[21:56:52] submit 시도 method=enter
[21:56:53] submit 확인 method=enter generating=False composer=0
[21:56:53] ⏱ 입력·전송 SRT_020 3.7s · chars=2133
[21:56:53] 제출 후 last_saved=https://www.genspark.ai/api/files/s/d9hrn3ed
[21:56:53] ⏱ 생성대기 시작 SRT_020 max=120s
[21:57:05] ⏱ 생성대기 완료 12.2s SRT_020 https://www.genspark.ai/api/files/s/4rflvorm
[21:57:05] ⏱ 생성대기구간 SRT_020 12.2s · ok=True
[21:57:05] SRT_020 근접 이미지 https://www.genspark.ai/api/files/s/4rflvorm
[21:57:05] 다운로드 files URL=https://www.genspark.ai/api/files/s/4rflvorm → SRT_020.png
[21:57:06] ⏱ 다운로드 직접실패 0.3s · 페이지 fetch 재시도: HTTP Error 403: Forbidden
[21:57:06] ⏱ 다운로드 fetch 0.0s size=390919 SRT_020.png
[21:57:06] ⏱ 다운로드구간 SRT_020 0.4s · SRT_020.png
[21:57:09] ⏱ 다운로드후유휴 SRT_020 3.3s · idle=True
[21:57:09] ⏱ 씬합계 SRT_020 21.1s · https://www.genspark.ai/api/files/s/4rflvorm
[21:57:09] SRT_020 생성·다운로드 완료
C:\cursor\wuxia\무협극장\검신귀환록\2부\13장\png\SRT_020.png
[21:57:09] 상태키 SRT_040 · Baek|base; Jin≈19|blood_robe
[21:57:09] run_scene 시작 SRT_040 · seen_files=2 · last_saved=https://www.genspark.ai/api/files/s/4rflvorm
[21:57:09] ⏱ 준비 SRT_040 0.0s · chars=1657
[21:57:11] ⏱ 다음명령유휴 SRT_040 1.2s · idle=True
[21:57:11] fill OK(clip) follow=True chars=1657
[21:57:11] submit 시작 composer=1657 url=https://www.genspark.ai/agents?id=dfc736ff-1fb0-4e61-8de1-fd5978d9818d
[21:57:11] submit geo 실패 hit=no-btn
[21:57:11] submit 시도 method=geo geo=False
[21:57:12] submit 미확인 method=geo generating=False composer=1657
[21:57:12] submit geo 실패 hit=no-btn
[21:57:12] submit 시도 method=send send=False
[21:57:13] submit 미확인 method=send generating=False composer=1657
[21:57:13] submit 시도 method=ctrl
[21:57:13] submit 미확인 method=ctrl generating=False composer=1659
[21:57:14] submit 시도 method=enter
[21:57:14] submit 확인 method=enter generating=False composer=0
[21:57:14] ⏱ 입력·전송 SRT_040 3.8s · chars=1657
[21:57:14] 제출 후 last_saved=https://www.genspark.ai/api/files/s/4rflvorm
[21:57:15] ⏱ 생성대기 시작 SRT_040 max=120s
[21:57:30] ⏱ 생성대기 진행 15.4s SRT_040 busy=False url_ok=False src=
[21:57:31] ⏱ 생성대기 완료(busy무시) 16.7s SRT_040 https://www.genspark.ai/api/files/s/uuftj18p
[21:57:31] ⏱ 생성대기구간 SRT_040 16.7s · ok=True
[21:57:31] SRT_040 근접 이미지 https://www.genspark.ai/api/files/s/uuftj18p
[21:57:31] 다운로드 files URL=https://www.genspark.ai/api/files/s/uuftj18p → SRT_040.png
[21:57:31] ⏱ 다운로드 직접실패 0.3s · 페이지 fetch 재시도: HTTP Error 403: Forbidden
[21:57:32] ⏱ 다운로드 fetch 0.0s size=401557 SRT_040.png
[21:57:32] ⏱ 다운로드구간 SRT_040 0.3s · SRT_040.png
[21:57:33] ⏱ 다운로드후유휴 SRT_040 1.2s · idle=True
[21:57:33] ⏱ 씬합계 SRT_040 23.5s · https://www.genspark.ai/api/files/s/uuftj18p
[21:57:33] SRT_040 생성·다운로드 완료
C:\cursor\wuxia\무협극장\검신귀환록\2부\13장\png\SRT_040.png
[21:57:33] 상태키 SRT_060 · Baek|base; Jin≈19|blood_robe
[21:57:33] run_scene 시작 SRT_060 · seen_files=3 · last_saved=https://www.genspark.ai/api/files/s/uuftj18p
[21:57:33] ⏱ 준비 SRT_060 0.0s · chars=1593
[21:57:34] ⏱ 다음명령유휴 SRT_060 1.2s · idle=True
[21:57:35] fill OK(clip) follow=True chars=1593
[21:57:35] submit 시작 composer=1593 url=https://www.genspark.ai/agents?id=dfc736ff-1fb0-4e61-8de1-fd5978d9818d
[21:57:35] submit geo 실패 hit=no-btn
[21:57:35] submit 시도 method=geo geo=False
[21:57:35] submit 미확인 method=geo generating=False composer=1593
[21:57:36] submit geo 실패 hit=no-btn
[21:57:36] submit 시도 method=send send=False
[21:57:36] submit 미확인 method=send generating=False composer=1593
[21:57:36] submit 시도 method=ctrl
[21:57:37] submit 미확인 method=ctrl generating=False composer=1595
[21:57:37] submit 시도 method=enter
[21:57:38] submit 확인 method=enter generating=False composer=0
[21:57:38] ⏱ 입력·전송 SRT_060 3.7s · chars=1593
[21:57:38] 제출 후 last_saved=https://www.genspark.ai/api/files/s/uuftj18p
[21:57:38] ⏱ 생성대기 시작 SRT_060 max=120s
[21:57:49] ⏱ 생성대기 완료(busy무시) 11.2s SRT_060 https://www.genspark.ai/api/files/s/yx8gqjck
[21:57:49] ⏱ 생성대기구간 SRT_060 11.2s · ok=True
[21:57:49] SRT_060 근접 이미지 https://www.genspark.ai/api/files/s/yx8gqjck
[21:57:49] 다운로드 files URL=https://www.genspark.ai/api/files/s/yx8gqjck → SRT_060.png
[21:57:50] ⏱ 다운로드 직접실패 0.3s · 페이지 fetch 재시도: HTTP Error 403: Forbidden
[21:57:50] ⏱ 다운로드 fetch 0.1s size=487642 SRT_060.png
[21:57:50] ⏱ 다운로드구간 SRT_060 0.4s · SRT_060.png
[21:57:51] ⏱ 다운로드후유휴 SRT_060 1.3s · idle=True
[21:57:51] ⏱ 씬합계 SRT_060 18.1s · https://www.genspark.ai/api/files/s/yx8gqjck
[21:57:51] SRT_060 생성·다운로드 완료
C:\cursor\wuxia\무협극장\검신귀환록\2부\13장\png\SRT_060.png
[21:57:51] 상태키 SRT_080 · Baek|base; Jin≈19|blood_robe
[21:57:51] run_scene 시작 SRT_080 · seen_files=4 · last_saved=https://www.genspark.ai/api/files/s/yx8gqjck
[21:57:51] ⏱ 준비 SRT_080 0.0s · chars=1624
[21:57:52] ⏱ 다음명령유휴 SRT_080 1.3s · idle=True
[21:57:53] fill OK(clip) follow=True chars=1624
[21:57:53] submit 시작 composer=1624 url=https://www.genspark.ai/agents?id=dfc736ff-1fb0-4e61-8de1-fd5978d9818d
[21:57:53] submit geo 실패 hit=no-btn
[21:57:53] submit 시도 method=geo geo=False
[21:57:54] submit 미확인 method=geo generating=False composer=1624
[21:57:54] submit geo 실패 hit=no-btn
[21:57:54] submit 시도 method=send send=False
[21:57:55] submit 미확인 method=send generating=False composer=1624
[21:57:55] submit 시도 method=ctrl
[21:57:56] submit 미확인 method=ctrl generating=False composer=1626
[21:57:56] submit 시도 method=enter
[21:57:57] submit 확인 method=enter generating=False composer=0
[21:57:57] ⏱ 입력·전송 SRT_080 4.0s · chars=1624
[21:57:57] 제출 후 last_saved=https://www.genspark.ai/api/files/s/yx8gqjck
[21:57:57] ⏱ 생성대기 시작 SRT_080 max=120s
[21:58:10] ⏱ 생성대기 완료 13.5s SRT_080 https://www.genspark.ai/api/files/s/os1ki9j5
[21:58:10] ⏱ 생성대기구간 SRT_080 13.5s · ok=True
[21:58:10] SRT_080 근접 이미지 https://www.genspark.ai/api/files/s/os1ki9j5
[21:58:10] 다운로드 files URL=https://www.genspark.ai/api/files/s/os1ki9j5 → SRT_080.png
[21:58:11] ⏱ 다운로드 직접실패 0.3s · 페이지 fetch 재시도: HTTP Error 403: Forbidden
[21:58:11] ⏱ 다운로드 fetch 0.1s size=612600 SRT_080.png
[21:58:11] ⏱ 다운로드구간 SRT_080 0.4s · SRT_080.png
[21:58:12] ⏱ 다운로드후유휴 SRT_080 1.3s · idle=True
[21:58:12] ⏱ 씬합계 SRT_080 20.8s · https://www.genspark.ai/api/files/s/os1ki9j5
[21:58:12] SRT_080 생성·다운로드 완료
C:\cursor\wuxia\무협극장\검신귀환록\2부\13장\png\SRT_080.png
[21:58:12] 상태키 SRT_100 · Baek|base; Jin≈19|blood_robe
[21:58:12] run_scene 시작 SRT_100 · seen_files=5 · last_saved=https://www.genspark.ai/api/files/s/os1ki9j5
[21:58:12] ⏱ 준비 SRT_100 0.0s · chars=2488
[21:58:14] ⏱ 다음명령유휴 SRT_100 1.4s · idle=True
[21:58:14] fill OK(clip) follow=True chars=2488
[21:58:14] submit 시작 composer=2488 url=https://www.genspark.ai/agents?id=dfc736ff-1fb0-4e61-8de1-fd5978d9818d
[21:58:14] submit geo 실패 hit=no-btn
[21:58:14] submit 시도 method=geo geo=False
[21:58:15] submit 미확인 method=geo generating=False composer=2488
[21:58:15] submit geo 실패 hit=no-btn
[21:58:15] submit 시도 method=send send=False
[21:58:16] submit 미확인 method=send generating=False composer=2488
[21:58:16] submit 시도 method=ctrl
[21:58:17] submit 미확인 method=ctrl generating=False composer=2490
[21:58:17] submit 시도 method=enter
[21:58:18] submit 확인 method=enter generating=False composer=0
[21:58:18] ⏱ 입력·전송 SRT_100 4.2s · chars=2488
[21:58:18] 제출 후 last_saved=https://www.genspark.ai/api/files/s/os1ki9j5
[21:58:18] ⏱ 생성대기 시작 SRT_100 max=120s
[21:58:32] ⏱ 생성대기 완료 13.7s SRT_100 https://www.genspark.ai/api/files/s/kk309tdh
[21:58:32] ⏱ 생성대기구간 SRT_100 13.7s · ok=True
[21:58:32] SRT_100 근접 이미지 https://www.genspark.ai/api/files/s/kk309tdh
[21:58:32] 다운로드 files URL=https://www.genspark.ai/api/files/s/kk309tdh → SRT_100.png
[21:58:32] ⏱ 다운로드 직접실패 0.2s · 페이지 fetch 재시도: HTTP Error 403: Forbidden
[21:58:32] ⏱ 다운로드 fetch 0.1s size=559580 SRT_100.png
[21:58:32] ⏱ 다운로드구간 SRT_100 0.3s · SRT_100.png
[21:58:33] ⏱ 다운로드후유휴 SRT_100 1.3s · idle=True
[21:58:33] ⏱ 씬합계 SRT_100 21.2s · https://www.genspark.ai/api/files/s/kk309tdh
[21:58:33] SRT_100 생성·다운로드 완료
C:\cursor\wuxia\무협극장\검신귀환록\2부\13장\png\SRT_100.png
[21:58:33] 상태키 SRT_120 · Baek|base; Jin≈19|blood_robe
[21:58:33] run_scene 시작 SRT_120 · seen_files=6 · last_saved=https://www.genspark.ai/api/files/s/kk309tdh
[21:58:33] ⏱ 준비 SRT_120 0.0s · chars=2697
[21:58:35] ⏱ 다음명령유휴 SRT_120 1.5s · idle=True
[21:58:36] fill OK(clip) follow=True chars=2697
[21:58:36] submit 시작 composer=2697 url=https://www.genspark.ai/agents?id=dfc736ff-1fb0-4e61-8de1-fd5978d9818d
[21:58:36] submit geo 실패 hit=no-btn
[21:58:36] submit 시도 method=geo geo=False
[21:58:36] submit 미확인 method=geo generating=False composer=2697
[21:58:37] submit geo 실패 hit=no-btn
[21:58:37] submit 시도 method=send send=False
[21:58:37] submit 미확인 method=send generating=False composer=2697
[21:58:37] submit 시도 method=ctrl
[21:58:38] submit 미확인 method=ctrl generating=False composer=2699
[21:58:38] submit 시도 method=enter
[21:58:39] submit 확인 method=enter generating=False composer=0
[21:58:39] ⏱ 입력·전송 SRT_120 3.9s · chars=2697
[21:58:39] 제출 후 last_saved=https://www.genspark.ai/api/files/s/kk309tdh
[21:58:39] ⏱ 생성대기 시작 SRT_120 max=120s
[21:58:51] ⏱ 생성대기 완료 11.7s SRT_120 https://www.genspark.ai/api/files/s/h6pmp5xq
[21:58:51] ⏱ 생성대기구간 SRT_120 11.7s · ok=True
[21:58:51] SRT_120 근접 이미지 https://www.genspark.ai/api/files/s/h6pmp5xq
[21:58:51] 다운로드 files URL=https://www.genspark.ai/api/files/s/h6pmp5xq → SRT_120.png
[21:58:51] ⏱ 다운로드 직접실패 0.3s · 페이지 fetch 재시도: HTTP Error 403: Forbidden
[21:58:51] ⏱ 다운로드 fetch 0.1s size=546454 SRT_120.png
[21:58:51] ⏱ 다운로드구간 SRT_120 0.3s · SRT_120.png
[21:58:54] ⏱ 다운로드후유휴 SRT_120 2.4s · idle=True
[21:58:54] ⏱ 씬합계 SRT_120 20.1s · https://www.genspark.ai/api/files/s/h6pmp5xq
[21:58:54] SRT_120 생성·다운로드 완료
C:\cursor\wuxia\무협극장\검신귀환록\2부\13장\png\SRT_120.png
[21:58:54] 상태키 SRT_140 · Baek|base; Jin≈19|blood_robe
[21:58:54] run_scene 시작 SRT_140 · seen_files=7 · last_saved=https://www.genspark.ai/api/files/s/h6pmp5xq
[21:58:54] ⏱ 준비 SRT_140 0.0s · chars=2169
[21:58:55] ⏱ 다음명령유휴 SRT_140 1.3s · idle=True
[21:58:56] fill OK(clip) follow=True chars=2169
[21:58:56] submit 시작 composer=2169 url=https://www.genspark.ai/agents?id=dfc736ff-1fb0-4e61-8de1-fd5978d9818d
[21:58:56] submit geo 실패 hit=no-btn
[21:58:56] submit 시도 method=geo geo=False
[21:58:57] submit 미확인 method=geo generating=False composer=2169
[21:58:57] submit geo 실패 hit=no-btn
[21:58:57] submit 시도 method=send send=False
[21:58:57] submit 미확인 method=send generating=False composer=2169
[21:58:58] submit 시도 method=ctrl
[21:58:58] submit 미확인 method=ctrl generating=False composer=2171
[21:58:59] submit 시도 method=enter
[21:58:59] submit 확인 method=enter generating=False composer=0
[21:58:59] ⏱ 입력·전송 SRT_140 4.0s · chars=2169
[21:58:59] 제출 후 last_saved=https://www.genspark.ai/api/files/s/h6pmp5xq
[21:58:59] ⏱ 생성대기 시작 SRT_140 max=120s
[21:59:11] ⏱ 생성대기 완료(busy무시) 12.0s SRT_140 https://www.genspark.ai/api/files/s/nanmn0q8
[21:59:11] ⏱ 생성대기구간 SRT_140 12.0s · ok=True
[21:59:11] SRT_140 근접 이미지 https://www.genspark.ai/api/files/s/nanmn0q8
[21:59:11] 다운로드 files URL=https://www.genspark.ai/api/files/s/nanmn0q8 → SRT_140.png
[21:59:12] ⏱ 다운로드 직접실패 0.2s · 페이지 fetch 재시도: HTTP Error 403: Forbidden
[21:59:12] ⏱ 다운로드 fetch 0.0s size=492501 SRT_140.png
[21:59:12] ⏱ 다운로드구간 SRT_140 0.3s · SRT_140.png
[21:59:15] ⏱ 다운로드후유휴 SRT_140 3.2s · idle=True
[21:59:15] ⏱ 씬합계 SRT_140 21.1s · https://www.genspark.ai/api/files/s/nanmn0q8
[21:59:15] SRT_140 생성·다운로드 완료
C:\cursor\wuxia\무협극장\검신귀환록\2부\13장\png\SRT_140.png
[21:59:15] 상태키 SRT_160 · Baek|base; Jin≈19|blood_robe
[21:59:15] run_scene 시작 SRT_160 · seen_files=8 · last_saved=https://www.genspark.ai/api/files/s/nanmn0q8
[21:59:15] ⏱ 준비 SRT_160 0.0s · chars=2491
[21:59:16] ⏱ 다음명령유휴 SRT_160 1.4s · idle=True
[21:59:17] fill OK(clip) follow=True chars=2491
[21:59:17] submit 시작 composer=2491 url=https://www.genspark.ai/agents?id=dfc736ff-1fb0-4e61-8de1-fd5978d9818d
[21:59:17] submit geo 실패 hit=no-btn
[21:59:17] submit 시도 method=geo geo=False
[21:59:18] submit 미확인 method=geo generating=False composer=2491
[21:59:18] submit geo 실패 hit=no-btn
[21:59:18] submit 시도 method=send send=False
[21:59:19] submit 미확인 method=send generating=False composer=2491
[21:59:19] submit 시도 method=ctrl
[21:59:20] submit 미확인 method=ctrl generating=False composer=2493
[21:59:20] submit 시도 method=enter
[21:59:20] submit 확인 method=enter generating=False composer=0
[21:59:20] ⏱ 입력·전송 SRT_160 4.0s · chars=2491
[21:59:20] 제출 후 last_saved=https://www.genspark.ai/api/files/s/nanmn0q8
[21:59:21] ⏱ 생성대기 시작 SRT_160 max=120s
[21:59:33] ⏱ 생성대기 완료 12.5s SRT_160 https://www.genspark.ai/api/files/s/exhlfwzs
[21:59:33] ⏱ 생성대기구간 SRT_160 12.5s · ok=True
[21:59:33] SRT_160 근접 이미지 https://www.genspark.ai/api/files/s/exhlfwzs
[21:59:33] 다운로드 files URL=https://www.genspark.ai/api/files/s/exhlfwzs → SRT_160.png
[21:59:34] ⏱ 다운로드 직접실패 0.3s · 페이지 fetch 재시도: HTTP Error 403: Forbidden
[21:59:34] ⏱ 다운로드 fetch 0.1s size=664057 SRT_160.png
[21:59:34] ⏱ 다운로드구간 SRT_160 0.4s · SRT_160.png
[21:59:35] ⏱ 다운로드후유휴 SRT_160 1.3s · idle=True
[21:59:35] ⏱ 씬합계 SRT_160 19.9s · https://www.genspark.ai/api/files/s/exhlfwzs
[21:59:35] SRT_160 생성·다운로드 완료
C:\cursor\wuxia\무협극장\검신귀환록\2부\13장\png\SRT_160.png
[21:59:35] 상태키 SRT_180 · Baek|base; Jin≈19|blood_robe
[21:59:35] run_scene 시작 SRT_180 · seen_files=9 · last_saved=https://www.genspark.ai/api/files/s/exhlfwzs
[21:59:35] ⏱ 준비 SRT_180 0.0s · chars=2489
[21:59:36] ⏱ 다음명령유휴 SRT_180 1.3s · idle=True
[21:59:37] fill OK(clip) follow=True chars=2489
[21:59:37] submit 시작 composer=2489 url=https://www.genspark.ai/agents?id=dfc736ff-1fb0-4e61-8de1-fd5978d9818d
[21:59:37] submit geo 실패 hit=no-btn
[21:59:37] submit 시도 method=geo geo=False
[21:59:38] submit 미확인 method=geo generating=False composer=2489
[21:59:38] submit geo 실패 hit=no-btn
[21:59:38] submit 시도 method=send send=False
[21:59:39] submit 미확인 method=send generating=False composer=2489
[21:59:39] submit 시도 method=ctrl
[21:59:40] submit 미확인 method=ctrl generating=False composer=2491
[21:59:40] submit 시도 method=enter
[21:59:40] submit 확인 method=enter generating=False composer=0
[21:59:40] ⏱ 입력·전송 SRT_180 3.9s · chars=2489
[21:59:40] 제출 후 last_saved=https://www.genspark.ai/api/files/s/exhlfwzs
[21:59:41] ⏱ 생성대기 시작 SRT_180 max=120s
[21:59:52] ⏱ 생성대기 완료 11.4s SRT_180 https://www.genspark.ai/api/files/s/i5glowsf
[21:59:52] ⏱ 생성대기구간 SRT_180 11.4s · ok=True
[21:59:52] SRT_180 근접 이미지 https://www.genspark.ai/api/files/s/i5glowsf
[21:59:52] 다운로드 files URL=https://www.genspark.ai/api/files/s/i5glowsf → SRT_180.png
[21:59:52] ⏱ 다운로드 직접실패 0.3s · 페이지 fetch 재시도: HTTP Error 403: Forbidden
[21:59:52] ⏱ 다운로드 fetch 0.1s size=660263 SRT_180.png
[21:59:52] ⏱ 다운로드구간 SRT_180 0.4s · SRT_180.png
[21:59:54] ⏱ 다운로드후유휴 SRT_180 1.4s · idle=True
[21:59:54] ⏱ 씬합계 SRT_180 18.6s · https://www.genspark.ai/api/files/s/i5glowsf
[21:59:54] SRT_180 생성·다운로드 완료
C:\cursor\wuxia\무협극장\검신귀환록\2부\13장\png\SRT_180.png
[21:59:54] 상태키 SRT_200 · Baek|base; Jin≈19|blood_robe
[21:59:54] run_scene 시작 SRT_200 · seen_files=10 · last_saved=https://www.genspark.ai/api/files/s/i5glowsf
[21:59:54] ⏱ 준비 SRT_200 0.0s · chars=1610
[21:59:55] ⏱ 다음명령유휴 SRT_200 1.3s · idle=True
[21:59:56] fill OK(clip) follow=True chars=1610
[21:59:56] submit 시작 composer=1610 url=https://www.genspark.ai/agents?id=dfc736ff-1fb0-4e61-8de1-fd5978d9818d
[21:59:56] submit geo 실패 hit=no-btn
[21:59:56] submit 시도 method=geo geo=False
[21:59:57] submit 미확인 method=geo generating=False composer=1610
[21:59:57] submit geo 실패 hit=no-btn
[21:59:57] submit 시도 method=send send=False
[21:59:58] submit 미확인 method=send generating=False composer=1610
[21:59:58] submit 시도 method=ctrl
[21:59:58] submit 미확인 method=ctrl generating=False composer=1612
[21:59:59] submit 시도 method=enter
[21:59:59] submit 확인 method=enter generating=False composer=0
[21:59:59] ⏱ 입력·전송 SRT_200 3.9s · chars=1610
[21:59:59] 제출 후 last_saved=https://www.genspark.ai/api/files/s/i5glowsf
[21:59:59] ⏱ 생성대기 시작 SRT_200 max=120s
[22:00:13] ⏱ 생성대기 완료(busy무시) 13.6s SRT_200 https://www.genspark.ai/api/files/s/5mom0cot
[22:00:13] ⏱ 생성대기구간 SRT_200 13.6s · ok=True
[22:00:13] SRT_200 근접 이미지 https://www.genspark.ai/api/files/s/5mom0cot
[22:00:13] 다운로드 files URL=https://www.genspark.ai/api/files/s/5mom0cot → SRT_200.png
[22:00:13] ⏱ 다운로드 직접실패 0.3s · 페이지 fetch 재시도: HTTP Error 403: Forbidden
[22:00:13] ⏱ 다운로드 fetch 0.1s size=591837 SRT_200.png
[22:00:13] ⏱ 다운로드구간 SRT_200 0.4s · SRT_200.png
[22:00:15] ⏱ 다운로드후유휴 SRT_200 1.9s · idle=True
[22:00:15] ⏱ 씬합계 SRT_200 21.3s · https://www.genspark.ai/api/files/s/5mom0cot
[22:00:15] SRT_200 생성·다운로드 완료
C:\cursor\wuxia\무협극장\검신귀환록\2부\13장\png\SRT_200.png
[22:00:15] 상태키 SRT_220 · Baek|base; Jin≈19|blood_robe
[22:00:15] run_scene 시작 SRT_220 · seen_files=11 · last_saved=https://www.genspark.ai/api/files/s/5mom0cot
[22:00:15] ⏱ 준비 SRT_220 0.0s · chars=1629
[22:00:17] ⏱ 다음명령유휴 SRT_220 1.2s · idle=True
[22:00:17] fill OK(clip) follow=True chars=1629
[22:00:17] submit 시작 composer=1629 url=https://www.genspark.ai/agents?id=dfc736ff-1fb0-4e61-8de1-fd5978d9818d
[22:00:18] submit geo 실패 hit=no-btn
[22:00:18] submit 시도 method=geo geo=False
[22:00:18] submit 미확인 method=geo generating=False composer=1629
[22:00:18] submit geo 실패 hit=no-btn
[22:00:18] submit 시도 method=send send=False
[22:00:19] submit 미확인 method=send generating=False composer=1629
[22:00:19] submit 시도 method=ctrl
[22:00:20] submit 미확인 method=ctrl generating=False composer=1631
[22:00:20] submit 시도 method=enter
[22:00:21] submit 확인 method=enter generating=False composer=0
[22:00:21] ⏱ 입력·전송 SRT_220 4.0s · chars=1629
[22:00:21] 제출 후 last_saved=https://www.genspark.ai/api/files/s/5mom0cot
[22:00:21] ⏱ 생성대기 시작 SRT_220 max=120s
[22:00:32] ⏱ 생성대기 완료 11.2s SRT_220 https://www.genspark.ai/api/files/s/fl17l5mg
[22:00:32] ⏱ 생성대기구간 SRT_220 11.2s · ok=True
[22:00:32] SRT_220 근접 이미지 https://www.genspark.ai/api/files/s/fl17l5mg
[22:00:32] 다운로드 files URL=https://www.genspark.ai/api/files/s/fl17l5mg → SRT_220.png
[22:00:33] ⏱ 다운로드 직접실패 0.6s · 페이지 fetch 재시도: HTTP Error 403: Forbidden
[22:00:33] ⏱ 다운로드 fetch 0.1s size=533768 SRT_220.png
[22:00:33] ⏱ 다운로드구간 SRT_220 0.7s · SRT_220.png
[22:00:35] ⏱ 다운로드후유휴 SRT_220 2.4s · idle=True
[22:00:35] ⏱ 씬합계 SRT_220 19.9s · https://www.genspark.ai/api/files/s/fl17l5mg
[22:00:35] SRT_220 생성·다운로드 완료
C:\cursor\wuxia\무협극장\검신귀환록\2부\13장\png\SRT_220.png
[22:00:36] 상태키 SRT_240 · Baek|base; Jin≈19|blood_robe
[22:00:36] run_scene 시작 SRT_240 · seen_files=12 · last_saved=https://www.genspark.ai/api/files/s/fl17l5mg
[22:00:36] ⏱ 준비 SRT_240 0.0s · chars=1593
[22:00:37] ⏱ 다음명령유휴 SRT_240 1.3s · idle=True
[22:00:37] fill OK(clip) follow=True chars=1593
[22:00:37] submit 시작 composer=1593 url=https://www.genspark.ai/agents?id=dfc736ff-1fb0-4e61-8de1-fd5978d9818d
[22:00:38] submit geo 실패 hit=no-btn
[22:00:38] submit 시도 method=geo geo=False
[22:00:38] submit 미확인 method=geo generating=False composer=1593
[22:00:38] submit geo 실패 hit=no-btn
[22:00:38] submit 시도 method=send send=False
[22:00:39] submit 미확인 method=send generating=False composer=1593
[22:00:39] submit 시도 method=ctrl
[22:00:40] submit 미확인 method=ctrl generating=False composer=1595
[22:00:40] submit 시도 method=enter
[22:00:41] submit 확인 method=enter generating=False composer=0
[22:00:41] ⏱ 입력·전송 SRT_240 3.8s · chars=1593
[22:00:41] 제출 후 last_saved=https://www.genspark.ai/api/files/s/fl17l5mg
[22:00:41] ⏱ 생성대기 시작 SRT_240 max=120s
[22:00:55] ⏱ 생성대기 완료 14.4s SRT_240 https://www.genspark.ai/api/files/s/h0q8ikx1
[22:00:55] ⏱ 생성대기구간 SRT_240 14.4s · ok=True
[22:00:55] SRT_240 근접 이미지 https://www.genspark.ai/api/files/s/h0q8ikx1
[22:00:55] 다운로드 files URL=https://www.genspark.ai/api/files/s/h0q8ikx1 → SRT_240.png
[22:00:56] ⏱ 다운로드 직접실패 0.3s · 페이지 fetch 재시도: HTTP Error 403: Forbidden
[22:00:56] ⏱ 다운로드 fetch 0.0s size=510178 SRT_240.png
[22:00:56] ⏱ 다운로드구간 SRT_240 0.3s · SRT_240.png
[22:01:02] ⏱ 다운로드후유휴 SRT_240 6.7s · idle=True
[22:01:02] ⏱ 씬합계 SRT_240 26.9s · https://www.genspark.ai/api/files/s/h0q8ikx1
[22:01:02] SRT_240 생성·다운로드 완료
C:\cursor\wuxia\무협극장\검신귀환록\2부\13장\png\SRT_240.png
[22:01:03] 상태키 SRT_260 · Baek|base; Jin≈19|blood_robe
[22:01:03] run_scene 시작 SRT_260 · seen_files=13 · last_saved=https://www.genspark.ai/api/files/s/h0q8ikx1
[22:01:03] ⏱ 준비 SRT_260 0.0s · chars=2166
[22:01:04] ⏱ 다음명령유휴 SRT_260 1.3s · idle=True
[22:01:04] fill OK(clip) follow=True chars=2166
[22:01:04] submit 시작 composer=2166 url=https://www.genspark.ai/agents?id=dfc736ff-1fb0-4e61-8de1-fd5978d9818d
[22:01:05] submit geo 실패 hit=no-btn
[22:01:05] submit 시도 method=geo geo=False
[22:01:05] submit 미확인 method=geo generating=False composer=2166
[22:01:05] submit geo 실패 hit=no-btn
[22:01:05] submit 시도 method=send send=False
[22:01:06] submit 미확인 method=send generating=False composer=2166
[22:01:06] submit 시도 method=ctrl
[22:01:07] submit 미확인 method=ctrl generating=False composer=2168
[22:01:07] submit 시도 method=enter
[22:01:08] submit 확인 method=enter generating=False composer=0
[22:01:08] ⏱ 입력·전송 SRT_260 3.9s · chars=2166
[22:01:08] 제출 후 last_saved=https://www.genspark.ai/api/files/s/h0q8ikx1
[22:01:08] ⏱ 생성대기 시작 SRT_260 max=120s
[22:01:23] ⏱ 생성대기 진행 15.1s SRT_260 busy=True url_ok=True src=https://www.genspark.ai/api/files/s/qzov3ymy
[22:01:23] ⏱ 생성대기 완료(busy무시) 15.1s SRT_260 https://www.genspark.ai/api/files/s/qzov3ymy
[22:01:23] ⏱ 생성대기구간 SRT_260 15.1s · ok=True
[22:01:23] SRT_260 근접 이미지 https://www.genspark.ai/api/files/s/qzov3ymy
[22:01:23] 다운로드 files URL=https://www.genspark.ai/api/files/s/qzov3ymy → SRT_260.png
[22:01:23] ⏱ 다운로드 직접실패 0.3s · 페이지 fetch 재시도: HTTP Error 403: Forbidden
[22:01:23] ⏱ 다운로드 fetch 0.1s size=784210 SRT_260.png
[22:01:23] ⏱ 다운로드구간 SRT_260 0.4s · SRT_260.png
[22:01:25] ⏱ 다운로드후유휴 SRT_260 1.3s · idle=True
[22:01:25] ⏱ 씬합계 SRT_260 22.2s · https://www.genspark.ai/api/files/s/qzov3ymy
[22:01:25] SRT_260 생성·다운로드 완료
C:\cursor\wuxia\무협극장\검신귀환록\2부\13장\png\SRT_260.png
[22:01:25] 상태키 SRT_280 · Baek|base; Jin≈19|blood_robe
[22:01:25] run_scene 시작 SRT_280 · seen_files=14 · last_saved=https://www.genspark.ai/api/files/s/qzov3ymy
[22:01:25] ⏱ 준비 SRT_280 0.0s · chars=2171
[22:01:26] ⏱ 다음명령유휴 SRT_280 1.3s · idle=True
[22:01:27] fill OK(clip) follow=True chars=2171
[22:01:27] submit 시작 composer=2171 url=https://www.genspark.ai/agents?id=dfc736ff-1fb0-4e61-8de1-fd5978d9818d
[22:01:27] submit geo 실패 hit=no-btn
[22:01:27] submit 시도 method=geo geo=False
[22:01:28] submit 미확인 method=geo generating=False composer=2171
[22:01:28] submit geo 실패 hit=no-btn
[22:01:28] submit 시도 method=send send=False
[22:01:28] submit 미확인 method=send generating=False composer=2171
[22:01:29] submit 시도 method=ctrl
[22:01:29] submit 미확인 method=ctrl generating=False composer=2173
[22:01:30] submit 시도 method=enter
[22:01:30] submit 확인 method=enter generating=False composer=0
[22:01:30] ⏱ 입력·전송 SRT_280 3.9s · chars=2171
[22:01:30] 제출 후 last_saved=https://www.genspark.ai/api/files/s/qzov3ymy
[22:01:30] ⏱ 생성대기 시작 SRT_280 max=120s
[22:01:43] ⏱ 생성대기 완료 12.2s SRT_280 https://www.genspark.ai/api/files/s/rvysb2ga
[22:01:43] ⏱ 생성대기구간 SRT_280 12.2s · ok=True
[22:01:43] SRT_280 근접 이미지 https://www.genspark.ai/api/files/s/rvysb2ga
[22:01:43] 다운로드 files URL=https://www.genspark.ai/api/files/s/rvysb2ga → SRT_280.png
[22:01:43] ⏱ 다운로드 직접실패 0.3s · 페이지 fetch 재시도: HTTP Error 403: Forbidden
[22:01:43] ⏱ 다운로드 fetch 0.1s size=705163 SRT_280.png
[22:01:43] ⏱ 다운로드구간 SRT_280 0.4s · SRT_280.png
[22:01:44] ⏱ 다운로드후유휴 SRT_280 1.3s · idle=True
[22:01:44] ⏱ 씬합계 SRT_280 19.5s · https://www.genspark.ai/api/files/s/rvysb2ga
[22:01:44] SRT_280 생성·다운로드 완료
C:\cursor\wuxia\무협극장\검신귀환록\2부\13장\png\SRT_280.png
[22:01:45] 상태키 SRT_300 · Baek|base; Jin≈19|blood_robe
[22:01:45] run_scene 시작 SRT_300 · seen_files=15 · last_saved=https://www.genspark.ai/api/files/s/rvysb2ga
[22:01:45] ⏱ 준비 SRT_300 0.0s · chars=2135
[22:01:46] ⏱ 다음명령유휴 SRT_300 1.3s · idle=True
[22:01:46] fill OK(clip) follow=True chars=2135
[22:01:46] submit 시작 composer=2135 url=https://www.genspark.ai/agents?id=dfc736ff-1fb0-4e61-8de1-fd5978d9818d
[22:01:47] submit geo 실패 hit=no-btn
[22:01:47] submit 시도 method=geo geo=False
[22:01:47] submit 미확인 method=geo generating=False composer=2135
[22:01:48] submit geo 실패 hit=no-btn
[22:01:48] submit 시도 method=send send=False
[22:01:48] submit 미확인 method=send generating=False composer=2135
[22:01:48] submit 시도 method=ctrl
[22:01:49] submit 미확인 method=ctrl generating=False composer=2137
[22:01:49] submit 시도 method=enter
[22:01:50] submit 확인 method=enter generating=False composer=0
[22:01:50] ⏱ 입력·전송 SRT_300 4.1s · chars=2135
[22:01:50] 제출 후 last_saved=https://www.genspark.ai/api/files/s/rvysb2ga
[22:01:50] ⏱ 생성대기 시작 SRT_300 max=120s
[22:02:00] ⏱ 생성대기 완료(busy무시) 9.6s SRT_300 https://www.genspark.ai/api/files/s/f8apmnxv
[22:02:00] ⏱ 생성대기구간 SRT_300 9.6s · ok=True
[22:02:00] SRT_300 근접 이미지 https://www.genspark.ai/api/files/s/f8apmnxv
[22:02:00] 다운로드 files URL=https://www.genspark.ai/api/files/s/f8apmnxv → SRT_300.png
[22:02:00] ⏱ 다운로드 직접실패 0.3s · 페이지 fetch 재시도: HTTP Error 403: Forbidden
[22:02:00] ⏱ 다운로드 fetch 0.1s size=715482 SRT_300.png
[22:02:00] ⏱ 다운로드구간 SRT_300 0.3s · SRT_300.png
[22:02:01] ⏱ 다운로드후유휴 SRT_300 1.3s · idle=True
[22:02:01] ⏱ 씬합계 SRT_300 16.9s · https://www.genspark.ai/api/files/s/f8apmnxv
[22:02:01] SRT_300 생성·다운로드 완료
C:\cursor\wuxia\무협극장\검신귀환록\2부\13장\png\SRT_300.png
[22:02:02] 상태키 SRT_320 · Baek|base; Jin≈19|blood_robe
[22:02:02] run_scene 시작 SRT_320 · seen_files=16 · last_saved=https://www.genspark.ai/api/files/s/f8apmnxv
[22:02:02] ⏱ 준비 SRT_320 0.0s · chars=2471
[22:02:03] ⏱ 다음명령유휴 SRT_320 1.4s · idle=True
[22:02:04] fill OK(clip) follow=True chars=2471
[22:02:04] submit 시작 composer=2471 url=https://www.genspark.ai/agents?id=dfc736ff-1fb0-4e61-8de1-fd5978d9818d
[22:02:04] submit geo 실패 hit=no-btn
[22:02:04] submit 시도 method=geo geo=False
[22:02:04] submit 미확인 method=geo generating=False composer=2471
[22:02:04] submit geo 실패 hit=no-btn
[22:02:05] submit 시도 method=send send=False
[22:02:05] submit 미확인 method=send generating=False composer=2471
[22:02:05] submit 시도 method=ctrl
[22:02:06] submit 미확인 method=ctrl generating=False composer=2473
[22:02:06] submit 시도 method=enter
[22:02:07] submit 확인 method=enter generating=False composer=0
[22:02:07] ⏱ 입력·전송 SRT_320 3.9s · chars=2471
[22:02:07] 제출 후 last_saved=https://www.genspark.ai/api/files/s/f8apmnxv
[22:02:07] ⏱ 생성대기 시작 SRT_320 max=120s
[22:02:21] ⏱ 생성대기 완료(busy무시) 14.1s SRT_320 https://www.genspark.ai/api/files/s/b9mzr7r0
[22:02:21] ⏱ 생성대기구간 SRT_320 14.1s · ok=True
[22:02:21] SRT_320 근접 이미지 https://www.genspark.ai/api/files/s/b9mzr7r0
[22:02:21] 다운로드 files URL=https://www.genspark.ai/api/files/s/b9mzr7r0 → SRT_320.png
[22:02:21] ⏱ 다운로드 직접실패 0.3s · 페이지 fetch 재시도: HTTP Error 403: Forbidden
[22:02:22] ⏱ 다운로드 fetch 0.1s size=624888 SRT_320.png
[22:02:22] ⏱ 다운로드구간 SRT_320 0.4s · SRT_320.png
[22:02:24] ⏱ 다운로드후유휴 SRT_320 2.4s · idle=True
[22:02:24] ⏱ 씬합계 SRT_320 22.4s · https://www.genspark.ai/api/files/s/b9mzr7r0
[22:02:24] SRT_320 생성·다운로드 완료
C:\cursor\wuxia\무협극장\검신귀환록\2부\13장\png\SRT_320.png
[22:02:24] 상태키 SRT_340 · Baek|base; Jin≈19|blood_robe
[22:02:24] run_scene 시작 SRT_340 · seen_files=17 · last_saved=https://www.genspark.ai/api/files/s/b9mzr7r0
[22:02:24] ⏱ 준비 SRT_340 0.0s · chars=2465
[22:02:25] ⏱ 다음명령유휴 SRT_340 1.2s · idle=True
[22:02:26] fill OK(clip) follow=True chars=2465
[22:02:26] submit 시작 composer=2465 url=https://www.genspark.ai/agents?id=dfc736ff-1fb0-4e61-8de1-fd5978d9818d
[22:02:26] submit geo 실패 hit=no-btn
[22:02:26] submit 시도 method=geo geo=False
[22:02:27] submit 미확인 method=geo generating=False composer=2465
[22:02:27] submit geo 실패 hit=no-btn
[22:02:27] submit 시도 method=send send=False
[22:02:28] submit 미확인 method=send generating=False composer=2465
[22:02:28] submit 시도 method=ctrl
[22:02:29] submit 미확인 method=ctrl generating=False composer=2467
[22:02:29] submit 시도 method=enter
[22:02:29] submit 확인 method=enter generating=False composer=0
[22:02:29] ⏱ 입력·전송 SRT_340 4.0s · chars=2465
[22:02:29] 제출 후 last_saved=https://www.genspark.ai/api/files/s/b9mzr7r0
[22:02:30] ⏱ 생성대기 시작 SRT_340 max=120s
[22:02:43] ⏱ 생성대기 완료(busy무시) 13.8s SRT_340 https://www.genspark.ai/api/files/s/53nudglt
[22:02:43] ⏱ 생성대기구간 SRT_340 13.8s · ok=True
[22:02:43] SRT_340 근접 이미지 https://www.genspark.ai/api/files/s/53nudglt
[22:02:43] 다운로드 files URL=https://www.genspark.ai/api/files/s/53nudglt → SRT_340.png
[22:02:44] ⏱ 다운로드 직접실패 0.4s · 페이지 fetch 재시도: HTTP Error 403: Forbidden
[22:02:44] ⏱ 다운로드 fetch 0.1s size=542488 SRT_340.png
[22:02:44] ⏱ 다운로드구간 SRT_340 0.5s · SRT_340.png
[22:02:47] ⏱ 다운로드후유휴 SRT_340 2.8s · idle=True
[22:02:47] ⏱ 씬합계 SRT_340 22.5s · https://www.genspark.ai/api/files/s/53nudglt
[22:02:47] SRT_340 생성·다운로드 완료
C:\cursor\wuxia\무협극장\검신귀환록\2부\13장\png\SRT_340.png
[22:02:47] 상태키 SRT_360 · Baek|base; Jin≈19|blood_robe
[22:02:47] run_scene 시작 SRT_360 · seen_files=18 · last_saved=https://www.genspark.ai/api/files/s/53nudglt
[22:02:47] ⏱ 준비 SRT_360 0.0s · chars=2468
[22:02:48] ⏱ 다음명령유휴 SRT_360 1.3s · idle=True
[22:02:49] fill OK(clip) follow=True chars=2468
[22:02:49] submit 시작 composer=2468 url=https://www.genspark.ai/agents?id=dfc736ff-1fb0-4e61-8de1-fd5978d9818d
[22:02:49] submit geo 실패 hit=no-btn
[22:02:49] submit 시도 method=geo geo=False
[22:02:50] submit 미확인 method=geo generating=False composer=2468
[22:02:50] submit geo 실패 hit=no-btn
[22:02:50] submit 시도 method=send send=False
[22:02:51] submit 미확인 method=send generating=False composer=2468
[22:02:51] submit 시도 method=ctrl
[22:02:51] submit 미확인 method=ctrl generating=False composer=2470
[22:02:52] submit 시도 method=enter
[22:02:52] submit 확인 method=enter generating=False composer=0
[22:02:52] ⏱ 입력·전송 SRT_360 4.0s · chars=2468
[22:02:52] 제출 후 last_saved=https://www.genspark.ai/api/files/s/53nudglt
[22:02:52] ⏱ 생성대기 시작 SRT_360 max=120s
[22:03:08] ⏱ 생성대기 진행 15.4s SRT_360 busy=True url_ok=True src=https://www.genspark.ai/api/files/s/fihlb9e6
[22:03:08] ⏱ 생성대기 완료(busy무시) 15.4s SRT_360 https://www.genspark.ai/api/files/s/fihlb9e6
[22:03:08] ⏱ 생성대기구간 SRT_360 15.4s · ok=True
[22:03:08] SRT_360 근접 이미지 https://www.genspark.ai/api/files/s/fihlb9e6
[22:03:08] 다운로드 files URL=https://www.genspark.ai/api/files/s/fihlb9e6 → SRT_360.png
[22:03:08] ⏱ 다운로드 직접실패 0.3s · 페이지 fetch 재시도: HTTP Error 403: Forbidden
[22:03:08] ⏱ 다운로드 fetch 0.1s size=639687 SRT_360.png
[22:03:08] ⏱ 다운로드구간 SRT_360 0.4s · SRT_360.png
[22:03:10] ⏱ 다운로드후유휴 SRT_360 1.3s · idle=True
[22:03:10] ⏱ 씬합계 SRT_360 22.7s · https://www.genspark.ai/api/files/s/fihlb9e6
[22:03:10] SRT_360 생성·다운로드 완료
C:\cursor\wuxia\무협극장\검신귀환록\2부\13장\png\SRT_360.png
[22:03:10] 상태키 SRT_380 · Baek|base; Jin≈19|blood_robe
[22:03:10] run_scene 시작 SRT_380 · seen_files=19 · last_saved=https://www.genspark.ai/api/files/s/fihlb9e6
[22:03:10] ⏱ 준비 SRT_380 0.0s · chars=1431
[22:03:11] ⏱ 다음명령유휴 SRT_380 1.4s · idle=True
[22:03:12] fill OK(clip) follow=True chars=1431
[22:03:12] submit 시작 composer=1431 url=https://www.genspark.ai/agents?id=dfc736ff-1fb0-4e61-8de1-fd5978d9818d
[22:03:12] submit geo 실패 hit=no-btn
[22:03:12] submit 시도 method=geo geo=False
[22:03:12] submit 미확인 method=geo generating=False composer=1431
[22:03:13] submit geo 실패 hit=no-btn
[22:03:13] submit 시도 method=send send=False
[22:03:13] submit 미확인 method=send generating=False composer=1431
[22:03:14] submit 시도 method=ctrl
[22:03:14] submit 미확인 method=ctrl generating=False composer=1433
[22:03:15] submit 시도 method=enter
[22:03:15] submit 확인 method=enter generating=False composer=0
[22:03:15] ⏱ 입력·전송 SRT_380 3.9s · chars=1431
[22:03:15] 제출 후 last_saved=https://www.genspark.ai/api/files/s/fihlb9e6
[22:03:15] ⏱ 생성대기 시작 SRT_380 max=120s
[22:03:31] ⏱ 생성대기 진행 15.3s SRT_380 busy=False url_ok=False src=
[22:03:33] ⏱ 생성대기 완료 17.9s SRT_380 https://www.genspark.ai/api/files/s/ehhtpmum
[22:03:33] ⏱ 생성대기구간 SRT_380 17.9s · ok=True
[22:03:33] SRT_380 근접 이미지 https://www.genspark.ai/api/files/s/ehhtpmum
[22:03:33] 다운로드 files URL=https://www.genspark.ai/api/files/s/ehhtpmum → SRT_380.png
[22:03:33] ⏱ 다운로드 직접실패 0.3s · 페이지 fetch 재시도: HTTP Error 403: Forbidden
[22:03:34] ⏱ 다운로드 fetch 0.1s size=660939 SRT_380.png
[22:03:34] ⏱ 다운로드구간 SRT_380 0.4s · SRT_380.png
[22:03:37] ⏱ 다운로드후유휴 SRT_380 3.1s · idle=True
[22:03:37] ⏱ 씬합계 SRT_380 26.9s · https://www.genspark.ai/api/files/s/ehhtpmum
[22:03:37] SRT_380 생성·다운로드 완료
C:\cursor\wuxia\무협극장\검신귀환록\2부\13장\png\SRT_380.png
[22:03:37] 상태키 SRT_400 · Baek|base; Jin≈19|blood_robe
[22:03:37] run_scene 시작 SRT_400 · seen_files=20 · last_saved=https://www.genspark.ai/api/files/s/ehhtpmum
[22:03:37] ⏱ 준비 SRT_400 0.0s · chars=2485
[22:03:38] ⏱ 다음명령유휴 SRT_400 1.4s · idle=True
[22:03:39] fill OK(clip) follow=True chars=2485
[22:03:39] submit 시작 composer=2485 url=https://www.genspark.ai/agents?id=dfc736ff-1fb0-4e61-8de1-fd5978d9818d
[22:03:39] submit geo 실패 hit=no-btn
[22:03:39] submit 시도 method=geo geo=False
[22:03:40] submit 미확인 method=geo generating=False composer=2485
[22:03:40] submit geo 실패 hit=no-btn
[22:03:40] submit 시도 method=send send=False
[22:03:40] submit 미확인 method=send generating=False composer=2485
[22:03:41] submit 시도 method=ctrl
[22:03:41] submit 미확인 method=ctrl generating=False composer=2487
[22:03:42] submit 시도 method=enter
[22:03:42] submit 확인 method=enter generating=False composer=0
[22:03:42] ⏱ 입력·전송 SRT_400 4.0s · chars=2485
[22:03:42] 제출 후 last_saved=https://www.genspark.ai/api/files/s/ehhtpmum
[22:03:42] ⏱ 생성대기 시작 SRT_400 max=120s
[22:03:55] ⏱ 생성대기 완료(busy무시) 12.2s SRT_400 https://www.genspark.ai/api/files/s/e3l5xcxa
[22:03:55] ⏱ 생성대기구간 SRT_400 12.2s · ok=True
[22:03:55] SRT_400 근접 이미지 https://www.genspark.ai/api/files/s/e3l5xcxa
[22:03:55] 다운로드 files URL=https://www.genspark.ai/api/files/s/e3l5xcxa → SRT_400.png
[22:03:55] ⏱ 다운로드 직접실패 0.3s · 페이지 fetch 재시도: HTTP Error 403: Forbidden
[22:03:55] ⏱ 다운로드 fetch 0.1s size=757468 SRT_400.png
[22:03:55] ⏱ 다운로드구간 SRT_400 0.4s · SRT_400.png
[22:03:57] ⏱ 다운로드후유휴 SRT_400 1.9s · idle=True
[22:03:57] ⏱ 씬합계 SRT_400 20.1s · https://www.genspark.ai/api/files/s/e3l5xcxa
[22:03:57] SRT_400 생성·다운로드 완료
C:\cursor\wuxia\무협극장\검신귀환록\2부\13장\png\SRT_400.png
[22:03:57] 상태키 SRT_420 · Baek|base; Jin≈19|blood_robe
[22:03:57] run_scene 시작 SRT_420 · seen_files=21 · last_saved=https://www.genspark.ai/api/files/s/e3l5xcxa
[22:03:57] ⏱ 준비 SRT_420 0.0s · chars=2476
[22:03:59] ⏱ 다음명령유휴 SRT_420 1.5s · idle=True
[22:03:59] fill OK(clip) follow=True chars=2476
[22:03:59] submit 시작 composer=2476 url=https://www.genspark.ai/agents?id=dfc736ff-1fb0-4e61-8de1-fd5978d9818d
[22:03:59] submit geo 실패 hit=no-btn
[22:03:59] submit 시도 method=geo geo=False
[22:04:00] submit 미확인 method=geo generating=False composer=2476
[22:04:00] submit geo 실패 hit=no-btn
[22:04:00] submit 시도 method=send send=False
[22:04:01] submit 미확인 method=send generating=False composer=2476
[22:04:01] submit 시도 method=ctrl
[22:04:02] submit 미확인 method=ctrl generating=False composer=2478
[22:04:02] submit 시도 method=enter
[22:04:03] submit 확인 method=enter generating=False composer=0
[22:04:03] ⏱ 입력·전송 SRT_420 4.1s · chars=2476
[22:04:03] 제출 후 last_saved=https://www.genspark.ai/api/files/s/e3l5xcxa
[22:04:03] ⏱ 생성대기 시작 SRT_420 max=120s
[22:04:15] ⏱ 생성대기 완료(busy무시) 11.9s SRT_420 https://www.genspark.ai/api/files/s/hcebenky
[22:04:15] ⏱ 생성대기구간 SRT_420 11.9s · ok=True
[22:04:15] SRT_420 근접 이미지 https://www.genspark.ai/api/files/s/hcebenky
[22:04:15] 다운로드 files URL=https://www.genspark.ai/api/files/s/hcebenky → SRT_420.png
[22:04:15] ⏱ 다운로드 직접실패 0.2s · 페이지 fetch 재시도: HTTP Error 403: Forbidden
[22:04:15] ⏱ 다운로드 fetch 0.1s size=493497 SRT_420.png
[22:04:15] ⏱ 다운로드구간 SRT_420 0.3s · SRT_420.png
[22:04:18] ⏱ 다운로드후유휴 SRT_420 2.6s · idle=True
[22:04:18] ⏱ 씬합계 SRT_420 20.6s · https://www.genspark.ai/api/files/s/hcebenky
[22:04:18] SRT_420 생성·다운로드 완료
C:\cursor\wuxia\무협극장\검신귀환록\2부\13장\png\SRT_420.png
[22:04:18] 상태키 SRT_440 · Baek|base; Jin≈19|blood_robe
[22:04:18] run_scene 시작 SRT_440 · seen_files=22 · last_saved=https://www.genspark.ai/api/files/s/hcebenky
[22:04:18] ⏱ 준비 SRT_440 0.0s · chars=2456
[22:04:19] ⏱ 다음명령유휴 SRT_440 1.4s · idle=True
[22:04:20] fill OK(clip) follow=True chars=2456
[22:04:20] submit 시작 composer=2456 url=https://www.genspark.ai/agents?id=dfc736ff-1fb0-4e61-8de1-fd5978d9818d
[22:04:20] submit geo 실패 hit=no-btn
[22:04:20] submit 시도 method=geo geo=False
[22:04:21] submit 미확인 method=geo generating=False composer=2456
[22:04:21] submit geo 실패 hit=no-btn
[22:04:21] submit 시도 method=send send=False
[22:04:21] submit 미확인 method=send generating=False composer=2456
[22:04:22] submit 시도 method=ctrl
[22:04:22] submit 미확인 method=ctrl generating=False composer=2458
[22:04:23] submit 시도 method=enter
[22:04:23] submit 확인 method=enter generating=False composer=0
[22:04:23] ⏱ 입력·전송 SRT_440 4.0s · chars=2456
[22:04:23] 제출 후 last_saved=https://www.genspark.ai/api/files/s/hcebenky
[22:04:23] ⏱ 생성대기 시작 SRT_440 max=120s
[22:04:38] ⏱ 생성대기 완료(busy무시) 14.2s SRT_440 https://www.genspark.ai/api/files/s/anreqe2g
[22:04:38] ⏱ 생성대기구간 SRT_440 14.2s · ok=True
[22:04:38] SRT_440 근접 이미지 https://www.genspark.ai/api/files/s/anreqe2g
[22:04:38] 다운로드 files URL=https://www.genspark.ai/api/files/s/anreqe2g → SRT_440.png
[22:04:38] ⏱ 다운로드 직접실패 0.2s · 페이지 fetch 재시도: HTTP Error 403: Forbidden
[22:04:38] ⏱ 다운로드 fetch 0.1s size=457652 SRT_440.png
[22:04:38] ⏱ 다운로드구간 SRT_440 0.3s · SRT_440.png
[22:04:41] ⏱ 다운로드후유휴 SRT_440 2.9s · idle=True
[22:04:41] ⏱ 씬합계 SRT_440 23.0s · https://www.genspark.ai/api/files/s/anreqe2g
[22:04:41] SRT_440 생성·다운로드 완료
C:\cursor\wuxia\무협극장\검신귀환록\2부\13장\png\SRT_440.png
[22:04:41] 상태키 SRT_460 · Baek|base; Jin≈19|blood_robe
[22:04:41] run_scene 시작 SRT_460 · seen_files=23 · last_saved=https://www.genspark.ai/api/files/s/anreqe2g
[22:04:41] ⏱ 준비 SRT_460 0.0s · chars=2148
[22:04:42] ⏱ 다음명령유휴 SRT_460 1.3s · idle=True
[22:04:43] fill OK(clip) follow=True chars=2148
[22:04:43] submit 시작 composer=2148 url=https://www.genspark.ai/agents?id=dfc736ff-1fb0-4e61-8de1-fd5978d9818d
[22:04:43] submit geo 실패 hit=no-btn
[22:04:43] submit 시도 method=geo geo=False
[22:04:44] submit 미확인 method=geo generating=False composer=2148
[22:04:44] submit geo 실패 hit=no-btn
[22:04:44] submit 시도 method=send send=False
[22:04:45] submit 미확인 method=send generating=False composer=2148
[22:04:45] submit 시도 method=ctrl
[22:04:45] submit 미확인 method=ctrl generating=False composer=2150
[22:04:46] submit 시도 method=enter
[22:04:46] submit 확인 method=enter generating=False composer=0
[22:04:46] ⏱ 입력·전송 SRT_460 4.1s · chars=2148
[22:04:46] 제출 후 last_saved=https://www.genspark.ai/api/files/s/anreqe2g
[22:04:47] ⏱ 생성대기 시작 SRT_460 max=120s
[22:04:59] ⏱ 생성대기 완료 12.8s SRT_460 https://www.genspark.ai/api/files/s/b9rnhfu2
[22:04:59] ⏱ 생성대기구간 SRT_460 12.8s · ok=True
[22:04:59] SRT_460 근접 이미지 https://www.genspark.ai/api/files/s/b9rnhfu2
[22:04:59] 다운로드 files URL=https://www.genspark.ai/api/files/s/b9rnhfu2 → SRT_460.png
[22:05:00] ⏱ 다운로드 직접실패 0.3s · 페이지 fetch 재시도: HTTP Error 403: Forbidden
[22:05:00] ⏱ 다운로드 fetch 0.0s size=429120 SRT_460.png
[22:05:00] ⏱ 다운로드구간 SRT_460 0.4s · SRT_460.png
[22:05:01] ⏱ 다운로드후유휴 SRT_460 1.4s · idle=True
[22:05:01] ⏱ 씬합계 SRT_460 20.2s · https://www.genspark.ai/api/files/s/b9rnhfu2
[22:05:01] SRT_460 생성·다운로드 완료
C:\cursor\wuxia\무협극장\검신귀환록\2부\13장\png\SRT_460.png
[22:05:01] 상태키 SRT_480 · Baek|base; Jin≈19|blood_robe
[22:05:01] run_scene 시작 SRT_480 · seen_files=24 · last_saved=https://www.genspark.ai/api/files/s/b9rnhfu2
[22:05:01] ⏱ 준비 SRT_480 0.0s · chars=2489
[22:05:03] ⏱ 다음명령유휴 SRT_480 1.3s · idle=True
[22:05:03] fill OK(clip) follow=True chars=2489
[22:05:03] submit 시작 composer=2489 url=https://www.genspark.ai/agents?id=dfc736ff-1fb0-4e61-8de1-fd5978d9818d
[22:05:03] submit geo 실패 hit=no-btn
[22:05:03] submit 시도 method=geo geo=False
[22:05:04] submit 미확인 method=geo generating=False composer=2489
[22:05:04] submit geo 실패 hit=no-btn
[22:05:04] submit 시도 method=send send=False
[22:05:05] submit 미확인 method=send generating=False composer=2489
[22:05:05] submit 시도 method=ctrl
[22:05:06] submit 미확인 method=ctrl generating=False composer=2491
[22:05:06] submit 시도 method=enter
[22:05:07] submit 확인 method=enter generating=False composer=0
[22:05:07] ⏱ 입력·전송 SRT_480 3.9s · chars=2489
[22:05:07] 제출 후 last_saved=https://www.genspark.ai/api/files/s/b9rnhfu2
[22:05:07] ⏱ 생성대기 시작 SRT_480 max=120s
[22:05:17] ⏱ 생성대기 완료 10.5s SRT_480 https://www.genspark.ai/api/files/s/b250ra48
[22:05:17] ⏱ 생성대기구간 SRT_480 10.5s · ok=True
[22:05:17] SRT_480 근접 이미지 https://www.genspark.ai/api/files/s/b250ra48
[22:05:17] 다운로드 files URL=https://www.genspark.ai/api/files/s/b250ra48 → SRT_480.png
[22:05:18] ⏱ 다운로드 직접실패 0.2s · 페이지 fetch 재시도: HTTP Error 403: Forbidden
[22:05:18] ⏱ 다운로드 fetch 0.0s size=404182 SRT_480.png
[22:05:18] ⏱ 다운로드구간 SRT_480 0.3s · SRT_480.png
[22:05:21] ⏱ 다운로드후유휴 SRT_480 3.0s · idle=True
[22:05:21] ⏱ 씬합계 SRT_480 19.2s · https://www.genspark.ai/api/files/s/b250ra48
[22:05:21] SRT_480 생성·다운로드 완료
C:\cursor\wuxia\무협극장\검신귀환록\2부\13장\png\SRT_480.png
[22:05:21] 상태키 SRT_500 · Baek|base; Jin≈19|blood_robe
[22:05:21] run_scene 시작 SRT_500 · seen_files=25 · last_saved=https://www.genspark.ai/api/files/s/b250ra48
[22:05:21] ⏱ 준비 SRT_500 0.0s · chars=2479
[22:05:22] ⏱ 다음명령유휴 SRT_500 1.3s · idle=True
[22:05:23] fill OK(clip) follow=True chars=2479
[22:05:23] submit 시작 composer=2479 url=https://www.genspark.ai/agents?id=dfc736ff-1fb0-4e61-8de1-fd5978d9818d
[22:05:23] submit geo 실패 hit=no-btn
[22:05:23] submit 시도 method=geo geo=False
[22:05:23] submit 미확인 method=geo generating=False composer=2479
[22:05:24] submit geo 실패 hit=no-btn
[22:05:24] submit 시도 method=send send=False
[22:05:24] submit 미확인 method=send generating=False composer=2479
[22:05:25] submit 시도 method=ctrl
[22:05:25] submit 미확인 method=ctrl generating=False composer=2481
[22:05:25] submit 시도 method=enter
[22:05:26] submit 확인 method=enter generating=False composer=0
[22:05:26] ⏱ 입력·전송 SRT_500 3.9s · chars=2479
[22:05:26] 제출 후 last_saved=https://www.genspark.ai/api/files/s/b250ra48
[22:05:26] ⏱ 생성대기 시작 SRT_500 max=120s
[22:05:38] ⏱ 생성대기 완료 11.3s SRT_500 https://www.genspark.ai/api/files/s/wsyauq5f
[22:05:38] ⏱ 생성대기구간 SRT_500 11.3s · ok=True
[22:05:38] SRT_500 근접 이미지 https://www.genspark.ai/api/files/s/wsyauq5f
[22:05:38] 다운로드 files URL=https://www.genspark.ai/api/files/s/wsyauq5f → SRT_500.png
[22:05:38] ⏱ 다운로드 직접실패 0.3s · 페이지 fetch 재시도: HTTP Error 403: Forbidden
[22:05:38] ⏱ 다운로드 fetch 0.0s size=382726 SRT_500.png
[22:05:38] ⏱ 다운로드구간 SRT_500 0.4s · SRT_500.png
[22:05:43] ⏱ 다운로드후유휴 SRT_500 4.9s · idle=True
[22:05:43] ⏱ 씬합계 SRT_500 22.1s · https://www.genspark.ai/api/files/s/wsyauq5f
[22:05:43] SRT_500 생성·다운로드 완료
C:\cursor\wuxia\무협극장\검신귀환록\2부\13장\png\SRT_500.png
[22:05:43] 상태키 SRT_520 · Baek|base; Jin≈19|blood_robe
[22:05:43] run_scene 시작 SRT_520 · seen_files=26 · last_saved=https://www.genspark.ai/api/files/s/wsyauq5f
[22:05:43] ⏱ 준비 SRT_520 0.0s · chars=1620
[22:05:44] ⏱ 다음명령유휴 SRT_520 1.4s · idle=True
[22:05:45] fill OK(clip) follow=True chars=1620
[22:05:45] submit 시작 composer=1620 url=https://www.genspark.ai/agents?id=dfc736ff-1fb0-4e61-8de1-fd5978d9818d
[22:05:45] submit geo 실패 hit=no-btn
[22:05:45] submit 시도 method=geo geo=False
[22:05:46] submit 미확인 method=geo generating=False composer=1620
[22:05:46] submit geo 실패 hit=no-btn
[22:05:46] submit 시도 method=send send=False
[22:05:47] submit 미확인 method=send generating=False composer=1620
[22:05:47] submit 시도 method=ctrl
[22:05:47] submit 미확인 method=ctrl generating=False composer=1622
[22:05:48] submit 시도 method=enter
[22:05:48] submit 확인 method=enter generating=False composer=0
[22:05:48] ⏱ 입력·전송 SRT_520 3.9s · chars=1620
[22:05:48] 제출 후 last_saved=https://www.genspark.ai/api/files/s/wsyauq5f
[22:05:49] ⏱ 생성대기 시작 SRT_520 max=120s
[22:06:04] ⏱ 생성대기 진행 15.0s SRT_520 busy=True url_ok=True src=https://www.genspark.ai/api/files/s/uzomfxr0
[22:06:04] ⏱ 생성대기 완료(busy무시) 15.0s SRT_520 https://www.genspark.ai/api/files/s/uzomfxr0
[22:06:04] ⏱ 생성대기구간 SRT_520 15.0s · ok=True
[22:06:04] SRT_520 근접 이미지 https://www.genspark.ai/api/files/s/uzomfxr0
[22:06:04] 다운로드 files URL=https://www.genspark.ai/api/files/s/uzomfxr0 → SRT_520.png
[22:06:04] ⏱ 다운로드 직접실패 0.3s · 페이지 fetch 재시도: HTTP Error 403: Forbidden
[22:06:04] ⏱ 다운로드 fetch 0.0s size=433231 SRT_520.png
[22:06:04] ⏱ 다운로드구간 SRT_520 0.3s · SRT_520.png
[22:06:07] ⏱ 다운로드후유휴 SRT_520 3.4s · idle=True
[22:06:07] ⏱ 씬합계 SRT_520 24.3s · https://www.genspark.ai/api/files/s/uzomfxr0
[22:06:07] SRT_520 생성·다운로드 완료
C:\cursor\wuxia\무협극장\검신귀환록\2부\13장\png\SRT_520.png
[22:06:07] 상태키 SRT_540 · Baek|base; Jin≈19|blood_robe
[22:06:07] run_scene 시작 SRT_540 · seen_files=27 · last_saved=https://www.genspark.ai/api/files/s/uzomfxr0
[22:06:07] ⏱ 준비 SRT_540 0.0s · chars=2139
[22:06:09] ⏱ 다음명령유휴 SRT_540 1.3s · idle=True
[22:06:09] fill OK(clip) follow=True chars=2139
[22:06:09] submit 시작 composer=2139 url=https://www.genspark.ai/agents?id=dfc736ff-1fb0-4e61-8de1-fd5978d9818d
[22:06:10] submit geo 실패 hit=no-btn
[22:06:10] submit 시도 method=geo geo=False
[22:06:10] submit 미확인 method=geo generating=False composer=2139
[22:06:10] submit geo 실패 hit=no-btn
[22:06:10] submit 시도 method=send send=False
[22:06:11] submit 미확인 method=send generating=False composer=2139
[22:06:11] submit 시도 method=ctrl
[22:06:12] submit 미확인 method=ctrl generating=False composer=2141
[22:06:12] submit 시도 method=enter
[22:06:13] submit 확인 method=enter generating=False composer=0
[22:06:13] ⏱ 입력·전송 SRT_540 4.0s · chars=2139
[22:06:13] 제출 후 last_saved=https://www.genspark.ai/api/files/s/uzomfxr0
[22:06:13] ⏱ 생성대기 시작 SRT_540 max=120s
[22:06:26] ⏱ 생성대기 완료(busy무시) 12.6s SRT_540 https://www.genspark.ai/api/files/s/0d5gbc3u
[22:06:26] ⏱ 생성대기구간 SRT_540 12.6s · ok=True
[22:06:26] SRT_540 근접 이미지 https://www.genspark.ai/api/files/s/0d5gbc3u
[22:06:26] 다운로드 files URL=https://www.genspark.ai/api/files/s/0d5gbc3u → SRT_540.png
[22:06:26] ⏱ 다운로드 직접실패 0.7s · 페이지 fetch 재시도: HTTP Error 403: Forbidden
[22:06:26] ⏱ 다운로드 fetch 0.0s size=331765 SRT_540.png
[22:06:26] ⏱ 다운로드구간 SRT_540 0.7s · SRT_540.png
[22:06:28] ⏱ 다운로드후유휴 SRT_540 2.0s · idle=True
[22:06:28] ⏱ 씬합계 SRT_540 20.9s · https://www.genspark.ai/api/files/s/0d5gbc3u
[22:06:28] SRT_540 생성·다운로드 완료
C:\cursor\wuxia\무협극장\검신귀환록\2부\13장\png\SRT_540.png
[22:06:28] 상태키 SRT_560 · Baek|base; Jin≈19|wounded_shoulder
[22:06:28] run_scene 시작 SRT_560 · seen_files=28 · last_saved=https://www.genspark.ai/api/files/s/0d5gbc3u
[22:06:29] ⏱ 준비 SRT_560 0.0s · chars=2132
[22:06:30] ⏱ 다음명령유휴 SRT_560 1.4s · idle=True
[22:06:30] fill OK(clip) follow=True chars=2132
[22:06:30] submit 시작 composer=2132 url=https://www.genspark.ai/agents?id=dfc736ff-1fb0-4e61-8de1-fd5978d9818d
[22:06:31] submit geo 실패 hit=no-btn
[22:06:31] submit 시도 method=geo geo=False
[22:06:31] submit 미확인 method=geo generating=False composer=2132
[22:06:32] submit geo 실패 hit=no-btn
[22:06:32] submit 시도 method=send send=False
[22:06:32] submit 미확인 method=send generating=False composer=2132
[22:06:32] submit 시도 method=ctrl
[22:06:33] submit 미확인 method=ctrl generating=False composer=2134
[22:06:33] submit 시도 method=enter
[22:06:34] submit 확인 method=enter generating=False composer=0
[22:06:34] ⏱ 입력·전송 SRT_560 4.0s · chars=2132
[22:06:34] 제출 후 last_saved=https://www.genspark.ai/api/files/s/0d5gbc3u
[22:06:34] ⏱ 생성대기 시작 SRT_560 max=120s
[22:06:47] ⏱ 생성대기 완료(busy무시) 12.5s SRT_560 https://www.genspark.ai/api/files/s/gqdvpnks
[22:06:47] ⏱ 생성대기구간 SRT_560 12.5s · ok=True
[22:06:47] SRT_560 근접 이미지 https://www.genspark.ai/api/files/s/gqdvpnks
[22:06:47] 다운로드 files URL=https://www.genspark.ai/api/files/s/gqdvpnks → SRT_560.png
[22:06:47] ⏱ 다운로드 직접실패 0.2s · 페이지 fetch 재시도: HTTP Error 403: Forbidden
[22:06:47] ⏱ 다운로드 fetch 0.1s size=383132 SRT_560.png
[22:06:47] ⏱ 다운로드구간 SRT_560 0.3s · SRT_560.png
[22:06:49] ⏱ 다운로드후유휴 SRT_560 2.1s · idle=True
[22:06:49] ⏱ 씬합계 SRT_560 20.6s · https://www.genspark.ai/api/files/s/gqdvpnks
[22:06:49] SRT_560 생성·다운로드 완료
C:\cursor\wuxia\무협극장\검신귀환록\2부\13장\png\SRT_560.png
[22:06:49] 상태키 SRT_580 · Baek|base; Jin≈19|wounded_shoulder
[22:06:49] run_scene 시작 SRT_580 · seen_files=29 · last_saved=https://www.genspark.ai/api/files/s/gqdvpnks
[22:06:49] ⏱ 준비 SRT_580 0.0s · chars=2994
[22:06:51] ⏱ 다음명령유휴 SRT_580 1.4s · idle=True
[22:06:51] fill OK(clip) follow=True chars=2994
[22:06:51] submit 시작 composer=2994 url=https://www.genspark.ai/agents?id=dfc736ff-1fb0-4e61-8de1-fd5978d9818d
[22:06:52] submit geo 실패 hit=no-btn
[22:06:52] submit 시도 method=geo geo=False
[22:06:52] submit 미확인 method=geo generating=False composer=2994
[22:06:53] submit geo 실패 hit=no-btn
[22:06:53] submit 시도 method=send send=False
[22:06:53] submit 미확인 method=send generating=False composer=2994
[22:06:54] submit 시도 method=ctrl
[22:06:54] submit 미확인 method=ctrl generating=False composer=2996
[22:06:54] submit 시도 method=enter
[22:06:55] submit 확인 method=enter generating=False composer=0
[22:06:55] ⏱ 입력·전송 SRT_580 4.3s · chars=2994
[22:06:55] 제출 후 last_saved=https://www.genspark.ai/api/files/s/gqdvpnks
[22:06:55] ⏱ 생성대기 시작 SRT_580 max=120s
[22:07:10] ⏱ 생성대기 진행 15.0s SRT_580 busy=False url_ok=False src=
[22:07:16] ⏱ 생성대기 완료 20.6s SRT_580 https://www.genspark.ai/api/files/s/uk3netz0
[22:07:16] ⏱ 생성대기구간 SRT_580 20.6s · ok=True
[22:07:16] SRT_580 근접 이미지 https://www.genspark.ai/api/files/s/uk3netz0
[22:07:16] 다운로드 files URL=https://www.genspark.ai/api/files/s/uk3netz0 → SRT_580.png
[22:07:16] ⏱ 다운로드 직접실패 0.3s · 페이지 fetch 재시도: HTTP Error 403: Forbidden
[22:07:16] ⏱ 다운로드 fetch 0.1s size=608324 SRT_580.png
[22:07:16] ⏱ 다운로드구간 SRT_580 0.3s · SRT_580.png
[22:07:17] ⏱ 다운로드후유휴 SRT_580 1.3s · idle=True
[22:07:18] ⏱ 씬합계 SRT_580 28.3s · https://www.genspark.ai/api/files/s/uk3netz0
[22:07:18] SRT_580 생성·다운로드 완료
C:\cursor\wuxia\무협극장\검신귀환록\2부\13장\png\SRT_580.png
[22:07:18] 상태키 SRT_600 · Baek|base; Jin≈19|wounded_shoulder
[22:07:18] run_scene 시작 SRT_600 · seen_files=30 · last_saved=https://www.genspark.ai/api/files/s/uk3netz0
[22:07:18] ⏱ 준비 SRT_600 0.0s · chars=2467
[22:07:22] ⏱ 다음명령유휴 SRT_600 4.6s · idle=True
[22:07:23] fill OK(clip) follow=True chars=2467
[22:07:23] submit 시작 composer=2467 url=https://www.genspark.ai/agents?id=dfc736ff-1fb0-4e61-8de1-fd5978d9818d
[22:07:23] submit geo 실패 hit=no-btn
[22:07:23] submit 시도 method=geo geo=False
[22:07:24] submit 미확인 method=geo generating=False composer=2467
[22:07:24] submit geo 실패 hit=no-btn
[22:07:24] submit 시도 method=send send=False
[22:07:25] submit 미확인 method=send generating=False composer=2467
[22:07:25] submit 시도 method=ctrl
[22:07:25] submit 미확인 method=ctrl generating=False composer=2469
[22:07:26] submit 시도 method=enter
[22:07:26] submit 확인 method=enter generating=False composer=0
[22:07:26] ⏱ 입력·전송 SRT_600 4.1s · chars=2467
[22:07:26] 제출 후 last_saved=https://www.genspark.ai/api/files/s/uk3netz0
[22:07:27] ⏱ 생성대기 시작 SRT_600 max=120s
[22:07:39] ⏱ 생성대기 완료 12.9s SRT_600 https://www.genspark.ai/api/files/s/sxlqsmnr
[22:07:39] ⏱ 생성대기구간 SRT_600 12.9s · ok=True
[22:07:39] SRT_600 근접 이미지 https://www.genspark.ai/api/files/s/sxlqsmnr
[22:07:39] 다운로드 files URL=https://www.genspark.ai/api/files/s/sxlqsmnr → SRT_600.png
[22:07:40] ⏱ 다운로드 직접실패 0.3s · 페이지 fetch 재시도: HTTP Error 403: Forbidden
[22:07:40] ⏱ 다운로드 fetch 0.1s size=572597 SRT_600.png
[22:07:40] ⏱ 다운로드구간 SRT_600 0.4s · SRT_600.png
[22:07:41] ⏱ 다운로드후유휴 SRT_600 1.4s · idle=True
[22:07:41] ⏱ 씬합계 SRT_600 23.5s · https://www.genspark.ai/api/files/s/sxlqsmnr
[22:07:41] SRT_600 생성·다운로드 완료
C:\cursor\wuxia\무협극장\검신귀환록\2부\13장\png\SRT_600.png
[22:07:41] 상태키 SRT_620 · Baek|base; Jin≈19|wounded_shoulder
[22:07:41] run_scene 시작 SRT_620 · seen_files=31 · last_saved=https://www.genspark.ai/api/files/s/sxlqsmnr
[22:07:41] ⏱ 준비 SRT_620 0.0s · chars=2459
[22:07:43] ⏱ 다음명령유휴 SRT_620 1.4s · idle=True
[22:07:43] fill OK(clip) follow=True chars=2459
[22:07:44] submit 시작 composer=2459 url=https://www.genspark.ai/agents?id=dfc736ff-1fb0-4e61-8de1-fd5978d9818d
[22:07:44] submit geo 실패 hit=no-btn
[22:07:44] submit 시도 method=geo geo=False
[22:07:44] submit 미확인 method=geo generating=False composer=2459
[22:07:44] submit geo 실패 hit=no-btn
[22:07:44] submit 시도 method=send send=False
[22:07:45] submit 미확인 method=send generating=False composer=2459
[22:07:45] submit 시도 method=ctrl
[22:07:46] submit 미확인 method=ctrl generating=False composer=2461
[22:07:46] submit 시도 method=enter
[22:07:47] submit 확인 method=enter generating=False composer=0
[22:07:47] ⏱ 입력·전송 SRT_620 4.0s · chars=2459
[22:07:47] 제출 후 last_saved=https://www.genspark.ai/api/files/s/sxlqsmnr
[22:07:47] ⏱ 생성대기 시작 SRT_620 max=120s
[22:07:59] ⏱ 생성대기 완료 11.8s SRT_620 https://www.genspark.ai/api/files/s/etnxlv35
[22:07:59] ⏱ 생성대기구간 SRT_620 11.8s · ok=True
[22:07:59] SRT_620 근접 이미지 https://www.genspark.ai/api/files/s/etnxlv35
[22:07:59] 다운로드 files URL=https://www.genspark.ai/api/files/s/etnxlv35 → SRT_620.png
[22:07:59] ⏱ 다운로드 직접실패 0.3s · 페이지 fetch 재시도: HTTP Error 403: Forbidden
[22:07:59] ⏱ 다운로드 fetch 0.1s size=562633 SRT_620.png
[22:07:59] ⏱ 다운로드구간 SRT_620 0.4s · SRT_620.png
[22:08:04] ⏱ 다운로드후유휴 SRT_620 4.7s · idle=True
[22:08:04] ⏱ 씬합계 SRT_620 22.7s · https://www.genspark.ai/api/files/s/etnxlv35
[22:08:04] SRT_620 생성·다운로드 완료
C:\cursor\wuxia\무협극장\검신귀환록\2부\13장\png\SRT_620.png
[22:08:04] 상태키 SRT_640 · Baek|base; Jin≈19|wounded_shoulder
[22:08:04] run_scene 시작 SRT_640 · seen_files=32 · last_saved=https://www.genspark.ai/api/files/s/etnxlv35
[22:08:04] ⏱ 준비 SRT_640 0.0s · chars=1388
[22:08:06] ⏱ 다음명령유휴 SRT_640 1.4s · idle=True
[22:08:06] fill OK(clip) follow=True chars=1388
[22:08:06] submit 시작 composer=1388 url=https://www.genspark.ai/agents?id=dfc736ff-1fb0-4e61-8de1-fd5978d9818d
[22:08:06] submit geo 실패 hit=no-btn
[22:08:06] submit 시도 method=geo geo=False
[22:08:07] submit 미확인 method=geo generating=False composer=1388
[22:08:07] submit geo 실패 hit=no-btn
[22:08:07] submit 시도 method=send send=False
[22:08:08] submit 미확인 method=send generating=False composer=1388
[22:08:08] submit 시도 method=ctrl
[22:08:09] submit 미확인 method=ctrl generating=False composer=1390
[22:08:09] submit 시도 method=enter
[22:08:10] submit 확인 method=enter generating=False composer=0
[22:08:10] ⏱ 입력·전송 SRT_640 4.1s · chars=1388
[22:08:10] 제출 후 last_saved=https://www.genspark.ai/api/files/s/etnxlv35
[22:08:10] ⏱ 생성대기 시작 SRT_640 max=120s
[22:08:21] ⏱ 생성대기 완료(busy무시) 10.8s SRT_640 https://www.genspark.ai/api/files/s/x3omfftc
[22:08:21] ⏱ 생성대기구간 SRT_640 10.8s · ok=True
[22:08:21] SRT_640 근접 이미지 https://www.genspark.ai/api/files/s/x3omfftc
[22:08:21] 다운로드 files URL=https://www.genspark.ai/api/files/s/x3omfftc → SRT_640.png
[22:08:21] ⏱ 다운로드 직접실패 0.3s · 페이지 fetch 재시도: HTTP Error 403: Forbidden
[22:08:21] ⏱ 다운로드 fetch 0.1s size=625098 SRT_640.png
[22:08:21] ⏱ 다운로드구간 SRT_640 0.3s · SRT_640.png
[22:08:23] ⏱ 다운로드후유휴 SRT_640 2.0s · idle=True
[22:08:23] ⏱ 씬합계 SRT_640 18.9s · https://www.genspark.ai/api/files/s/x3omfftc
[22:08:23] SRT_640 생성·다운로드 완료
C:\cursor\wuxia\무협극장\검신귀환록\2부\13장\png\SRT_640.png
[22:08:23] 상태키 SRT_660 · Baek|base; Jin≈19|wounded_shoulder
[22:08:23] run_scene 시작 SRT_660 · seen_files=33 · last_saved=https://www.genspark.ai/api/files/s/x3omfftc
[22:08:23] ⏱ 준비 SRT_660 0.0s · chars=2468
[22:08:25] ⏱ 다음명령유휴 SRT_660 1.3s · idle=True
[22:08:25] fill OK(clip) follow=True chars=2468
[22:08:25] submit 시작 composer=2468 url=https://www.genspark.ai/agents?id=dfc736ff-1fb0-4e61-8de1-fd5978d9818d
[22:08:25] submit geo 실패 hit=no-btn
[22:08:25] submit 시도 method=geo geo=False
[22:08:26] submit 미확인 method=geo generating=False composer=2468
[22:08:26] submit geo 실패 hit=no-btn
[22:08:26] submit 시도 method=send send=False
[22:08:27] submit 미확인 method=send generating=False composer=2468
[22:08:27] submit 시도 method=ctrl
[22:08:28] submit 미확인 method=ctrl generating=False composer=2470
[22:08:28] submit 시도 method=enter
[22:08:29] submit 확인 method=enter generating=False composer=0
[22:08:29] ⏱ 입력·전송 SRT_660 4.0s · chars=2468
[22:08:29] 제출 후 last_saved=https://www.genspark.ai/api/files/s/x3omfftc
[22:08:29] ⏱ 생성대기 시작 SRT_660 max=120s
[22:08:42] ⏱ 생성대기 완료(busy무시) 12.8s SRT_660 https://www.genspark.ai/api/files/s/do0w2kzo
[22:08:42] ⏱ 생성대기구간 SRT_660 12.8s · ok=True
[22:08:42] SRT_660 근접 이미지 https://www.genspark.ai/api/files/s/do0w2kzo
[22:08:42] 다운로드 files URL=https://www.genspark.ai/api/files/s/do0w2kzo → SRT_660.png
[22:08:42] ⏱ 다운로드 직접실패 0.3s · 페이지 fetch 재시도: HTTP Error 403: Forbidden
[22:08:42] ⏱ 다운로드 fetch 0.1s size=588545 SRT_660.png
[22:08:42] ⏱ 다운로드구간 SRT_660 0.4s · SRT_660.png
[22:08:44] ⏱ 다운로드후유휴 SRT_660 2.0s · idle=True
[22:08:44] ⏱ 씬합계 SRT_660 20.8s · https://www.genspark.ai/api/files/s/do0w2kzo
[22:08:44] SRT_660 생성·다운로드 완료
C:\cursor\wuxia\무협극장\검신귀환록\2부\13장\png\SRT_660.png
[22:08:44] 상태키 SRT_680 · Baek|base; Jin≈19|wounded_shoulder
[22:08:44] run_scene 시작 SRT_680 · seen_files=34 · last_saved=https://www.genspark.ai/api/files/s/do0w2kzo
[22:08:44] ⏱ 준비 SRT_680 0.0s · chars=2966
[22:08:46] ⏱ 다음명령유휴 SRT_680 1.4s · idle=True
[22:08:46] fill OK(clip) follow=True chars=2966
[22:08:46] submit 시작 composer=2966 url=https://www.genspark.ai/agents?id=dfc736ff-1fb0-4e61-8de1-fd5978d9818d
[22:08:47] submit geo 실패 hit=no-btn
[22:08:47] submit 시도 method=geo geo=False
[22:08:47] submit 미확인 method=geo generating=False composer=2966
[22:08:47] submit geo 실패 hit=no-btn
[22:08:47] submit 시도 method=send send=False
[22:08:48] submit 미확인 method=send generating=False composer=2966
[22:08:48] submit 시도 method=ctrl
[22:08:49] submit 미확인 method=ctrl generating=False composer=2968
[22:08:49] submit 시도 method=enter
[22:08:50] submit 확인 method=enter generating=False composer=0
[22:08:50] ⏱ 입력·전송 SRT_680 4.1s · chars=2966
[22:08:50] 제출 후 last_saved=https://www.genspark.ai/api/files/s/do0w2kzo
[22:08:50] ⏱ 생성대기 시작 SRT_680 max=120s
[22:09:05] ⏱ 생성대기 진행 15.0s SRT_680 busy=True url_ok=True src=https://www.genspark.ai/api/files/s/bwyb9vri
[22:09:05] ⏱ 생성대기 완료(busy무시) 15.0s SRT_680 https://www.genspark.ai/api/files/s/bwyb9vri
[22:09:05] ⏱ 생성대기구간 SRT_680 15.0s · ok=True
[22:09:05] SRT_680 근접 이미지 https://www.genspark.ai/api/files/s/bwyb9vri
[22:09:05] 다운로드 files URL=https://www.genspark.ai/api/files/s/bwyb9vri → SRT_680.png
[22:09:05] ⏱ 다운로드 직접실패 0.3s · 페이지 fetch 재시도: HTTP Error 403: Forbidden
[22:09:05] ⏱ 다운로드 fetch 0.1s size=505037 SRT_680.png
[22:09:05] ⏱ 다운로드구간 SRT_680 0.4s · SRT_680.png
[22:09:08] ⏱ 다운로드후유휴 SRT_680 2.5s · idle=True
[22:09:08] ⏱ 씬합계 SRT_680 23.7s · https://www.genspark.ai/api/files/s/bwyb9vri
[22:09:08] SRT_680 생성·다운로드 완료
C:\cursor\wuxia\무협극장\검신귀환록\2부\13장\png\SRT_680.png
[22:09:08] 상태키 SRT_700 · Baek|base; Jin≈19|wounded_shoulder
[22:09:08] run_scene 시작 SRT_700 · seen_files=35 · last_saved=https://www.genspark.ai/api/files/s/bwyb9vri
[22:09:08] ⏱ 준비 SRT_700 0.0s · chars=2461
[22:09:10] ⏱ 다음명령유휴 SRT_700 1.5s · idle=True
[22:09:10] fill OK(clip) follow=True chars=2461
[22:09:10] submit 시작 composer=2461 url=https://www.genspark.ai/agents?id=dfc736ff-1fb0-4e61-8de1-fd5978d9818d
[22:09:11] submit geo 실패 hit=no-btn
[22:09:11] submit 시도 method=geo geo=False
[22:09:11] submit 미확인 method=geo generating=False composer=2461
[22:09:11] submit geo 실패 hit=no-btn
[22:09:11] submit 시도 method=send send=False
[22:09:12] submit 미확인 method=send generating=False composer=2461
[22:09:12] submit 시도 method=ctrl
[22:09:13] submit 미확인 method=ctrl generating=False composer=2463
[22:09:13] submit 시도 method=enter
[22:09:14] submit 확인 method=enter generating=False composer=0
[22:09:14] ⏱ 입력·전송 SRT_700 4.2s · chars=2461
[22:09:14] 제출 후 last_saved=https://www.genspark.ai/api/files/s/bwyb9vri
[22:09:14] ⏱ 생성대기 시작 SRT_700 max=120s
[22:09:29] ⏱ 생성대기 완료 14.9s SRT_700 https://www.genspark.ai/api/files/s/oxit7npm
[22:09:29] ⏱ 생성대기구간 SRT_700 14.9s · ok=True
[22:09:29] SRT_700 근접 이미지 https://www.genspark.ai/api/files/s/oxit7npm
[22:09:29] 다운로드 files URL=https://www.genspark.ai/api/files/s/oxit7npm → SRT_700.png
[22:09:29] ⏱ 다운로드 직접실패 0.2s · 페이지 fetch 재시도: HTTP Error 403: Forbidden
[22:09:29] ⏱ 다운로드 fetch 0.1s size=560489 SRT_700.png
[22:09:29] ⏱ 다운로드구간 SRT_700 0.3s · SRT_700.png
[22:09:31] ⏱ 다운로드후유휴 SRT_700 1.4s · idle=True
[22:09:31] ⏱ 씬합계 SRT_700 22.6s · https://www.genspark.ai/api/files/s/oxit7npm
[22:09:31] SRT_700 생성·다운로드 완료
C:\cursor\wuxia\무협극장\검신귀환록\2부\13장\png\SRT_700.png
[22:09:31] 상태키 SRT_720 · Baek|base; Jin≈19|wounded_shoulder
[22:09:31] run_scene 시작 SRT_720 · seen_files=36 · last_saved=https://www.genspark.ai/api/files/s/oxit7npm
[22:09:31] ⏱ 준비 SRT_720 0.0s · chars=2467
[22:09:32] ⏱ 다음명령유휴 SRT_720 1.5s · idle=True
[22:09:33] fill OK(clip) follow=True chars=2467
[22:09:33] submit 시작 composer=2467 url=https://www.genspark.ai/agents?id=dfc736ff-1fb0-4e61-8de1-fd5978d9818d
[22:09:33] submit geo 실패 hit=no-btn
[22:09:33] submit 시도 method=geo geo=False
[22:09:34] submit 미확인 method=geo generating=False composer=2467
[22:09:34] submit geo 실패 hit=no-btn
[22:09:34] submit 시도 method=send send=False
[22:09:35] submit 미확인 method=send generating=False composer=2467
[22:09:35] submit 시도 method=ctrl
[22:09:36] submit 미확인 method=ctrl generating=False composer=2469
[22:09:36] submit 시도 method=enter
[22:09:36] submit 확인 method=enter generating=False composer=0
[22:09:36] ⏱ 입력·전송 SRT_720 4.0s · chars=2467
[22:09:36] 제출 후 last_saved=https://www.genspark.ai/api/files/s/oxit7npm
[22:09:37] ⏱ 생성대기 시작 SRT_720 max=120s
[22:09:50] ⏱ 생성대기 완료(busy무시) 13.0s SRT_720 https://www.genspark.ai/api/files/s/cfddhjfs
[22:09:50] ⏱ 생성대기구간 SRT_720 13.0s · ok=True
[22:09:50] SRT_720 근접 이미지 https://www.genspark.ai/api/files/s/cfddhjfs
[22:09:50] 다운로드 files URL=https://www.genspark.ai/api/files/s/cfddhjfs → SRT_720.png
[22:09:50] ⏱ 다운로드 직접실패 0.3s · 페이지 fetch 재시도: HTTP Error 403: Forbidden
[22:09:50] ⏱ 다운로드 fetch 0.1s size=591429 SRT_720.png
[22:09:50] ⏱ 다운로드구간 SRT_720 0.4s · SRT_720.png
[22:09:52] ⏱ 다운로드후유휴 SRT_720 1.8s · idle=True
[22:09:52] ⏱ 씬합계 SRT_720 20.9s · https://www.genspark.ai/api/files/s/cfddhjfs
[22:09:52] SRT_720 생성·다운로드 완료
C:\cursor\wuxia\무협극장\검신귀환록\2부\13장\png\SRT_720.png
[22:09:52] 상태키 SRT_740 · Baek|base; Jin≈19|blood_robe
[22:09:52] run_scene 시작 SRT_740 · seen_files=37 · last_saved=https://www.genspark.ai/api/files/s/cfddhjfs
[22:09:52] ⏱ 준비 SRT_740 0.0s · chars=2163
[22:09:53] ⏱ 다음명령유휴 SRT_740 1.4s · idle=True
[22:09:54] fill OK(clip) follow=True chars=2163
[22:09:54] submit 시작 composer=2163 url=https://www.genspark.ai/agents?id=dfc736ff-1fb0-4e61-8de1-fd5978d9818d
[22:09:54] submit geo 실패 hit=no-btn
[22:09:54] submit 시도 method=geo geo=False
[22:09:55] submit 미확인 method=geo generating=False composer=2163
[22:09:55] submit geo 실패 hit=no-btn
[22:09:55] submit 시도 method=send send=False
[22:09:56] submit 미확인 method=send generating=False composer=2163
[22:09:56] submit 시도 method=ctrl
[22:09:57] submit 미확인 method=ctrl generating=False composer=2165
[22:09:57] submit 시도 method=enter
[22:09:58] submit 확인 method=enter generating=False composer=0
[22:09:58] ⏱ 입력·전송 SRT_740 4.2s · chars=2163
[22:09:58] 제출 후 last_saved=https://www.genspark.ai/api/files/s/cfddhjfs
[22:09:58] ⏱ 생성대기 시작 SRT_740 max=120s
[22:10:13] ⏱ 생성대기 진행 15.1s SRT_740 busy=True url_ok=False src=
[22:10:14] ⏱ 생성대기 완료 16.6s SRT_740 https://www.genspark.ai/api/files/s/0w0iwcmx
[22:10:14] ⏱ 생성대기구간 SRT_740 16.6s · ok=True
[22:10:15] SRT_740 근접 이미지 https://www.genspark.ai/api/files/s/0w0iwcmx
[22:10:15] 다운로드 files URL=https://www.genspark.ai/api/files/s/0w0iwcmx → SRT_740.png
[22:10:15] ⏱ 다운로드 직접실패 0.2s · 페이지 fetch 재시도: HTTP Error 403: Forbidden
[22:10:15] ⏱ 다운로드 fetch 0.1s size=527586 SRT_740.png
[22:10:15] ⏱ 다운로드구간 SRT_740 0.3s · SRT_740.png
[22:10:16] ⏱ 다운로드후유휴 SRT_740 1.3s · idle=True
[22:10:16] ⏱ 씬합계 SRT_740 24.2s · https://www.genspark.ai/api/files/s/0w0iwcmx
[22:10:16] SRT_740 생성·다운로드 완료
C:\cursor\wuxia\무협극장\검신귀환록\2부\13장\png\SRT_740.png
[22:10:16] 상태키 SRT_760 · Baek|base; Jin≈19|blood_robe
[22:10:16] run_scene 시작 SRT_760 · seen_files=38 · last_saved=https://www.genspark.ai/api/files/s/0w0iwcmx
[22:10:16] ⏱ 준비 SRT_760 0.0s · chars=2152
[22:10:18] ⏱ 다음명령유휴 SRT_760 1.4s · idle=True
[22:10:18] fill OK(clip) follow=True chars=2152
[22:10:18] submit 시작 composer=2152 url=https://www.genspark.ai/agents?id=dfc736ff-1fb0-4e61-8de1-fd5978d9818d
[22:10:19] submit geo 실패 hit=no-btn
[22:10:19] submit 시도 method=geo geo=False
[22:10:19] submit 미확인 method=geo generating=False composer=2152
[22:10:20] submit geo 실패 hit=no-btn
[22:10:20] submit 시도 method=send send=False
[22:10:20] submit 미확인 method=send generating=False composer=2152
[22:10:20] submit 시도 method=ctrl
[22:10:21] submit 미확인 method=ctrl generating=False composer=2154
[22:10:21] submit 시도 method=enter
[22:10:22] submit 확인 method=enter generating=False composer=0
[22:10:22] ⏱ 입력·전송 SRT_760 4.2s · chars=2152
[22:10:22] 제출 후 last_saved=https://www.genspark.ai/api/files/s/0w0iwcmx
[22:10:22] ⏱ 생성대기 시작 SRT_760 max=120s
[22:10:35] ⏱ 생성대기 완료(busy무시) 12.9s SRT_760 https://www.genspark.ai/api/files/s/a3qrwlop
[22:10:35] ⏱ 생성대기구간 SRT_760 12.9s · ok=True
[22:10:35] SRT_760 근접 이미지 https://www.genspark.ai/api/files/s/a3qrwlop
[22:10:35] 다운로드 files URL=https://www.genspark.ai/api/files/s/a3qrwlop → SRT_760.png
[22:10:36] ⏱ 다운로드 직접실패 0.5s · 페이지 fetch 재시도: HTTP Error 403: Forbidden
[22:10:36] ⏱ 다운로드 fetch 0.1s size=596178 SRT_760.png
[22:10:36] ⏱ 다운로드구간 SRT_760 0.6s · SRT_760.png
[22:10:37] ⏱ 다운로드후유휴 SRT_760 1.5s · idle=True
[22:10:37] ⏱ 씬합계 SRT_760 20.9s · https://www.genspark.ai/api/files/s/a3qrwlop
[22:10:37] SRT_760 생성·다운로드 완료
C:\cursor\wuxia\무협극장\검신귀환록\2부\13장\png\SRT_760.png
[22:10:37] 상태키 SRT_780 · Baek|base; Jin≈19|blood_robe
[22:10:37] run_scene 시작 SRT_780 · seen_files=39 · last_saved=https://www.genspark.ai/api/files/s/a3qrwlop
[22:10:37] ⏱ 준비 SRT_780 0.0s · chars=2489
[22:10:39] ⏱ 다음명령유휴 SRT_780 1.3s · idle=True
[22:10:39] fill OK(clip) follow=True chars=2489
[22:10:39] submit 시작 composer=2489 url=https://www.genspark.ai/agents?id=dfc736ff-1fb0-4e61-8de1-fd5978d9818d
[22:10:40] submit geo 실패 hit=no-btn
[22:10:40] submit 시도 method=geo geo=False
[22:10:40] submit 미확인 method=geo generating=False composer=2489
[22:10:41] submit geo 실패 hit=no-btn
[22:10:41] submit 시도 method=send send=False
[22:10:41] submit 미확인 method=send generating=False composer=2489
[22:10:42] submit 시도 method=ctrl
[22:10:42] submit 미확인 method=ctrl generating=False composer=2491
[22:10:43] submit 시도 method=enter
[22:10:43] submit 확인 method=enter generating=False composer=0
[22:10:43] ⏱ 입력·전송 SRT_780 4.3s · chars=2489
[22:10:43] 제출 후 last_saved=https://www.genspark.ai/api/files/s/a3qrwlop
[22:10:43] ⏱ 생성대기 시작 SRT_780 max=120s
[22:10:56] ⏱ 생성대기 완료(busy무시) 12.7s SRT_780 https://www.genspark.ai/api/files/s/bivtm5xf
[22:10:56] ⏱ 생성대기구간 SRT_780 12.7s · ok=True
[22:10:56] SRT_780 근접 이미지 https://www.genspark.ai/api/files/s/bivtm5xf
[22:10:56] 다운로드 files URL=https://www.genspark.ai/api/files/s/bivtm5xf → SRT_780.png
[22:10:56] ⏱ 다운로드 직접실패 0.3s · 페이지 fetch 재시도: HTTP Error 403: Forbidden
[22:10:56] ⏱ 다운로드 fetch 0.1s size=611217 SRT_780.png
[22:10:56] ⏱ 다운로드구간 SRT_780 0.4s · SRT_780.png
[22:11:00] ⏱ 다운로드후유휴 SRT_780 3.2s · idle=True
[22:11:00] ⏱ 씬합계 SRT_780 22.2s · https://www.genspark.ai/api/files/s/bivtm5xf
[22:11:00] SRT_780 생성·다운로드 완료
C:\cursor\wuxia\무협극장\검신귀환록\2부\13장\png\SRT_780.png
[22:11:00] 상태키 SRT_800 · Baek|base; Jin≈19|blood_robe
[22:11:00] run_scene 시작 SRT_800 · seen_files=40 · last_saved=https://www.genspark.ai/api/files/s/bivtm5xf
[22:11:00] ⏱ 준비 SRT_800 0.0s · chars=2158
[22:11:01] ⏱ 다음명령유휴 SRT_800 1.3s · idle=True
[22:11:02] fill OK(clip) follow=True chars=2158
[22:11:02] submit 시작 composer=2158 url=https://www.genspark.ai/agents?id=dfc736ff-1fb0-4e61-8de1-fd5978d9818d
[22:11:02] submit geo 실패 hit=no-btn
[22:11:02] submit 시도 method=geo geo=False
[22:11:03] submit 미확인 method=geo generating=False composer=2158
[22:11:03] submit geo 실패 hit=no-btn
[22:11:03] submit 시도 method=send send=False
[22:11:04] submit 미확인 method=send generating=False composer=2158
[22:11:04] submit 시도 method=ctrl
[22:11:05] submit 미확인 method=ctrl generating=False composer=2160
[22:11:05] submit 시도 method=enter
[22:11:05] submit 확인 method=enter generating=False composer=0
[22:11:05] ⏱ 입력·전송 SRT_800 4.3s · chars=2158
[22:11:05] 제출 후 last_saved=https://www.genspark.ai/api/files/s/bivtm5xf
[22:11:06] ⏱ 생성대기 시작 SRT_800 max=120s
[22:11:17] ⏱ 생성대기 완료 11.7s SRT_800 https://www.genspark.ai/api/files/s/tkcnqyp8
[22:11:17] ⏱ 생성대기구간 SRT_800 11.7s · ok=True
[22:11:17] SRT_800 근접 이미지 https://www.genspark.ai/api/files/s/tkcnqyp8
[22:11:17] 다운로드 files URL=https://www.genspark.ai/api/files/s/tkcnqyp8 → SRT_800.png
[22:11:18] ⏱ 다운로드 직접실패 0.2s · 페이지 fetch 재시도: HTTP Error 403: Forbidden
[22:11:18] ⏱ 다운로드 fetch 0.1s size=420670 SRT_800.png
[22:11:18] ⏱ 다운로드구간 SRT_800 0.3s · SRT_800.png
[22:11:24] ⏱ 다운로드후유휴 SRT_800 6.3s · idle=True
[22:11:24] ⏱ 씬합계 SRT_800 24.2s · https://www.genspark.ai/api/files/s/tkcnqyp8
[22:11:24] SRT_800 생성·다운로드 완료
C:\cursor\wuxia\무협극장\검신귀환록\2부\13장\png\SRT_800.png
[22:11:24] 상태키 SRT_820 · Baek|base; Jin≈19|blood_robe
[22:11:24] run_scene 시작 SRT_820 · seen_files=41 · last_saved=https://www.genspark.ai/api/files/s/tkcnqyp8
[22:11:24] ⏱ 준비 SRT_820 0.0s · chars=2161
[22:11:26] ⏱ 다음명령유휴 SRT_820 1.7s · idle=True
[22:11:27] fill OK(clip) follow=True chars=2161
[22:11:27] submit 시작 composer=2161 url=https://www.genspark.ai/agents?id=dfc736ff-1fb0-4e61-8de1-fd5978d9818d
[22:11:27] submit geo 실패 hit=no-btn
[22:11:27] submit 시도 method=geo geo=False
[22:11:27] submit 미확인 method=geo generating=False composer=2161
[22:11:28] submit geo 실패 hit=no-btn
[22:11:28] submit 시도 method=send send=False
[22:11:28] submit 미확인 method=send generating=False composer=2161
[22:11:29] submit 시도 method=ctrl
[22:11:29] submit 미확인 method=ctrl generating=False composer=2163
[22:11:30] submit 시도 method=enter
[22:11:30] submit 확인 method=enter generating=False composer=0
[22:11:30] ⏱ 입력·전송 SRT_820 4.2s · chars=2161
[22:11:30] 제출 후 last_saved=https://www.genspark.ai/api/files/s/tkcnqyp8
[22:11:30] ⏱ 생성대기 시작 SRT_820 max=120s
[22:11:41] ⏱ 생성대기 완료(busy무시) 10.9s SRT_820 https://www.genspark.ai/api/files/s/zsunjf7o
[22:11:41] ⏱ 생성대기구간 SRT_820 10.9s · ok=True
[22:11:41] SRT_820 근접 이미지 https://www.genspark.ai/api/files/s/zsunjf7o
[22:11:41] 다운로드 files URL=https://www.genspark.ai/api/files/s/zsunjf7o → SRT_820.png
[22:11:42] ⏱ 다운로드 직접실패 0.3s · 페이지 fetch 재시도: HTTP Error 403: Forbidden
[22:11:42] ⏱ 다운로드 fetch 0.1s size=397643 SRT_820.png
[22:11:42] ⏱ 다운로드구간 SRT_820 0.4s · SRT_820.png
[22:11:46] ⏱ 다운로드후유휴 SRT_820 4.1s · idle=True
[22:11:46] ⏱ 씬합계 SRT_820 21.5s · https://www.genspark.ai/api/files/s/zsunjf7o
[22:11:46] SRT_820 생성·다운로드 완료
C:\cursor\wuxia\무협극장\검신귀환록\2부\13장\png\SRT_820.png
[22:11:46] 상태키 SRT_840 · Baek|base; Jin≈19|blood_robe
[22:11:46] run_scene 시작 SRT_840 · seen_files=42 · last_saved=https://www.genspark.ai/api/files/s/zsunjf7o
[22:11:46] ⏱ 준비 SRT_840 0.0s · chars=1598
[22:11:47] ⏱ 다음명령유휴 SRT_840 1.4s · idle=True
[22:11:48] fill OK(clip) follow=True chars=1598
[22:11:48] submit 시작 composer=1598 url=https://www.genspark.ai/agents?id=dfc736ff-1fb0-4e61-8de1-fd5978d9818d
[22:11:48] submit geo 실패 hit=no-btn
[22:11:48] submit 시도 method=geo geo=False
[22:11:49] submit 미확인 method=geo generating=False composer=1598
[22:11:49] submit geo 실패 hit=no-btn
[22:11:49] submit 시도 method=send send=False
[22:11:50] submit 미확인 method=send generating=False composer=1598
[22:11:50] submit 시도 method=ctrl
[22:11:51] submit 미확인 method=ctrl generating=False composer=1600
[22:11:51] submit 시도 method=enter
[22:11:52] submit 확인 method=enter generating=False composer=0
[22:11:52] ⏱ 입력·전송 SRT_840 4.3s · chars=1598
[22:11:52] 제출 후 last_saved=https://www.genspark.ai/api/files/s/zsunjf7o
[22:11:52] ⏱ 생성대기 시작 SRT_840 max=120s
[22:12:05] ⏱ 생성대기 완료 12.7s SRT_840 https://www.genspark.ai/api/files/s/aqioxtmm
[22:12:05] ⏱ 생성대기구간 SRT_840 12.7s · ok=True
[22:12:05] SRT_840 근접 이미지 https://www.genspark.ai/api/files/s/aqioxtmm
[22:12:05] 다운로드 files URL=https://www.genspark.ai/api/files/s/aqioxtmm → SRT_840.png
[22:12:05] ⏱ 다운로드 직접실패 0.3s · 페이지 fetch 재시도: HTTP Error 403: Forbidden
[22:12:05] ⏱ 다운로드 fetch 0.1s size=654751 SRT_840.png
[22:12:05] ⏱ 다운로드구간 SRT_840 0.4s · SRT_840.png
[22:12:07] ⏱ 다운로드후유휴 SRT_840 1.6s · idle=True
[22:12:07] ⏱ 씬합계 SRT_840 20.8s · https://www.genspark.ai/api/files/s/aqioxtmm
[22:12:07] SRT_840 생성·다운로드 완료
C:\cursor\wuxia\무협극장\검신귀환록\2부\13장\png\SRT_840.png
[22:12:07] 상태키 SRT_860 · Baek|base; Jin≈19|blood_robe
[22:12:07] run_scene 시작 SRT_860 · seen_files=43 · last_saved=https://www.genspark.ai/api/files/s/aqioxtmm
[22:12:07] ⏱ 준비 SRT_860 0.0s · chars=2144
[22:12:11] ⏱ 다음명령유휴 SRT_860 4.0s · idle=True
[22:12:11] fill OK(clip) follow=True chars=2144
[22:12:11] submit 시작 composer=2144 url=https://www.genspark.ai/agents?id=dfc736ff-1fb0-4e61-8de1-fd5978d9818d
[22:12:12] submit geo 실패 hit=no-btn
[22:12:12] submit 시도 method=geo geo=False
[22:12:12] submit 미확인 method=geo generating=False composer=2144
[22:12:13] submit geo 실패 hit=no-btn
[22:12:13] submit 시도 method=send send=False
[22:12:13] submit 미확인 method=send generating=False composer=2144
[22:12:13] submit 시도 method=ctrl
[22:12:14] submit 미확인 method=ctrl generating=False composer=2146
[22:12:14] submit 시도 method=enter
[22:12:15] submit 확인 method=enter generating=False composer=0
[22:12:15] ⏱ 입력·전송 SRT_860 4.1s · chars=2144
[22:12:15] 제출 후 last_saved=https://www.genspark.ai/api/files/s/aqioxtmm
[22:12:15] ⏱ 생성대기 시작 SRT_860 max=120s
[22:12:28] ⏱ 생성대기 완료(busy무시) 12.9s SRT_860 https://www.genspark.ai/api/files/s/lkdxf2ei
[22:12:28] ⏱ 생성대기구간 SRT_860 12.9s · ok=True
[22:12:28] SRT_860 근접 이미지 https://www.genspark.ai/api/files/s/lkdxf2ei
[22:12:28] 다운로드 files URL=https://www.genspark.ai/api/files/s/lkdxf2ei → SRT_860.png
[22:12:28] ⏱ 다운로드 직접실패 0.2s · 페이지 fetch 재시도: HTTP Error 403: Forbidden
[22:12:28] ⏱ 다운로드 fetch 0.1s size=483725 SRT_860.png
[22:12:28] ⏱ 다운로드구간 SRT_860 0.4s · SRT_860.png
[22:12:30] ⏱ 다운로드후유휴 SRT_860 1.6s · idle=True
[22:12:30] ⏱ 씬합계 SRT_860 23.2s · https://www.genspark.ai/api/files/s/lkdxf2ei
[22:12:30] SRT_860 생성·다운로드 완료
C:\cursor\wuxia\무협극장\검신귀환록\2부\13장\png\SRT_860.png
[22:12:30] 상태키 SRT_880 · Baek|base; Jin≈19|blood_robe
[22:12:30] run_scene 시작 SRT_880 · seen_files=44 · last_saved=https://www.genspark.ai/api/files/s/lkdxf2ei
[22:12:30] ⏱ 준비 SRT_880 0.0s · chars=2162
[22:12:32] ⏱ 다음명령유휴 SRT_880 1.5s · idle=True
[22:12:32] fill OK(clip) follow=True chars=2162
[22:12:32] submit 시작 composer=2162 url=https://www.genspark.ai/agents?id=dfc736ff-1fb0-4e61-8de1-fd5978d9818d
[22:12:32] submit geo 실패 hit=no-btn
[22:12:32] submit 시도 method=geo geo=False
[22:12:33] submit 미확인 method=geo generating=False composer=2162
[22:12:33] submit geo 실패 hit=no-btn
[22:12:33] submit 시도 method=send send=False
[22:12:34] submit 미확인 method=send generating=False composer=2162
[22:12:34] submit 시도 method=ctrl
[22:12:35] submit 미확인 method=ctrl generating=False composer=2164
[22:12:35] submit 시도 method=enter
[22:12:36] submit 확인 method=enter generating=False composer=0
[22:12:36] ⏱ 입력·전송 SRT_880 4.1s · chars=2162
[22:12:36] 제출 후 last_saved=https://www.genspark.ai/api/files/s/lkdxf2ei
[22:12:36] ⏱ 생성대기 시작 SRT_880 max=120s
[22:12:48] ⏱ 생성대기 완료(busy무시) 12.3s SRT_880 https://www.genspark.ai/api/files/s/4iblz1lh
[22:12:48] ⏱ 생성대기구간 SRT_880 12.3s · ok=True
[22:12:48] SRT_880 근접 이미지 https://www.genspark.ai/api/files/s/4iblz1lh
[22:12:48] 다운로드 files URL=https://www.genspark.ai/api/files/s/4iblz1lh → SRT_880.png
[22:12:49] ⏱ 다운로드 직접실패 0.2s · 페이지 fetch 재시도: HTTP Error 403: Forbidden
[22:12:49] ⏱ 다운로드 fetch 0.1s size=534665 SRT_880.png
[22:12:49] ⏱ 다운로드구간 SRT_880 0.3s · SRT_880.png
[22:12:51] ⏱ 다운로드후유휴 SRT_880 2.0s · idle=True
[22:12:51] ⏱ 씬합계 SRT_880 20.5s · https://www.genspark.ai/api/files/s/4iblz1lh
[22:12:51] SRT_880 생성·다운로드 완료
C:\cursor\wuxia\무협극장\검신귀환록\2부\13장\png\SRT_880.png
[22:12:51] 상태키 SRT_900 · Baek|base; Jin≈19|blood_robe
[22:12:51] run_scene 시작 SRT_900 · seen_files=45 · last_saved=https://www.genspark.ai/api/files/s/4iblz1lh
[22:12:51] ⏱ 준비 SRT_900 0.0s · chars=1638
[22:12:52] ⏱ 다음명령유휴 SRT_900 1.6s · idle=True
[22:12:53] fill OK(clip) follow=True chars=1638
[22:12:53] submit 시작 composer=1638 url=https://www.genspark.ai/agents?id=dfc736ff-1fb0-4e61-8de1-fd5978d9818d
[22:12:53] submit geo 실패 hit=no-btn
[22:12:53] submit 시도 method=geo geo=False
[22:12:54] submit 미확인 method=geo generating=False composer=1638
[22:12:54] submit geo 실패 hit=no-btn
[22:12:54] submit 시도 method=send send=False
[22:12:55] submit 미확인 method=send generating=False composer=1638
[22:12:55] submit 시도 method=ctrl
[22:12:56] submit 미확인 method=ctrl generating=False composer=1640
[22:12:56] submit 시도 method=enter
[22:12:57] submit 확인 method=enter generating=False composer=0
[22:12:57] ⏱ 입력·전송 SRT_900 4.3s · chars=1638
[22:12:57] 제출 후 last_saved=https://www.genspark.ai/api/files/s/4iblz1lh
[22:12:57] ⏱ 생성대기 시작 SRT_900 max=120s
[22:13:12] ⏱ 생성대기 진행 15.4s SRT_900 busy=False url_ok=False src=
[22:13:13] ⏱ 생성대기 완료(busy무시) 16.4s SRT_900 https://www.genspark.ai/api/files/s/rexcvssa
[22:13:13] ⏱ 생성대기구간 SRT_900 16.4s · ok=True
[22:13:13] SRT_900 근접 이미지 https://www.genspark.ai/api/files/s/rexcvssa
[22:13:13] 다운로드 files URL=https://www.genspark.ai/api/files/s/rexcvssa → SRT_900.png
[22:13:14] ⏱ 다운로드 직접실패 0.2s · 페이지 fetch 재시도: HTTP Error 403: Forbidden
[22:13:14] ⏱ 다운로드 fetch 0.1s size=455238 SRT_900.png
[22:13:14] ⏱ 다운로드구간 SRT_900 0.3s · SRT_900.png
[22:13:16] ⏱ 다운로드후유휴 SRT_900 2.3s · idle=True
[22:13:16] ⏱ 씬합계 SRT_900 25.1s · https://www.genspark.ai/api/files/s/rexcvssa
[22:13:16] SRT_900 생성·다운로드 완료
C:\cursor\wuxia\무협극장\검신귀환록\2부\13장\png\SRT_900.png
[22:13:16] 상태키 SRT_920 · Baek|base; Jin≈19|blood_robe
[22:13:16] run_scene 시작 SRT_920 · seen_files=46 · last_saved=https://www.genspark.ai/api/files/s/rexcvssa
[22:13:16] ⏱ 준비 SRT_920 0.0s · chars=1656
[22:13:17] ⏱ 다음명령유휴 SRT_920 1.4s · idle=True
[22:13:18] fill OK(clip) follow=True chars=1656
[22:13:18] submit 시작 composer=1656 url=https://www.genspark.ai/agents?id=dfc736ff-1fb0-4e61-8de1-fd5978d9818d
[22:13:18] submit geo 실패 hit=no-btn
[22:13:18] submit 시도 method=geo geo=False
[22:13:19] submit 미확인 method=geo generating=False composer=1656
[22:13:19] submit geo 실패 hit=no-btn
[22:13:19] submit 시도 method=send send=False
[22:13:20] submit 미확인 method=send generating=False composer=1656
[22:13:20] submit 시도 method=ctrl
[22:13:21] submit 미확인 method=ctrl generating=False composer=1658
[22:13:21] submit 시도 method=enter
[22:13:22] submit 확인 method=enter generating=False composer=0
[22:13:22] ⏱ 입력·전송 SRT_920 4.2s · chars=1656
[22:13:22] 제출 후 last_saved=https://www.genspark.ai/api/files/s/rexcvssa
[22:13:22] ⏱ 생성대기 시작 SRT_920 max=120s
[22:13:35] ⏱ 생성대기 완료 13.6s SRT_920 https://www.genspark.ai/api/files/s/fxgaq0wh
[22:13:35] ⏱ 생성대기구간 SRT_920 13.6s · ok=True
[22:13:36] SRT_920 근접 이미지 https://www.genspark.ai/api/files/s/fxgaq0wh
[22:13:36] 다운로드 files URL=https://www.genspark.ai/api/files/s/fxgaq0wh → SRT_920.png
[22:13:36] ⏱ 다운로드 직접실패 0.2s · 페이지 fetch 재시도: HTTP Error 403: Forbidden
[22:13:36] ⏱ 다운로드 fetch 0.1s size=402607 SRT_920.png
[22:13:36] ⏱ 다운로드구간 SRT_920 0.4s · SRT_920.png
[22:13:37] ⏱ 다운로드후유휴 SRT_920 1.5s · idle=True
[22:13:37] ⏱ 씬합계 SRT_920 21.2s · https://www.genspark.ai/api/files/s/fxgaq0wh
[22:13:37] SRT_920 생성·다운로드 완료
C:\cursor\wuxia\무협극장\검신귀환록\2부\13장\png\SRT_920.png
[22:13:37] 상태키 SRT_940 · Baek|base; Jin≈19|blood_robe
[22:13:37] run_scene 시작 SRT_940 · seen_files=47 · last_saved=https://www.genspark.ai/api/files/s/fxgaq0wh
[22:13:38] ⏱ 준비 SRT_940 0.0s · chars=2468
[22:13:39] ⏱ 다음명령유휴 SRT_940 1.6s · idle=True
[22:13:40] fill OK(clip) follow=True chars=2468
[22:13:40] submit 시작 composer=2468 url=https://www.genspark.ai/agents?id=dfc736ff-1fb0-4e61-8de1-fd5978d9818d
[22:13:40] submit geo 실패 hit=no-btn
[22:13:40] submit 시도 method=geo geo=False
[22:13:41] submit 미확인 method=geo generating=False composer=2468
[22:13:41] submit geo 실패 hit=no-btn
[22:13:41] submit 시도 method=send send=False
[22:13:42] submit 미확인 method=send generating=False composer=2468
[22:13:42] submit 시도 method=ctrl
[22:13:43] submit 미확인 method=ctrl generating=False composer=2470
[22:13:43] submit 시도 method=enter
[22:13:43] submit 확인 method=enter generating=False composer=0
[22:13:43] ⏱ 입력·전송 SRT_940 4.3s · chars=2468
[22:13:43] 제출 후 last_saved=https://www.genspark.ai/api/files/s/fxgaq0wh
[22:13:44] ⏱ 생성대기 시작 SRT_940 max=120s
[22:13:58] ⏱ 생성대기 완료(busy무시) 13.9s SRT_940 https://www.genspark.ai/api/files/s/7qigvlnd
[22:13:58] ⏱ 생성대기구간 SRT_940 13.9s · ok=True
[22:13:58] SRT_940 근접 이미지 https://www.genspark.ai/api/files/s/7qigvlnd
[22:13:58] 다운로드 files URL=https://www.genspark.ai/api/files/s/7qigvlnd → SRT_940.png
[22:13:58] ⏱ 다운로드 직접실패 0.3s · 페이지 fetch 재시도: HTTP Error 403: Forbidden
[22:13:58] ⏱ 다운로드 fetch 0.1s size=503082 SRT_940.png
[22:13:58] ⏱ 다운로드구간 SRT_940 0.4s · SRT_940.png
[22:14:00] ⏱ 다운로드후유휴 SRT_940 2.2s · idle=True
[22:14:00] ⏱ 씬합계 SRT_940 22.6s · https://www.genspark.ai/api/files/s/7qigvlnd
[22:14:00] SRT_940 생성·다운로드 완료
C:\cursor\wuxia\무협극장\검신귀환록\2부\13장\png\SRT_940.png
[22:14:00] 상태키 SRT_960 · Baek|base; Jin≈19|blood_robe
[22:14:00] run_scene 시작 SRT_960 · seen_files=48 · last_saved=https://www.genspark.ai/api/files/s/7qigvlnd
[22:14:00] ⏱ 준비 SRT_960 0.0s · chars=1398
[22:14:02] ⏱ 다음명령유휴 SRT_960 1.4s · idle=True
[22:14:02] fill OK(clip) follow=True chars=1398
[22:14:02] submit 시작 composer=1398 url=https://www.genspark.ai/agents?id=dfc736ff-1fb0-4e61-8de1-fd5978d9818d
[22:14:03] submit geo 실패 hit=no-btn
[22:14:03] submit 시도 method=geo geo=False
[22:14:03] submit 미확인 method=geo generating=False composer=1398
[22:14:03] submit geo 실패 hit=no-btn
[22:14:03] submit 시도 method=send send=False
[22:14:04] submit 미확인 method=send generating=False composer=1398
[22:14:04] submit 시도 method=ctrl
[22:14:05] submit 미확인 method=ctrl generating=False composer=1400
[22:14:05] submit 시도 method=enter
[22:14:06] submit 확인 method=enter generating=False composer=0
[22:14:06] ⏱ 입력·전송 SRT_960 4.1s · chars=1398
[22:14:06] 제출 후 last_saved=https://www.genspark.ai/api/files/s/7qigvlnd
[22:14:06] ⏱ 생성대기 시작 SRT_960 max=120s
[22:14:16] ⏱ 생성대기 완료 10.0s SRT_960 https://www.genspark.ai/api/files/s/6qorzomw
[22:14:16] ⏱ 생성대기구간 SRT_960 10.0s · ok=True
[22:14:16] SRT_960 근접 이미지 https://www.genspark.ai/api/files/s/6qorzomw
[22:14:16] 다운로드 files URL=https://www.genspark.ai/api/files/s/6qorzomw → SRT_960.png
[22:14:16] ⏱ 다운로드 직접실패 0.2s · 페이지 fetch 재시도: HTTP Error 403: Forbidden
[22:14:16] ⏱ 다운로드 fetch 0.1s size=577147 SRT_960.png
[22:14:16] ⏱ 다운로드구간 SRT_960 0.3s · SRT_960.png
[22:14:24] ⏱ 다운로드후유휴 SRT_960 7.7s · idle=True
[22:14:24] ⏱ 씬합계 SRT_960 23.9s · https://www.genspark.ai/api/files/s/6qorzomw
[22:14:24] SRT_960 생성·다운로드 완료
C:\cursor\wuxia\무협극장\검신귀환록\2부\13장\png\SRT_960.png
[22:14:24] 상태키 SRT_980 · Baek|base; Jin≈19|blood_robe
[22:14:24] run_scene 시작 SRT_980 · seen_files=49 · last_saved=https://www.genspark.ai/api/files/s/6qorzomw
[22:14:24] ⏱ 준비 SRT_980 0.0s · chars=2447
[22:14:26] ⏱ 다음명령유휴 SRT_980 1.5s · idle=True
[22:14:27] fill OK(clip) follow=True chars=2447
[22:14:27] submit 시작 composer=2447 url=https://www.genspark.ai/agents?id=dfc736ff-1fb0-4e61-8de1-fd5978d9818d
[22:14:27] submit geo 실패 hit=no-btn
[22:14:27] submit 시도 method=geo geo=False
[22:14:27] submit 미확인 method=geo generating=False composer=2447
[22:14:28] submit geo 실패 hit=no-btn
[22:14:28] submit 시도 method=send send=False
[22:14:28] submit 미확인 method=send generating=False composer=2447
[22:14:29] submit 시도 method=ctrl
[22:14:29] submit 미확인 method=ctrl generating=False composer=2449
[22:14:30] submit 시도 method=enter
[22:14:30] submit 확인 method=enter generating=False composer=0
[22:14:30] ⏱ 입력·전송 SRT_980 4.3s · chars=2447
[22:14:30] 제출 후 last_saved=https://www.genspark.ai/api/files/s/6qorzomw
[22:14:30] ⏱ 생성대기 시작 SRT_980 max=120s
[22:14:41] ⏱ 생성대기 완료 11.1s SRT_980 https://www.genspark.ai/api/files/s/njtpn9rh
[22:14:41] ⏱ 생성대기구간 SRT_980 11.1s · ok=True
[22:14:41] SRT_980 근접 이미지 https://www.genspark.ai/api/files/s/njtpn9rh
[22:14:41] 다운로드 files URL=https://www.genspark.ai/api/files/s/njtpn9rh → SRT_980.png
[22:14:42] ⏱ 다운로드 직접실패 0.3s · 페이지 fetch 재시도: HTTP Error 403: Forbidden
[22:14:42] ⏱ 다운로드 fetch 0.1s size=433066 SRT_980.png
[22:14:42] ⏱ 다운로드구간 SRT_980 0.4s · SRT_980.png
[22:14:44] ⏱ 다운로드후유휴 SRT_980 1.9s · idle=True
[22:14:44] ⏱ 씬합계 SRT_980 19.4s · https://www.genspark.ai/api/files/s/njtpn9rh
[22:14:44] SRT_980 생성·다운로드 완료
C:\cursor\wuxia\무협극장\검신귀환록\2부\13장\png\SRT_980.png
[22:14:44] 상태키 SRT_1000 · Baek|base; Jin≈19|blood_robe
[22:14:44] run_scene 시작 SRT_1000 · seen_files=50 · last_saved=https://www.genspark.ai/api/files/s/njtpn9rh
[22:14:44] ⏱ 준비 SRT_1000 0.0s · chars=2493
[22:14:45] ⏱ 다음명령유휴 SRT_1000 1.3s · idle=True
[22:14:46] fill OK(clip) follow=True chars=2493
[22:14:46] submit 시작 composer=2493 url=https://www.genspark.ai/agents?id=dfc736ff-1fb0-4e61-8de1-fd5978d9818d
[22:14:46] submit geo 실패 hit=no-btn
[22:14:46] submit 시도 method=geo geo=False
[22:14:47] submit 미확인 method=geo generating=False composer=2493
[22:14:47] submit geo 실패 hit=no-btn
[22:14:47] submit 시도 method=send send=False
[22:14:48] submit 미확인 method=send generating=False composer=2493
[22:14:48] submit 시도 method=ctrl
[22:14:49] submit 미확인 method=ctrl generating=False composer=2495
[22:14:49] submit 시도 method=enter
[22:14:49] submit 확인 method=enter generating=False composer=0
[22:14:49] ⏱ 입력·전송 SRT_1000 4.2s · chars=2493
[22:14:49] 제출 후 last_saved=https://www.genspark.ai/api/files/s/njtpn9rh
[22:14:50] ⏱ 생성대기 시작 SRT_1000 max=120s
[22:15:00] ⏱ 생성대기 완료 10.8s SRT_1000 https://www.genspark.ai/api/files/s/lt4kzkks
[22:15:00] ⏱ 생성대기구간 SRT_1000 10.8s · ok=True
[22:15:01] SRT_1000 근접 이미지 https://www.genspark.ai/api/files/s/lt4kzkks
[22:15:01] 다운로드 files URL=https://www.genspark.ai/api/files/s/lt4kzkks → SRT_1000.png
[22:15:01] ⏱ 다운로드 직접실패 0.3s · 페이지 fetch 재시도: HTTP Error 403: Forbidden
[22:15:01] ⏱ 다운로드 fetch 0.1s size=533397 SRT_1000.png
[22:15:01] ⏱ 다운로드구간 SRT_1000 0.4s · SRT_1000.png
[22:15:05] ⏱ 다운로드후유휴 SRT_1000 3.7s · idle=True
[22:15:05] ⏱ 씬합계 SRT_1000 20.7s · https://www.genspark.ai/api/files/s/lt4kzkks
[22:15:05] SRT_1000 생성·다운로드 완료
C:\cursor\wuxia\무협극장\검신귀환록\2부\13장\png\SRT_1000.png
[22:15:05] 상태키 SRT_1020 · Baek|base; Jin≈19|blood_robe
[22:15:05] run_scene 시작 SRT_1020 · seen_files=51 · last_saved=https://www.genspark.ai/api/files/s/lt4kzkks
[22:15:05] ⏱ 준비 SRT_1020 0.0s · chars=2451
[22:15:06] ⏱ 다음명령유휴 SRT_1020 1.6s · idle=True
[22:15:07] fill OK(clip) follow=True chars=2451
[22:15:07] submit 시작 composer=2451 url=https://www.genspark.ai/agents?id=dfc736ff-1fb0-4e61-8de1-fd5978d9818d
[22:15:07] submit geo 실패 hit=no-btn
[22:15:07] submit 시도 method=geo geo=False
[22:15:08] submit 미확인 method=geo generating=False composer=2451
[22:15:08] submit geo 실패 hit=no-btn
[22:15:08] submit 시도 method=send send=False
[22:15:09] submit 미확인 method=send generating=False composer=2451
[22:15:09] submit 시도 method=ctrl
[22:15:10] submit 미확인 method=ctrl generating=False composer=2453
[22:15:10] submit 시도 method=enter
[22:15:11] submit 확인 method=enter generating=False composer=0
[22:15:11] ⏱ 입력·전송 SRT_1020 4.3s · chars=2451
[22:15:11] 제출 후 last_saved=https://www.genspark.ai/api/files/s/lt4kzkks
[22:15:11] ⏱ 생성대기 시작 SRT_1020 max=120s
[22:15:24] ⏱ 생성대기 완료(busy무시) 12.9s SRT_1020 https://www.genspark.ai/api/files/s/lvykpbk8
[22:15:24] ⏱ 생성대기구간 SRT_1020 12.9s · ok=True
[22:15:24] SRT_1020 근접 이미지 https://www.genspark.ai/api/files/s/lvykpbk8
[22:15:24] 다운로드 files URL=https://www.genspark.ai/api/files/s/lvykpbk8 → SRT_1020.png
[22:15:24] ⏱ 다운로드 직접실패 0.3s · 페이지 fetch 재시도: HTTP Error 403: Forbidden
[22:15:24] ⏱ 다운로드 fetch 0.1s size=490626 SRT_1020.png
[22:15:24] ⏱ 다운로드구간 SRT_1020 0.3s · SRT_1020.png
[22:15:26] ⏱ 다운로드후유휴 SRT_1020 2.1s · idle=True
[22:15:26] ⏱ 씬합계 SRT_1020 21.4s · https://www.genspark.ai/api/files/s/lvykpbk8
[22:15:26] SRT_1020 생성·다운로드 완료
C:\cursor\wuxia\무협극장\검신귀환록\2부\13장\png\SRT_1020.png
[22:15:26] 상태키 SRT_1040 · Baek|base; Jin≈19|blood_robe
[22:15:26] run_scene 시작 SRT_1040 · seen_files=52 · last_saved=https://www.genspark.ai/api/files/s/lvykpbk8
[22:15:26] ⏱ 준비 SRT_1040 0.0s · chars=2145
[22:15:28] ⏱ 다음명령유휴 SRT_1040 1.5s · idle=True
[22:15:29] fill OK(clip) follow=True chars=2145
[22:15:29] submit 시작 composer=2145 url=https://www.genspark.ai/agents?id=dfc736ff-1fb0-4e61-8de1-fd5978d9818d
[22:15:29] submit geo 실패 hit=no-btn
[22:15:29] submit 시도 method=geo geo=False
[22:15:29] submit 미확인 method=geo generating=False composer=2145
[22:15:30] submit geo 실패 hit=no-btn
[22:15:30] submit 시도 method=send send=False
[22:15:30] submit 미확인 method=send generating=False composer=2145
[22:15:31] submit 시도 method=ctrl
[22:15:31] submit 미확인 method=ctrl generating=False composer=2147
[22:15:32] submit 시도 method=enter
[22:15:32] submit 확인 method=enter generating=False composer=0
[22:15:32] ⏱ 입력·전송 SRT_1040 4.3s · chars=2145
[22:15:32] 제출 후 last_saved=https://www.genspark.ai/api/files/s/lvykpbk8
[22:15:32] ⏱ 생성대기 시작 SRT_1040 max=120s
[22:15:44] ⏱ 생성대기 완료 11.6s SRT_1040 https://www.genspark.ai/api/files/s/ojtnxs4d
[22:15:44] ⏱ 생성대기구간 SRT_1040 11.6s · ok=True
[22:15:44] SRT_1040 근접 이미지 https://www.genspark.ai/api/files/s/ojtnxs4d
[22:15:44] 다운로드 files URL=https://www.genspark.ai/api/files/s/ojtnxs4d → SRT_1040.png
[22:15:44] ⏱ 다운로드 직접실패 0.3s · 페이지 fetch 재시도: HTTP Error 403: Forbidden
[22:15:44] ⏱ 다운로드 fetch 0.1s size=478793 SRT_1040.png
[22:15:44] ⏱ 다운로드구간 SRT_1040 0.4s · SRT_1040.png
[22:15:49] ⏱ 다운로드후유휴 SRT_1040 4.4s · idle=True
[22:15:49] ⏱ 씬합계 SRT_1040 22.4s · https://www.genspark.ai/api/files/s/ojtnxs4d
[22:15:49] SRT_1040 생성·다운로드 완료
C:\cursor\wuxia\무협극장\검신귀환록\2부\13장\png\SRT_1040.png
[22:15:49] 상태키 SRT_1060 · Baek|base; Jin≈19|blood_robe
[22:15:49] run_scene 시작 SRT_1060 · seen_files=53 · last_saved=https://www.genspark.ai/api/files/s/ojtnxs4d
[22:15:49] ⏱ 준비 SRT_1060 0.0s · chars=2142
[22:15:50] ⏱ 다음명령유휴 SRT_1060 1.5s · idle=True
[22:15:51] fill OK(clip) follow=True chars=2142
[22:15:51] submit 시작 composer=2142 url=https://www.genspark.ai/agents?id=dfc736ff-1fb0-4e61-8de1-fd5978d9818d
[22:15:51] submit geo 실패 hit=no-btn
[22:15:51] submit 시도 method=geo geo=False
[22:15:52] submit 미확인 method=geo generating=False composer=2142
[22:15:52] submit geo 실패 hit=no-btn
[22:15:52] submit 시도 method=send send=False
[22:15:53] submit 미확인 method=send generating=False composer=2142
[22:15:53] submit 시도 method=ctrl
[22:15:54] submit 미확인 method=ctrl generating=False composer=2144
[22:15:54] submit 시도 method=enter
[22:15:55] submit 확인 method=enter generating=False composer=0
[22:15:55] ⏱ 입력·전송 SRT_1060 4.3s · chars=2142
[22:15:55] 제출 후 last_saved=https://www.genspark.ai/api/files/s/ojtnxs4d
[22:15:55] ⏱ 생성대기 시작 SRT_1060 max=120s
[22:16:10] ⏱ 생성대기 진행 15.4s SRT_1060 busy=False url_ok=False src=
[22:16:12] ⏱ 생성대기 완료(busy무시) 17.0s SRT_1060 https://www.genspark.ai/api/files/s/oqvfaz9m
[22:16:12] ⏱ 생성대기구간 SRT_1060 17.0s · ok=True
[22:16:12] SRT_1060 근접 이미지 https://www.genspark.ai/api/files/s/oqvfaz9m
[22:16:12] 다운로드 files URL=https://www.genspark.ai/api/files/s/oqvfaz9m → SRT_1060.png
[22:16:12] ⏱ 다운로드 직접실패 0.3s · 페이지 fetch 재시도: HTTP Error 403: Forbidden
[22:16:12] ⏱ 다운로드 fetch 0.1s size=475553 SRT_1060.png
[22:16:12] ⏱ 다운로드구간 SRT_1060 0.4s · SRT_1060.png
[22:16:15] ⏱ 다운로드후유휴 SRT_1060 2.2s · idle=True
[22:16:15] ⏱ 씬합계 SRT_1060 25.7s · https://www.genspark.ai/api/files/s/oqvfaz9m
[22:16:15] SRT_1060 생성·다운로드 완료
C:\cursor\wuxia\무협극장\검신귀환록\2부\13장\png\SRT_1060.png
[22:16:15] 상태키 SRT_1080 · Baek|base; Jin≈19|blood_robe
[22:16:15] run_scene 시작 SRT_1080 · seen_files=54 · last_saved=https://www.genspark.ai/api/files/s/oqvfaz9m
[22:16:15] ⏱ 준비 SRT_1080 0.0s · chars=2126
[22:16:16] ⏱ 다음명령유휴 SRT_1080 1.4s · idle=True
[22:16:17] fill OK(clip) follow=True chars=2126
[22:16:17] submit 시작 composer=2126 url=https://www.genspark.ai/agents?id=dfc736ff-1fb0-4e61-8de1-fd5978d9818d
[22:16:17] submit geo 실패 hit=no-btn
[22:16:17] submit 시도 method=geo geo=False
[22:16:18] submit 미확인 method=geo generating=False composer=2126
[22:16:18] submit geo 실패 hit=no-btn
[22:16:18] submit 시도 method=send send=False
[22:16:19] submit 미확인 method=send generating=False composer=2126
[22:16:19] submit 시도 method=ctrl
[22:16:19] submit 미확인 method=ctrl generating=False composer=2128
[22:16:20] submit 시도 method=enter
[22:16:20] submit 확인 method=enter generating=False composer=0
[22:16:20] ⏱ 입력·전송 SRT_1080 4.2s · chars=2126
[22:16:20] 제출 후 last_saved=https://www.genspark.ai/api/files/s/oqvfaz9m
[22:16:21] ⏱ 생성대기 시작 SRT_1080 max=120s
[22:16:33] ⏱ 생성대기 완료(busy무시) 12.5s SRT_1080 https://www.genspark.ai/api/files/s/sgfn3hwk
[22:16:33] ⏱ 생성대기구간 SRT_1080 12.5s · ok=True
[22:16:33] SRT_1080 근접 이미지 https://www.genspark.ai/api/files/s/sgfn3hwk
[22:16:33] 다운로드 files URL=https://www.genspark.ai/api/files/s/sgfn3hwk → SRT_1080.png
[22:16:33] ⏱ 다운로드 직접실패 0.2s · 페이지 fetch 재시도: HTTP Error 403: Forbidden
[22:16:34] ⏱ 다운로드 fetch 0.1s size=727758 SRT_1080.png
[22:16:34] ⏱ 다운로드구간 SRT_1080 0.3s · SRT_1080.png
[22:16:36] ⏱ 다운로드후유휴 SRT_1080 2.3s · idle=True
[22:16:36] ⏱ 씬합계 SRT_1080 21.0s · https://www.genspark.ai/api/files/s/sgfn3hwk
[22:16:36] SRT_1080 생성·다운로드 완료
C:\cursor\wuxia\무협극장\검신귀환록\2부\13장\png\SRT_1080.png
[22:16:36] 상태키 SRT_1100 · Baek|base; Jin≈19|blood_robe
[22:16:36] run_scene 시작 SRT_1100 · seen_files=55 · last_saved=https://www.genspark.ai/api/files/s/sgfn3hwk
[22:16:36] ⏱ 준비 SRT_1100 0.0s · chars=2450
[22:16:38] ⏱ 다음명령유휴 SRT_1100 1.6s · idle=True
[22:16:38] fill OK(clip) follow=True chars=2450
[22:16:38] submit 시작 composer=2450 url=https://www.genspark.ai/agents?id=dfc736ff-1fb0-4e61-8de1-fd5978d9818d
[22:16:38] submit geo 실패 hit=no-btn
[22:16:38] submit 시도 method=geo geo=False
[22:16:39] submit 미확인 method=geo generating=False composer=2450
[22:16:39] submit geo 실패 hit=no-btn
[22:16:39] submit 시도 method=send send=False
[22:16:40] submit 미확인 method=send generating=False composer=2450
[22:16:40] submit 시도 method=ctrl
[22:16:41] submit 미확인 method=ctrl generating=False composer=2452
[22:16:41] submit 시도 method=enter
[22:16:42] submit 확인 method=enter generating=False composer=0
[22:16:42] ⏱ 입력·전송 SRT_1100 4.3s · chars=2450
[22:16:42] 제출 후 last_saved=https://www.genspark.ai/api/files/s/sgfn3hwk
[22:16:42] ⏱ 생성대기 시작 SRT_1100 max=120s
[22:16:54] ⏱ 생성대기 완료 12.3s SRT_1100 https://www.genspark.ai/api/files/s/m5cimjmf
[22:16:54] ⏱ 생성대기구간 SRT_1100 12.3s · ok=True
[22:16:54] SRT_1100 근접 이미지 https://www.genspark.ai/api/files/s/m5cimjmf
[22:16:54] 다운로드 files URL=https://www.genspark.ai/api/files/s/m5cimjmf → SRT_1100.png
[22:16:55] ⏱ 다운로드 직접실패 0.4s · 페이지 fetch 재시도: HTTP Error 403: Forbidden
[22:16:55] ⏱ 다운로드 fetch 0.1s size=571567 SRT_1100.png
[22:16:55] ⏱ 다운로드구간 SRT_1100 0.5s · SRT_1100.png
[22:16:56] ⏱ 다운로드후유휴 SRT_1100 1.5s · idle=True
[22:16:56] ⏱ 씬합계 SRT_1100 20.4s · https://www.genspark.ai/api/files/s/m5cimjmf
[22:16:56] SRT_1100 생성·다운로드 완료
C:\cursor\wuxia\무협극장\검신귀환록\2부\13장\png\SRT_1100.png
[22:16:57] 상태키 SRT_1120 · Baek|base; Jin≈19|blood_robe
[22:16:57] run_scene 시작 SRT_1120 · seen_files=56 · last_saved=https://www.genspark.ai/api/files/s/m5cimjmf
[22:16:57] ⏱ 준비 SRT_1120 0.0s · chars=2167
[22:16:58] ⏱ 다음명령유휴 SRT_1120 1.7s · idle=True
[22:16:59] fill OK(clip) follow=True chars=2167
[22:16:59] submit 시작 composer=2167 url=https://www.genspark.ai/agents?id=dfc736ff-1fb0-4e61-8de1-fd5978d9818d
[22:16:59] submit geo 실패 hit=no-btn
[22:16:59] submit 시도 method=geo geo=False
[22:17:00] submit 미확인 method=geo generating=False composer=2167
[22:17:00] submit geo 실패 hit=no-btn
[22:17:00] submit 시도 method=send send=False
[22:17:01] submit 미확인 method=send generating=False composer=2167
[22:17:01] submit 시도 method=ctrl
[22:17:02] submit 미확인 method=ctrl generating=False composer=2169
[22:17:02] submit 시도 method=enter
[22:17:02] submit 확인 method=enter generating=False composer=0
[22:17:02] ⏱ 입력·전송 SRT_1120 4.1s · chars=2167
[22:17:02] 제출 후 last_saved=https://www.genspark.ai/api/files/s/m5cimjmf
[22:17:03] ⏱ 생성대기 시작 SRT_1120 max=120s
[22:17:15] ⏱ 생성대기 완료(busy무시) 12.6s SRT_1120 https://www.genspark.ai/api/files/s/z9bsj94z
[22:17:15] ⏱ 생성대기구간 SRT_1120 12.6s · ok=True
[22:17:15] SRT_1120 근접 이미지 https://www.genspark.ai/api/files/s/z9bsj94z
[22:17:15] 다운로드 files URL=https://www.genspark.ai/api/files/s/z9bsj94z → SRT_1120.png
[22:17:16] ⏱ 다운로드 직접실패 0.3s · 페이지 fetch 재시도: HTTP Error 403: Forbidden
[22:17:16] ⏱ 다운로드 fetch 0.1s size=579789 SRT_1120.png
[22:17:16] ⏱ 다운로드구간 SRT_1120 0.4s · SRT_1120.png
[22:17:18] ⏱ 다운로드후유휴 SRT_1120 2.0s · idle=True
[22:17:18] ⏱ 씬합계 SRT_1120 21.1s · https://www.genspark.ai/api/files/s/z9bsj94z
[22:17:18] SRT_1120 생성·다운로드 완료
C:\cursor\wuxia\무협극장\검신귀환록\2부\13장\png\SRT_1120.png
[22:17:18] 상태키 SRT_1140 · Baek|base; Jin≈19|blood_robe
[22:17:18] run_scene 시작 SRT_1140 · seen_files=57 · last_saved=https://www.genspark.ai/api/files/s/z9bsj94z
[22:17:18] ⏱ 준비 SRT_1140 0.0s · chars=2169
[22:17:19] ⏱ 다음명령유휴 SRT_1140 1.3s · idle=True
[22:17:20] fill OK(clip) follow=True chars=2169
[22:17:20] submit 시작 composer=2169 url=https://www.genspark.ai/agents?id=dfc736ff-1fb0-4e61-8de1-fd5978d9818d
[22:17:20] submit geo 실패 hit=no-btn
[22:17:20] submit 시도 method=geo geo=False
[22:17:21] submit 미확인 method=geo generating=False composer=2169
[22:17:21] submit geo 실패 hit=no-btn
[22:17:21] submit 시도 method=send send=False
[22:17:22] submit 미확인 method=send generating=False composer=2169
[22:17:22] submit 시도 method=ctrl
[22:17:23] submit 미확인 method=ctrl generating=False composer=2171
[22:17:23] submit 시도 method=enter
[22:17:23] submit 확인 method=enter generating=False composer=0
[22:17:23] ⏱ 입력·전송 SRT_1140 4.2s · chars=2169
[22:17:23] 제출 후 last_saved=https://www.genspark.ai/api/files/s/z9bsj94z
[22:17:24] ⏱ 생성대기 시작 SRT_1140 max=120s
[22:17:37] ⏱ 생성대기 완료(busy무시) 13.4s SRT_1140 https://www.genspark.ai/api/files/s/baezzvxi
[22:17:37] ⏱ 생성대기구간 SRT_1140 13.4s · ok=True
[22:17:37] SRT_1140 근접 이미지 https://www.genspark.ai/api/files/s/baezzvxi
[22:17:37] 다운로드 files URL=https://www.genspark.ai/api/files/s/baezzvxi → SRT_1140.png
[22:17:37] ⏱ 다운로드 직접실패 0.2s · 페이지 fetch 재시도: HTTP Error 403: Forbidden
[22:17:37] ⏱ 다운로드 fetch 0.1s size=832687 SRT_1140.png
[22:17:37] ⏱ 다운로드구간 SRT_1140 0.4s · SRT_1140.png
[22:17:41] ⏱ 다운로드후유휴 SRT_1140 3.5s · idle=True
[22:17:41] ⏱ 씬합계 SRT_1140 23.1s · https://www.genspark.ai/api/files/s/baezzvxi
[22:17:41] SRT_1140 생성·다운로드 완료
C:\cursor\wuxia\무협극장\검신귀환록\2부\13장\png\SRT_1140.png
[22:17:41] 상태키 SRT_1160 · Baek|base; Jin≈19|blood_robe
[22:17:41] run_scene 시작 SRT_1160 · seen_files=58 · last_saved=https://www.genspark.ai/api/files/s/baezzvxi
[22:17:41] ⏱ 준비 SRT_1160 0.0s · chars=1577
[22:17:43] ⏱ 다음명령유휴 SRT_1160 1.4s · idle=True
[22:17:43] fill OK(clip) follow=True chars=1577
[22:17:43] submit 시작 composer=1577 url=https://www.genspark.ai/agents?id=dfc736ff-1fb0-4e61-8de1-fd5978d9818d
[22:17:43] submit geo 실패 hit=no-btn
[22:17:43] submit 시도 method=geo geo=False
[22:17:44] submit 미확인 method=geo generating=False composer=1577
[22:17:44] submit geo 실패 hit=no-btn
[22:17:44] submit 시도 method=send send=False
[22:17:45] submit 미확인 method=send generating=False composer=1577
[22:17:45] submit 시도 method=ctrl
[22:17:46] submit 미확인 method=ctrl generating=False composer=1579
[22:17:46] submit 시도 method=enter
[22:17:47] submit 확인 method=enter generating=False composer=0
[22:17:47] ⏱ 입력·전송 SRT_1160 4.3s · chars=1577
[22:17:47] 제출 후 last_saved=https://www.genspark.ai/api/files/s/baezzvxi
[22:17:47] ⏱ 생성대기 시작 SRT_1160 max=120s
[22:18:02] ⏱ 생성대기 진행 15.1s SRT_1160 busy=False url_ok=False src=
[22:18:06] ⏱ 생성대기 완료(busy무시) 19.2s SRT_1160 https://www.genspark.ai/api/files/s/lyai2jbk
[22:18:06] ⏱ 생성대기구간 SRT_1160 19.2s · ok=True
[22:18:06] SRT_1160 근접 이미지 https://www.genspark.ai/api/files/s/lyai2jbk
[22:18:06] 다운로드 files URL=https://www.genspark.ai/api/files/s/lyai2jbk → SRT_1160.png
[22:18:07] ⏱ 다운로드 직접실패 0.3s · 페이지 fetch 재시도: HTTP Error 403: Forbidden
[22:18:07] ⏱ 다운로드 fetch 0.1s size=691908 SRT_1160.png
[22:18:07] ⏱ 다운로드구간 SRT_1160 0.4s · SRT_1160.png
[22:18:10] ⏱ 다운로드후유휴 SRT_1160 3.5s · idle=True
[22:18:10] ⏱ 씬합계 SRT_1160 29.2s · https://www.genspark.ai/api/files/s/lyai2jbk
[22:18:10] SRT_1160 생성·다운로드 완료
C:\cursor\wuxia\무협극장\검신귀환록\2부\13장\png\SRT_1160.png
[22:18:10] 상태키 SRT_1180 · Baek|base; Jin≈19|blood_robe
[22:18:10] run_scene 시작 SRT_1180 · seen_files=59 · last_saved=https://www.genspark.ai/api/files/s/lyai2jbk
[22:18:11] ⏱ 준비 SRT_1180 0.0s · chars=1583
[22:18:12] ⏱ 다음명령유휴 SRT_1180 1.5s · idle=True
[22:18:13] fill OK(clip) follow=True chars=1583
[22:18:13] submit 시작 composer=1583 url=https://www.genspark.ai/agents?id=dfc736ff-1fb0-4e61-8de1-fd5978d9818d
[22:18:13] submit geo 실패 hit=no-btn
[22:18:13] submit 시도 method=geo geo=False
[22:18:13] submit 미확인 method=geo generating=False composer=1583
[22:18:14] submit geo 실패 hit=no-btn
[22:18:14] submit 시도 method=send send=False
[22:18:14] submit 미확인 method=send generating=False composer=1583
[22:18:15] submit 시도 method=ctrl
[22:18:15] submit 미확인 method=ctrl generating=False composer=1585
[22:18:15] submit 시도 method=enter
[22:18:16] submit 확인 method=enter generating=False composer=0
[22:18:16] ⏱ 입력·전송 SRT_1180 4.0s · chars=1583
[22:18:16] 제출 후 last_saved=https://www.genspark.ai/api/files/s/lyai2jbk
[22:18:16] ⏱ 생성대기 시작 SRT_1180 max=120s
[22:18:29] ⏱ 생성대기 완료(busy무시) 13.0s SRT_1180 https://www.genspark.ai/api/files/s/4fvkkhcd
[22:18:29] ⏱ 생성대기구간 SRT_1180 13.0s · ok=True
[22:18:29] SRT_1180 근접 이미지 https://www.genspark.ai/api/files/s/4fvkkhcd
[22:18:29] 다운로드 files URL=https://www.genspark.ai/api/files/s/4fvkkhcd → SRT_1180.png
[22:18:30] ⏱ 다운로드 직접실패 0.5s · 페이지 fetch 재시도: HTTP Error 403: Forbidden
[22:18:30] ⏱ 다운로드 fetch 0.1s size=674923 SRT_1180.png
[22:18:30] ⏱ 다운로드구간 SRT_1180 0.6s · SRT_1180.png
[22:18:32] ⏱ 다운로드후유휴 SRT_1180 2.5s · idle=True
[22:18:32] ⏱ 씬합계 SRT_1180 22.0s · https://www.genspark.ai/api/files/s/4fvkkhcd
[22:18:32] SRT_1180 생성·다운로드 완료
C:\cursor\wuxia\무협극장\검신귀환록\2부\13장\png\SRT_1180.png
[22:18:33] 상태키 SRT_1200 · Baek|base; Jin≈19|blood_robe
[22:18:33] run_scene 시작 SRT_1200 · seen_files=60 · last_saved=https://www.genspark.ai/api/files/s/4fvkkhcd
[22:18:33] ⏱ 준비 SRT_1200 0.0s · chars=2694
[22:18:34] ⏱ 다음명령유휴 SRT_1200 1.6s · idle=True
[22:18:35] fill OK(clip) follow=True chars=2694
[22:18:35] submit 시작 composer=2694 url=https://www.genspark.ai/agents?id=dfc736ff-1fb0-4e61-8de1-fd5978d9818d
[22:18:35] submit geo 실패 hit=no-btn
[22:18:35] submit 시도 method=geo geo=False
[22:18:36] submit 미확인 method=geo generating=False composer=2694
[22:18:36] submit geo 실패 hit=no-btn
[22:18:36] submit 시도 method=send send=False
[22:18:37] submit 미확인 method=send generating=False composer=2694
[22:18:37] submit 시도 method=ctrl
[22:18:38] submit 미확인 method=ctrl generating=False composer=2696
[22:18:38] submit 시도 method=enter
[22:18:39] submit 확인 method=enter generating=False composer=0
[22:18:39] ⏱ 입력·전송 SRT_1200 4.2s · chars=2694
[22:18:39] 제출 후 last_saved=https://www.genspark.ai/api/files/s/4fvkkhcd
[22:18:39] ⏱ 생성대기 시작 SRT_1200 max=120s
[22:18:54] ⏱ 생성대기 진행 15.2s SRT_1200 busy=False url_ok=False src=
[22:18:56] ⏱ 생성대기 완료(busy무시) 17.3s SRT_1200 https://www.genspark.ai/api/files/s/xfwqwsrz
[22:18:56] ⏱ 생성대기구간 SRT_1200 17.3s · ok=True
[22:18:56] SRT_1200 근접 이미지 https://www.genspark.ai/api/files/s/xfwqwsrz
[22:18:56] 다운로드 files URL=https://www.genspark.ai/api/files/s/xfwqwsrz → SRT_1200.png
[22:18:56] ⏱ 다운로드 직접실패 0.2s · 페이지 fetch 재시도: HTTP Error 403: Forbidden
[22:18:56] ⏱ 다운로드 fetch 0.1s size=719942 SRT_1200.png
[22:18:56] ⏱ 다운로드구간 SRT_1200 0.4s · SRT_1200.png
[22:18:58] ⏱ 다운로드후유휴 SRT_1200 2.0s · idle=True
[22:18:58] ⏱ 씬합계 SRT_1200 25.7s · https://www.genspark.ai/api/files/s/xfwqwsrz
[22:18:58] SRT_1200 생성·다운로드 완료
C:\cursor\wuxia\무협극장\검신귀환록\2부\13장\png\SRT_1200.png
[22:18:59] 상태키 SRT_1220 · Baek|base; Jin≈19|blood_robe
[22:18:59] run_scene 시작 SRT_1220 · seen_files=61 · last_saved=https://www.genspark.ai/api/files/s/xfwqwsrz
[22:18:59] ⏱ 준비 SRT_1220 0.0s · chars=2678
[22:19:00] ⏱ 다음명령유휴 SRT_1220 1.6s · idle=True
[22:19:01] fill OK(clip) follow=True chars=2678
[22:19:01] submit 시작 composer=2678 url=https://www.genspark.ai/agents?id=dfc736ff-1fb0-4e61-8de1-fd5978d9818d
[22:19:01] submit geo 실패 hit=no-btn
[22:19:01] submit 시도 method=geo geo=False
[22:19:02] submit 미확인 method=geo generating=False composer=2678
[22:19:02] submit geo 실패 hit=no-btn
[22:19:02] submit 시도 method=send send=False
[22:19:03] submit 미확인 method=send generating=False composer=2678
[22:19:03] submit 시도 method=ctrl
[22:19:03] submit 미확인 method=ctrl generating=False composer=2680
[22:19:04] submit 시도 method=enter
[22:19:04] submit 확인 method=enter generating=False composer=0
[22:19:04] ⏱ 입력·전송 SRT_1220 4.2s · chars=2678
[22:19:04] 제출 후 last_saved=https://www.genspark.ai/api/files/s/xfwqwsrz
[22:19:05] ⏱ 생성대기 시작 SRT_1220 max=120s
[22:19:18] ⏱ 생성대기 완료(busy무시) 13.5s SRT_1220 https://www.genspark.ai/api/files/s/6nynye4t
[22:19:18] ⏱ 생성대기구간 SRT_1220 13.5s · ok=True
[22:19:18] SRT_1220 근접 이미지 https://www.genspark.ai/api/files/s/6nynye4t
[22:19:18] 다운로드 files URL=https://www.genspark.ai/api/files/s/6nynye4t → SRT_1220.png
[22:19:18] ⏱ 다운로드 직접실패 0.2s · 페이지 fetch 재시도: HTTP Error 403: Forbidden
[22:19:18] ⏱ 다운로드 fetch 0.1s size=669528 SRT_1220.png
[22:19:19] ⏱ 다운로드구간 SRT_1220 0.3s · SRT_1220.png
[22:19:22] ⏱ 다운로드후유휴 SRT_1220 3.6s · idle=True
[22:19:22] ⏱ 씬합계 SRT_1220 23.6s · https://www.genspark.ai/api/files/s/6nynye4t
[22:19:22] SRT_1220 생성·다운로드 완료
C:\cursor\wuxia\무협극장\검신귀환록\2부\13장\png\SRT_1220.png
[22:19:22] 상태키 SRT_1240 · Baek|base; Jin≈19|blood_robe
[22:19:22] run_scene 시작 SRT_1240 · seen_files=62 · last_saved=https://www.genspark.ai/api/files/s/6nynye4t
[22:19:22] ⏱ 준비 SRT_1240 0.1s · chars=2140
[22:19:24] ⏱ 다음명령유휴 SRT_1240 1.4s · idle=True
[22:19:24] fill OK(clip) follow=True chars=2140
[22:19:24] submit 시작 composer=2140 url=https://www.genspark.ai/agents?id=dfc736ff-1fb0-4e61-8de1-fd5978d9818d
[22:19:25] submit geo 실패 hit=no-btn
[22:19:25] submit 시도 method=geo geo=False
[22:19:25] submit 미확인 method=geo generating=False composer=2140
[22:19:25] submit geo 실패 hit=no-btn
[22:19:25] submit 시도 method=send send=False
[22:19:26] submit 미확인 method=send generating=False composer=2140
[22:19:26] submit 시도 method=ctrl
[22:19:27] submit 미확인 method=ctrl generating=False composer=2142
[22:19:27] submit 시도 method=enter
[22:19:28] submit 확인 method=enter generating=False composer=0
[22:19:28] ⏱ 입력·전송 SRT_1240 4.2s · chars=2140
[22:19:28] 제출 후 last_saved=https://www.genspark.ai/api/files/s/6nynye4t
[22:19:28] ⏱ 생성대기 시작 SRT_1240 max=120s
[22:19:42] ⏱ 생성대기 완료(busy무시) 14.0s SRT_1240 https://www.genspark.ai/api/files/s/6c9iwztj
[22:19:42] ⏱ 생성대기구간 SRT_1240 14.0s · ok=True
[22:19:42] SRT_1240 근접 이미지 https://www.genspark.ai/api/files/s/6c9iwztj
[22:19:42] 다운로드 files URL=https://www.genspark.ai/api/files/s/6c9iwztj → SRT_1240.png
[22:19:43] ⏱ 다운로드 직접실패 0.4s · 페이지 fetch 재시도: HTTP Error 403: Forbidden
[22:19:43] ⏱ 다운로드 fetch 0.1s size=630135 SRT_1240.png
[22:19:43] ⏱ 다운로드구간 SRT_1240 0.5s · SRT_1240.png
[22:19:45] ⏱ 다운로드후유휴 SRT_1240 2.5s · idle=True
[22:19:45] ⏱ 씬합계 SRT_1240 22.9s · https://www.genspark.ai/api/files/s/6c9iwztj
[22:19:45] SRT_1240 생성·다운로드 완료
C:\cursor\wuxia\무협극장\검신귀환록\2부\13장\png\SRT_1240.png
[22:19:45] 상태키 SRT_1260 · Baek|base; Jin≈19|blood_robe
[22:19:45] run_scene 시작 SRT_1260 · seen_files=63 · last_saved=https://www.genspark.ai/api/files/s/6c9iwztj
[22:19:45] ⏱ 준비 SRT_1260 0.0s · chars=2073
[22:19:47] ⏱ 다음명령유휴 SRT_1260 1.5s · idle=True
[22:19:48] fill OK(clip) follow=True chars=2073
[22:19:48] submit 시작 composer=2073 url=https://www.genspark.ai/agents?id=dfc736ff-1fb0-4e61-8de1-fd5978d9818d
[22:19:48] submit geo 실패 hit=no-btn
[22:19:48] submit 시도 method=geo geo=False
[22:19:48] submit 미확인 method=geo generating=False composer=2073
[22:19:49] submit geo 실패 hit=no-btn
[22:19:49] submit 시도 method=send send=False
[22:19:49] submit 미확인 method=send generating=False composer=2073
[22:19:50] submit 시도 method=ctrl
[22:19:50] submit 미확인 method=ctrl generating=False composer=2075
[22:19:50] submit 시도 method=enter
[22:19:51] submit 확인 method=enter generating=False composer=0
[22:19:51] ⏱ 입력·전송 SRT_1260 4.2s · chars=2073
[22:19:51] 제출 후 last_saved=https://www.genspark.ai/api/files/s/6c9iwztj
[22:19:51] ⏱ 생성대기 시작 SRT_1260 max=120s
[22:20:06] ⏱ 생성대기 완료(busy무시) 14.6s SRT_1260 https://www.genspark.ai/api/files/s/ued4rx1y
[22:20:06] ⏱ 생성대기구간 SRT_1260 14.6s · ok=True
[22:20:06] SRT_1260 근접 이미지 https://www.genspark.ai/api/files/s/ued4rx1y
[22:20:06] 다운로드 files URL=https://www.genspark.ai/api/files/s/ued4rx1y → SRT_1260.png
[22:20:06] ⏱ 다운로드 직접실패 0.3s · 페이지 fetch 재시도: HTTP Error 403: Forbidden
[22:20:06] ⏱ 다운로드 fetch 0.1s size=619021 SRT_1260.png
[22:20:06] ⏱ 다운로드구간 SRT_1260 0.4s · SRT_1260.png
[22:20:09] ⏱ 다운로드후유휴 SRT_1260 2.9s · idle=True
[22:20:09] ⏱ 씬합계 SRT_1260 23.9s · https://www.genspark.ai/api/files/s/ued4rx1y
[22:20:09] SRT_1260 생성·다운로드 완료
C:\cursor\wuxia\무협극장\검신귀환록\2부\13장\png\SRT_1260.png
[22:20:09] 상태키 SRT_1267 · Baek|base; Jin≈19|blood_robe
[22:20:09] run_scene 시작 SRT_1267 · seen_files=64 · last_saved=https://www.genspark.ai/api/files/s/ued4rx1y
[22:20:09] ⏱ 준비 SRT_1267 0.0s · chars=2024
[22:20:11] ⏱ 다음명령유휴 SRT_1267 1.4s · idle=True
[22:20:11] fill OK(clip) follow=True chars=2024
[22:20:11] submit 시작 composer=2024 url=https://www.genspark.ai/agents?id=dfc736ff-1fb0-4e61-8de1-fd5978d9818d
[22:20:12] submit geo 실패 hit=no-btn
[22:20:12] submit 시도 method=geo geo=False
[22:20:12] submit 미확인 method=geo generating=False composer=2024
[22:20:13] submit geo 실패 hit=no-btn
[22:20:13] submit 시도 method=send send=False
[22:20:13] submit 미확인 method=send generating=False composer=2024
[22:20:13] submit 시도 method=ctrl
[22:20:14] submit 미확인 method=ctrl generating=False composer=2026
[22:20:14] submit 시도 method=enter
[22:20:15] submit 확인 method=enter generating=False composer=0
[22:20:15] ⏱ 입력·전송 SRT_1267 4.2s · chars=2024
[22:20:15] 제출 후 last_saved=https://www.genspark.ai/api/files/s/ued4rx1y
[22:20:15] ⏱ 생성대기 시작 SRT_1267 max=120s
[22:20:30] ⏱ 생성대기 완료 14.4s SRT_1267 https://www.genspark.ai/api/files/s/1vbwlgzz
[22:20:30] ⏱ 생성대기구간 SRT_1267 14.4s · ok=True
[22:20:30] SRT_1267 근접 이미지 https://www.genspark.ai/api/files/s/1vbwlgzz
[22:20:30] 다운로드 files URL=https://www.genspark.ai/api/files/s/1vbwlgzz → SRT_1267.png
[22:20:30] ⏱ 다운로드 직접실패 0.3s · 페이지 fetch 재시도: HTTP Error 403: Forbidden
[22:20:30] ⏱ 다운로드 fetch 0.1s size=631439 SRT_1267.png
[22:20:30] ⏱ 다운로드구간 SRT_1267 0.4s · SRT_1267.png
[22:20:32] ⏱ 다운로드후유휴 SRT_1267 1.5s · idle=True
[22:20:32] ⏱ 씬합계 SRT_1267 22.2s · https://www.genspark.ai/api/files/s/1vbwlgzz
[22:20:32] SRT_1267 생성·다운로드 완료
C:\cursor\wuxia\무협극장\검신귀환록\2부\13장\png\SRT_1267.png
[22:42:26] 탭로그 ON — 실행·생성 · 씬 55개 · reopen=True · 한도대기ON
[22:43:14] 실행·생성 오류: ChromeDebug(CDP :9243)에 연결하지 못했습니다.
Chrome이 완전히 뜬 뒤 「실행」를 다시 눌러 주세요.
[22:43:28] 탭로그 ON — 실행·생성 · 씬 55개 · reopen=True · 한도대기ON
[22:44:16] 실행·생성 오류: ChromeDebug(CDP :9243)에 연결하지 못했습니다.
Chrome이 완전히 뜬 뒤 「실행」를 다시 눌러 주세요.
[22:53:09] 탭로그 ON — 실행·생성 · 씬 55개 · reopen=True · 한도대기ON
[22:53:14] ChromeDebug 재시작 slot=0 port=9242 user_data=C:\ChromeDebug_2_5 reused=0
[22:53:18] 모델 이미 Pro: Nano Banana Pro
[22:53:18] 세션 준비 — login=OK model=Nano Banana Pro auto=True
[22:53:18] ensure_page cur_sc=10 prefer_sc=10 cur=https://www.genspark.ai/ai_image prefer=https://www.genspark.ai/ai_image
[22:53:19] fill OK(clip) follow=False chars=65991
[22:53:20] 입력창 붙여넣기 — 프롬프트 45379자 + SRT 20569자 = 합계 65991자
  prompt=C:/cursor/videt/2_5_sceneImage/md/image.검신회귀록.txt
  srt=C:\cursor\wuxia\workspace\swardmaster\2부\13장\mp3\new.srt
[22:53:21] ensure_page cur_sc=10 prefer_sc=10 cur=https://www.genspark.ai/ai_image prefer=https://www.genspark.ai/ai_image
[22:53:22] 동일 입력창에 명령 추가(미실행): ===== CHARACTER LOOK (SRT_000) =====
State keys: Jin≈19|base
Jin Muhan, approximately nineteen years old, East-Asian young swordsman, sharp narrow phoenix eyes, high straight nose,…
[22:53:23] 상태키 SRT_000 · Baek|base; Jin|base
[22:53:23] run_scene 시작 SRT_000 · seen_files=65 · last_saved=https://www.genspark.ai/api/files/s/1vbwlgzz
[22:53:23] ensure_page cur_sc=10 prefer_sc=10 cur=https://www.genspark.ai/ai_image prefer=https://www.genspark.ai/ai_image
[22:53:23] 모델 선택 시작 현재=(없음)
[22:53:23] 모델 선택 결과 ok=False 칩=(없음) picked=
[22:53:23] ⏱ 준비 SRT_000 0.2s · chars=3314
[22:53:23] submit 시작 composer=3314 url=https://www.genspark.ai/ai_image
[22:53:23] submit geo 실패 hit=no-btn
[22:53:23] submit 시도 method=geo geo=False
[22:53:24] submit 미확인 method=geo generating=False composer=3314
[22:53:24] submit geo 실패 hit=no-btn
[22:53:24] submit 시도 method=send send=False
[22:53:24] submit 미확인 method=send generating=False composer=3314
[22:53:25] submit 시도 method=ctrl
[22:53:25] submit 미확인 method=ctrl generating=False composer=3316
[22:53:26] submit 시도 method=enter
[22:53:27] submit 확인 method=enter generating=False composer=0
[22:53:27] ⏱ 입력창전송 SRT_000 3.7s
[22:53:27] 제출 후 last_saved=https://www.genspark.ai/api/files/s/1vbwlgzz
[22:53:27] ⏱ 생성대기 시작 SRT_000 max=120s
[22:53:42] ⏱ 생성대기 진행 15.1s SRT_000 busy=False url_ok=False src=
[22:53:42] ⏱ 생성대기 한도감지 15.1s SRT_000 · AI Image 한도 - 재설정 2026-08-29 01:14 · AI Image 5시간 제한에 도달했습니다. 8월 29일 오전 1:14에 재설정됩니다 --- 5시간 제한 --- New AI 이미지 홈 Skills 세컨드 브레인 더보기 Jin Muhan 화산 무협 만화 일러스트 생
[22:53:42] run_scene 실패(재시도 없음): AI Image 한도 - 재설정 2026-08-29 01:14
[22:53:42] SRT_000 실패(한도 확정 streak=1) — 브라우저 종료 후 대기·재오픈
AI Image 한도 - 재설정 2026-08-29 01:14
[22:53:47] 한도 대기 전 ChromeDebug 종료
[22:53:47] 한도 대기 시작 — 정상화 예상 2026-08-29 01:14 (140분) — SRT_000 한도
[22:56:21] 탭로그 ON — 실행·생성 · 씬 55개 · reopen=True · 한도대기ON
[22:56:26] ChromeDebug 재시작 slot=0 port=9242 user_data=C:\ChromeDebug_2_5 reused=0
[22:56:31] 모델 이미 Pro: Nano Banana Pro
[22:56:31] 세션 준비 — login=OK model=Nano Banana Pro auto=True
[22:56:31] ensure_page cur_sc=10 prefer_sc=10 cur=https://www.genspark.ai/ai_image prefer=https://www.genspark.ai/ai_image
[22:56:32] fill OK(clip) follow=True chars=71439
[22:56:33] 입력창 붙여넣기 — 프롬프트 50827자 + SRT 20569자 = 합계 71439자
  prompt=C:/cursor/wuxia/2_5_sceneImage/md/image.wuxiz.txt
  srt=C:\cursor\wuxia\workspace\swardmaster\2부\13장\mp3\new.srt
[22:56:34] ensure_page cur_sc=10 prefer_sc=10 cur=https://www.genspark.ai/ai_image prefer=https://www.genspark.ai/ai_image
[22:56:35] 동일 입력창에 명령 추가(미실행): ===== CHARACTER LOOK (SRT_000) =====
State keys: Jin≈19|base
Jin Muhan, approximately nineteen years old, East-Asian young swordsman, sharp narrow phoenix eyes, high straight nose,…
[22:56:35] 상태키 SRT_000 · Baek|base; Jin|base
[22:56:35] run_scene 시작 SRT_000 · seen_files=65 · last_saved=https://www.genspark.ai/api/files/s/1vbwlgzz
[22:56:35] ensure_page cur_sc=10 prefer_sc=10 cur=https://www.genspark.ai/ai_image prefer=https://www.genspark.ai/ai_image
[22:56:35] 모델 선택 시작 현재=(없음)
[22:56:35] 모델 선택 결과 ok=False 칩=(없음) picked=
[22:56:35] ⏱ 준비 SRT_000 0.2s · chars=3314
[22:56:35] submit 시작 composer=3314 url=https://www.genspark.ai/ai_image
[22:56:36] submit geo 실패 hit=no-btn
[22:56:36] submit 시도 method=geo geo=False
[22:56:36] submit 미확인 method=geo generating=False composer=3314
[22:56:36] submit geo 실패 hit=no-btn
[22:56:36] submit 시도 method=send send=False
[22:56:37] submit 미확인 method=send generating=False composer=3314
[22:56:37] submit 시도 method=ctrl
[22:56:38] submit 미확인 method=ctrl generating=False composer=3316
[22:56:38] submit 시도 method=enter
[22:56:39] submit 확인 method=enter generating=False composer=0
[22:56:39] ⏱ 입력창전송 SRT_000 3.8s
[22:56:39] 제출 후 last_saved=https://www.genspark.ai/api/files/s/1vbwlgzz
[22:56:39] ⏱ 생성대기 시작 SRT_000 max=120s
[22:56:54] ⏱ 생성대기 진행 15.1s SRT_000 busy=True url_ok=False src=
[22:56:54] ⏱ 생성대기 한도감지 15.1s SRT_000 · AI Image 한도 - 재설정 2026-08-29 01:14 · AI Image 5시간 제한에 도달했습니다. 8월 29일 오전 1:14에 재설정됩니다 --- 5시간 제한 --- New AI 이미지 홈 Skills 세컨드 브레인 더보기 Jin Muhan 캐릭터 일러스트 생성 요청
[22:56:54] run_scene 실패(재시도 없음): AI Image 한도 - 재설정 2026-08-29 01:14
[22:56:54] SRT_000 실패(한도 확정 streak=1) — 브라우저 종료 후 대기·재오픈
AI Image 한도 - 재설정 2026-08-29 01:14
[22:56:59] 한도 대기 전 ChromeDebug 종료
[22:56:59] 한도 대기 시작 — 정상화 예상 2026-08-29 01:14 (137분) — SRT_000 한도
[01:14:30] 한도 대기 종료 — 정상화 예상 2026-08-29 01:14 — 재시도
[01:14:30] 한도 대기 종료 — 브라우저 재오픈 후 SRT_000 재개
[01:14:36] ChromeDebug 재시작 slot=0 port=9242 user_data=C:\ChromeDebug_2_5 reused=0
[01:14:40] 모델 이미 Pro: Nano Banana Pro
[01:14:41] 세션 준비 — login=OK model=Nano Banana Pro auto=True
[01:14:41] ensure_page cur_sc=10 prefer_sc=10 cur=https://www.genspark.ai/ai_image prefer=https://www.genspark.ai/ai_image
[01:14:43] fill OK(clip) follow=True chars=71439
[01:14:43] 입력창 붙여넣기 — 프롬프트 50827자 + SRT 20569자 = 합계 71439자
  prompt=C:/cursor/wuxia/2_5_sceneImage/md/image.wuxiz.txt
  srt=C:\cursor\wuxia\workspace\swardmaster\2부\13장\mp3\new.srt
[01:14:44] ensure_page cur_sc=10 prefer_sc=10 cur=https://www.genspark.ai/ai_image prefer=https://www.genspark.ai/ai_image
[01:14:45] 동일 입력창에 명령 추가(미실행): ===== CHARACTER LOOK (SRT_000) =====
State keys: Jin≈19|base
Jin Muhan, approximately nineteen years old, East-Asian young swordsman, sharp narrow phoenix eyes, high straight nose,…
[01:14:46] 상태키 SRT_000 · Baek|base; Jin|base
[01:14:46] run_scene 시작 SRT_000 · seen_files=65 · last_saved=https://www.genspark.ai/api/files/s/1vbwlgzz
[01:14:46] ensure_page cur_sc=10 prefer_sc=10 cur=https://www.genspark.ai/ai_image prefer=https://www.genspark.ai/ai_image
[01:14:46] ⏱ 준비 SRT_000 0.0s · chars=3314
[01:14:46] submit 시작 composer=3314 url=https://www.genspark.ai/ai_image
[01:14:46] submit geo 실패 hit=no-btn
[01:14:46] submit 시도 method=geo geo=False
[01:14:47] submit 미확인 method=geo generating=False composer=3314
[01:14:47] submit geo 실패 hit=no-btn
[01:14:47] submit 시도 method=send send=False
[01:14:48] submit 미확인 method=send generating=False composer=3314
[01:14:48] submit 시도 method=ctrl
[01:14:49] submit 미확인 method=ctrl generating=False composer=3316
[01:14:50] submit 시도 method=enter
[01:14:51] submit 확인 method=enter generating=False composer=0
[01:14:51] ⏱ 입력창전송 SRT_000 4.6s
[01:14:51] 제출 후 last_saved=https://www.genspark.ai/api/files/s/1vbwlgzz
[01:14:51] ⏱ 생성대기 시작 SRT_000 max=120s
[01:15:06] ⏱ 생성대기 완료 14.8s SRT_000 https://www.genspark.ai/api/files/s/iuzdbuqs
[01:15:06] ⏱ 생성대기구간 SRT_000 14.8s · ok=True
[01:15:06] SRT_000 근접 이미지 https://www.genspark.ai/api/files/s/iuzdbuqs
[01:15:06] 다운로드 files URL=https://www.genspark.ai/api/files/s/iuzdbuqs → SRT_000.png
[01:15:06] ⏱ 다운로드 직접 0.7s size=779577 SRT_000.png
[01:15:06] ⏱ 다운로드구간 SRT_000 0.7s · SRT_000.png
[01:15:08] ⏱ 다운로드후유휴 SRT_000 1.6s · idle=True
[01:15:08] ⏱ 씬합계 SRT_000 22.0s · https://www.genspark.ai/api/files/s/iuzdbuqs
[01:15:08] SRT_000 생성·다운로드 완료
C:\cursor\wuxia\workspace\swardmaster\2부\13장\png\SRT_000.png
[01:15:08] 상태키 SRT_020 · Baek|base; Jin|base
[01:15:08] run_scene 시작 SRT_020 · seen_files=66 · last_saved=https://www.genspark.ai/api/files/s/iuzdbuqs
[01:15:08] ⏱ 준비 SRT_020 0.0s · chars=3289
[01:15:10] ⏱ 다음명령유휴 SRT_020 1.3s · idle=True
[01:15:10] fill OK(clip) follow=True chars=3289
[01:15:10] submit 시작 composer=3289 url=https://www.genspark.ai/agents?id=5dfec2bd-3696-4509-ad3c-6619b46a6207
[01:15:10] submit geo 실패 hit=no-btn
[01:15:10] submit 시도 method=geo geo=False
[01:15:11] submit 미확인 method=geo generating=False composer=3289
[01:15:11] submit geo 실패 hit=no-btn
[01:15:11] submit 시도 method=send send=False
[01:15:12] submit 미확인 method=send generating=False composer=3289
[01:15:12] submit 시도 method=ctrl
[01:15:13] submit 미확인 method=ctrl generating=False composer=3291
[01:15:13] submit 시도 method=enter
[01:15:14] submit 확인 method=enter generating=False composer=0
[01:15:14] ⏱ 입력·전송 SRT_020 4.1s · chars=3289
[01:15:14] 제출 후 last_saved=https://www.genspark.ai/api/files/s/iuzdbuqs
[01:15:14] ⏱ 생성대기 시작 SRT_020 max=120s
[01:15:28] ⏱ 생성대기 완료 14.1s SRT_020 https://www.genspark.ai/api/files/s/rrkuoxlv
[01:15:28] ⏱ 생성대기구간 SRT_020 14.1s · ok=True
[01:15:28] SRT_020 근접 이미지 https://www.genspark.ai/api/files/s/rrkuoxlv
[01:15:28] 다운로드 files URL=https://www.genspark.ai/api/files/s/rrkuoxlv → SRT_020.png
[01:15:29] ⏱ 다운로드 직접 0.8s size=776089 SRT_020.png
[01:15:29] ⏱ 다운로드구간 SRT_020 0.8s · SRT_020.png
[01:15:30] ⏱ 다운로드후유휴 SRT_020 1.4s · idle=True
[01:15:30] ⏱ 씬합계 SRT_020 22.0s · https://www.genspark.ai/api/files/s/rrkuoxlv
[01:15:30] SRT_020 생성·다운로드 완료
C:\cursor\wuxia\workspace\swardmaster\2부\13장\png\SRT_020.png
[01:15:30] 상태키 SRT_040 · Baek|base; Jin|base
[01:15:30] run_scene 시작 SRT_040 · seen_files=67 · last_saved=https://www.genspark.ai/api/files/s/rrkuoxlv
[01:15:30] ⏱ 준비 SRT_040 0.0s · chars=2769
[01:15:32] ⏱ 다음명령유휴 SRT_040 1.3s · idle=True
[01:15:32] fill OK(clip) follow=True chars=2769
[01:15:33] submit 시작 composer=2769 url=https://www.genspark.ai/agents?id=5dfec2bd-3696-4509-ad3c-6619b46a6207
[01:15:33] submit geo 실패 hit=no-btn
[01:15:33] submit 시도 method=geo geo=False
[01:15:33] submit 미확인 method=geo generating=False composer=2769
[01:15:34] submit geo 실패 hit=no-btn
[01:15:34] submit 시도 method=send send=False
[01:15:34] submit 미확인 method=send generating=False composer=2769
[01:15:35] submit 시도 method=ctrl
[01:15:35] submit 미확인 method=ctrl generating=False composer=2771
[01:15:35] submit 시도 method=enter
[01:15:36] submit 확인 method=enter generating=False composer=0
[01:15:36] ⏱ 입력·전송 SRT_040 4.2s · chars=2769
[01:15:36] 제출 후 last_saved=https://www.genspark.ai/api/files/s/rrkuoxlv
[01:15:36] ⏱ 생성대기 시작 SRT_040 max=120s
[01:15:51] ⏱ 생성대기 진행 15.2s SRT_040 busy=False url_ok=False src=
[01:15:56] ⏱ 생성대기 완료 20.0s SRT_040 https://www.genspark.ai/api/files/s/deelysfs
[01:15:56] ⏱ 생성대기구간 SRT_040 20.0s · ok=True
[01:15:56] SRT_040 근접 이미지 https://www.genspark.ai/api/files/s/deelysfs
[01:15:56] 다운로드 files URL=https://www.genspark.ai/api/files/s/deelysfs → SRT_040.png
[01:15:57] ⏱ 다운로드 직접 0.7s size=790860 SRT_040.png
[01:15:57] ⏱ 다운로드구간 SRT_040 0.7s · SRT_040.png
[01:15:58] ⏱ 다운로드후유휴 SRT_040 1.3s · idle=True
[01:15:58] ⏱ 씬합계 SRT_040 27.8s · https://www.genspark.ai/api/files/s/deelysfs
[01:15:58] SRT_040 생성·다운로드 완료
C:\cursor\wuxia\workspace\swardmaster\2부\13장\png\SRT_040.png
[01:15:58] 상태키 SRT_100 · Baek|base; Jin|base
[01:15:58] run_scene 시작 SRT_100 · seen_files=68 · last_saved=https://www.genspark.ai/api/files/s/deelysfs
[01:15:58] ⏱ 준비 SRT_100 0.0s · chars=4326
[01:16:00] ⏱ 다음명령유휴 SRT_100 1.3s · idle=True
[01:16:00] fill OK(clip) follow=True chars=4326
[01:16:00] submit 시작 composer=4326 url=https://www.genspark.ai/agents?id=5dfec2bd-3696-4509-ad3c-6619b46a6207
[01:16:01] submit geo 실패 hit=no-btn
[01:16:01] submit 시도 method=geo geo=False
[01:16:01] submit 미확인 method=geo generating=False composer=4326
[01:16:01] submit geo 실패 hit=no-btn
[01:16:01] submit 시도 method=send send=False
[01:16:02] submit 미확인 method=send generating=False composer=4326
[01:16:02] submit 시도 method=ctrl
[01:16:03] submit 미확인 method=ctrl generating=False composer=4328
[01:16:03] submit 시도 method=enter
[01:16:04] submit 확인 method=enter generating=False composer=0
[01:16:04] ⏱ 입력·전송 SRT_100 4.0s · chars=4326
[01:16:04] 제출 후 last_saved=https://www.genspark.ai/api/files/s/deelysfs
[01:16:04] ⏱ 생성대기 시작 SRT_100 max=120s
[01:16:19] ⏱ 생성대기 진행 15.2s SRT_100 busy=False url_ok=False src=
[01:16:25] ⏱ 생성대기 완료 21.2s SRT_100 https://www.genspark.ai/api/files/s/1sdzpeyx
[01:16:25] ⏱ 생성대기구간 SRT_100 21.2s · ok=True
[01:16:25] SRT_100 근접 이미지 https://www.genspark.ai/api/files/s/1sdzpeyx
[01:16:25] 다운로드 files URL=https://www.genspark.ai/api/files/s/1sdzpeyx → SRT_100.png
[01:16:26] ⏱ 다운로드 직접 0.7s size=622656 SRT_100.png
[01:16:26] ⏱ 다운로드구간 SRT_100 0.7s · SRT_100.png
[01:16:27] ⏱ 다운로드후유휴 SRT_100 1.4s · idle=True
[01:16:27] ⏱ 씬합계 SRT_100 29.0s · https://www.genspark.ai/api/files/s/1sdzpeyx
[01:16:27] SRT_100 생성·다운로드 완료
C:\cursor\wuxia\workspace\swardmaster\2부\13장\png\SRT_100.png
[01:16:28] 상태키 SRT_120 · Baek|base; Jin|base
[01:16:28] run_scene 시작 SRT_120 · seen_files=69 · last_saved=https://www.genspark.ai/api/files/s/1sdzpeyx
[01:16:28] ⏱ 준비 SRT_120 0.0s · chars=4714
[01:16:29] ⏱ 다음명령유휴 SRT_120 1.3s · idle=True
[01:16:30] fill OK(clip) follow=True chars=4714
[01:16:30] submit 시작 composer=4714 url=https://www.genspark.ai/agents?id=5dfec2bd-3696-4509-ad3c-6619b46a6207
[01:16:30] submit geo 실패 hit=no-btn
[01:16:30] submit 시도 method=geo geo=False
[01:16:30] submit 미확인 method=geo generating=False composer=4714
[01:16:31] submit geo 실패 hit=no-btn
[01:16:31] submit 시도 method=send send=False
[01:16:31] submit 미확인 method=send generating=False composer=4714
[01:16:32] submit 시도 method=ctrl
[01:16:32] submit 미확인 method=ctrl generating=False composer=4716
[01:16:32] submit 시도 method=enter
[01:16:33] submit 확인 method=enter generating=False composer=0
[01:16:33] ⏱ 입력·전송 SRT_120 4.1s · chars=4714
[01:16:33] 제출 후 last_saved=https://www.genspark.ai/api/files/s/1sdzpeyx
[01:16:33] ⏱ 생성대기 시작 SRT_120 max=120s
[01:16:48] ⏱ 생성대기 진행 15.0s SRT_120 busy=False url_ok=False src=
[01:16:50] ⏱ 생성대기 완료 16.3s SRT_120 https://www.genspark.ai/api/files/s/blhfc7b8
[01:16:50] ⏱ 생성대기구간 SRT_120 16.3s · ok=True
[01:16:50] SRT_120 근접 이미지 https://www.genspark.ai/api/files/s/blhfc7b8
[01:16:50] 다운로드 files URL=https://www.genspark.ai/api/files/s/blhfc7b8 → SRT_120.png
[01:16:51] ⏱ 다운로드 직접 0.9s size=661476 SRT_120.png
[01:16:51] ⏱ 다운로드구간 SRT_120 1.0s · SRT_120.png
[01:16:52] ⏱ 다운로드후유휴 SRT_120 1.5s · idle=True
[01:16:52] ⏱ 씬합계 SRT_120 24.5s · https://www.genspark.ai/api/files/s/blhfc7b8
[01:16:52] SRT_120 생성·다운로드 완료
C:\cursor\wuxia\workspace\swardmaster\2부\13장\png\SRT_120.png
[01:16:52] 상태키 SRT_140 · Baek|base; Jin|base
[01:16:52] run_scene 시작 SRT_140 · seen_files=70 · last_saved=https://www.genspark.ai/api/files/s/blhfc7b8
[01:16:52] ⏱ 준비 SRT_140 0.0s · chars=3325
[01:16:54] ⏱ 다음명령유휴 SRT_140 1.4s · idle=True
[01:16:54] fill OK(clip) follow=True chars=3325
[01:16:54] submit 시작 composer=3325 url=https://www.genspark.ai/agents?id=5dfec2bd-3696-4509-ad3c-6619b46a6207
[01:16:55] submit geo 실패 hit=no-btn
[01:16:55] submit 시도 method=geo geo=False
[01:16:55] submit 미확인 method=geo generating=False composer=3325
[01:16:56] submit geo 실패 hit=no-btn
[01:16:56] submit 시도 method=send send=False
[01:16:56] submit 미확인 method=send generating=False composer=3325
[01:16:56] submit 시도 method=ctrl
[01:16:57] submit 미확인 method=ctrl generating=False composer=3327
[01:16:57] submit 시도 method=enter
[01:16:58] submit 확인 method=enter generating=False composer=0
[01:16:58] ⏱ 입력·전송 SRT_140 4.2s · chars=3325
[01:16:58] 제출 후 last_saved=https://www.genspark.ai/api/files/s/blhfc7b8
[01:16:58] ⏱ 생성대기 시작 SRT_140 max=120s
[01:17:13] ⏱ 생성대기 진행 15.3s SRT_140 busy=False url_ok=False src=
[01:17:17] ⏱ 생성대기 완료 18.9s SRT_140 https://www.genspark.ai/api/files/s/bld4qybe
[01:17:17] ⏱ 생성대기구간 SRT_140 18.9s · ok=True
[01:17:17] SRT_140 근접 이미지 https://www.genspark.ai/api/files/s/bld4qybe
[01:17:17] 다운로드 files URL=https://www.genspark.ai/api/files/s/bld4qybe → SRT_140.png
[01:17:18] ⏱ 다운로드 직접 0.8s size=645112 SRT_140.png
[01:17:18] ⏱ 다운로드구간 SRT_140 0.8s · SRT_140.png
[01:17:19] ⏱ 다운로드후유휴 SRT_140 1.4s · idle=True
[01:17:19] ⏱ 씬합계 SRT_140 26.9s · https://www.genspark.ai/api/files/s/bld4qybe
[01:17:19] SRT_140 생성·다운로드 완료
C:\cursor\wuxia\workspace\swardmaster\2부\13장\png\SRT_140.png
[01:17:19] 상태키 SRT_160 · Baek|base; Jin|base
[01:17:19] run_scene 시작 SRT_160 · seen_files=71 · last_saved=https://www.genspark.ai/api/files/s/bld4qybe
[01:17:19] ⏱ 준비 SRT_160 0.0s · chars=4625
[01:17:21] ⏱ 다음명령유휴 SRT_160 1.4s · idle=True
[01:17:22] fill OK(clip) follow=True chars=4625
[01:17:22] submit 시작 composer=4625 url=https://www.genspark.ai/agents?id=5dfec2bd-3696-4509-ad3c-6619b46a6207
[01:17:22] submit geo 실패 hit=no-btn
[01:17:22] submit 시도 method=geo geo=False
[01:17:22] submit 미확인 method=geo generating=False composer=4625
[01:17:23] submit geo 실패 hit=no-btn
[01:17:23] submit 시도 method=send send=False
[01:17:23] submit 미확인 method=send generating=False composer=4625
[01:17:24] submit 시도 method=ctrl
[01:17:24] submit 미확인 method=ctrl generating=False composer=4627
[01:17:24] submit 시도 method=enter
[01:17:25] submit 확인 method=enter generating=False composer=0
[01:17:25] ⏱ 입력·전송 SRT_160 4.1s · chars=4625
[01:17:25] 제출 후 last_saved=https://www.genspark.ai/api/files/s/bld4qybe
[01:17:25] ⏱ 생성대기 시작 SRT_160 max=120s
[01:17:40] ⏱ 생성대기 완료 14.9s SRT_160 https://www.genspark.ai/api/files/s/t88xel0i
[01:17:40] ⏱ 생성대기구간 SRT_160 14.9s · ok=True
[01:17:40] SRT_160 근접 이미지 https://www.genspark.ai/api/files/s/t88xel0i
[01:17:40] 다운로드 files URL=https://www.genspark.ai/api/files/s/t88xel0i → SRT_160.png
[01:17:41] ⏱ 다운로드 직접 0.7s size=688721 SRT_160.png
[01:17:41] ⏱ 다운로드구간 SRT_160 0.7s · SRT_160.png
[01:17:42] ⏱ 다운로드후유휴 SRT_160 1.5s · idle=True
[01:17:42] ⏱ 씬합계 SRT_160 22.9s · https://www.genspark.ai/api/files/s/t88xel0i
[01:17:42] SRT_160 생성·다운로드 완료
C:\cursor\wuxia\workspace\swardmaster\2부\13장\png\SRT_160.png
[01:17:43] 상태키 SRT_180 · Baek|base; Jin|base
[01:17:43] run_scene 시작 SRT_180 · seen_files=72 · last_saved=https://www.genspark.ai/api/files/s/t88xel0i
[01:17:43] ⏱ 준비 SRT_180 0.0s · chars=4623
[01:17:44] ⏱ 다음명령유휴 SRT_180 1.3s · idle=True
[01:17:45] fill OK(clip) follow=True chars=4623
[01:17:45] submit 시작 composer=4623 url=https://www.genspark.ai/agents?id=5dfec2bd-3696-4509-ad3c-6619b46a6207
[01:17:45] submit geo 실패 hit=no-btn
[01:17:45] submit 시도 method=geo geo=False
[01:17:45] submit 미확인 method=geo generating=False composer=4623
[01:17:46] submit geo 실패 hit=no-btn
[01:17:46] submit 시도 method=send send=False
[01:17:46] submit 미확인 method=send generating=False composer=4623
[01:17:47] submit 시도 method=ctrl
[01:17:47] submit 미확인 method=ctrl generating=False composer=4625
[01:17:47] submit 시도 method=enter
[01:17:48] submit 확인 method=enter generating=False composer=0
[01:17:48] ⏱ 입력·전송 SRT_180 4.1s · chars=4623
[01:17:48] 제출 후 last_saved=https://www.genspark.ai/api/files/s/t88xel0i
[01:17:48] ⏱ 생성대기 시작 SRT_180 max=120s
[01:18:04] ⏱ 생성대기 진행 15.5s SRT_180 busy=True url_ok=False src=
[01:18:18] ⏱ 생성대기 완료 29.9s SRT_180 https://www.genspark.ai/api/files/s/uncsycgr
[01:18:18] ⏱ 생성대기구간 SRT_180 29.9s · ok=True
[01:18:18] SRT_180 근접 이미지 https://www.genspark.ai/api/files/s/uncsycgr
[01:18:18] 다운로드 files URL=https://www.genspark.ai/api/files/s/uncsycgr → SRT_180.png
[01:18:19] ⏱ 다운로드 직접 0.8s size=604923 SRT_180.png
[01:18:19] ⏱ 다운로드구간 SRT_180 0.8s · SRT_180.png
[01:18:21] ⏱ 다운로드후유휴 SRT_180 1.5s · idle=True
[01:18:21] ⏱ 씬합계 SRT_180 38.0s · https://www.genspark.ai/api/files/s/uncsycgr
[01:18:21] SRT_180 생성·다운로드 완료
C:\cursor\wuxia\workspace\swardmaster\2부\13장\png\SRT_180.png
[01:18:21] 상태키 SRT_260 · Baek|base; Jin|base
[01:18:21] run_scene 시작 SRT_260 · seen_files=73 · last_saved=https://www.genspark.ai/api/files/s/uncsycgr
[01:18:21] ⏱ 준비 SRT_260 0.0s · chars=3322
[01:18:22] ⏱ 다음명령유휴 SRT_260 1.4s · idle=True
[01:18:23] fill OK(clip) follow=True chars=3322
[01:18:23] submit 시작 composer=3322 url=https://www.genspark.ai/agents?id=5dfec2bd-3696-4509-ad3c-6619b46a6207
[01:18:23] submit geo 실패 hit=no-btn
[01:18:23] submit 시도 method=geo geo=False
[01:18:23] submit 미확인 method=geo generating=False composer=3322
[01:18:24] submit geo 실패 hit=no-btn
[01:18:24] submit 시도 method=send send=False
[01:18:24] submit 미확인 method=send generating=False composer=3322
[01:18:25] submit 시도 method=ctrl
[01:18:25] submit 미확인 method=ctrl generating=False composer=3324
[01:18:26] submit 시도 method=enter
[01:18:26] submit 확인 method=enter generating=False composer=0
[01:18:26] ⏱ 입력·전송 SRT_260 4.1s · chars=3322
[01:18:26] 제출 후 last_saved=https://www.genspark.ai/api/files/s/uncsycgr
[01:18:26] ⏱ 생성대기 시작 SRT_260 max=120s
[01:18:42] ⏱ 생성대기 진행 15.3s SRT_260 busy=False url_ok=False src=
[01:18:43] ⏱ 생성대기 완료 17.0s SRT_260 https://www.genspark.ai/api/files/s/fbcmuowi
[01:18:43] ⏱ 생성대기구간 SRT_260 17.0s · ok=True
[01:18:43] SRT_260 근접 이미지 https://www.genspark.ai/api/files/s/fbcmuowi
[01:18:43] 다운로드 files URL=https://www.genspark.ai/api/files/s/fbcmuowi → SRT_260.png
[01:18:44] ⏱ 다운로드 직접 0.7s size=851192 SRT_260.png
[01:18:44] ⏱ 다운로드구간 SRT_260 0.7s · SRT_260.png
[01:18:46] ⏱ 다운로드후유휴 SRT_260 1.4s · idle=True
[01:18:46] ⏱ 씬합계 SRT_260 24.9s · https://www.genspark.ai/api/files/s/fbcmuowi
[01:18:46] SRT_260 생성·다운로드 완료
C:\cursor\wuxia\workspace\swardmaster\2부\13장\png\SRT_260.png
[01:18:46] 상태키 SRT_280 · Baek|base; Jin|base
[01:18:46] run_scene 시작 SRT_280 · seen_files=74 · last_saved=https://www.genspark.ai/api/files/s/fbcmuowi
[01:18:46] ⏱ 준비 SRT_280 0.0s · chars=3327
[01:18:47] ⏱ 다음명령유휴 SRT_280 1.4s · idle=True
[01:18:48] fill OK(clip) follow=True chars=3327
[01:18:48] submit 시작 composer=3327 url=https://www.genspark.ai/agents?id=5dfec2bd-3696-4509-ad3c-6619b46a6207
[01:18:48] submit geo 실패 hit=no-btn
[01:18:48] submit 시도 method=geo geo=False
[01:18:49] submit 미확인 method=geo generating=False composer=3327
[01:18:49] submit geo 실패 hit=no-btn
[01:18:49] submit 시도 method=send send=False
[01:18:50] submit 미확인 method=send generating=False composer=3327
[01:18:50] submit 시도 method=ctrl
[01:18:50] submit 미확인 method=ctrl generating=False composer=3329
[01:18:51] submit 시도 method=enter
[01:18:51] submit 확인 method=enter generating=False composer=0
[01:18:51] ⏱ 입력·전송 SRT_280 4.1s · chars=3327
[01:18:51] 제출 후 last_saved=https://www.genspark.ai/api/files/s/fbcmuowi
[01:18:52] ⏱ 생성대기 시작 SRT_280 max=120s
[01:19:07] ⏱ 생성대기 진행 15.3s SRT_280 busy=False url_ok=True src=https://www.genspark.ai/api/files/s/lpz9ypxs
[01:19:07] ⏱ 생성대기 완료 15.5s SRT_280 https://www.genspark.ai/api/files/s/lpz9ypxs
[01:19:07] ⏱ 생성대기구간 SRT_280 15.5s · ok=True
[01:19:07] SRT_280 근접 이미지 https://www.genspark.ai/api/files/s/lpz9ypxs
[01:19:07] 다운로드 files URL=https://www.genspark.ai/api/files/s/lpz9ypxs → SRT_280.png
[01:19:08] ⏱ 다운로드 직접 0.7s size=770426 SRT_280.png
[01:19:08] ⏱ 다운로드구간 SRT_280 0.7s · SRT_280.png
[01:19:09] ⏱ 다운로드후유휴 SRT_280 1.5s · idle=True
[01:19:09] ⏱ 씬합계 SRT_280 23.6s · https://www.genspark.ai/api/files/s/lpz9ypxs
[01:19:09] SRT_280 생성·다운로드 완료
C:\cursor\wuxia\workspace\swardmaster\2부\13장\png\SRT_280.png
[01:19:10] 상태키 SRT_300 · Baek|base; Jin|base
[01:19:10] run_scene 시작 SRT_300 · seen_files=75 · last_saved=https://www.genspark.ai/api/files/s/lpz9ypxs
[01:19:10] ⏱ 준비 SRT_300 0.0s · chars=3291
[01:19:11] ⏱ 다음명령유휴 SRT_300 1.4s · idle=True
[01:19:12] fill OK(clip) follow=True chars=3291
[01:19:12] submit 시작 composer=3291 url=https://www.genspark.ai/agents?id=5dfec2bd-3696-4509-ad3c-6619b46a6207
[01:19:12] submit geo 실패 hit=no-btn
[01:19:12] submit 시도 method=geo geo=False
[01:19:12] submit 미확인 method=geo generating=False composer=3291
[01:19:13] submit geo 실패 hit=no-btn
[01:19:13] submit 시도 method=send send=False
[01:19:13] submit 미확인 method=send generating=False composer=3291
[01:19:14] submit 시도 method=ctrl
[01:19:14] submit 미확인 method=ctrl generating=False composer=3293
[01:19:15] submit 시도 method=enter
[01:19:15] submit 확인 method=enter generating=False composer=0
[01:19:15] ⏱ 입력·전송 SRT_300 4.1s · chars=3291
[01:19:15] 제출 후 last_saved=https://www.genspark.ai/api/files/s/lpz9ypxs
[01:19:15] ⏱ 생성대기 시작 SRT_300 max=120s
[01:19:30] ⏱ 생성대기 진행 15.1s SRT_300 busy=False url_ok=False src=
[01:19:32] ⏱ 생성대기 완료 16.9s SRT_300 https://www.genspark.ai/api/files/s/criyrrcb
[01:19:32] ⏱ 생성대기구간 SRT_300 16.9s · ok=True
[01:19:32] SRT_300 근접 이미지 https://www.genspark.ai/api/files/s/criyrrcb
[01:19:32] 다운로드 files URL=https://www.genspark.ai/api/files/s/criyrrcb → SRT_300.png
[01:19:34] ⏱ 다운로드 직접 2.1s size=717263 SRT_300.png
[01:19:34] ⏱ 다운로드구간 SRT_300 2.2s · SRT_300.png
[01:19:36] ⏱ 다운로드후유휴 SRT_300 1.3s · idle=True
[01:19:36] ⏱ 씬합계 SRT_300 26.2s · https://www.genspark.ai/api/files/s/criyrrcb
[01:19:36] SRT_300 생성·다운로드 완료
C:\cursor\wuxia\workspace\swardmaster\2부\13장\png\SRT_300.png
[01:19:36] 상태키 SRT_320 · Baek|base; Jin|base
[01:19:36] run_scene 시작 SRT_320 · seen_files=76 · last_saved=https://www.genspark.ai/api/files/s/criyrrcb
[01:19:36] ⏱ 준비 SRT_320 0.0s · chars=4605
[01:19:37] ⏱ 다음명령유휴 SRT_320 1.6s · idle=True
[01:19:38] fill OK(clip) follow=True chars=4605
[01:19:38] submit 시작 composer=4605 url=https://www.genspark.ai/agents?id=5dfec2bd-3696-4509-ad3c-6619b46a6207
[01:19:38] submit geo 실패 hit=no-btn
[01:19:38] submit 시도 method=geo geo=False
[01:19:39] submit 미확인 method=geo generating=False composer=4605
[01:19:39] submit geo 실패 hit=no-btn
[01:19:39] submit 시도 method=send send=False
[01:19:40] submit 미확인 method=send generating=False composer=4605
[01:19:40] submit 시도 method=ctrl
[01:19:41] submit 미확인 method=ctrl generating=False composer=4607
[01:19:41] submit 시도 method=enter
[01:19:42] submit 확인 method=enter generating=False composer=0
[01:19:42] ⏱ 입력·전송 SRT_320 4.3s · chars=4605
[01:19:42] 제출 후 last_saved=https://www.genspark.ai/api/files/s/criyrrcb
[01:19:42] ⏱ 생성대기 시작 SRT_320 max=120s
[01:19:57] ⏱ 생성대기 진행 15.1s SRT_320 busy=True url_ok=False src=
[01:20:01] ⏱ 생성대기 완료 19.2s SRT_320 https://www.genspark.ai/api/files/s/p4omoxy7
[01:20:01] ⏱ 생성대기구간 SRT_320 19.2s · ok=True
[01:20:01] SRT_320 근접 이미지 https://www.genspark.ai/api/files/s/p4omoxy7
[01:20:01] 다운로드 files URL=https://www.genspark.ai/api/files/s/p4omoxy7 → SRT_320.png
[01:20:02] ⏱ 다운로드 직접 0.7s size=770358 SRT_320.png
[01:20:02] ⏱ 다운로드구간 SRT_320 0.8s · SRT_320.png
[01:20:04] ⏱ 다운로드후유휴 SRT_320 2.1s · idle=True
[01:20:04] ⏱ 씬합계 SRT_320 28.3s · https://www.genspark.ai/api/files/s/p4omoxy7
[01:20:04] SRT_320 생성·다운로드 완료
C:\cursor\wuxia\workspace\swardmaster\2부\13장\png\SRT_320.png
[01:20:04] 상태키 SRT_340 · Baek|base; Jin|base
[01:20:04] run_scene 시작 SRT_340 · seen_files=77 · last_saved=https://www.genspark.ai/api/files/s/p4omoxy7
[01:20:04] ⏱ 준비 SRT_340 0.0s · chars=4599
[01:20:06] ⏱ 다음명령유휴 SRT_340 1.7s · idle=True
[01:20:07] fill OK(clip) follow=True chars=4599
[01:20:07] submit 시작 composer=4599 url=https://www.genspark.ai/agents?id=5dfec2bd-3696-4509-ad3c-6619b46a6207
[01:20:07] submit geo 실패 hit=no-btn
[01:20:07] submit 시도 method=geo geo=False
[01:20:07] submit 미확인 method=geo generating=False composer=4599
[01:20:08] submit geo 실패 hit=no-btn
[01:20:08] submit 시도 method=send send=False
[01:20:08] submit 미확인 method=send generating=False composer=4599
[01:20:09] submit 시도 method=ctrl
[01:20:09] submit 미확인 method=ctrl generating=False composer=4601
[01:20:10] submit 시도 method=enter
[01:20:10] submit 확인 method=enter generating=False composer=0
[01:20:10] ⏱ 입력·전송 SRT_340 4.1s · chars=4599
[01:20:10] 제출 후 last_saved=https://www.genspark.ai/api/files/s/p4omoxy7
[01:20:10] ⏱ 생성대기 시작 SRT_340 max=120s
[01:20:26] ⏱ 생성대기 진행 15.2s SRT_340 busy=True url_ok=False src=
[01:20:33] ⏱ 생성대기 완료 22.9s SRT_340 https://www.genspark.ai/api/files/s/vtgrwik4
[01:20:33] ⏱ 생성대기구간 SRT_340 22.9s · ok=True
[01:20:33] SRT_340 근접 이미지 https://www.genspark.ai/api/files/s/vtgrwik4
[01:20:33] 다운로드 files URL=https://www.genspark.ai/api/files/s/vtgrwik4 → SRT_340.png
[01:20:34] ⏱ 다운로드 직접 0.7s size=737029 SRT_340.png
[01:20:34] ⏱ 다운로드구간 SRT_340 0.7s · SRT_340.png
[01:20:36] ⏱ 다운로드후유휴 SRT_340 1.5s · idle=True
[01:20:36] ⏱ 씬합계 SRT_340 31.2s · https://www.genspark.ai/api/files/s/vtgrwik4
[01:20:36] SRT_340 생성·다운로드 완료
C:\cursor\wuxia\workspace\swardmaster\2부\13장\png\SRT_340.png
[01:20:36] 상태키 SRT_360 · Baek|base; Jin|base
[01:20:36] run_scene 시작 SRT_360 · seen_files=78 · last_saved=https://www.genspark.ai/api/files/s/vtgrwik4
[01:20:36] ⏱ 준비 SRT_360 0.0s · chars=4602
[01:20:37] ⏱ 다음명령유휴 SRT_360 1.4s · idle=True
[01:20:38] fill OK(clip) follow=True chars=4602
[01:20:38] submit 시작 composer=4602 url=https://www.genspark.ai/agents?id=5dfec2bd-3696-4509-ad3c-6619b46a6207
[01:20:38] submit geo 실패 hit=no-btn
[01:20:38] submit 시도 method=geo geo=False
[01:20:39] submit 미확인 method=geo generating=False composer=4602
[01:20:39] submit geo 실패 hit=no-btn
[01:20:39] submit 시도 method=send send=False
[01:20:40] submit 미확인 method=send generating=False composer=4602
[01:20:40] submit 시도 method=ctrl
[01:20:41] submit 미확인 method=ctrl generating=False composer=4604
[01:20:41] submit 시도 method=enter
[01:20:41] submit 확인 method=enter generating=False composer=0
[01:20:41] ⏱ 입력·전송 SRT_360 4.3s · chars=4602
[01:20:41] 제출 후 last_saved=https://www.genspark.ai/api/files/s/vtgrwik4
[01:20:42] ⏱ 생성대기 시작 SRT_360 max=120s
[01:20:57] ⏱ 생성대기 진행 15.0s SRT_360 busy=False url_ok=False src=
[01:20:58] ⏱ 생성대기 완료 16.2s SRT_360 https://www.genspark.ai/api/files/s/qthwzylh
[01:20:58] ⏱ 생성대기구간 SRT_360 16.2s · ok=True
[01:20:58] SRT_360 근접 이미지 https://www.genspark.ai/api/files/s/qthwzylh
[01:20:58] 다운로드 files URL=https://www.genspark.ai/api/files/s/qthwzylh → SRT_360.png
[01:20:59] ⏱ 다운로드 직접 0.7s size=749467 SRT_360.png
[01:20:59] ⏱ 다운로드구간 SRT_360 0.7s · SRT_360.png
[01:21:00] ⏱ 다운로드후유휴 SRT_360 1.5s · idle=True
[01:21:00] ⏱ 씬합계 SRT_360 24.4s · https://www.genspark.ai/api/files/s/qthwzylh
[01:21:00] SRT_360 생성·다운로드 완료
C:\cursor\wuxia\workspace\swardmaster\2부\13장\png\SRT_360.png
[01:21:00] 상태키 SRT_400 · Baek|base; Jin|base
[01:21:00] run_scene 시작 SRT_400 · seen_files=79 · last_saved=https://www.genspark.ai/api/files/s/qthwzylh
[01:21:00] ⏱ 준비 SRT_400 0.0s · chars=4619
[01:21:02] ⏱ 다음명령유휴 SRT_400 1.4s · idle=True
[01:21:02] fill OK(clip) follow=True chars=4619
[01:21:02] submit 시작 composer=4619 url=https://www.genspark.ai/agents?id=5dfec2bd-3696-4509-ad3c-6619b46a6207
[01:21:03] submit geo 실패 hit=no-btn
[01:21:03] submit 시도 method=geo geo=False
[01:21:03] submit 미확인 method=geo generating=False composer=4619
[01:21:04] submit geo 실패 hit=no-btn
[01:21:04] submit 시도 method=send send=False
[01:21:04] submit 미확인 method=send generating=False composer=4619
[01:21:05] submit 시도 method=ctrl
[01:21:05] submit 미확인 method=ctrl generating=False composer=4621
[01:21:05] submit 시도 method=enter
[01:21:06] submit 확인 method=enter generating=False composer=0
[01:21:06] ⏱ 입력·전송 SRT_400 4.3s · chars=4619
[01:21:06] 제출 후 last_saved=https://www.genspark.ai/api/files/s/qthwzylh
[01:21:06] ⏱ 생성대기 시작 SRT_400 max=120s
[01:21:22] ⏱ 생성대기 진행 15.5s SRT_400 busy=False url_ok=False src=
[01:21:24] ⏱ 생성대기 완료 17.8s SRT_400 https://www.genspark.ai/api/files/s/r92deotj
[01:21:24] ⏱ 생성대기구간 SRT_400 17.8s · ok=True
[01:21:24] SRT_400 근접 이미지 https://www.genspark.ai/api/files/s/r92deotj
[01:21:24] 다운로드 files URL=https://www.genspark.ai/api/files/s/r92deotj → SRT_400.png
[01:21:25] ⏱ 다운로드 직접 0.7s size=738019 SRT_400.png
[01:21:25] ⏱ 다운로드구간 SRT_400 0.7s · SRT_400.png
[01:21:26] ⏱ 다운로드후유휴 SRT_400 1.5s · idle=True
[01:21:26] ⏱ 씬합계 SRT_400 26.0s · https://www.genspark.ai/api/files/s/r92deotj
[01:21:26] SRT_400 생성·다운로드 완료
C:\cursor\wuxia\workspace\swardmaster\2부\13장\png\SRT_400.png
[01:21:26] 상태키 SRT_420 · Baek|base; Jin|base
[01:21:26] run_scene 시작 SRT_420 · seen_files=80 · last_saved=https://www.genspark.ai/api/files/s/r92deotj
[01:21:27] ⏱ 준비 SRT_420 0.0s · chars=4610
[01:21:28] ⏱ 다음명령유휴 SRT_420 1.6s · idle=True
[01:21:29] fill OK(clip) follow=True chars=4610
[01:21:29] submit 시작 composer=4610 url=https://www.genspark.ai/agents?id=5dfec2bd-3696-4509-ad3c-6619b46a6207
[01:21:29] submit geo 실패 hit=no-btn
[01:21:29] submit 시도 method=geo geo=False
[01:21:30] submit 미확인 method=geo generating=False composer=4610
[01:21:30] submit geo 실패 hit=no-btn
[01:21:30] submit 시도 method=send send=False
[01:21:31] submit 미확인 method=send generating=False composer=4610
[01:21:31] submit 시도 method=ctrl
[01:21:31] submit 미확인 method=ctrl generating=False composer=4612
[01:21:32] submit 시도 method=enter
[01:21:32] submit 확인 method=enter generating=False composer=0
[01:21:32] ⏱ 입력·전송 SRT_420 4.3s · chars=4610
[01:21:32] 제출 후 last_saved=https://www.genspark.ai/api/files/s/r92deotj
[01:21:33] ⏱ 생성대기 시작 SRT_420 max=120s
[01:21:48] ⏱ 생성대기 진행 15.2s SRT_420 busy=False url_ok=False src=
[01:21:52] ⏱ 생성대기 완료 19.1s SRT_420 https://www.genspark.ai/api/files/s/ur5in3dc
[01:21:52] ⏱ 생성대기구간 SRT_420 19.1s · ok=True
[01:21:52] SRT_420 근접 이미지 https://www.genspark.ai/api/files/s/ur5in3dc
[01:21:52] 다운로드 files URL=https://www.genspark.ai/api/files/s/ur5in3dc → SRT_420.png
[01:21:53] ⏱ 다운로드 직접 0.7s size=558701 SRT_420.png
[01:21:53] ⏱ 다운로드구간 SRT_420 0.8s · SRT_420.png
[01:21:54] ⏱ 다운로드후유휴 SRT_420 1.4s · idle=True
[01:21:54] ⏱ 씬합계 SRT_420 27.4s · https://www.genspark.ai/api/files/s/ur5in3dc
[01:21:54] SRT_420 생성·다운로드 완료
C:\cursor\wuxia\workspace\swardmaster\2부\13장\png\SRT_420.png
[01:21:54] 상태키 SRT_440 · Baek|base; Jin|base
[01:21:54] run_scene 시작 SRT_440 · seen_files=81 · last_saved=https://www.genspark.ai/api/files/s/ur5in3dc
[01:21:54] ⏱ 준비 SRT_440 0.0s · chars=4590
[01:21:56] ⏱ 다음명령유휴 SRT_440 1.7s · idle=True
[01:21:57] fill OK(clip) follow=True chars=4590
[01:21:57] submit 시작 composer=4590 url=https://www.genspark.ai/agents?id=5dfec2bd-3696-4509-ad3c-6619b46a6207
[01:21:57] submit geo 실패 hit=no-btn
[01:21:57] submit 시도 method=geo geo=False
[01:21:57] submit 미확인 method=geo generating=False composer=4590
[01:21:58] submit geo 실패 hit=no-btn
[01:21:58] submit 시도 method=send send=False
[01:21:58] submit 미확인 method=send generating=False composer=4590
[01:21:58] submit 시도 method=ctrl
[01:21:59] submit 미확인 method=ctrl generating=False composer=4592
[01:21:59] submit 시도 method=enter
[01:22:00] submit 확인 method=enter generating=False composer=0
[01:22:00] ⏱ 입력·전송 SRT_440 4.2s · chars=4590
[01:22:00] 제출 후 last_saved=https://www.genspark.ai/api/files/s/ur5in3dc
[01:22:00] ⏱ 생성대기 시작 SRT_440 max=120s
[01:22:15] ⏱ 생성대기 진행 15.1s SRT_440 busy=False url_ok=False src=
[01:22:17] ⏱ 생성대기 완료 17.0s SRT_440 https://www.genspark.ai/api/files/s/jtrfqs3d
[01:22:17] ⏱ 생성대기구간 SRT_440 17.0s · ok=True
[01:22:17] SRT_440 근접 이미지 https://www.genspark.ai/api/files/s/jtrfqs3d
[01:22:17] 다운로드 files URL=https://www.genspark.ai/api/files/s/jtrfqs3d → SRT_440.png
[01:22:18] ⏱ 다운로드 직접 0.6s size=572232 SRT_440.png
[01:22:18] ⏱ 다운로드구간 SRT_440 0.7s · SRT_440.png
[01:22:20] ⏱ 다운로드후유휴 SRT_440 1.7s · idle=True
[01:22:20] ⏱ 씬합계 SRT_440 25.5s · https://www.genspark.ai/api/files/s/jtrfqs3d
[01:22:20] SRT_440 생성·다운로드 완료
C:\cursor\wuxia\workspace\swardmaster\2부\13장\png\SRT_440.png
[01:22:20] 상태키 SRT_460 · Baek|base; Jin|base
[01:22:20] run_scene 시작 SRT_460 · seen_files=82 · last_saved=https://www.genspark.ai/api/files/s/jtrfqs3d
[01:22:20] ⏱ 준비 SRT_460 0.0s · chars=3304
[01:22:21] ⏱ 다음명령유휴 SRT_460 1.5s · idle=True
[01:22:22] fill OK(clip) follow=True chars=3304
[01:22:22] submit 시작 composer=3304 url=https://www.genspark.ai/agents?id=5dfec2bd-3696-4509-ad3c-6619b46a6207
[01:22:22] submit geo 실패 hit=no-btn
[01:22:22] submit 시도 method=geo geo=False
[01:22:23] submit 미확인 method=geo generating=False composer=3304
[01:22:23] submit geo 실패 hit=no-btn
[01:22:23] submit 시도 method=send send=False
[01:22:24] submit 미확인 method=send generating=False composer=3304
[01:22:24] submit 시도 method=ctrl
[01:22:25] submit 미확인 method=ctrl generating=False composer=3306
[01:22:25] submit 시도 method=enter
[01:22:26] submit 확인 method=enter generating=False composer=0
[01:22:26] ⏱ 입력·전송 SRT_460 4.4s · chars=3304
[01:22:26] 제출 후 last_saved=https://www.genspark.ai/api/files/s/jtrfqs3d
[01:22:26] ⏱ 생성대기 시작 SRT_460 max=120s
[01:22:41] ⏱ 생성대기 진행 15.2s SRT_460 busy=True url_ok=False src=
[01:22:47] ⏱ 생성대기 완료 21.1s SRT_460 https://www.genspark.ai/api/files/s/rnu5jufv
[01:22:47] ⏱ 생성대기구간 SRT_460 21.1s · ok=True
[01:22:47] SRT_460 근접 이미지 https://www.genspark.ai/api/files/s/rnu5jufv
[01:22:47] 다운로드 files URL=https://www.genspark.ai/api/files/s/rnu5jufv → SRT_460.png
[01:22:48] ⏱ 다운로드 직접 0.7s size=584743 SRT_460.png
[01:22:48] ⏱ 다운로드구간 SRT_460 0.8s · SRT_460.png
[01:22:49] ⏱ 다운로드후유휴 SRT_460 1.5s · idle=True
[01:22:49] ⏱ 씬합계 SRT_460 29.6s · https://www.genspark.ai/api/files/s/rnu5jufv
[01:22:49] SRT_460 생성·다운로드 완료
C:\cursor\wuxia\workspace\swardmaster\2부\13장\png\SRT_460.png
[01:22:50] 상태키 SRT_480 · Baek|base; Jin|base
[01:22:50] run_scene 시작 SRT_480 · seen_files=83 · last_saved=https://www.genspark.ai/api/files/s/rnu5jufv
[01:22:50] ⏱ 준비 SRT_480 0.1s · chars=4623
[01:22:51] ⏱ 다음명령유휴 SRT_480 1.6s · idle=True
[01:22:52] fill OK(clip) follow=True chars=4623
[01:22:52] submit 시작 composer=4623 url=https://www.genspark.ai/agents?id=5dfec2bd-3696-4509-ad3c-6619b46a6207
[01:22:52] submit geo 실패 hit=no-btn
[01:22:52] submit 시도 method=geo geo=False
[01:22:53] submit 미확인 method=geo generating=False composer=4623
[01:22:53] submit geo 실패 hit=no-btn
[01:22:53] submit 시도 method=send send=False
[01:22:54] submit 미확인 method=send generating=False composer=4623
[01:22:54] submit 시도 method=ctrl
[01:22:55] submit 미확인 method=ctrl generating=False composer=4625
[01:22:55] submit 시도 method=enter
[01:22:56] submit 확인 method=enter generating=False composer=0
[01:22:56] ⏱ 입력·전송 SRT_480 4.4s · chars=4623
[01:22:56] 제출 후 last_saved=https://www.genspark.ai/api/files/s/rnu5jufv
[01:22:56] ⏱ 생성대기 시작 SRT_480 max=120s
[01:23:11] ⏱ 생성대기 진행 15.1s SRT_480 busy=False url_ok=False src=
[01:23:15] ⏱ 생성대기 완료 19.3s SRT_480 https://www.genspark.ai/api/files/s/ngexmlez
[01:23:15] ⏱ 생성대기구간 SRT_480 19.3s · ok=True
[01:23:15] SRT_480 근접 이미지 https://www.genspark.ai/api/files/s/ngexmlez
[01:23:15] 다운로드 files URL=https://www.genspark.ai/api/files/s/ngexmlez → SRT_480.png
[01:23:16] ⏱ 다운로드 직접 0.7s size=656655 SRT_480.png
[01:23:16] ⏱ 다운로드구간 SRT_480 0.8s · SRT_480.png
[01:23:17] ⏱ 다운로드후유휴 SRT_480 1.6s · idle=True
[01:23:17] ⏱ 씬합계 SRT_480 27.9s · https://www.genspark.ai/api/files/s/ngexmlez
[01:23:17] SRT_480 생성·다운로드 완료
C:\cursor\wuxia\workspace\swardmaster\2부\13장\png\SRT_480.png
[01:23:18] 상태키 SRT_500 · Baek|base; Jin|base
[01:23:18] run_scene 시작 SRT_500 · seen_files=84 · last_saved=https://www.genspark.ai/api/files/s/ngexmlez
[01:23:18] ⏱ 준비 SRT_500 0.0s · chars=4613
[01:23:19] ⏱ 다음명령유휴 SRT_500 1.7s · idle=True
[01:23:20] fill OK(clip) follow=True chars=4613
[01:23:20] submit 시작 composer=4613 url=https://www.genspark.ai/agents?id=5dfec2bd-3696-4509-ad3c-6619b46a6207
[01:23:20] submit geo 실패 hit=no-btn
[01:23:20] submit 시도 method=geo geo=False
[01:23:21] submit 미확인 method=geo generating=False composer=4613
[01:23:21] submit geo 실패 hit=no-btn
[01:23:21] submit 시도 method=send send=False
[01:23:22] submit 미확인 method=send generating=False composer=4613
[01:23:22] submit 시도 method=ctrl
[01:23:23] submit 미확인 method=ctrl generating=False composer=4615
[01:23:23] submit 시도 method=enter
[01:23:24] submit 확인 method=enter generating=False composer=0
[01:23:24] ⏱ 입력·전송 SRT_500 4.6s · chars=4613
[01:23:24] 제출 후 last_saved=https://www.genspark.ai/api/files/s/ngexmlez
[01:23:24] ⏱ 생성대기 시작 SRT_500 max=120s
[01:23:40] ⏱ 생성대기 진행 15.5s SRT_500 busy=False url_ok=False src=
[01:23:46] ⏱ 생성대기 완료 21.9s SRT_500 https://www.genspark.ai/api/files/s/wuveje5h
[01:23:46] ⏱ 생성대기구간 SRT_500 21.9s · ok=True
[01:23:46] SRT_500 근접 이미지 https://www.genspark.ai/api/files/s/wuveje5h
[01:23:46] 다운로드 files URL=https://www.genspark.ai/api/files/s/wuveje5h → SRT_500.png
[01:23:47] ⏱ 다운로드 직접 0.7s size=641317 SRT_500.png
[01:23:47] ⏱ 다운로드구간 SRT_500 0.8s · SRT_500.png
[01:23:48] ⏱ 다운로드후유휴 SRT_500 1.6s · idle=True
[01:23:48] ⏱ 씬합계 SRT_500 30.8s · https://www.genspark.ai/api/files/s/wuveje5h
[01:23:48] SRT_500 생성·다운로드 완료
C:\cursor\wuxia\workspace\swardmaster\2부\13장\png\SRT_500.png
[01:23:49] 상태키 SRT_540 · Baek|base; Jin|base
[01:23:49] run_scene 시작 SRT_540 · seen_files=85 · last_saved=https://www.genspark.ai/api/files/s/wuveje5h
[01:23:49] ⏱ 준비 SRT_540 0.0s · chars=3295
[01:23:50] ⏱ 다음명령유휴 SRT_540 1.5s · idle=True
[01:23:51] fill OK(clip) follow=True chars=3295
[01:23:51] submit 시작 composer=3295 url=https://www.genspark.ai/agents?id=5dfec2bd-3696-4509-ad3c-6619b46a6207
[01:23:51] submit geo 실패 hit=no-btn
[01:23:51] submit 시도 method=geo geo=False
[01:23:52] submit 미확인 method=geo generating=False composer=3295
[01:23:52] submit geo 실패 hit=no-btn
[01:23:52] submit 시도 method=send send=False
[01:23:53] submit 미확인 method=send generating=False composer=3295
[01:23:53] submit 시도 method=ctrl
[01:23:53] submit 미확인 method=ctrl generating=False composer=3297
[01:23:54] submit 시도 method=enter
[01:23:54] submit 확인 method=enter generating=False composer=0
[01:23:54] ⏱ 입력·전송 SRT_540 4.3s · chars=3295
[01:23:54] 제출 후 last_saved=https://www.genspark.ai/api/files/s/wuveje5h
[01:23:55] ⏱ 생성대기 시작 SRT_540 max=120s
[01:24:10] ⏱ 생성대기 진행 15.5s SRT_540 busy=False url_ok=False src=
[01:24:13] ⏱ 생성대기 완료 18.6s SRT_540 https://www.genspark.ai/api/files/s/f3ur1qep
[01:24:13] ⏱ 생성대기구간 SRT_540 18.6s · ok=True
[01:24:13] SRT_540 근접 이미지 https://www.genspark.ai/api/files/s/f3ur1qep
[01:24:13] 다운로드 files URL=https://www.genspark.ai/api/files/s/f3ur1qep → SRT_540.png
[01:24:14] ⏱ 다운로드 직접 0.7s size=448931 SRT_540.png
[01:24:14] ⏱ 다운로드구간 SRT_540 0.7s · SRT_540.png
[01:24:15] ⏱ 다운로드후유휴 SRT_540 1.5s · idle=True
[01:24:15] ⏱ 씬합계 SRT_540 26.8s · https://www.genspark.ai/api/files/s/f3ur1qep
[01:24:15] SRT_540 생성·다운로드 완료
C:\cursor\wuxia\workspace\swardmaster\2부\13장\png\SRT_540.png
[01:24:16] 상태키 SRT_560 · Baek|base; Jin|base
[01:24:16] run_scene 시작 SRT_560 · seen_files=86 · last_saved=https://www.genspark.ai/api/files/s/f3ur1qep
[01:24:16] ⏱ 준비 SRT_560 0.0s · chars=3314
[01:24:17] ⏱ 다음명령유휴 SRT_560 1.6s · idle=True
[01:24:18] fill OK(clip) follow=True chars=3314
[01:24:18] submit 시작 composer=3314 url=https://www.genspark.ai/agents?id=5dfec2bd-3696-4509-ad3c-6619b46a6207
[01:24:18] submit geo 실패 hit=no-btn
[01:24:18] submit 시도 method=geo geo=False
[01:24:19] submit 미확인 method=geo generating=False composer=3314
[01:24:19] submit geo 실패 hit=no-btn
[01:24:19] submit 시도 method=send send=False
[01:24:20] submit 미확인 method=send generating=False composer=3314
[01:24:20] submit 시도 method=ctrl
[01:24:21] submit 미확인 method=ctrl generating=False composer=3316
[01:24:21] submit 시도 method=enter
[01:24:22] submit 확인 method=enter generating=False composer=0
[01:24:22] ⏱ 입력·전송 SRT_560 4.5s · chars=3314
[01:24:22] 제출 후 last_saved=https://www.genspark.ai/api/files/s/f3ur1qep
[01:24:22] ⏱ 생성대기 시작 SRT_560 max=120s
[01:24:37] ⏱ 생성대기 진행 15.4s SRT_560 busy=False url_ok=False src=
[01:24:42] ⏱ 생성대기 완료 20.2s SRT_560 https://www.genspark.ai/api/files/s/hyyrhvcx
[01:24:42] ⏱ 생성대기구간 SRT_560 20.2s · ok=True
[01:24:42] SRT_560 근접 이미지 https://www.genspark.ai/api/files/s/hyyrhvcx
[01:24:42] 다운로드 files URL=https://www.genspark.ai/api/files/s/hyyrhvcx → SRT_560.png
[01:24:43] ⏱ 다운로드 직접 0.7s size=465519 SRT_560.png
[01:24:43] ⏱ 다운로드구간 SRT_560 0.7s · SRT_560.png
[01:24:44] ⏱ 다운로드후유휴 SRT_560 1.7s · idle=True
[01:24:44] ⏱ 씬합계 SRT_560 28.8s · https://www.genspark.ai/api/files/s/hyyrhvcx
[01:24:44] SRT_560 생성·다운로드 완료
C:\cursor\wuxia\workspace\swardmaster\2부\13장\png\SRT_560.png
[01:24:45] 상태키 SRT_580 · Baek|base; Jin|base
[01:24:45] run_scene 시작 SRT_580 · seen_files=87 · last_saved=https://www.genspark.ai/api/files/s/hyyrhvcx
[01:24:45] ⏱ 준비 SRT_580 0.0s · chars=5620
[01:24:46] ⏱ 다음명령유휴 SRT_580 1.4s · idle=True
[01:24:47] fill OK(clip) follow=True chars=5620
[01:24:47] submit 시작 composer=5620 url=https://www.genspark.ai/agents?id=5dfec2bd-3696-4509-ad3c-6619b46a6207
[01:24:47] submit geo 실패 hit=no-btn
[01:24:47] submit 시도 method=geo geo=False
[01:24:48] submit 미확인 method=geo generating=False composer=5620
[01:24:48] submit geo 실패 hit=no-btn
[01:24:48] submit 시도 method=send send=False
[01:24:49] submit 미확인 method=send generating=False composer=5620
[01:24:49] submit 시도 method=ctrl
[01:24:50] submit 미확인 method=ctrl generating=False composer=5622
[01:24:50] submit 시도 method=enter
[01:24:51] submit 확인 method=enter generating=False composer=0
[01:24:51] ⏱ 입력·전송 SRT_580 4.5s · chars=5620
[01:24:51] 제출 후 last_saved=https://www.genspark.ai/api/files/s/hyyrhvcx
[01:24:51] ⏱ 생성대기 시작 SRT_580 max=120s
[01:25:06] ⏱ 생성대기 진행 15.1s SRT_580 busy=False url_ok=False src=
[01:25:17] ⏱ 생성대기 완료 26.6s SRT_580 https://www.genspark.ai/api/files/s/ararib3i
[01:25:17] ⏱ 생성대기구간 SRT_580 26.6s · ok=True
[01:25:17] SRT_580 근접 이미지 https://www.genspark.ai/api/files/s/ararib3i
[01:25:17] 다운로드 files URL=https://www.genspark.ai/api/files/s/ararib3i → SRT_580.png
[01:25:18] ⏱ 다운로드 직접 0.7s size=570071 SRT_580.png
[01:25:18] ⏱ 다운로드구간 SRT_580 0.8s · SRT_580.png
[01:25:20] ⏱ 다운로드후유휴 SRT_580 1.7s · idle=True
[01:25:20] ⏱ 씬합계 SRT_580 35.3s · https://www.genspark.ai/api/files/s/ararib3i
[01:25:20] SRT_580 생성·다운로드 완료
C:\cursor\wuxia\workspace\swardmaster\2부\13장\png\SRT_580.png
[01:25:20] 상태키 SRT_600 · Baek|base; Jin|base
[01:25:20] run_scene 시작 SRT_600 · seen_files=88 · last_saved=https://www.genspark.ai/api/files/s/ararib3i
[01:25:20] ⏱ 준비 SRT_600 0.0s · chars=4627
[01:25:22] ⏱ 다음명령유휴 SRT_600 1.7s · idle=True
[01:25:23] fill OK(clip) follow=True chars=4627
[01:25:23] submit 시작 composer=4627 url=https://www.genspark.ai/agents?id=5dfec2bd-3696-4509-ad3c-6619b46a6207
[01:25:23] submit geo 실패 hit=no-btn
[01:25:23] submit 시도 method=geo geo=False
[01:25:23] submit 미확인 method=geo generating=False composer=4627
[01:25:24] submit geo 실패 hit=no-btn
[01:25:24] submit 시도 method=send send=False
[01:25:24] submit 미확인 method=send generating=False composer=4627
[01:25:25] submit 시도 method=ctrl
[01:25:25] submit 미확인 method=ctrl generating=False composer=4629
[01:25:26] submit 시도 method=enter
[01:25:26] submit 확인 method=enter generating=False composer=0
[01:25:26] ⏱ 입력·전송 SRT_600 4.3s · chars=4627
[01:25:26] 제출 후 last_saved=https://www.genspark.ai/api/files/s/ararib3i
[01:25:26] ⏱ 생성대기 시작 SRT_600 max=120s
[01:25:42] ⏱ 생성대기 진행 15.5s SRT_600 busy=False url_ok=False src=
[01:25:43] ⏱ 생성대기 완료 17.0s SRT_600 https://www.genspark.ai/api/files/s/jzpsdoh0
[01:25:43] ⏱ 생성대기구간 SRT_600 17.0s · ok=True
[01:25:43] SRT_600 근접 이미지 https://www.genspark.ai/api/files/s/jzpsdoh0
[01:25:43] 다운로드 files URL=https://www.genspark.ai/api/files/s/jzpsdoh0 → SRT_600.png
[01:25:44] ⏱ 다운로드 직접 0.7s size=638531 SRT_600.png
[01:25:44] ⏱ 다운로드구간 SRT_600 0.8s · SRT_600.png
[01:25:46] ⏱ 다운로드후유휴 SRT_600 1.8s · idle=True
[01:25:46] ⏱ 씬합계 SRT_600 25.9s · https://www.genspark.ai/api/files/s/jzpsdoh0
[01:25:46] SRT_600 생성·다운로드 완료
C:\cursor\wuxia\workspace\swardmaster\2부\13장\png\SRT_600.png
[01:25:46] 상태키 SRT_620 · Baek|base; Jin|base
[01:25:46] run_scene 시작 SRT_620 · seen_files=89 · last_saved=https://www.genspark.ai/api/files/s/jzpsdoh0
[01:25:46] ⏱ 준비 SRT_620 0.0s · chars=4619
[01:25:48] ⏱ 다음명령유휴 SRT_620 1.6s · idle=True
[01:25:48] fill OK(clip) follow=True chars=4619
[01:25:48] submit 시작 composer=4619 url=https://www.genspark.ai/agents?id=5dfec2bd-3696-4509-ad3c-6619b46a6207
[01:25:49] submit geo 실패 hit=no-btn
[01:25:49] submit 시도 method=geo geo=False
[01:25:49] submit 미확인 method=geo generating=False composer=4619
[01:25:50] submit geo 실패 hit=no-btn
[01:25:50] submit 시도 method=send send=False
[01:25:50] submit 미확인 method=send generating=False composer=4619
[01:25:51] submit 시도 method=ctrl
[01:25:51] submit 미확인 method=ctrl generating=False composer=4621
[01:25:52] submit 시도 method=enter
[01:25:52] submit 확인 method=enter generating=False composer=0
[01:25:52] ⏱ 입력·전송 SRT_620 4.5s · chars=4619
[01:25:52] 제출 후 last_saved=https://www.genspark.ai/api/files/s/jzpsdoh0
[01:25:52] ⏱ 생성대기 시작 SRT_620 max=120s
[01:26:08] ⏱ 생성대기 진행 15.3s SRT_620 busy=False url_ok=False src=
[01:26:09] ⏱ 생성대기 완료 16.2s SRT_620 https://www.genspark.ai/api/files/s/myrmd4lh
[01:26:09] ⏱ 생성대기구간 SRT_620 16.2s · ok=True
[01:26:09] SRT_620 근접 이미지 https://www.genspark.ai/api/files/s/myrmd4lh
[01:26:09] 다운로드 files URL=https://www.genspark.ai/api/files/s/myrmd4lh → SRT_620.png
[01:26:11] ⏱ 다운로드 직접 2.1s size=721540 SRT_620.png
[01:26:11] ⏱ 다운로드구간 SRT_620 2.1s · SRT_620.png
[01:26:12] ⏱ 다운로드후유휴 SRT_620 1.8s · idle=True
[01:26:13] ⏱ 씬합계 SRT_620 26.4s · https://www.genspark.ai/api/files/s/myrmd4lh
[01:26:13] SRT_620 생성·다운로드 완료
C:\cursor\wuxia\workspace\swardmaster\2부\13장\png\SRT_620.png
[01:26:13] 상태키 SRT_660 · Baek|base; Jin|base
[01:26:13] run_scene 시작 SRT_660 · seen_files=90 · last_saved=https://www.genspark.ai/api/files/s/myrmd4lh
[01:26:13] ⏱ 준비 SRT_660 0.0s · chars=4628
[01:26:14] ⏱ 다음명령유휴 SRT_660 1.4s · idle=True
[01:26:15] fill OK(clip) follow=True chars=4628
[01:26:15] submit 시작 composer=4628 url=https://www.genspark.ai/agents?id=5dfec2bd-3696-4509-ad3c-6619b46a6207
[01:26:15] submit geo 실패 hit=no-btn
[01:26:15] submit 시도 method=geo geo=False
[01:26:16] submit 미확인 method=geo generating=False composer=4628
[01:26:16] submit geo 실패 hit=no-btn
[01:26:16] submit 시도 method=send send=False
[01:26:17] submit 미확인 method=send generating=False composer=4628
[01:26:17] submit 시도 method=ctrl
[01:26:18] submit 미확인 method=ctrl generating=False composer=4630
[01:26:18] submit 시도 method=enter
[01:26:19] submit 확인 method=enter generating=False composer=0
[01:26:19] ⏱ 입력·전송 SRT_660 4.4s · chars=4628
[01:26:19] 제출 후 last_saved=https://www.genspark.ai/api/files/s/myrmd4lh
[01:26:19] ⏱ 생성대기 시작 SRT_660 max=120s
[01:26:34] ⏱ 생성대기 진행 15.7s SRT_660 busy=False url_ok=False src=
[01:26:39] ⏱ 생성대기 완료 20.1s SRT_660 https://www.genspark.ai/api/files/s/c5ndv514
[01:26:39] ⏱ 생성대기구간 SRT_660 20.1s · ok=True
[01:26:39] SRT_660 근접 이미지 https://www.genspark.ai/api/files/s/c5ndv514
[01:26:39] 다운로드 files URL=https://www.genspark.ai/api/files/s/c5ndv514 → SRT_660.png
[01:26:40] ⏱ 다운로드 직접 0.7s size=709098 SRT_660.png
[01:26:40] ⏱ 다운로드구간 SRT_660 0.7s · SRT_660.png
[01:26:41] ⏱ 다운로드후유휴 SRT_660 1.6s · idle=True
[01:26:41] ⏱ 씬합계 SRT_660 28.6s · https://www.genspark.ai/api/files/s/c5ndv514
[01:26:41] SRT_660 생성·다운로드 완료
C:\cursor\wuxia\workspace\swardmaster\2부\13장\png\SRT_660.png
[01:26:41] 상태키 SRT_680 · Baek|base; Jin|base
[01:26:41] run_scene 시작 SRT_680 · seen_files=91 · last_saved=https://www.genspark.ai/api/files/s/c5ndv514
[01:26:41] ⏱ 준비 SRT_680 0.0s · chars=5592
[01:26:43] ⏱ 다음명령유휴 SRT_680 1.6s · idle=True
[01:26:44] fill OK(clip) follow=True chars=5592
[01:26:44] submit 시작 composer=5592 url=https://www.genspark.ai/agents?id=5dfec2bd-3696-4509-ad3c-6619b46a6207
[01:26:44] submit geo 실패 hit=no-btn
[01:26:44] submit 시도 method=geo geo=False
[01:26:45] submit 미확인 method=geo generating=False composer=5592
[01:26:45] submit geo 실패 hit=no-btn
[01:26:45] submit 시도 method=send send=False
[01:26:46] submit 미확인 method=send generating=False composer=5592
[01:26:46] submit 시도 method=ctrl
[01:26:47] submit 미확인 method=ctrl generating=False composer=5594
[01:26:47] submit 시도 method=enter
[01:26:48] submit 확인 method=enter generating=False composer=0
[01:26:48] ⏱ 입력·전송 SRT_680 4.5s · chars=5592
[01:26:48] 제출 후 last_saved=https://www.genspark.ai/api/files/s/c5ndv514
[01:26:48] ⏱ 생성대기 시작 SRT_680 max=120s
[01:27:03] ⏱ 생성대기 진행 15.0s SRT_680 busy=False url_ok=False src=
[01:27:07] ⏱ 생성대기 완료 19.6s SRT_680 https://www.genspark.ai/api/files/s/wdgub9xu
[01:27:07] ⏱ 생성대기구간 SRT_680 19.6s · ok=True
[01:27:08] SRT_680 근접 이미지 https://www.genspark.ai/api/files/s/wdgub9xu
[01:27:08] 다운로드 files URL=https://www.genspark.ai/api/files/s/wdgub9xu → SRT_680.png
[01:27:08] ⏱ 다운로드 직접 0.7s size=690955 SRT_680.png
[01:27:08] ⏱ 다운로드구간 SRT_680 0.7s · SRT_680.png
[01:27:10] ⏱ 다운로드후유휴 SRT_680 1.8s · idle=True
[01:27:10] ⏱ 씬합계 SRT_680 28.6s · https://www.genspark.ai/api/files/s/wdgub9xu
[01:27:10] SRT_680 생성·다운로드 완료
C:\cursor\wuxia\workspace\swardmaster\2부\13장\png\SRT_680.png
[01:27:10] 상태키 SRT_700 · Baek|base; Jin|base
[01:27:10] run_scene 시작 SRT_700 · seen_files=92 · last_saved=https://www.genspark.ai/api/files/s/wdgub9xu
[01:27:10] ⏱ 준비 SRT_700 0.0s · chars=4621
[01:27:12] ⏱ 다음명령유휴 SRT_700 1.7s · idle=True
[01:27:13] fill OK(clip) follow=True chars=4621
[01:27:13] submit 시작 composer=4621 url=https://www.genspark.ai/agents?id=5dfec2bd-3696-4509-ad3c-6619b46a6207
[01:27:13] submit geo 실패 hit=no-btn
[01:27:13] submit 시도 method=geo geo=False
[01:27:13] submit 미확인 method=geo generating=False composer=4621
[01:27:14] submit geo 실패 hit=no-btn
[01:27:14] submit 시도 method=send send=False
[01:27:14] submit 미확인 method=send generating=False composer=4621
[01:27:15] submit 시도 method=ctrl
[01:27:15] submit 미확인 method=ctrl generating=False composer=4623
[01:27:16] submit 시도 method=enter
[01:27:16] submit 확인 method=enter generating=False composer=0
[01:27:16] ⏱ 입력·전송 SRT_700 4.4s · chars=4621
[01:27:16] 제출 후 last_saved=https://www.genspark.ai/api/files/s/wdgub9xu
[01:27:17] ⏱ 생성대기 시작 SRT_700 max=120s
[01:27:32] ⏱ 생성대기 진행 15.3s SRT_700 busy=False url_ok=False src=
[01:27:35] ⏱ 생성대기 완료 19.0s SRT_700 https://www.genspark.ai/api/files/s/2rvq2tl0
[01:27:35] ⏱ 생성대기구간 SRT_700 19.0s · ok=True
[01:27:36] SRT_700 근접 이미지 https://www.genspark.ai/api/files/s/2rvq2tl0
[01:27:36] 다운로드 files URL=https://www.genspark.ai/api/files/s/2rvq2tl0 → SRT_700.png
[01:27:36] ⏱ 다운로드 직접 0.7s size=609275 SRT_700.png
[01:27:36] ⏱ 다운로드구간 SRT_700 0.7s · SRT_700.png
[01:27:38] ⏱ 다운로드후유휴 SRT_700 1.7s · idle=True
[01:27:38] ⏱ 씬합계 SRT_700 27.7s · https://www.genspark.ai/api/files/s/2rvq2tl0
[01:27:38] SRT_700 생성·다운로드 완료
C:\cursor\wuxia\workspace\swardmaster\2부\13장\png\SRT_700.png
[01:27:38] 상태키 SRT_720 · Baek|base; Jin|base
[01:27:38] run_scene 시작 SRT_720 · seen_files=93 · last_saved=https://www.genspark.ai/api/files/s/2rvq2tl0
[01:27:38] ⏱ 준비 SRT_720 0.0s · chars=4627
[01:27:40] ⏱ 다음명령유휴 SRT_720 1.5s · idle=True
[01:27:40] fill OK(clip) follow=True chars=4627
[01:27:40] submit 시작 composer=4627 url=https://www.genspark.ai/agents?id=5dfec2bd-3696-4509-ad3c-6619b46a6207
[01:27:41] submit geo 실패 hit=no-btn
[01:27:41] submit 시도 method=geo geo=False
[01:27:41] submit 미확인 method=geo generating=False composer=4627
[01:27:42] submit geo 실패 hit=no-btn
[01:27:42] submit 시도 method=send send=False
[01:27:42] submit 미확인 method=send generating=False composer=4627
[01:27:43] submit 시도 method=ctrl
[01:27:43] submit 미확인 method=ctrl generating=False composer=4629
[01:27:44] submit 시도 method=enter
[01:27:44] submit 확인 method=enter generating=False composer=0
[01:27:44] ⏱ 입력·전송 SRT_720 4.5s · chars=4627
[01:27:44] 제출 후 last_saved=https://www.genspark.ai/api/files/s/2rvq2tl0
[01:27:44] ⏱ 생성대기 시작 SRT_720 max=120s
[01:28:00] ⏱ 생성대기 진행 15.6s SRT_720 busy=True url_ok=False src=
[01:28:10] ⏱ 생성대기 완료 25.5s SRT_720 https://www.genspark.ai/api/files/s/ick9mn1c
[01:28:10] ⏱ 생성대기구간 SRT_720 25.5s · ok=True
[01:28:10] SRT_720 근접 이미지 https://www.genspark.ai/api/files/s/ick9mn1c
[01:28:10] 다운로드 files URL=https://www.genspark.ai/api/files/s/ick9mn1c → SRT_720.png
[01:28:11] ⏱ 다운로드 직접 0.8s size=646700 SRT_720.png
[01:28:11] ⏱ 다운로드구간 SRT_720 0.9s · SRT_720.png
[01:28:12] ⏱ 다운로드후유휴 SRT_720 1.7s · idle=True
[01:28:12] ⏱ 씬합계 SRT_720 34.3s · https://www.genspark.ai/api/files/s/ick9mn1c
[01:28:12] SRT_720 생성·다운로드 완료
C:\cursor\wuxia\workspace\swardmaster\2부\13장\png\SRT_720.png
[01:28:13] 상태키 SRT_740 · Baek|base; Jin|base
[01:28:13] run_scene 시작 SRT_740 · seen_files=94 · last_saved=https://www.genspark.ai/api/files/s/ick9mn1c
[01:28:13] ⏱ 준비 SRT_740 0.0s · chars=3319
[01:28:14] ⏱ 다음명령유휴 SRT_740 1.7s · idle=True
[01:28:15] fill OK(clip) follow=True chars=3319
[01:28:15] submit 시작 composer=3319 url=https://www.genspark.ai/agents?id=5dfec2bd-3696-4509-ad3c-6619b46a6207
[01:28:15] submit geo 실패 hit=no-btn
[01:28:15] submit 시도 method=geo geo=False
[01:28:16] submit 미확인 method=geo generating=False composer=3319
[01:28:16] submit geo 실패 hit=no-btn
[01:28:16] submit 시도 method=send send=False
[01:28:17] submit 미확인 method=send generating=False composer=3319
[01:28:17] submit 시도 method=ctrl
[01:28:18] submit 미확인 method=ctrl generating=False composer=3321
[01:28:18] submit 시도 method=enter
[01:28:19] submit 확인 method=enter generating=False composer=0
[01:28:19] ⏱ 입력·전송 SRT_740 4.5s · chars=3319
[01:28:19] 제출 후 last_saved=https://www.genspark.ai/api/files/s/ick9mn1c
[01:28:19] ⏱ 생성대기 시작 SRT_740 max=120s
[01:28:34] ⏱ 생성대기 진행 15.1s SRT_740 busy=True url_ok=False src=
[01:28:40] ⏱ 생성대기 완료 20.8s SRT_740 https://www.genspark.ai/api/files/s/fzewlq0m
[01:28:40] ⏱ 생성대기구간 SRT_740 20.8s · ok=True
[01:28:40] SRT_740 근접 이미지 https://www.genspark.ai/api/files/s/fzewlq0m
[01:28:40] 다운로드 files URL=https://www.genspark.ai/api/files/s/fzewlq0m → SRT_740.png
[01:28:41] ⏱ 다운로드 직접 0.7s size=663232 SRT_740.png
[01:28:41] ⏱ 다운로드구간 SRT_740 0.7s · SRT_740.png
[01:28:42] ⏱ 다운로드후유휴 SRT_740 1.5s · idle=True
[01:28:42] ⏱ 씬합계 SRT_740 29.5s · https://www.genspark.ai/api/files/s/fzewlq0m
[01:28:42] SRT_740 생성·다운로드 완료
C:\cursor\wuxia\workspace\swardmaster\2부\13장\png\SRT_740.png
[01:28:42] 상태키 SRT_760 · Baek|base; Jin|base
[01:28:42] run_scene 시작 SRT_760 · seen_files=95 · last_saved=https://www.genspark.ai/api/files/s/fzewlq0m
[01:28:42] ⏱ 준비 SRT_760 0.0s · chars=3308
[01:28:44] ⏱ 다음명령유휴 SRT_760 1.8s · idle=True
[01:28:45] fill OK(clip) follow=True chars=3308
[01:28:45] submit 시작 composer=3308 url=https://www.genspark.ai/agents?id=5dfec2bd-3696-4509-ad3c-6619b46a6207
[01:28:45] submit geo 실패 hit=no-btn
[01:28:45] submit 시도 method=geo geo=False
[01:28:46] submit 미확인 method=geo generating=False composer=3308
[01:28:46] submit geo 실패 hit=no-btn
[01:28:46] submit 시도 method=send send=False
[01:28:47] submit 미확인 method=send generating=False composer=3308
[01:28:47] submit 시도 method=ctrl
[01:28:48] submit 미확인 method=ctrl generating=False composer=3310
[01:28:48] submit 시도 method=enter
[01:28:49] submit 확인 method=enter generating=False composer=0
[01:28:49] ⏱ 입력·전송 SRT_760 4.8s · chars=3308
[01:28:49] 제출 후 last_saved=https://www.genspark.ai/api/files/s/fzewlq0m
[01:28:49] ⏱ 생성대기 시작 SRT_760 max=120s
[01:29:05] ⏱ 생성대기 진행 15.4s SRT_760 busy=True url_ok=False src=
[01:29:12] ⏱ 생성대기 완료 22.4s SRT_760 https://www.genspark.ai/api/files/s/8cf1xycv
[01:29:12] ⏱ 생성대기구간 SRT_760 22.4s · ok=True
[01:29:12] SRT_760 근접 이미지 https://www.genspark.ai/api/files/s/8cf1xycv
[01:29:12] 다운로드 files URL=https://www.genspark.ai/api/files/s/8cf1xycv → SRT_760.png
[01:29:12] ⏱ 다운로드 직접 0.7s size=674217 SRT_760.png
[01:29:12] ⏱ 다운로드구간 SRT_760 0.8s · SRT_760.png
[01:29:14] ⏱ 다운로드후유휴 SRT_760 1.8s · idle=True
[01:29:14] ⏱ 씬합계 SRT_760 31.9s · https://www.genspark.ai/api/files/s/8cf1xycv
[01:29:14] SRT_760 생성·다운로드 완료
C:\cursor\wuxia\workspace\swardmaster\2부\13장\png\SRT_760.png
[01:29:14] 상태키 SRT_780 · Baek|base; Jin|base
[01:29:14] run_scene 시작 SRT_780 · seen_files=96 · last_saved=https://www.genspark.ai/api/files/s/8cf1xycv
[01:29:14] ⏱ 준비 SRT_780 0.0s · chars=4623
[01:29:16] ⏱ 다음명령유휴 SRT_780 1.5s · idle=True
[01:29:17] fill OK(clip) follow=True chars=4623
[01:29:17] submit 시작 composer=4623 url=https://www.genspark.ai/agents?id=5dfec2bd-3696-4509-ad3c-6619b46a6207
[01:29:17] submit geo 실패 hit=no-btn
[01:29:17] submit 시도 method=geo geo=False
[01:29:17] submit 미확인 method=geo generating=False composer=4623
[01:29:18] submit geo 실패 hit=no-btn
[01:29:18] submit 시도 method=send send=False
[01:29:18] submit 미확인 method=send generating=False composer=4623
[01:29:19] submit 시도 method=ctrl
[01:29:19] submit 미확인 method=ctrl generating=False composer=4625
[01:29:20] submit 시도 method=enter
[01:29:20] submit 확인 method=enter generating=False composer=0
[01:29:20] ⏱ 입력·전송 SRT_780 4.5s · chars=4623
[01:29:20] 제출 후 last_saved=https://www.genspark.ai/api/files/s/8cf1xycv
[01:29:21] ⏱ 생성대기 시작 SRT_780 max=120s
[01:29:36] ⏱ 생성대기 진행 15.3s SRT_780 busy=False url_ok=False src=
[01:29:42] ⏱ 생성대기 완료 21.0s SRT_780 https://www.genspark.ai/api/files/s/tb8qr2bq
[01:29:42] ⏱ 생성대기구간 SRT_780 21.0s · ok=True
[01:29:42] SRT_780 근접 이미지 https://www.genspark.ai/api/files/s/tb8qr2bq
[01:29:42] 다운로드 files URL=https://www.genspark.ai/api/files/s/tb8qr2bq → SRT_780.png
[01:29:42] ⏱ 다운로드 직접 0.7s size=675626 SRT_780.png
[01:29:42] ⏱ 다운로드구간 SRT_780 0.8s · SRT_780.png
[01:29:44] ⏱ 다운로드후유휴 SRT_780 1.6s · idle=True
[01:29:44] ⏱ 씬합계 SRT_780 29.7s · https://www.genspark.ai/api/files/s/tb8qr2bq
[01:29:44] SRT_780 생성·다운로드 완료
C:\cursor\wuxia\workspace\swardmaster\2부\13장\png\SRT_780.png
[01:29:44] 상태키 SRT_800 · Baek|base; Jin|base
[01:29:44] run_scene 시작 SRT_800 · seen_files=97 · last_saved=https://www.genspark.ai/api/files/s/tb8qr2bq
[01:29:44] ⏱ 준비 SRT_800 0.0s · chars=3314
[01:29:46] ⏱ 다음명령유휴 SRT_800 1.8s · idle=True
[01:29:47] fill OK(clip) follow=True chars=3314
[01:29:47] submit 시작 composer=3314 url=https://www.genspark.ai/agents?id=5dfec2bd-3696-4509-ad3c-6619b46a6207
[01:29:47] submit geo 실패 hit=no-btn
[01:29:47] submit 시도 method=geo geo=False
[01:29:48] submit 미확인 method=geo generating=False composer=3314
[01:29:48] submit geo 실패 hit=no-btn
[01:29:48] submit 시도 method=send send=False
[01:29:49] submit 미확인 method=send generating=False composer=3314
[01:29:49] submit 시도 method=ctrl
[01:29:49] submit 미확인 method=ctrl generating=False composer=3316
[01:29:50] submit 시도 method=enter
[01:29:50] submit 확인 method=enter generating=False composer=0
[01:29:50] ⏱ 입력·전송 SRT_800 4.5s · chars=3314
[01:29:50] 제출 후 last_saved=https://www.genspark.ai/api/files/s/tb8qr2bq
[01:29:51] ⏱ 생성대기 시작 SRT_800 max=120s
[01:30:06] ⏱ 생성대기 진행 15.0s SRT_800 busy=False url_ok=False src=
[01:30:06] ⏱ 생성대기 한도감지 15.1s SRT_800 · AI Image 한도 - 재설정 2026-08-29 06:15 · AI Image 5시간 제한에 도달했습니다. 8월 29일 오전 6:15에 재설정됩니다 --- 5시간 제한 --- 세션 한도 도달 AI Image 5시간 제한에 도달했습니다. 8월 29일 오전 6:15에 재설정됩니다
[01:30:06] run_scene 실패(재시도 없음): AI Image 한도 - 재설정 2026-08-29 06:15
[01:30:06] SRT_800 실패(한도 확정 streak=1) — 브라우저 종료 후 대기·재오픈
AI Image 한도 - 재설정 2026-08-29 06:15
[01:30:09] 한도 대기 전 ChromeDebug 종료
[01:30:09] 한도 대기 시작 — 정상화 예상 2026-08-29 06:15 (285분) — SRT_800 한도
[06:15:30] 한도 대기 종료 — 정상화 예상 2026-08-29 06:15 — 재시도
[06:15:30] 한도 대기 종료 — 브라우저 재오픈 후 SRT_800 재개
[06:15:36] ChromeDebug 재시작 slot=0 port=9242 user_data=C:\ChromeDebug_2_5 reused=0
[06:15:41] 모델 이미 Pro: Nano Banana Pro
[06:15:41] 세션 준비 — login=OK model=Nano Banana Pro auto=True
[06:15:41] ensure_page cur_sc=10 prefer_sc=10 cur=https://www.genspark.ai/ai_image prefer=https://www.genspark.ai/ai_image
[06:15:43] fill OK(clip) follow=True chars=71439
[06:15:43] 입력창 붙여넣기 — 프롬프트 50827자 + SRT 20569자 = 합계 71439자
  prompt=C:/cursor/wuxia/2_5_sceneImage/md/image.wuxiz.txt
  srt=C:\cursor\wuxia\workspace\swardmaster\2부\13장\mp3\new.srt
[06:15:44] ensure_page cur_sc=10 prefer_sc=10 cur=https://www.genspark.ai/ai_image prefer=https://www.genspark.ai/ai_image
[06:15:46] 동일 입력창에 명령 추가(미실행): ===== CHARACTER LOOK (SRT_800) =====
State keys: Jin≈19|base
Jin Muhan, approximately nineteen years old, East-Asian young swordsman, sharp narrow phoenix eyes, high straight nose,…
[06:15:46] 상태키 SRT_800 · Baek|base; Jin|base
[06:15:46] run_scene 시작 SRT_800 · seen_files=97 · last_saved=https://www.genspark.ai/api/files/s/tb8qr2bq
[06:15:46] ensure_page cur_sc=10 prefer_sc=10 cur=https://www.genspark.ai/ai_image prefer=https://www.genspark.ai/ai_image
[06:15:46] ⏱ 준비 SRT_800 0.0s · chars=3314
[06:15:46] submit 시작 composer=3314 url=https://www.genspark.ai/ai_image
[06:15:46] submit geo 실패 hit=no-btn
[06:15:46] submit 시도 method=geo geo=False
[06:15:47] submit 미확인 method=geo generating=False composer=3314
[06:15:47] submit geo 실패 hit=no-btn
[06:15:47] submit 시도 method=send send=False
[06:15:48] submit 미확인 method=send generating=False composer=3314
[06:15:48] submit 시도 method=ctrl
[06:15:49] submit 미확인 method=ctrl generating=False composer=3316
[06:15:50] submit 시도 method=enter
[06:15:51] submit 확인 method=enter generating=False composer=0
[06:15:51] ⏱ 입력창전송 SRT_800 4.8s
[06:15:51] 제출 후 last_saved=https://www.genspark.ai/api/files/s/tb8qr2bq
[06:15:51] ⏱ 생성대기 시작 SRT_800 max=120s
[06:16:06] ⏱ 생성대기 진행 15.0s SRT_800 busy=True url_ok=True src=https://www.genspark.ai/api/files/s/vi3cafyt
[06:16:07] ⏱ 생성대기 완료 15.7s SRT_800 https://www.genspark.ai/api/files/s/vi3cafyt
[06:16:07] ⏱ 생성대기구간 SRT_800 15.7s · ok=True
[06:16:07] SRT_800 근접 이미지 https://www.genspark.ai/api/files/s/vi3cafyt
[06:16:07] 다운로드 files URL=https://www.genspark.ai/api/files/s/vi3cafyt → SRT_800.png
[06:16:08] ⏱ 다운로드 직접 0.7s size=727442 SRT_800.png
[06:16:08] ⏱ 다운로드구간 SRT_800 0.7s · SRT_800.png
[06:16:09] ⏱ 다운로드후유휴 SRT_800 1.6s · idle=True
[06:16:09] ⏱ 씬합계 SRT_800 23.2s · https://www.genspark.ai/api/files/s/vi3cafyt
[06:16:09] SRT_800 생성·다운로드 완료
C:\cursor\wuxia\workspace\swardmaster\2부\13장\png\SRT_800.png
[06:16:10] 상태키 SRT_820 · Baek|base; Jin|base
[06:16:10] run_scene 시작 SRT_820 · seen_files=98 · last_saved=https://www.genspark.ai/api/files/s/vi3cafyt
[06:16:10] ⏱ 준비 SRT_820 0.0s · chars=3317
[06:16:11] ⏱ 다음명령유휴 SRT_820 1.6s · idle=True
[06:16:12] fill OK(clip) follow=True chars=3317
[06:16:12] submit 시작 composer=3317 url=https://www.genspark.ai/agents?id=6907b6ab-4df8-4565-8dac-796d339ad6bb
[06:16:12] submit geo 실패 hit=no-btn
[06:16:12] submit 시도 method=geo geo=False
[06:16:13] submit 미확인 method=geo generating=False composer=3317
[06:16:13] submit geo 실패 hit=no-btn
[06:16:13] submit 시도 method=send send=False
[06:16:14] submit 미확인 method=send generating=False composer=3317
[06:16:14] submit 시도 method=ctrl
[06:16:14] submit 미확인 method=ctrl generating=False composer=3319
[06:16:15] submit 시도 method=enter
[06:16:15] submit 확인 method=enter generating=False composer=0
[06:16:15] ⏱ 입력·전송 SRT_820 4.0s · chars=3317
[06:16:15] 제출 후 last_saved=https://www.genspark.ai/api/files/s/vi3cafyt
[06:16:15] ⏱ 생성대기 시작 SRT_820 max=120s
[06:16:28] ⏱ 생성대기 완료 12.3s SRT_820 https://www.genspark.ai/api/files/s/rhkqirio
[06:16:28] ⏱ 생성대기구간 SRT_820 12.3s · ok=True
[06:16:28] SRT_820 근접 이미지 https://www.genspark.ai/api/files/s/rhkqirio
[06:16:28] 다운로드 files URL=https://www.genspark.ai/api/files/s/rhkqirio → SRT_820.png
[06:16:29] ⏱ 다운로드 직접 0.8s size=560879 SRT_820.png
[06:16:29] ⏱ 다운로드구간 SRT_820 0.8s · SRT_820.png
[06:16:30] ⏱ 다운로드후유휴 SRT_820 1.4s · idle=True
[06:16:30] ⏱ 씬합계 SRT_820 20.4s · https://www.genspark.ai/api/files/s/rhkqirio
[06:16:30] SRT_820 생성·다운로드 완료
C:\cursor\wuxia\workspace\swardmaster\2부\13장\png\SRT_820.png
[06:16:30] 상태키 SRT_860 · Baek|base; Jin|base
[06:16:30] run_scene 시작 SRT_860 · seen_files=99 · last_saved=https://www.genspark.ai/api/files/s/rhkqirio
[06:16:30] ⏱ 준비 SRT_860 0.0s · chars=3300
[06:16:32] ⏱ 다음명령유휴 SRT_860 1.7s · idle=True
[06:16:33] fill OK(clip) follow=True chars=3300
[06:16:33] submit 시작 composer=3300 url=https://www.genspark.ai/agents?id=6907b6ab-4df8-4565-8dac-796d339ad6bb
[06:16:33] submit geo 실패 hit=no-btn
[06:16:33] submit 시도 method=geo geo=False
[06:16:33] submit 미확인 method=geo generating=False composer=3300
[06:16:34] submit geo 실패 hit=no-btn
[06:16:34] submit 시도 method=send send=False
[06:16:34] submit 미확인 method=send generating=False composer=3300
[06:16:35] submit 시도 method=ctrl
[06:16:35] submit 미확인 method=ctrl generating=False composer=3302
[06:16:36] submit 시도 method=enter
[06:16:36] submit 확인 method=enter generating=False composer=0
[06:16:36] ⏱ 입력·전송 SRT_860 4.2s · chars=3300
[06:16:36] 제출 후 last_saved=https://www.genspark.ai/api/files/s/rhkqirio
[06:16:36] ⏱ 생성대기 시작 SRT_860 max=120s
[06:16:49] ⏱ 생성대기 완료(busy무시) 12.8s SRT_860 https://www.genspark.ai/api/files/s/kxpvyham
[06:16:49] ⏱ 생성대기구간 SRT_860 12.8s · ok=True
[06:16:49] SRT_860 근접 이미지 https://www.genspark.ai/api/files/s/kxpvyham
[06:16:49] 다운로드 files URL=https://www.genspark.ai/api/files/s/kxpvyham → SRT_860.png
[06:16:50] ⏱ 다운로드 직접 0.7s size=625496 SRT_860.png
[06:16:50] ⏱ 다운로드구간 SRT_860 0.7s · SRT_860.png
[06:16:52] ⏱ 다운로드후유휴 SRT_860 2.0s · idle=True
[06:16:52] ⏱ 씬합계 SRT_860 21.6s · https://www.genspark.ai/api/files/s/kxpvyham
[06:16:52] SRT_860 생성·다운로드 완료
C:\cursor\wuxia\workspace\swardmaster\2부\13장\png\SRT_860.png
[06:16:52] 상태키 SRT_880 · Baek|base; Jin|base
[06:16:52] run_scene 시작 SRT_880 · seen_files=100 · last_saved=https://www.genspark.ai/api/files/s/kxpvyham
[06:16:52] ⏱ 준비 SRT_880 0.0s · chars=3318
[06:16:53] ⏱ 다음명령유휴 SRT_880 1.3s · idle=True
[06:16:54] fill OK(clip) follow=True chars=3318
[06:16:54] submit 시작 composer=3318 url=https://www.genspark.ai/agents?id=6907b6ab-4df8-4565-8dac-796d339ad6bb
[06:16:54] submit geo 실패 hit=no-btn
[06:16:54] submit 시도 method=geo geo=False
[06:16:55] submit 미확인 method=geo generating=False composer=3318
[06:16:55] submit geo 실패 hit=no-btn
[06:16:55] submit 시도 method=send send=False
[06:16:56] submit 미확인 method=send generating=False composer=3318
[06:16:56] submit 시도 method=ctrl
[06:16:56] submit 미확인 method=ctrl generating=False composer=3320
[06:16:57] submit 시도 method=enter
[06:16:57] submit 확인 method=enter generating=False composer=0
[06:16:57] ⏱ 입력·전송 SRT_880 4.0s · chars=3318
[06:16:57] 제출 후 last_saved=https://www.genspark.ai/api/files/s/kxpvyham
[06:16:58] ⏱ 생성대기 시작 SRT_880 max=120s
[06:17:10] ⏱ 생성대기 완료 12.3s SRT_880 https://www.genspark.ai/api/files/s/trknj9dj
[06:17:10] ⏱ 생성대기구간 SRT_880 12.3s · ok=True
[06:17:10] SRT_880 근접 이미지 https://www.genspark.ai/api/files/s/trknj9dj
[06:17:10] 다운로드 files URL=https://www.genspark.ai/api/files/s/trknj9dj → SRT_880.png
[06:17:11] ⏱ 다운로드 직접 0.7s size=591432 SRT_880.png
[06:17:11] ⏱ 다운로드구간 SRT_880 0.7s · SRT_880.png
[06:17:12] ⏱ 다운로드후유휴 SRT_880 1.3s · idle=True
[06:17:12] ⏱ 씬합계 SRT_880 19.9s · https://www.genspark.ai/api/files/s/trknj9dj
[06:17:12] SRT_880 생성·다운로드 완료
C:\cursor\wuxia\workspace\swardmaster\2부\13장\png\SRT_880.png
[06:17:12] 상태키 SRT_900 · Baek|base; Jin|base
[06:17:12] run_scene 시작 SRT_900 · seen_files=101 · last_saved=https://www.genspark.ai/api/files/s/trknj9dj
[06:17:12] ⏱ 준비 SRT_900 0.0s · chars=2750
[06:17:13] ⏱ 다음명령유휴 SRT_900 1.3s · idle=True
[06:17:14] fill OK(clip) follow=True chars=2750
[06:17:14] submit 시작 composer=2750 url=https://www.genspark.ai/agents?id=6907b6ab-4df8-4565-8dac-796d339ad6bb
[06:17:14] submit geo 실패 hit=no-btn
[06:17:14] submit 시도 method=geo geo=False
[06:17:15] submit 미확인 method=geo generating=False composer=2750
[06:17:15] submit geo 실패 hit=no-btn
[06:17:15] submit 시도 method=send send=False
[06:17:16] submit 미확인 method=send generating=False composer=2750
[06:17:16] submit 시도 method=ctrl
[06:17:16] submit 미확인 method=ctrl generating=False composer=2752
[06:17:17] submit 시도 method=enter
[06:17:17] submit 확인 method=enter generating=False composer=0
[06:17:17] ⏱ 입력·전송 SRT_900 3.9s · chars=2750
[06:17:17] 제출 후 last_saved=https://www.genspark.ai/api/files/s/trknj9dj
[06:17:18] ⏱ 생성대기 시작 SRT_900 max=120s
[06:17:32] ⏱ 생성대기 완료 14.7s SRT_900 https://www.genspark.ai/api/files/s/99b0h27r
[06:17:32] ⏱ 생성대기구간 SRT_900 14.7s · ok=True
[06:17:32] SRT_900 근접 이미지 https://www.genspark.ai/api/files/s/99b0h27r
[06:17:32] 다운로드 files URL=https://www.genspark.ai/api/files/s/99b0h27r → SRT_900.png
[06:17:33] ⏱ 다운로드 직접 0.8s size=734309 SRT_900.png
[06:17:33] ⏱ 다운로드구간 SRT_900 0.8s · SRT_900.png
[06:17:34] ⏱ 다운로드후유휴 SRT_900 1.3s · idle=True
[06:17:34] ⏱ 씬합계 SRT_900 22.3s · https://www.genspark.ai/api/files/s/99b0h27r
[06:17:34] SRT_900 생성·다운로드 완료
C:\cursor\wuxia\workspace\swardmaster\2부\13장\png\SRT_900.png
[06:17:35] 상태키 SRT_920 · Baek|base; Jin|base
[06:17:35] run_scene 시작 SRT_920 · seen_files=102 · last_saved=https://www.genspark.ai/api/files/s/99b0h27r
[06:17:35] ⏱ 준비 SRT_920 0.0s · chars=2768
[06:17:36] ⏱ 다음명령유휴 SRT_920 1.4s · idle=True
[06:17:37] fill OK(clip) follow=True chars=2768
[06:17:37] submit 시작 composer=2768 url=https://www.genspark.ai/agents?id=6907b6ab-4df8-4565-8dac-796d339ad6bb
[06:17:37] submit geo 실패 hit=no-btn
[06:17:37] submit 시도 method=geo geo=False
[06:17:38] submit 미확인 method=geo generating=False composer=2768
[06:17:38] submit geo 실패 hit=no-btn
[06:17:38] submit 시도 method=send send=False
[06:17:39] submit 미확인 method=send generating=False composer=2768
[06:17:39] submit 시도 method=ctrl
[06:17:40] submit 미확인 method=ctrl generating=False composer=2770
[06:17:40] submit 시도 method=enter
[06:17:40] submit 확인 method=enter generating=False composer=0
[06:17:40] ⏱ 입력·전송 SRT_920 4.5s · chars=2768
[06:17:40] 제출 후 last_saved=https://www.genspark.ai/api/files/s/99b0h27r
[06:17:41] ⏱ 생성대기 시작 SRT_920 max=120s
[06:17:53] ⏱ 생성대기 완료 12.6s SRT_920 https://www.genspark.ai/api/files/s/8kfo9tbx
[06:17:53] ⏱ 생성대기구간 SRT_920 12.6s · ok=True
[06:17:53] SRT_920 근접 이미지 https://www.genspark.ai/api/files/s/8kfo9tbx
[06:17:53] 다운로드 files URL=https://www.genspark.ai/api/files/s/8kfo9tbx → SRT_920.png
[06:17:54] ⏱ 다운로드 직접 0.7s size=656691 SRT_920.png
[06:17:54] ⏱ 다운로드구간 SRT_920 0.7s · SRT_920.png
[06:17:55] ⏱ 다운로드후유휴 SRT_920 1.3s · idle=True
[06:17:55] ⏱ 씬합계 SRT_920 20.8s · https://www.genspark.ai/api/files/s/8kfo9tbx
[06:17:55] SRT_920 생성·다운로드 완료
C:\cursor\wuxia\workspace\swardmaster\2부\13장\png\SRT_920.png
[06:17:55] 상태키 SRT_940 · Baek|base; Jin|base
[06:17:55] run_scene 시작 SRT_940 · seen_files=103 · last_saved=https://www.genspark.ai/api/files/s/8kfo9tbx
[06:17:55] ⏱ 준비 SRT_940 0.0s · chars=4602
[06:17:57] ⏱ 다음명령유휴 SRT_940 1.3s · idle=True
[06:17:57] fill OK(clip) follow=True chars=4602
[06:17:57] submit 시작 composer=4602 url=https://www.genspark.ai/agents?id=6907b6ab-4df8-4565-8dac-796d339ad6bb
[06:17:58] submit geo 실패 hit=no-btn
[06:17:58] submit 시도 method=geo geo=False
[06:17:58] submit 미확인 method=geo generating=False composer=4602
[06:17:58] submit geo 실패 hit=no-btn
[06:17:58] submit 시도 method=send send=False
[06:17:59] submit 미확인 method=send generating=False composer=4602
[06:17:59] submit 시도 method=ctrl
[06:18:00] submit 미확인 method=ctrl generating=False composer=4604
[06:18:00] submit 시도 method=enter
[06:18:01] submit 확인 method=enter generating=False composer=0
[06:18:01] ⏱ 입력·전송 SRT_940 4.0s · chars=4602
[06:18:01] 제출 후 last_saved=https://www.genspark.ai/api/files/s/8kfo9tbx
[06:18:01] ⏱ 생성대기 시작 SRT_940 max=120s
[06:18:14] ⏱ 생성대기 완료(busy무시) 13.2s SRT_940 https://www.genspark.ai/api/files/s/dcccqycd
[06:18:14] ⏱ 생성대기구간 SRT_940 13.2s · ok=True
[06:18:14] SRT_940 근접 이미지 https://www.genspark.ai/api/files/s/dcccqycd
[06:18:14] 다운로드 files URL=https://www.genspark.ai/api/files/s/dcccqycd → SRT_940.png
[06:18:15] ⏱ 다운로드 직접 0.7s size=633908 SRT_940.png
[06:18:15] ⏱ 다운로드구간 SRT_940 0.7s · SRT_940.png
[06:18:16] ⏱ 다운로드후유휴 SRT_940 1.3s · idle=True
[06:18:16] ⏱ 씬합계 SRT_940 20.7s · https://www.genspark.ai/api/files/s/dcccqycd
[06:18:16] SRT_940 생성·다운로드 완료
C:\cursor\wuxia\workspace\swardmaster\2부\13장\png\SRT_940.png
[06:18:16] 상태키 SRT_960 · Baek|base; Jin|base
[06:18:16] run_scene 시작 SRT_960 · seen_files=104 · last_saved=https://www.genspark.ai/api/files/s/dcccqycd
[06:18:16] ⏱ 준비 SRT_960 0.0s · chars=2980
[06:18:18] ⏱ 다음명령유휴 SRT_960 1.3s · idle=True
[06:18:18] fill OK(clip) follow=True chars=2980
[06:18:18] submit 시작 composer=2980 url=https://www.genspark.ai/agents?id=6907b6ab-4df8-4565-8dac-796d339ad6bb
[06:18:19] submit geo 실패 hit=no-btn
[06:18:19] submit 시도 method=geo geo=False
[06:18:19] submit 미확인 method=geo generating=False composer=2980
[06:18:19] submit geo 실패 hit=no-btn
[06:18:19] submit 시도 method=send send=False
[06:18:20] submit 미확인 method=send generating=False composer=2980
[06:18:20] submit 시도 method=ctrl
[06:18:21] submit 미확인 method=ctrl generating=False composer=2982
[06:18:21] submit 시도 method=enter
[06:18:22] submit 확인 method=enter generating=False composer=0
[06:18:22] ⏱ 입력·전송 SRT_960 3.9s · chars=2980
[06:18:22] 제출 후 last_saved=https://www.genspark.ai/api/files/s/dcccqycd
[06:18:22] ⏱ 생성대기 시작 SRT_960 max=120s
[06:18:35] ⏱ 생성대기 완료(busy무시) 12.9s SRT_960 https://www.genspark.ai/api/files/s/yncifqmr
[06:18:35] ⏱ 생성대기구간 SRT_960 12.9s · ok=True
[06:18:35] SRT_960 근접 이미지 https://www.genspark.ai/api/files/s/yncifqmr
[06:18:35] 다운로드 files URL=https://www.genspark.ai/api/files/s/yncifqmr → SRT_960.png
[06:18:36] ⏱ 다운로드 직접 0.7s size=609765 SRT_960.png
[06:18:36] ⏱ 다운로드구간 SRT_960 0.7s · SRT_960.png
[06:18:37] ⏱ 다운로드후유휴 SRT_960 1.9s · idle=True
[06:18:37] ⏱ 씬합계 SRT_960 21.1s · https://www.genspark.ai/api/files/s/yncifqmr
[06:18:37] SRT_960 생성·다운로드 완료
C:\cursor\wuxia\workspace\swardmaster\2부\13장\png\SRT_960.png
[06:18:38] 상태키 SRT_980 · Baek|base; Jin|base
[06:18:38] run_scene 시작 SRT_980 · seen_files=105 · last_saved=https://www.genspark.ai/api/files/s/yncifqmr
[06:18:38] ⏱ 준비 SRT_980 0.0s · chars=4581
[06:18:39] ⏱ 다음명령유휴 SRT_980 1.3s · idle=True
[06:18:40] fill OK(clip) follow=True chars=4581
[06:18:40] submit 시작 composer=4581 url=https://www.genspark.ai/agents?id=6907b6ab-4df8-4565-8dac-796d339ad6bb
[06:18:40] submit geo 실패 hit=no-btn
[06:18:40] submit 시도 method=geo geo=False
[06:18:40] submit 미확인 method=geo generating=False composer=4581
[06:18:41] submit geo 실패 hit=no-btn
[06:18:41] submit 시도 method=send send=False
[06:18:41] submit 미확인 method=send generating=False composer=4581
[06:18:41] submit 시도 method=ctrl
[06:18:42] submit 미확인 method=ctrl generating=False composer=4583
[06:18:42] submit 시도 method=enter
[06:18:43] submit 확인 method=enter generating=False composer=0
[06:18:43] ⏱ 입력·전송 SRT_980 3.9s · chars=4581
[06:18:43] 제출 후 last_saved=https://www.genspark.ai/api/files/s/yncifqmr
[06:18:43] ⏱ 생성대기 시작 SRT_980 max=120s
[06:18:56] ⏱ 생성대기 완료(busy무시) 12.8s SRT_980 https://www.genspark.ai/api/files/s/fqlfyhva
[06:18:56] ⏱ 생성대기구간 SRT_980 12.8s · ok=True
[06:18:56] SRT_980 근접 이미지 https://www.genspark.ai/api/files/s/fqlfyhva
[06:18:56] 다운로드 files URL=https://www.genspark.ai/api/files/s/fqlfyhva → SRT_980.png
[06:18:57] ⏱ 다운로드 직접 0.9s size=646857 SRT_980.png
[06:18:57] ⏱ 다운로드구간 SRT_980 0.9s · SRT_980.png
[06:18:58] ⏱ 다운로드후유휴 SRT_980 1.4s · idle=True
[06:18:58] ⏱ 씬합계 SRT_980 20.7s · https://www.genspark.ai/api/files/s/fqlfyhva
[06:18:58] SRT_980 생성·다운로드 완료
C:\cursor\wuxia\workspace\swardmaster\2부\13장\png\SRT_980.png
[06:18:58] 상태키 SRT_1000 · Baek|base; Jin|base
[06:18:58] run_scene 시작 SRT_1000 · seen_files=106 · last_saved=https://www.genspark.ai/api/files/s/fqlfyhva
[06:18:58] ⏱ 준비 SRT_1000 0.0s · chars=4627
[06:19:00] ⏱ 다음명령유휴 SRT_1000 1.3s · idle=True
[06:19:00] fill OK(clip) follow=True chars=4627
[06:19:00] submit 시작 composer=4627 url=https://www.genspark.ai/agents?id=6907b6ab-4df8-4565-8dac-796d339ad6bb
[06:19:01] submit geo 실패 hit=no-btn
[06:19:01] submit 시도 method=geo geo=False
[06:19:01] submit 미확인 method=geo generating=False composer=4627
[06:19:01] submit geo 실패 hit=no-btn
[06:19:01] submit 시도 method=send send=False
[06:19:02] submit 미확인 method=send generating=False composer=4627
[06:19:02] submit 시도 method=ctrl
[06:19:03] submit 미확인 method=ctrl generating=False composer=4629
[06:19:03] submit 시도 method=enter
[06:19:04] submit 확인 method=enter generating=False composer=0
[06:19:04] ⏱ 입력·전송 SRT_1000 4.0s · chars=4627
[06:19:04] 제출 후 last_saved=https://www.genspark.ai/api/files/s/fqlfyhva
[06:19:04] ⏱ 생성대기 시작 SRT_1000 max=120s
[06:19:16] ⏱ 생성대기 완료(busy무시) 11.5s SRT_1000 https://www.genspark.ai/api/files/s/srcpiqnn
[06:19:16] ⏱ 생성대기구간 SRT_1000 11.5s · ok=True
[06:19:16] SRT_1000 근접 이미지 https://www.genspark.ai/api/files/s/srcpiqnn
[06:19:16] 다운로드 files URL=https://www.genspark.ai/api/files/s/srcpiqnn → SRT_1000.png
[06:19:16] ⏱ 다운로드 직접 0.6s size=590161 SRT_1000.png
[06:19:16] ⏱ 다운로드구간 SRT_1000 0.7s · SRT_1000.png
[06:19:18] ⏱ 다운로드후유휴 SRT_1000 1.9s · idle=True
[06:19:18] ⏱ 씬합계 SRT_1000 19.7s · https://www.genspark.ai/api/files/s/srcpiqnn
[06:19:18] SRT_1000 생성·다운로드 완료
C:\cursor\wuxia\workspace\swardmaster\2부\13장\png\SRT_1000.png
[06:19:18] 상태키 SRT_1020 · Baek|base; Jin|base
[06:19:18] run_scene 시작 SRT_1020 · seen_files=107 · last_saved=https://www.genspark.ai/api/files/s/srcpiqnn
[06:19:18] ⏱ 준비 SRT_1020 0.0s · chars=4585
[06:19:20] ⏱ 다음명령유휴 SRT_1020 1.3s · idle=True
[06:19:20] fill OK(clip) follow=True chars=4585
[06:19:20] submit 시작 composer=4585 url=https://www.genspark.ai/agents?id=6907b6ab-4df8-4565-8dac-796d339ad6bb
[06:19:20] submit geo 실패 hit=no-btn
[06:19:20] submit 시도 method=geo geo=False
[06:19:21] submit 미확인 method=geo generating=False composer=4585
[06:19:21] submit geo 실패 hit=no-btn
[06:19:21] submit 시도 method=send send=False
[06:19:22] submit 미확인 method=send generating=False composer=4585
[06:19:22] submit 시도 method=ctrl
[06:19:23] submit 미확인 method=ctrl generating=False composer=4587
[06:19:23] submit 시도 method=enter
[06:19:24] submit 확인 method=enter generating=False composer=0
[06:19:24] ⏱ 입력·전송 SRT_1020 4.0s · chars=4585
[06:19:24] 제출 후 last_saved=https://www.genspark.ai/api/files/s/srcpiqnn
[06:19:24] ⏱ 생성대기 시작 SRT_1020 max=120s
[06:19:37] ⏱ 생성대기 완료(busy무시) 13.4s SRT_1020 https://www.genspark.ai/api/files/s/to1loyy3
[06:19:37] ⏱ 생성대기구간 SRT_1020 13.4s · ok=True
[06:19:37] SRT_1020 근접 이미지 https://www.genspark.ai/api/files/s/to1loyy3
[06:19:37] 다운로드 files URL=https://www.genspark.ai/api/files/s/to1loyy3 → SRT_1020.png
[06:19:38] ⏱ 다운로드 직접 0.7s size=658984 SRT_1020.png
[06:19:38] ⏱ 다운로드구간 SRT_1020 0.7s · SRT_1020.png
[06:19:40] ⏱ 다운로드후유휴 SRT_1020 2.4s · idle=True
[06:19:40] ⏱ 씬합계 SRT_1020 22.1s · https://www.genspark.ai/api/files/s/to1loyy3
[06:19:40] SRT_1020 생성·다운로드 완료
C:\cursor\wuxia\workspace\swardmaster\2부\13장\png\SRT_1020.png
[06:19:41] 상태키 SRT_1040 · Baek|base; Jin|base
[06:19:41] run_scene 시작 SRT_1040 · seen_files=108 · last_saved=https://www.genspark.ai/api/files/s/to1loyy3
[06:19:41] ⏱ 준비 SRT_1040 0.0s · chars=3301
[06:19:42] ⏱ 다음명령유휴 SRT_1040 1.4s · idle=True
[06:19:43] fill OK(clip) follow=True chars=3301
[06:19:43] submit 시작 composer=3301 url=https://www.genspark.ai/agents?id=6907b6ab-4df8-4565-8dac-796d339ad6bb
[06:19:43] submit geo 실패 hit=no-btn
[06:19:43] submit 시도 method=geo geo=False
[06:19:43] submit 미확인 method=geo generating=False composer=3301
[06:19:44] submit geo 실패 hit=no-btn
[06:19:44] submit 시도 method=send send=False
[06:19:44] submit 미확인 method=send generating=False composer=3301
[06:19:45] submit 시도 method=ctrl
[06:19:45] submit 미확인 method=ctrl generating=False composer=3303
[06:19:46] submit 시도 method=enter
[06:19:46] submit 확인 method=enter generating=False composer=0
[06:19:46] ⏱ 입력·전송 SRT_1040 4.3s · chars=3301
[06:19:46] 제출 후 last_saved=https://www.genspark.ai/api/files/s/to1loyy3
[06:19:46] ⏱ 생성대기 시작 SRT_1040 max=120s
[06:19:58] ⏱ 생성대기 완료 11.9s SRT_1040 https://www.genspark.ai/api/files/s/pxw3ezip
[06:19:58] ⏱ 생성대기구간 SRT_1040 11.9s · ok=True
[06:19:58] SRT_1040 근접 이미지 https://www.genspark.ai/api/files/s/pxw3ezip
[06:19:58] 다운로드 files URL=https://www.genspark.ai/api/files/s/pxw3ezip → SRT_1040.png
[06:19:59] ⏱ 다운로드 직접 0.7s size=634272 SRT_1040.png
[06:19:59] ⏱ 다운로드구간 SRT_1040 0.7s · SRT_1040.png
[06:20:02] ⏱ 다운로드후유휴 SRT_1040 3.3s · idle=True
[06:20:02] ⏱ 씬합계 SRT_1040 21.8s · https://www.genspark.ai/api/files/s/pxw3ezip
[06:20:02] SRT_1040 생성·다운로드 완료
C:\cursor\wuxia\workspace\swardmaster\2부\13장\png\SRT_1040.png
[06:20:03] 상태키 SRT_1060 · Baek|base; Jin|base
[06:20:03] run_scene 시작 SRT_1060 · seen_files=109 · last_saved=https://www.genspark.ai/api/files/s/pxw3ezip
[06:20:03] ⏱ 준비 SRT_1060 0.0s · chars=3298
[06:20:04] ⏱ 다음명령유휴 SRT_1060 1.5s · idle=True
[06:20:05] fill OK(clip) follow=True chars=3298
[06:20:05] submit 시작 composer=3298 url=https://www.genspark.ai/agents?id=6907b6ab-4df8-4565-8dac-796d339ad6bb
[06:20:05] submit geo 실패 hit=no-btn
[06:20:05] submit 시도 method=geo geo=False
[06:20:05] submit 미확인 method=geo generating=False composer=3298
[06:20:06] submit geo 실패 hit=no-btn
[06:20:06] submit 시도 method=send send=False
[06:20:06] submit 미확인 method=send generating=False composer=3298
[06:20:07] submit 시도 method=ctrl
[06:20:07] submit 미확인 method=ctrl generating=False composer=3300
[06:20:07] submit 시도 method=enter
[06:20:08] submit 확인 method=enter generating=False composer=0
[06:20:08] ⏱ 입력·전송 SRT_1060 4.0s · chars=3298
[06:20:08] 제출 후 last_saved=https://www.genspark.ai/api/files/s/pxw3ezip
[06:20:08] ⏱ 생성대기 시작 SRT_1060 max=120s
[06:20:22] ⏱ 생성대기 완료(busy무시) 13.6s SRT_1060 https://www.genspark.ai/api/files/s/j9qzebxd
[06:20:22] ⏱ 생성대기구간 SRT_1060 13.6s · ok=True
[06:20:22] SRT_1060 근접 이미지 https://www.genspark.ai/api/files/s/j9qzebxd
[06:20:22] 다운로드 files URL=https://www.genspark.ai/api/files/s/j9qzebxd → SRT_1060.png
[06:20:23] ⏱ 다운로드 직접 0.7s size=655402 SRT_1060.png
[06:20:23] ⏱ 다운로드구간 SRT_1060 0.7s · SRT_1060.png
[06:20:26] ⏱ 다운로드후유휴 SRT_1060 3.1s · idle=True
[06:20:26] ⏱ 씬합계 SRT_1060 23.0s · https://www.genspark.ai/api/files/s/j9qzebxd
[06:20:26] SRT_1060 생성·다운로드 완료
C:\cursor\wuxia\workspace\swardmaster\2부\13장\png\SRT_1060.png
[06:20:26] 상태키 SRT_1080 · Baek|base; Jin|base
[06:20:26] run_scene 시작 SRT_1080 · seen_files=110 · last_saved=https://www.genspark.ai/api/files/s/j9qzebxd
[06:20:26] ⏱ 준비 SRT_1080 0.0s · chars=3282
[06:20:27] ⏱ 다음명령유휴 SRT_1080 1.5s · idle=True
[06:20:28] fill OK(clip) follow=True chars=3282
[06:20:28] submit 시작 composer=3282 url=https://www.genspark.ai/agents?id=6907b6ab-4df8-4565-8dac-796d339ad6bb
[06:20:28] submit geo 실패 hit=no-btn
[06:20:28] submit 시도 method=geo geo=False
[06:20:29] submit 미확인 method=geo generating=False composer=3282
[06:20:29] submit geo 실패 hit=no-btn
[06:20:29] submit 시도 method=send send=False
[06:20:30] submit 미확인 method=send generating=False composer=3282
[06:20:30] submit 시도 method=ctrl
[06:20:31] submit 미확인 method=ctrl generating=False composer=3284
[06:20:31] submit 시도 method=enter
[06:20:32] submit 확인 method=enter generating=False composer=0
[06:20:32] ⏱ 입력·전송 SRT_1080 4.3s · chars=3282
[06:20:32] 제출 후 last_saved=https://www.genspark.ai/api/files/s/j9qzebxd
[06:20:32] ⏱ 생성대기 시작 SRT_1080 max=120s
[06:20:47] ⏱ 생성대기 진행 15.3s SRT_1080 busy=False url_ok=False src=
[06:21:02] ⏱ 생성대기 진행 30.4s SRT_1080 busy=False url_ok=False src=
[06:21:17] ⏱ 생성대기 진행 45.5s SRT_1080 busy=False url_ok=False src=
[06:21:32] ⏱ 생성대기 진행 60.5s SRT_1080 busy=False url_ok=False src=
[06:21:47] ⏱ 생성대기 진행 75.5s SRT_1080 busy=False url_ok=False src=
[06:22:02] ⏱ 생성대기 진행 90.5s SRT_1080 busy=False url_ok=False src=
[06:22:17] ⏱ 생성대기 진행 105.6s SRT_1080 busy=False url_ok=False src=
[06:22:58] ⏱ 생성대기 시간초과 146.3s SRT_1080 (새 api/files 이미지 없음, max=120s)
[06:22:58] ⏱ 생성대기구간 SRT_1080 146.3s · ok=False
[06:22:58] run_scene 실패(재시도 없음): 이미지는 없고 성공 문구만 있음 — 다음 씬으로 진행
[06:22:58] SRT_1080 실패 — 다음 씬 계속
이미지는 없고 성공 문구만 있음 — 다음 씬으로 진행
[06:22:58] 상태키 SRT_1100 · Baek|base; Jin|base
[06:22:58] 늦은이미지 회수 실패 SRT_1080: SRT_1080 요청 아래 새 이미지가 없습니다.
[06:22:58] run_scene 시작 SRT_1100 · seen_files=110 · last_saved=https://www.genspark.ai/api/files/s/j9qzebxd
[06:22:58] ⏱ 준비 SRT_1100 0.0s · chars=4584
[06:23:00] ⏱ 다음명령유휴 SRT_1100 1.5s · idle=True
[06:23:01] fill OK(clip) follow=True chars=4584
[06:23:01] submit 시작 composer=4584 url=https://www.genspark.ai/agents?id=6907b6ab-4df8-4565-8dac-796d339ad6bb
[06:23:01] submit geo 실패 hit=no-btn
[06:23:01] submit 시도 method=geo geo=False
[06:23:01] submit 미확인 method=geo generating=False composer=4584
[06:23:02] submit geo 실패 hit=no-btn
[06:23:02] submit 시도 method=send send=False
[06:23:02] submit 미확인 method=send generating=False composer=4584
[06:23:03] submit 시도 method=ctrl
[06:23:03] submit 미확인 method=ctrl generating=False composer=4586
[06:23:03] submit 시도 method=enter
[06:23:04] submit 확인 method=enter generating=False composer=0
[06:23:04] ⏱ 입력·전송 SRT_1100 4.2s · chars=4584
[06:23:04] 제출 후 last_saved=https://www.genspark.ai/api/files/s/j9qzebxd
[06:23:04] ⏱ 생성대기 시작 SRT_1100 max=120s
[06:23:20] ⏱ 생성대기 진행 15.2s SRT_1100 busy=False url_ok=False src=
[06:23:23] ⏱ 생성대기 완료(busy무시) 19.1s SRT_1100 https://www.genspark.ai/api/files/s/6smssaax
[06:23:23] ⏱ 생성대기구간 SRT_1100 19.1s · ok=True
[06:23:23] SRT_1100 근접 이미지 https://www.genspark.ai/api/files/s/6smssaax
[06:23:23] 다운로드 files URL=https://www.genspark.ai/api/files/s/6smssaax → SRT_1100.png
[06:23:24] ⏱ 다운로드 직접 0.7s size=738520 SRT_1100.png
[06:23:24] ⏱ 다운로드구간 SRT_1100 0.7s · SRT_1100.png
[06:23:26] ⏱ 다운로드후유휴 SRT_1100 1.8s · idle=True
[06:23:26] ⏱ 씬합계 SRT_1100 27.6s · https://www.genspark.ai/api/files/s/6smssaax
[06:23:26] SRT_1100 생성·다운로드 완료
C:\cursor\wuxia\workspace\swardmaster\2부\13장\png\SRT_1100.png
[06:23:26] 상태키 SRT_1120 · Baek|base; Jin|base
[06:23:26] 늦은이미지 회수 실패 SRT_1080: SRT_1080 요청 아래 새 이미지가 없습니다.
[06:23:26] run_scene 시작 SRT_1120 · seen_files=111 · last_saved=https://www.genspark.ai/api/files/s/6smssaax
[06:23:26] ⏱ 준비 SRT_1120 0.0s · chars=3323
[06:23:28] ⏱ 다음명령유휴 SRT_1120 1.6s · idle=True
[06:23:29] fill OK(clip) follow=True chars=3323
[06:23:29] submit 시작 composer=3323 url=https://www.genspark.ai/agents?id=6907b6ab-4df8-4565-8dac-796d339ad6bb
[06:23:29] submit geo 실패 hit=no-btn
[06:23:29] submit 시도 method=geo geo=False
[06:23:30] submit 미확인 method=geo generating=False composer=3323
[06:23:30] submit geo 실패 hit=no-btn
[06:23:30] submit 시도 method=send send=False
[06:23:31] submit 미확인 method=send generating=False composer=3323
[06:23:31] submit 시도 method=ctrl
[06:23:32] submit 미확인 method=ctrl generating=False composer=3325
[06:23:32] submit 시도 method=enter
[06:23:33] submit 확인 method=enter generating=False composer=0
[06:23:33] ⏱ 입력·전송 SRT_1120 4.8s · chars=3323
[06:23:33] 제출 후 last_saved=https://www.genspark.ai/api/files/s/6smssaax
[06:23:33] ⏱ 생성대기 시작 SRT_1120 max=120s
[06:23:45] ⏱ 생성대기 완료 11.9s SRT_1120 https://www.genspark.ai/api/files/s/8vmsxcf9
[06:23:45] ⏱ 생성대기구간 SRT_1120 11.9s · ok=True
[06:23:45] SRT_1120 근접 이미지 https://www.genspark.ai/api/files/s/8vmsxcf9
[06:23:45] 다운로드 files URL=https://www.genspark.ai/api/files/s/8vmsxcf9 → SRT_1120.png
[06:23:45] ⏱ 다운로드 직접 0.7s size=824468 SRT_1120.png
[06:23:45] ⏱ 다운로드구간 SRT_1120 0.7s · SRT_1120.png
[06:23:48] ⏱ 다운로드후유휴 SRT_1120 2.8s · idle=True
[06:23:48] ⏱ 씬합계 SRT_1120 22.0s · https://www.genspark.ai/api/files/s/8vmsxcf9
[06:23:48] SRT_1120 생성·다운로드 완료
C:\cursor\wuxia\workspace\swardmaster\2부\13장\png\SRT_1120.png
[06:23:48] 상태키 SRT_1140 · Baek|base; Jin|base
[06:23:48] 늦은이미지 회수 실패 SRT_1080: SRT_1080 요청 아래 새 이미지가 없습니다.
[06:23:48] run_scene 시작 SRT_1140 · seen_files=112 · last_saved=https://www.genspark.ai/api/files/s/8vmsxcf9
[06:23:48] ⏱ 준비 SRT_1140 0.0s · chars=3325
[06:23:50] ⏱ 다음명령유휴 SRT_1140 1.6s · idle=True
[06:23:51] fill OK(clip) follow=True chars=3325
[06:23:51] submit 시작 composer=3325 url=https://www.genspark.ai/agents?id=6907b6ab-4df8-4565-8dac-796d339ad6bb
[06:23:51] submit geo 실패 hit=no-btn
[06:23:51] submit 시도 method=geo geo=False
[06:23:51] submit 미확인 method=geo generating=False composer=3325
[06:23:52] submit geo 실패 hit=no-btn
[06:23:52] submit 시도 method=send send=False
[06:23:52] submit 미확인 method=send generating=False composer=3325
[06:23:53] submit 시도 method=ctrl
[06:23:53] submit 미확인 method=ctrl generating=False composer=3327
[06:23:54] submit 시도 method=enter
[06:23:54] submit 확인 method=enter generating=False composer=0
[06:23:54] ⏱ 입력·전송 SRT_1140 4.1s · chars=3325
[06:23:54] 제출 후 last_saved=https://www.genspark.ai/api/files/s/8vmsxcf9
[06:23:54] ⏱ 생성대기 시작 SRT_1140 max=120s
[06:24:06] ⏱ 생성대기 완료 11.6s SRT_1140 https://www.genspark.ai/api/files/s/od4dbcag
[06:24:06] ⏱ 생성대기구간 SRT_1140 11.6s · ok=True
[06:24:06] SRT_1140 근접 이미지 https://www.genspark.ai/api/files/s/od4dbcag
[06:24:06] 다운로드 files URL=https://www.genspark.ai/api/files/s/od4dbcag → SRT_1140.png
[06:24:07] ⏱ 다운로드 직접 0.9s size=991943 SRT_1140.png
[06:24:07] ⏱ 다운로드구간 SRT_1140 0.9s · SRT_1140.png
[06:24:13] ⏱ 다운로드후유휴 SRT_1140 6.3s · idle=True
[06:24:13] ⏱ 씬합계 SRT_1140 24.8s · https://www.genspark.ai/api/files/s/od4dbcag
[06:24:13] SRT_1140 생성·다운로드 완료
C:\cursor\wuxia\workspace\swardmaster\2부\13장\png\SRT_1140.png
[06:24:13] 상태키 SRT_1160 · Baek|base; Jin|base
[06:24:13] 늦은이미지 회수 실패 SRT_1080: SRT_1080 요청 아래 새 이미지가 없습니다.
[06:24:13] run_scene 시작 SRT_1160 · seen_files=113 · last_saved=https://www.genspark.ai/api/files/s/od4dbcag
[06:24:13] ⏱ 준비 SRT_1160 0.0s · chars=3022
[06:24:15] ⏱ 다음명령유휴 SRT_1160 1.5s · idle=True
[06:24:16] fill OK(clip) follow=True chars=3022
[06:24:16] submit 시작 composer=3022 url=https://www.genspark.ai/agents?id=6907b6ab-4df8-4565-8dac-796d339ad6bb
[06:24:16] submit geo 실패 hit=no-btn
[06:24:16] submit 시도 method=geo geo=False
[06:24:16] submit 미확인 method=geo generating=False composer=3022
[06:24:17] submit geo 실패 hit=no-btn
[06:24:17] submit 시도 method=send send=False
[06:24:17] submit 미확인 method=send generating=False composer=3022
[06:24:18] submit 시도 method=ctrl
[06:24:18] submit 미확인 method=ctrl generating=False composer=3024
[06:24:19] submit 시도 method=enter
[06:24:19] submit 확인 method=enter generating=False composer=0
[06:24:19] ⏱ 입력·전송 SRT_1160 4.2s · chars=3022
[06:24:19] 제출 후 last_saved=https://www.genspark.ai/api/files/s/od4dbcag
[06:24:19] ⏱ 생성대기 시작 SRT_1160 max=120s
[06:24:35] ⏱ 생성대기 진행 15.5s SRT_1160 busy=True url_ok=True src=https://www.genspark.ai/api/files/s/8mmmgn4x
[06:24:35] ⏱ 생성대기 완료(busy무시) 16.0s SRT_1160 https://www.genspark.ai/api/files/s/8mmmgn4x
[06:24:35] ⏱ 생성대기구간 SRT_1160 16.0s · ok=True
[06:24:35] SRT_1160 근접 이미지 https://www.genspark.ai/api/files/s/8mmmgn4x
[06:24:35] 다운로드 files URL=https://www.genspark.ai/api/files/s/8mmmgn4x → SRT_1160.png
[06:24:36] ⏱ 다운로드 직접 0.7s size=645718 SRT_1160.png
[06:24:36] ⏱ 다운로드구간 SRT_1160 0.7s · SRT_1160.png
[06:24:39] ⏱ 다운로드후유휴 SRT_1160 3.3s · idle=True
[06:24:39] ⏱ 씬합계 SRT_1160 26.0s · https://www.genspark.ai/api/files/s/8mmmgn4x
[06:24:39] SRT_1160 생성·다운로드 완료
C:\cursor\wuxia\workspace\swardmaster\2부\13장\png\SRT_1160.png
[06:24:40] 상태키 SRT_1200 · Baek|base; Jin|base
[06:24:40] 늦은이미지 회수 실패 SRT_1080: SRT_1080 요청 아래 새 이미지가 없습니다.
[06:24:40] run_scene 시작 SRT_1200 · seen_files=114 · last_saved=https://www.genspark.ai/api/files/s/8mmmgn4x
[06:24:40] ⏱ 준비 SRT_1200 0.0s · chars=4711
[06:24:41] ⏱ 다음명령유휴 SRT_1200 1.4s · idle=True
[06:24:42] fill OK(clip) follow=True chars=4711
[06:24:42] submit 시작 composer=4711 url=https://www.genspark.ai/agents?id=6907b6ab-4df8-4565-8dac-796d339ad6bb
[06:24:42] submit geo 실패 hit=no-btn
[06:24:42] submit 시도 method=geo geo=False
[06:24:42] submit 미확인 method=geo generating=False composer=4711
[06:24:43] submit geo 실패 hit=no-btn
[06:24:43] submit 시도 method=send send=False
[06:24:43] submit 미확인 method=send generating=False composer=4711
[06:24:44] submit 시도 method=ctrl
[06:24:44] submit 미확인 method=ctrl generating=False composer=4713
[06:24:45] submit 시도 method=enter
[06:24:45] submit 확인 method=enter generating=False composer=0
[06:24:45] ⏱ 입력·전송 SRT_1200 4.2s · chars=4711
[06:24:45] 제출 후 last_saved=https://www.genspark.ai/api/files/s/8mmmgn4x
[06:24:45] ⏱ 생성대기 시작 SRT_1200 max=120s
[06:24:59] ⏱ 생성대기 완료 13.9s SRT_1200 https://www.genspark.ai/api/files/s/yanat9mz
[06:24:59] ⏱ 생성대기구간 SRT_1200 13.9s · ok=True
[06:24:59] SRT_1200 근접 이미지 https://www.genspark.ai/api/files/s/yanat9mz
[06:24:59] 다운로드 files URL=https://www.genspark.ai/api/files/s/yanat9mz → SRT_1200.png
[06:25:00] ⏱ 다운로드 직접 0.7s size=597887 SRT_1200.png
[06:25:00] ⏱ 다운로드구간 SRT_1200 0.7s · SRT_1200.png
[06:25:02] ⏱ 다운로드후유휴 SRT_1200 1.5s · idle=True
[06:25:02] ⏱ 씬합계 SRT_1200 22.1s · https://www.genspark.ai/api/files/s/yanat9mz
[06:25:02] SRT_1200 생성·다운로드 완료
C:\cursor\wuxia\workspace\swardmaster\2부\13장\png\SRT_1200.png
[06:25:02] 상태키 SRT_1220 · Baek|base; Jin|base
[06:25:02] 늦은이미지 회수 실패 SRT_1080: SRT_1080 요청 아래 새 이미지가 없습니다.
[06:25:02] run_scene 시작 SRT_1220 · seen_files=115 · last_saved=https://www.genspark.ai/api/files/s/yanat9mz
[06:25:02] ⏱ 준비 SRT_1220 0.0s · chars=4695
[06:25:03] ⏱ 다음명령유휴 SRT_1220 1.4s · idle=True
[06:25:04] fill OK(clip) follow=True chars=4695
[06:25:04] submit 시작 composer=4695 url=https://www.genspark.ai/agents?id=6907b6ab-4df8-4565-8dac-796d339ad6bb
[06:25:04] submit geo 실패 hit=no-btn
[06:25:04] submit 시도 method=geo geo=False
[06:25:05] submit 미확인 method=geo generating=False composer=4695
[06:25:05] submit geo 실패 hit=no-btn
[06:25:05] submit 시도 method=send send=False
[06:25:06] submit 미확인 method=send generating=False composer=4695
[06:25:06] submit 시도 method=ctrl
[06:25:07] submit 미확인 method=ctrl generating=False composer=4697
[06:25:07] submit 시도 method=enter
[06:25:08] submit 확인 method=enter generating=False composer=0
[06:25:08] ⏱ 입력·전송 SRT_1220 4.3s · chars=4695
[06:25:08] 제출 후 last_saved=https://www.genspark.ai/api/files/s/yanat9mz
[06:25:08] ⏱ 생성대기 시작 SRT_1220 max=120s
[06:25:20] ⏱ 생성대기 완료(busy무시) 12.6s SRT_1220 https://www.genspark.ai/api/files/s/fqfa1zcu
[06:25:20] ⏱ 생성대기구간 SRT_1220 12.6s · ok=True
[06:25:20] SRT_1220 근접 이미지 https://www.genspark.ai/api/files/s/fqfa1zcu
[06:25:20] 다운로드 files URL=https://www.genspark.ai/api/files/s/fqfa1zcu → SRT_1220.png
[06:25:21] ⏱ 다운로드 직접 0.7s size=692822 SRT_1220.png
[06:25:21] ⏱ 다운로드구간 SRT_1220 0.7s · SRT_1220.png
[06:25:23] ⏱ 다운로드후유휴 SRT_1220 1.6s · idle=True
[06:25:23] ⏱ 씬합계 SRT_1220 20.9s · https://www.genspark.ai/api/files/s/fqfa1zcu
[06:25:23] SRT_1220 생성·다운로드 완료
C:\cursor\wuxia\workspace\swardmaster\2부\13장\png\SRT_1220.png
[06:25:23] 상태키 SRT_1240 · Baek|base; Jin|base
[06:25:23] 늦은이미지 회수 실패 SRT_1080: SRT_1080 요청 아래 새 이미지가 없습니다.
[06:25:23] run_scene 시작 SRT_1240 · seen_files=116 · last_saved=https://www.genspark.ai/api/files/s/fqfa1zcu
[06:25:23] ⏱ 준비 SRT_1240 0.0s · chars=3296
[06:25:24] ⏱ 다음명령유휴 SRT_1240 1.4s · idle=True
[06:25:25] fill OK(clip) follow=True chars=3296
[06:25:25] submit 시작 composer=3296 url=https://www.genspark.ai/agents?id=6907b6ab-4df8-4565-8dac-796d339ad6bb
[06:25:25] submit geo 실패 hit=no-btn
[06:25:25] submit 시도 method=geo geo=False
[06:25:26] submit 미확인 method=geo generating=False composer=3296
[06:25:26] submit geo 실패 hit=no-btn
[06:25:26] submit 시도 method=send send=False
[06:25:27] submit 미확인 method=send generating=False composer=3296
[06:25:27] submit 시도 method=ctrl
[06:25:28] submit 미확인 method=ctrl generating=False composer=3298
[06:25:28] submit 시도 method=enter
[06:25:29] submit 확인 method=enter generating=False composer=0
[06:25:29] ⏱ 입력·전송 SRT_1240 4.4s · chars=3296
[06:25:29] 제출 후 last_saved=https://www.genspark.ai/api/files/s/fqfa1zcu
[06:25:29] ⏱ 생성대기 시작 SRT_1240 max=120s
[06:25:40] ⏱ 생성대기 완료(busy무시) 11.3s SRT_1240 https://www.genspark.ai/api/files/s/rrplvk31
[06:25:40] ⏱ 생성대기구간 SRT_1240 11.3s · ok=True
[06:25:40] SRT_1240 근접 이미지 https://www.genspark.ai/api/files/s/rrplvk31
[06:25:40] 다운로드 files URL=https://www.genspark.ai/api/files/s/rrplvk31 → SRT_1240.png
[06:25:41] ⏱ 다운로드 직접 1.2s size=777801 SRT_1240.png
[06:25:41] ⏱ 다운로드구간 SRT_1240 1.2s · SRT_1240.png
[06:25:43] ⏱ 다운로드후유휴 SRT_1240 1.5s · idle=True
[06:25:43] ⏱ 씬합계 SRT_1240 20.1s · https://www.genspark.ai/api/files/s/rrplvk31
[06:25:43] SRT_1240 생성·다운로드 완료
C:\cursor\wuxia\workspace\swardmaster\2부\13장\png\SRT_1240.png
[06:25:43] 상태키 SRT_1260 · Baek|base; Jin|base
[06:25:43] 늦은이미지 회수 실패 SRT_1080: SRT_1080 요청 아래 새 이미지가 없습니다.
[06:25:43] run_scene 시작 SRT_1260 · seen_files=117 · last_saved=https://www.genspark.ai/api/files/s/rrplvk31
[06:25:43] ⏱ 준비 SRT_1260 0.0s · chars=3229
[06:25:45] ⏱ 다음명령유휴 SRT_1260 1.4s · idle=True
[06:25:45] fill OK(clip) follow=True chars=3229
[06:25:45] submit 시작 composer=3229 url=https://www.genspark.ai/agents?id=6907b6ab-4df8-4565-8dac-796d339ad6bb
[06:25:46] submit geo 실패 hit=no-btn
[06:25:46] submit 시도 method=geo geo=False
[06:25:46] submit 미확인 method=geo generating=False composer=3229
[06:25:47] submit geo 실패 hit=no-btn
[06:25:47] submit 시도 method=send send=False
[06:25:47] submit 미확인 method=send generating=False composer=3229
[06:25:47] submit 시도 method=ctrl
[06:25:48] submit 미확인 method=ctrl generating=False composer=3231
[06:25:48] submit 시도 method=enter
[06:25:49] submit 확인 method=enter generating=False composer=0
[06:25:49] ⏱ 입력·전송 SRT_1260 4.3s · chars=3229
[06:25:49] 제출 후 last_saved=https://www.genspark.ai/api/files/s/rrplvk31
[06:25:49] ⏱ 생성대기 시작 SRT_1260 max=120s
[06:26:04] ⏱ 생성대기 완료 14.4s SRT_1260 https://www.genspark.ai/api/files/s/vhn0wxje
[06:26:04] ⏱ 생성대기구간 SRT_1260 14.4s · ok=True
[06:26:04] SRT_1260 근접 이미지 https://www.genspark.ai/api/files/s/vhn0wxje
[06:26:04] 다운로드 files URL=https://www.genspark.ai/api/files/s/vhn0wxje → SRT_1260.png
[06:26:04] ⏱ 다운로드 직접 0.8s size=603958 SRT_1260.png
[06:26:04] ⏱ 다운로드구간 SRT_1260 0.8s · SRT_1260.png
[06:26:08] ⏱ 다운로드후유휴 SRT_1260 3.1s · idle=True
[06:26:08] ⏱ 씬합계 SRT_1260 24.3s · https://www.genspark.ai/api/files/s/vhn0wxje
[06:26:08] SRT_1260 생성·다운로드 완료
C:\cursor\wuxia\workspace\swardmaster\2부\13장\png\SRT_1260.png
[06:26:08] 상태키 SRT_1267 · Baek|base; Jin|base
[06:26:08] 늦은이미지 회수 실패 SRT_1080: SRT_1080 요청 아래 새 이미지가 없습니다.
[06:26:08] run_scene 시작 SRT_1267 · seen_files=118 · last_saved=https://www.genspark.ai/api/files/s/vhn0wxje
[06:26:08] ⏱ 준비 SRT_1267 0.0s · chars=3180
[06:26:09] ⏱ 다음명령유휴 SRT_1267 1.5s · idle=True
[06:26:10] fill OK(clip) follow=True chars=3180
[06:26:10] submit 시작 composer=3180 url=https://www.genspark.ai/agents?id=6907b6ab-4df8-4565-8dac-796d339ad6bb
[06:26:10] submit geo 실패 hit=no-btn
[06:26:10] submit 시도 method=geo geo=False
[06:26:11] submit 미확인 method=geo generating=False composer=3180
[06:26:11] submit geo 실패 hit=no-btn
[06:26:11] submit 시도 method=send send=False
[06:26:12] submit 미확인 method=send generating=False composer=3180
[06:26:12] submit 시도 method=ctrl
[06:26:13] submit 미확인 method=ctrl generating=False composer=3182
[06:26:13] submit 시도 method=enter
[06:26:14] submit 확인 method=enter generating=False composer=0
[06:26:14] ⏱ 입력·전송 SRT_1267 4.3s · chars=3180
[06:26:14] 제출 후 last_saved=https://www.genspark.ai/api/files/s/vhn0wxje
[06:26:14] ⏱ 생성대기 시작 SRT_1267 max=120s
[06:26:25] ⏱ 생성대기 완료 11.3s SRT_1267 https://www.genspark.ai/api/files/s/7ymkdzrj
[06:26:25] ⏱ 생성대기구간 SRT_1267 11.3s · ok=True
[06:26:25] SRT_1267 근접 이미지 https://www.genspark.ai/api/files/s/7ymkdzrj
[06:26:25] 다운로드 files URL=https://www.genspark.ai/api/files/s/7ymkdzrj → SRT_1267.png
[06:26:26] ⏱ 다운로드 직접 0.7s size=679123 SRT_1267.png
[06:26:26] ⏱ 다운로드구간 SRT_1267 0.7s · SRT_1267.png
[06:26:28] ⏱ 다운로드후유휴 SRT_1267 2.4s · idle=True
[06:26:28] ⏱ 씬합계 SRT_1267 20.5s · https://www.genspark.ai/api/files/s/7ymkdzrj
[06:26:28] SRT_1267 생성·다운로드 완료
C:\cursor\wuxia\workspace\swardmaster\2부\13장\png\SRT_1267.png
[06:34:54] 탭로그 ON — 실행·생성 · 씬 3개 · reopen=True · 한도대기ON
[06:35:00] ChromeDebug 재시작 slot=0 port=9242 user_data=C:\ChromeDebug_2_5 reused=0
[06:35:04] 모델 이미 Pro: Nano Banana Pro
[06:35:04] 세션 준비 — login=OK model=Nano Banana Pro auto=True
[06:35:04] ensure_page cur_sc=10 prefer_sc=10 cur=https://www.genspark.ai/ai_image prefer=https://www.genspark.ai/ai_image
[06:35:06] fill OK(clip) follow=True chars=71439
[06:35:07] 입력창 붙여넣기 — 프롬프트 50827자 + SRT 20569자 = 합계 71439자
  prompt=C:/cursor/wuxia/2_5_sceneImage/md/image.wuxiz.txt
  srt=C:\cursor\wuxia\workspace\swardmaster\2부\13장\mp3\new.srt
[06:35:08] ensure_page cur_sc=10 prefer_sc=10 cur=https://www.genspark.ai/ai_image prefer=https://www.genspark.ai/ai_image
[06:35:09] 동일 입력창에 명령 추가(미실행): ===== CHARACTER LOOK (SRT_680) =====
State keys: Jin≈19|base; Baek≈19|base; Namgung|base
Jin Muhan, approximately nineteen years old, East-Asian young swordsman, sharp narrow phoen…
[06:35:10] 상태키 SRT_680 · Baek|base; Jin|base
[06:35:10] run_scene 시작 SRT_680 · seen_files=119 · last_saved=https://www.genspark.ai/api/files/s/7ymkdzrj
[06:35:10] ensure_page cur_sc=10 prefer_sc=10 cur=https://www.genspark.ai/ai_image prefer=https://www.genspark.ai/ai_image
[06:35:10] 모델 선택 시작 현재=(없음)
[06:35:10] 모델 선택 결과 ok=False 칩=(없음) picked=
[06:35:10] ⏱ 준비 SRT_680 0.1s · chars=5592
[06:35:10] submit 시작 composer=5592 url=https://www.genspark.ai/ai_image
[06:35:10] submit geo 실패 hit=no-btn
[06:35:10] submit 시도 method=geo geo=False
[06:35:11] submit 미확인 method=geo generating=False composer=5592
[06:35:11] submit geo 실패 hit=no-btn
[06:35:11] submit 시도 method=send send=False
[06:35:12] submit 미확인 method=send generating=False composer=5592
[06:35:12] submit 시도 method=ctrl
[06:35:12] submit 미확인 method=ctrl generating=False composer=5594
[06:35:13] submit 시도 method=enter
[06:35:14] submit 확인 method=enter generating=False composer=0
[06:35:14] ⏱ 입력창전송 SRT_680 4.3s
[06:35:14] 제출 후 last_saved=https://www.genspark.ai/api/files/s/7ymkdzrj
[06:35:14] ⏱ 생성대기 시작 SRT_680 max=120s
[06:35:29] ⏱ 생성대기 진행 15.1s SRT_680 busy=False url_ok=False src=
[06:35:34] ⏱ 생성대기 완료 20.1s SRT_680 https://www.genspark.ai/api/files/s/2gawdslf
[06:35:34] ⏱ 생성대기구간 SRT_680 20.2s · ok=True
[06:35:34] SRT_680 근접 이미지 https://www.genspark.ai/api/files/s/2gawdslf
[06:35:34] 다운로드 files URL=https://www.genspark.ai/api/files/s/2gawdslf → SRT_680.png
[06:35:35] ⏱ 다운로드 직접 0.7s size=885126 SRT_680.png
[06:35:35] ⏱ 다운로드구간 SRT_680 0.7s · SRT_680.png
[06:35:37] ⏱ 다운로드후유휴 SRT_680 1.3s · idle=True
[06:35:37] ⏱ 씬합계 SRT_680 26.8s · https://www.genspark.ai/api/files/s/2gawdslf
[06:35:37] SRT_680 생성·다운로드 완료
C:\cursor\wuxia\workspace\swardmaster\2부\13장\png\SRT_680.png
[06:35:37] 상태키 SRT_900 · Baek|base; Jin|base
[06:35:37] run_scene 시작 SRT_900 · seen_files=120 · last_saved=https://www.genspark.ai/api/files/s/2gawdslf
[06:35:37] ⏱ 준비 SRT_900 0.0s · chars=2750
[06:35:38] ⏱ 다음명령유휴 SRT_900 1.4s · idle=True
[06:35:39] fill OK(clip) follow=True chars=2750
[06:35:39] submit 시작 composer=2750 url=https://www.genspark.ai/agents?id=b96d5587-7f98-406d-b140-efe5f568af21
[06:35:39] submit geo 실패 hit=no-btn
[06:35:39] submit 시도 method=geo geo=False
[06:35:40] submit 미확인 method=geo generating=False composer=2750
[06:35:40] submit geo 실패 hit=no-btn
[06:35:40] submit 시도 method=send send=False
[06:35:40] submit 미확인 method=send generating=False composer=2750
[06:35:41] submit 시도 method=ctrl
[06:35:41] submit 미확인 method=ctrl generating=False composer=2752
[06:35:41] submit 시도 method=enter
[06:35:42] submit 확인 method=enter generating=False composer=0
[06:35:42] ⏱ 입력·전송 SRT_900 3.9s · chars=2750
[06:35:42] 제출 후 last_saved=https://www.genspark.ai/api/files/s/2gawdslf
[06:35:42] ⏱ 생성대기 시작 SRT_900 max=120s
[06:35:57] ⏱ 생성대기 완료 14.5s SRT_900 https://www.genspark.ai/api/files/s/3n5jhwhc
[06:35:57] ⏱ 생성대기구간 SRT_900 14.5s · ok=True
[06:35:57] SRT_900 근접 이미지 https://www.genspark.ai/api/files/s/3n5jhwhc
[06:35:57] 다운로드 files URL=https://www.genspark.ai/api/files/s/3n5jhwhc → SRT_900.png
[06:35:58] ⏱ 다운로드 직접 0.7s size=594355 SRT_900.png
[06:35:58] ⏱ 다운로드구간 SRT_900 0.7s · SRT_900.png
[06:35:59] ⏱ 다운로드후유휴 SRT_900 1.9s · idle=True
[06:35:59] ⏱ 씬합계 SRT_900 22.8s · https://www.genspark.ai/api/files/s/3n5jhwhc
[06:35:59] SRT_900 생성·다운로드 완료
C:\cursor\wuxia\workspace\swardmaster\2부\13장\png\SRT_900.png
[06:36:00] 상태키 SRT_1080 · Baek|base; Jin|base
[06:36:00] run_scene 시작 SRT_1080 · seen_files=121 · last_saved=https://www.genspark.ai/api/files/s/3n5jhwhc
[06:36:00] ⏱ 준비 SRT_1080 0.0s · chars=3282
[06:36:02] ⏱ 다음명령유휴 SRT_1080 1.8s · idle=True
[06:36:02] fill OK(clip) follow=True chars=3282
[06:36:03] submit 시작 composer=3282 url=https://www.genspark.ai/agents?id=b96d5587-7f98-406d-b140-efe5f568af21
[06:36:03] submit geo 실패 hit=no-btn
[06:36:03] submit 시도 method=geo geo=False
[06:36:03] submit 미확인 method=geo generating=False composer=3282
[06:36:04] submit geo 실패 hit=no-btn
[06:36:04] submit 시도 method=send send=False
[06:36:05] submit 미확인 method=send generating=False composer=3282
[06:36:05] submit 시도 method=ctrl
[06:36:05] submit 미확인 method=ctrl generating=False composer=3284
[06:36:06] submit 시도 method=enter
[06:36:06] submit 확인 method=enter generating=False composer=0
[06:36:06] ⏱ 입력·전송 SRT_1080 4.8s · chars=3282
[06:36:06] 제출 후 last_saved=https://www.genspark.ai/api/files/s/3n5jhwhc
[06:36:07] ⏱ 생성대기 시작 SRT_1080 max=120s
[06:36:20] ⏱ 생성대기 완료 13.8s SRT_1080 https://www.genspark.ai/api/files/s/pmdvcall
[06:36:20] ⏱ 생성대기구간 SRT_1080 13.8s · ok=True
[06:36:20] SRT_1080 근접 이미지 https://www.genspark.ai/api/files/s/pmdvcall
[06:36:20] 다운로드 files URL=https://www.genspark.ai/api/files/s/pmdvcall → SRT_1080.png
[06:36:21] ⏱ 다운로드 직접 0.7s size=624587 SRT_1080.png
[06:36:21] ⏱ 다운로드구간 SRT_1080 0.7s · SRT_1080.png
[06:36:22] ⏱ 다운로드후유휴 SRT_1080 1.3s · idle=True
[06:36:22] ⏱ 씬합계 SRT_1080 22.8s · https://www.genspark.ai/api/files/s/pmdvcall
[06:36:22] SRT_1080 생성·다운로드 완료
C:\cursor\wuxia\workspace\swardmaster\2부\13장\png\SRT_1080.png
[06:50:51] 탭로그 ON — 실행·생성 · 씬 2개 · reopen=True · 한도대기ON
[06:50:56] ChromeDebug 재시작 slot=0 port=9242 user_data=C:\ChromeDebug_2_5 reused=0
[06:51:01] 모델 이미 Pro: Nano Banana Pro
[06:51:01] 세션 준비 — login=OK model=Nano Banana Pro auto=True
[06:51:02] ensure_page cur_sc=10 prefer_sc=10 cur=https://www.genspark.ai/ai_image prefer=https://www.genspark.ai/ai_image
[06:51:04] fill OK(clip) follow=True chars=71439
[06:51:05] 입력창 붙여넣기 — 프롬프트 50827자 + SRT 20569자 = 합계 71439자
  prompt=C:/cursor/wuxia/2_5_sceneImage/md/image.wuxiz.txt
  srt=C:\cursor\wuxia\workspace\swardmaster\2부\13장\mp3\new.srt
[06:51:06] ensure_page cur_sc=10 prefer_sc=10 cur=https://www.genspark.ai/ai_image prefer=https://www.genspark.ai/ai_image
[06:51:07] 동일 입력창에 명령 추가(미실행): ===== CHARACTER LOOK (SRT_900) =====
State keys: Jin|base
Jin Muhan, approximately thirty-five years old, legendary swordsman under blood-red rain, tall and gaunt, sharp narrow pho…
[06:51:07] 상태키 SRT_900 · Baek|base; Jin|base
[06:51:07] run_scene 시작 SRT_900 · seen_files=122 · last_saved=https://www.genspark.ai/api/files/s/pmdvcall
[06:51:07] ensure_page cur_sc=10 prefer_sc=10 cur=https://www.genspark.ai/ai_image prefer=https://www.genspark.ai/ai_image
[06:51:07] 모델 선택 시작 현재=(없음)
[06:51:08] 모델 선택 결과 ok=False 칩=(없음) picked=
[06:51:08] ⏱ 준비 SRT_900 0.1s · chars=2750
[06:51:08] submit 시작 composer=2750 url=https://www.genspark.ai/ai_image
[06:51:08] submit geo 실패 hit=no-btn
[06:51:08] submit 시도 method=geo geo=False
[06:51:08] submit 미확인 method=geo generating=False composer=2750
[06:51:09] submit geo 실패 hit=no-btn
[06:51:09] submit 시도 method=send send=False
[06:51:09] submit 미확인 method=send generating=False composer=2750
[06:51:10] submit 시도 method=ctrl
[06:51:10] submit 미확인 method=ctrl generating=False composer=2752
[06:51:11] submit 시도 method=enter
[06:51:12] submit 확인 method=enter generating=False composer=0
[06:51:12] ⏱ 입력창전송 SRT_900 4.2s
[06:51:12] 제출 후 last_saved=https://www.genspark.ai/api/files/s/pmdvcall
[06:51:12] ⏱ 생성대기 시작 SRT_900 max=120s
[06:51:27] ⏱ 생성대기 진행 15.2s SRT_900 busy=False url_ok=False src=
[06:51:30] ⏱ 생성대기 완료 17.7s SRT_900 https://www.genspark.ai/api/files/s/f9jtaefv
[06:51:30] ⏱ 생성대기구간 SRT_900 17.7s · ok=True
[06:51:30] SRT_900 근접 이미지 https://www.genspark.ai/api/files/s/f9jtaefv
[06:51:30] 다운로드 files URL=https://www.genspark.ai/api/files/s/f9jtaefv → SRT_900.png
[06:51:31] ⏱ 다운로드 직접 0.8s size=644533 SRT_900.png
[06:51:31] ⏱ 다운로드구간 SRT_900 0.8s · SRT_900.png
[06:51:32] ⏱ 다운로드후유휴 SRT_900 1.4s · idle=True
[06:51:32] ⏱ 씬합계 SRT_900 24.6s · https://www.genspark.ai/api/files/s/f9jtaefv
[06:51:32] SRT_900 생성·다운로드 완료
C:\cursor\wuxia\workspace\swardmaster\2부\13장\png\SRT_900.png
[06:51:32] 상태키 SRT_920 · Baek|base; Jin|base
[06:51:32] run_scene 시작 SRT_920 · seen_files=123 · last_saved=https://www.genspark.ai/api/files/s/f9jtaefv
[06:51:32] ⏱ 준비 SRT_920 0.0s · chars=2768
[06:51:34] ⏱ 다음명령유휴 SRT_920 1.4s · idle=True
[06:51:34] fill OK(clip) follow=True chars=2768
[06:51:34] submit 시작 composer=2768 url=https://www.genspark.ai/agents?id=7ef73013-d557-4a81-8074-dcbd7fdf3d00
[06:51:34] submit geo 실패 hit=no-btn
[06:51:34] submit 시도 method=geo geo=False
[06:51:35] submit 미확인 method=geo generating=False composer=2768
[06:51:35] submit geo 실패 hit=no-btn
[06:51:35] submit 시도 method=send send=False
[06:51:36] submit 미확인 method=send generating=False composer=2768
[06:51:36] submit 시도 method=ctrl
[06:51:37] submit 미확인 method=ctrl generating=False composer=2770
[06:51:37] submit 시도 method=enter
[06:51:38] submit 확인 method=enter generating=False composer=0
[06:51:38] ⏱ 입력·전송 SRT_920 4.1s · chars=2768
[06:51:38] 제출 후 last_saved=https://www.genspark.ai/api/files/s/f9jtaefv
[06:51:38] ⏱ 생성대기 시작 SRT_920 max=120s
[06:51:52] ⏱ 생성대기 완료 14.4s SRT_920 https://www.genspark.ai/api/files/s/rjf4et78
[06:51:52] ⏱ 생성대기구간 SRT_920 14.4s · ok=True
[06:51:52] SRT_920 근접 이미지 https://www.genspark.ai/api/files/s/rjf4et78
[06:51:52] 다운로드 files URL=https://www.genspark.ai/api/files/s/rjf4et78 → SRT_920.png
[06:51:53] ⏱ 다운로드 직접 0.7s size=604175 SRT_920.png
[06:51:53] ⏱ 다운로드구간 SRT_920 0.7s · SRT_920.png
[06:51:55] raw editors evaluate 실패: Page.evaluate: Target page, context or browser has been closed
[06:51:55] raw editors: (none)
[06:51:55] raw editors evaluate 실패: Page.evaluate: Target page, context or browser has been closed
[06:51:55] raw editors: (none)
[06:51:55] raw editors evaluate 실패: Page.evaluate: Target page, context or browser has been closed
[06:51:55] raw editors: (none)
[06:51:55] raw editors evaluate 실패: Page.evaluate: Target page, context or browser has been closed
[06:51:55] raw editors: (none)
[06:51:56] raw editors evaluate 실패: Page.evaluate: Target page, context or browser has been closed
[06:51:56] raw editors: (none)
[06:51:56] raw editors evaluate 실패: Page.evaluate: Target page, context or browser has been closed
[06:51:56] raw editors: (none)
[06:51:56] raw editors evaluate 실패: Page.evaluate: Target page, context or browser has been closed
[06:51:56] raw editors: (none)
[06:51:56] raw editors evaluate 실패: Page.evaluate: Target page, context or browser has been closed
[06:51:56] raw editors: (none)
[06:51:57] raw editors evaluate 실패: Page.evaluate: Target page, context or browser has been closed
[06:51:57] raw editors: (none)
[06:51:57] raw editors evaluate 실패: Page.evaluate: Target page, context or browser has been closed
[06:51:57] raw editors: (none)
[07:02:39] 탭로그 ON — 실행·생성 · 씬 2개 · reopen=True · 한도대기ON
[07:02:45] ChromeDebug 재시작 slot=0 port=9242 user_data=C:\ChromeDebug_2_5 reused=0
[07:02:49] 모델 이미 Pro: Nano Banana Pro
[07:02:49] 세션 준비 — login=OK model=Nano Banana Pro auto=True
[07:02:49] ensure_page cur_sc=10 prefer_sc=10 cur=https://www.genspark.ai/ai_image prefer=https://www.genspark.ai/ai_image
[07:02:51] fill OK(clip) follow=True chars=71439
[07:02:52] 입력창 붙여넣기 — 프롬프트 50827자 + SRT 20569자 = 합계 71439자
  prompt=C:/cursor/wuxia/2_5_sceneImage/md/image.wuxiz.txt
  srt=C:\cursor\wuxia\workspace\swardmaster\2부\13장\mp3\new.srt
[07:02:53] ensure_page cur_sc=10 prefer_sc=10 cur=https://www.genspark.ai/ai_image prefer=https://www.genspark.ai/ai_image
[07:02:54] 동일 입력창에 명령 추가(미실행): ===== CHARACTER LOOK (SRT_900) =====
State keys: Jin≈19|base
Jin Muhan, approximately nineteen years old, East-Asian young swordsman, sharp narrow phoenix eyes, high straight nose,…
[07:02:54] 상태키 SRT_900 · Baek|base; Jin|base
[07:02:54] run_scene 시작 SRT_900 · seen_files=124 · last_saved=https://www.genspark.ai/api/files/s/rjf4et78
[07:02:54] ensure_page cur_sc=10 prefer_sc=10 cur=https://www.genspark.ai/ai_image prefer=https://www.genspark.ai/ai_image
[07:02:54] 모델 선택 시작 현재=(없음)
[07:02:55] 모델 선택 결과 ok=False 칩=(없음) picked=
[07:02:55] ⏱ 준비 SRT_900 0.1s · chars=3351
[07:02:55] submit 시작 composer=3351 url=https://www.genspark.ai/ai_image
[07:02:55] submit geo 실패 hit=no-btn
[07:02:55] submit 시도 method=geo geo=False
[07:02:55] submit 미확인 method=geo generating=False composer=3351
[07:02:56] submit geo 실패 hit=no-btn
[07:02:56] submit 시도 method=send send=False
[07:02:56] submit 미확인 method=send generating=False composer=3351
[07:02:57] submit 시도 method=ctrl
[07:02:57] submit 미확인 method=ctrl generating=False composer=3353
[07:02:58] submit 시도 method=enter
[07:02:59] submit 확인 method=enter generating=False composer=0
[07:02:59] ⏱ 입력창전송 SRT_900 4.1s
[07:02:59] 제출 후 last_saved=https://www.genspark.ai/api/files/s/rjf4et78
[07:02:59] ⏱ 생성대기 시작 SRT_900 max=120s
[07:03:14] ⏱ 생성대기 진행 15.3s SRT_900 busy=False url_ok=False src=
[07:03:16] ⏱ 생성대기 완료 17.3s SRT_900 https://www.genspark.ai/api/files/s/4dv0f6mn
[07:03:16] ⏱ 생성대기구간 SRT_900 17.3s · ok=True
[07:03:16] SRT_900 근접 이미지 https://www.genspark.ai/api/files/s/4dv0f6mn
[07:03:16] 다운로드 files URL=https://www.genspark.ai/api/files/s/4dv0f6mn → SRT_900.png
[07:03:17] ⏱ 다운로드 직접 0.7s size=672813 SRT_900.png
[07:03:17] ⏱ 다운로드구간 SRT_900 0.7s · SRT_900.png
[07:03:18] ⏱ 다운로드후유휴 SRT_900 1.3s · idle=True
[07:03:18] ⏱ 씬합계 SRT_900 23.8s · https://www.genspark.ai/api/files/s/4dv0f6mn
[07:03:18] SRT_900 생성·다운로드 완료
C:\cursor\wuxia\workspace\swardmaster\2부\13장\png\SRT_900.png
[07:03:18] 상태키 SRT_920 · Baek|base; Jin|base
[07:03:18] run_scene 시작 SRT_920 · seen_files=125 · last_saved=https://www.genspark.ai/api/files/s/4dv0f6mn
[07:03:18] ⏱ 준비 SRT_920 0.0s · chars=3369
[07:03:20] ⏱ 다음명령유휴 SRT_920 1.3s · idle=True
[07:03:20] fill OK(clip) follow=True chars=3369
[07:03:20] submit 시작 composer=3369 url=https://www.genspark.ai/agents?id=c76355b7-040a-47a7-8635-76cbd2a0e76f
[07:03:20] submit geo 실패 hit=no-btn
[07:03:20] submit 시도 method=geo geo=False
[07:03:21] submit 미확인 method=geo generating=False composer=3369
[07:03:21] submit geo 실패 hit=no-btn
[07:03:21] submit 시도 method=send send=False
[07:03:22] submit 미확인 method=send generating=False composer=3369
[07:03:22] submit 시도 method=ctrl
[07:03:23] submit 미확인 method=ctrl generating=False composer=3371
[07:03:23] submit 시도 method=enter
[07:03:24] submit 확인 method=enter generating=False composer=0
[07:03:24] ⏱ 입력·전송 SRT_920 3.9s · chars=3369
[07:03:24] 제출 후 last_saved=https://www.genspark.ai/api/files/s/4dv0f6mn
[07:03:24] ⏱ 생성대기 시작 SRT_920 max=120s
[07:03:39] ⏱ 생성대기 진행 15.2s SRT_920 busy=False url_ok=False src=
[07:03:40] ⏱ 생성대기 완료 15.9s SRT_920 https://www.genspark.ai/api/files/s/zd5w1cdb
[07:03:40] ⏱ 생성대기구간 SRT_920 15.9s · ok=True
[07:03:40] SRT_920 근접 이미지 https://www.genspark.ai/api/files/s/zd5w1cdb
[07:03:40] 다운로드 files URL=https://www.genspark.ai/api/files/s/zd5w1cdb → SRT_920.png
[07:03:41] ⏱ 다운로드 직접 1.1s size=640612 SRT_920.png
[07:03:41] ⏱ 다운로드구간 SRT_920 1.2s · SRT_920.png
[07:03:42] ⏱ 다운로드후유휴 SRT_920 1.3s · idle=True
[07:03:42] ⏱ 씬합계 SRT_920 23.8s · https://www.genspark.ai/api/files/s/zd5w1cdb
[07:03:42] SRT_920 생성·다운로드 완료
C:\cursor\wuxia\workspace\swardmaster\2부\13장\png\SRT_920.png
