[23:52:59] 탭로그 ON — 브라우저 열기·생성 · 씬 94개 · reopen=True · 한도대기ON
[23:53:03] ChromeDebug 재시작 slot=0 port=9242 user_data=C:\ChromeDebug_2_5_slot0 reused=0
[23:53:05] 모델 이미 Pro: Nano Banana Pro
[23:53:05] 세션 준비 — login=OK model=Nano Banana Pro auto=True
[23:53:05] ensure_page cur_sc=10 prefer_sc=10 cur=https://www.genspark.ai/ai_image prefer=https://www.genspark.ai/ai_image
[23:53:06] fill OK(clip) follow=False chars=72821
[23:53:07] 입력창 붙여넣기 — 프롬프트 45379자 + SRT 27399자 = 합계 72821자
  prompt=C:\Users\PC\AppData\Local\Temp\_MEI186922\md\image.wuxiz.txt
  srt=C:\cursor\wuxia\무협극장\검신귀환록\2부\18장\mp3\new.srt
[23:53:08] ensure_page cur_sc=10 prefer_sc=10 cur=https://www.genspark.ai/ai_image prefer=https://www.genspark.ai/ai_image
[23:53:09] 동일 입력창에 명령 추가(미실행): ===== CHARACTER LOOK (SRT_000) =====
State keys: Namgung|base
Namgung Rin, approximately nineteen years old, quiet sharp-eyed East-Asian youth from a fallen clan branch, tall thin …
[23:53:09] 상태키 SRT_000 · Baek|base; Jin≈19|base
[23:53:09] run_scene 시작 SRT_000 · seen_files=0 · last_saved=
[23:53:09] ensure_page cur_sc=10 prefer_sc=10 cur=https://www.genspark.ai/ai_image prefer=https://www.genspark.ai/ai_image
[23:53:09] 모델 선택 시작 현재=(없음)
[23:53:09] 모델 선택 결과 ok=False 칩=(없음) picked=
[23:53:09] ⏱ 준비 SRT_000 0.1s · chars=1400
[23:53:09] submit 시작 composer=1400 url=https://www.genspark.ai/ai_image
[23:53:10] submit geo 실패 hit=no-btn
[23:53:10] submit 시도 method=geo geo=False
[23:53:10] submit 미확인 method=geo generating=False composer=1400
[23:53:10] submit geo 실패 hit=no-btn
[23:53:10] submit 시도 method=send send=False
[23:53:11] submit 미확인 method=send generating=False composer=1400
[23:53:11] submit 시도 method=ctrl
[23:53:12] submit 미확인 method=ctrl generating=False composer=1402
[23:53:12] submit 시도 method=enter
[23:53:13] submit 확인 method=enter generating=False composer=0
[23:53:13] ⏱ 입력창전송 SRT_000 3.3s
[23:53:13] 제출 후 last_saved=
[23:53:13] ⏱ 생성대기 시작 SRT_000 max=120s
[23:53:28] ⏱ 생성대기 진행 15.1s SRT_000 busy=False url_ok=False src=
[23:53:31] ⏱ 생성대기 완료 18.3s SRT_000 https://www.genspark.ai/api/files/s/4vm1ds8o
[23:53:31] ⏱ 생성대기구간 SRT_000 18.3s · ok=True
[23:53:31] SRT_000 근접 이미지 https://www.genspark.ai/api/files/s/4vm1ds8o
[23:53:31] 다운로드 files URL=https://www.genspark.ai/api/files/s/4vm1ds8o → SRT_000.png
[23:53:32] ⏱ 다운로드 직접 0.8s size=602541 SRT_000.png
[23:53:32] ⏱ 다운로드구간 SRT_000 0.8s · SRT_000.png
[23:53:33] ⏱ 다운로드후유휴 SRT_000 1.0s · idle=True
[23:53:33] ⏱ 씬합계 SRT_000 23.7s · https://www.genspark.ai/api/files/s/4vm1ds8o
[23:53:33] SRT_000 생성·다운로드 완료
C:\cursor\wuxia\무협극장\검신귀환록\2부\18장\png\SRT_000.png
[23:53:33] 상태키 SRT_020 · Baek|base; Jin≈19|base
[23:53:33] run_scene 시작 SRT_020 · seen_files=1 · last_saved=https://www.genspark.ai/api/files/s/4vm1ds8o
[23:53:33] ⏱ 준비 SRT_020 0.0s · chars=3014
[23:53:34] ⏱ 다음명령유휴 SRT_020 1.0s · idle=True
[23:53:35] fill OK(clip) follow=True chars=3014
[23:53:35] submit 시작 composer=3014 url=https://www.genspark.ai/agents?id=7c4cb744-0237-4ad0-8284-dcb9b1824c29
[23:53:35] submit geo 실패 hit=no-btn
[23:53:35] submit 시도 method=geo geo=False
[23:53:35] submit 미확인 method=geo generating=False composer=3014
[23:53:36] submit geo 실패 hit=no-btn
[23:53:36] submit 시도 method=send send=False
[23:53:36] submit 미확인 method=send generating=False composer=3014
[23:53:36] submit 시도 method=ctrl
[23:53:37] submit 미확인 method=ctrl generating=False composer=3016
[23:53:37] submit 시도 method=enter
[23:53:38] submit 확인 method=enter generating=False composer=0
[23:53:38] ⏱ 입력·전송 SRT_020 3.5s · chars=3014
[23:53:38] 제출 후 last_saved=https://www.genspark.ai/api/files/s/4vm1ds8o
[23:53:38] ⏱ 생성대기 시작 SRT_020 max=120s
[23:53:50] ⏱ 생성대기 완료 12.6s SRT_020 https://www.genspark.ai/api/files/s/m4ntu51k
[23:53:50] ⏱ 생성대기구간 SRT_020 12.6s · ok=True
[23:53:51] SRT_020 근접 이미지 https://www.genspark.ai/api/files/s/m4ntu51k
[23:53:51] 다운로드 files URL=https://www.genspark.ai/api/files/s/m4ntu51k → SRT_020.png
[23:53:51] ⏱ 다운로드 직접 0.7s size=558226 SRT_020.png
[23:53:51] ⏱ 다운로드구간 SRT_020 0.7s · SRT_020.png
[23:53:54] ⏱ 다운로드후유휴 SRT_020 2.6s · idle=True
[23:53:54] ⏱ 씬합계 SRT_020 20.6s · https://www.genspark.ai/api/files/s/m4ntu51k
[23:53:54] SRT_020 생성·다운로드 완료
C:\cursor\wuxia\무협극장\검신귀환록\2부\18장\png\SRT_020.png
[23:53:54] 상태키 SRT_040 · Baek|base; Jin≈19|base
[23:53:54] run_scene 시작 SRT_040 · seen_files=2 · last_saved=https://www.genspark.ai/api/files/s/m4ntu51k
[23:53:54] ⏱ 준비 SRT_040 0.0s · chars=2999
[23:53:55] ⏱ 다음명령유휴 SRT_040 1.0s · idle=True
[23:53:55] fill OK(clip) follow=True chars=2999
[23:53:55] submit 시작 composer=2999 url=https://www.genspark.ai/agents?id=7c4cb744-0237-4ad0-8284-dcb9b1824c29
[23:53:56] submit geo 실패 hit=no-btn
[23:53:56] submit 시도 method=geo geo=False
[23:53:56] submit 미확인 method=geo generating=False composer=2999
[23:53:56] submit geo 실패 hit=no-btn
[23:53:56] submit 시도 method=send send=False
[23:53:57] submit 미확인 method=send generating=False composer=2999
[23:53:57] submit 시도 method=ctrl
[23:53:58] submit 미확인 method=ctrl generating=False composer=3001
[23:53:58] submit 시도 method=enter
[23:53:58] submit 확인 method=enter generating=False composer=0
[23:53:58] ⏱ 입력·전송 SRT_040 3.4s · chars=2999
[23:53:58] 제출 후 last_saved=https://www.genspark.ai/api/files/s/m4ntu51k
[23:53:59] ⏱ 생성대기 시작 SRT_040 max=120s
[23:54:14] ⏱ 생성대기 진행 15.3s SRT_040 busy=False url_ok=False src=
[23:54:17] ⏱ 생성대기 완료 18.8s SRT_040 https://www.genspark.ai/api/files/s/lmhvdavh
[23:54:17] ⏱ 생성대기구간 SRT_040 18.8s · ok=True
[23:54:17] SRT_040 근접 이미지 https://www.genspark.ai/api/files/s/lmhvdavh
[23:54:17] 다운로드 files URL=https://www.genspark.ai/api/files/s/lmhvdavh → SRT_040.png
[23:54:18] ⏱ 다운로드 직접 0.7s size=587588 SRT_040.png
[23:54:18] ⏱ 다운로드구간 SRT_040 0.7s · SRT_040.png
[23:54:19] ⏱ 다운로드후유휴 SRT_040 1.0s · idle=True
[23:54:19] ⏱ 씬합계 SRT_040 25.2s · https://www.genspark.ai/api/files/s/lmhvdavh
[23:54:19] SRT_040 생성·다운로드 완료
C:\cursor\wuxia\무협극장\검신귀환록\2부\18장\png\SRT_040.png
[23:54:19] 상태키 SRT_060 · Baek|base; Jin≈19|base
[23:54:19] run_scene 시작 SRT_060 · seen_files=3 · last_saved=https://www.genspark.ai/api/files/s/lmhvdavh
[23:54:19] ⏱ 준비 SRT_060 0.0s · chars=2617
[23:54:20] ⏱ 다음명령유휴 SRT_060 1.0s · idle=True
[23:54:21] fill OK(clip) follow=True chars=2617
[23:54:21] submit 시작 composer=2617 url=https://www.genspark.ai/agents?id=7c4cb744-0237-4ad0-8284-dcb9b1824c29
[23:54:21] submit geo 실패 hit=no-btn
[23:54:21] submit 시도 method=geo geo=False
[23:54:22] submit 미확인 method=geo generating=False composer=2617
[23:54:22] submit geo 실패 hit=no-btn
[23:54:22] submit 시도 method=send send=False
[23:54:22] submit 미확인 method=send generating=False composer=2617
[23:54:22] submit 시도 method=ctrl
[23:54:23] submit 미확인 method=ctrl generating=False composer=2619
[23:54:23] submit 시도 method=enter
[23:54:24] submit 확인 method=enter generating=False composer=0
[23:54:24] ⏱ 입력·전송 SRT_060 3.5s · chars=2617
[23:54:24] 제출 후 last_saved=https://www.genspark.ai/api/files/s/lmhvdavh
[23:54:24] ⏱ 생성대기 시작 SRT_060 max=120s
[23:54:37] ⏱ 생성대기 완료 13.0s SRT_060 https://www.genspark.ai/api/files/s/wzoi4ro7
[23:54:37] ⏱ 생성대기구간 SRT_060 13.0s · ok=True
[23:54:37] SRT_060 근접 이미지 https://www.genspark.ai/api/files/s/wzoi4ro7
[23:54:37] 다운로드 files URL=https://www.genspark.ai/api/files/s/wzoi4ro7 → SRT_060.png
[23:54:38] ⏱ 다운로드 직접 0.7s size=521036 SRT_060.png
[23:54:38] ⏱ 다운로드구간 SRT_060 0.7s · SRT_060.png
[23:54:40] ⏱ 다운로드후유휴 SRT_060 2.5s · idle=True
[23:54:40] ⏱ 씬합계 SRT_060 21.1s · https://www.genspark.ai/api/files/s/wzoi4ro7
[23:54:40] SRT_060 생성·다운로드 완료
C:\cursor\wuxia\무협극장\검신귀환록\2부\18장\png\SRT_060.png
[23:54:41] 상태키 SRT_080 · Baek|base; Jin≈19|base
[23:54:41] run_scene 시작 SRT_080 · seen_files=4 · last_saved=https://www.genspark.ai/api/files/s/wzoi4ro7
[23:54:41] ⏱ 준비 SRT_080 0.0s · chars=2114
[23:54:42] ⏱ 다음명령유휴 SRT_080 1.0s · idle=True
[23:54:42] fill OK(clip) follow=True chars=2114
[23:54:42] submit 시작 composer=2114 url=https://www.genspark.ai/agents?id=7c4cb744-0237-4ad0-8284-dcb9b1824c29
[23:54:42] submit geo 실패 hit=no-btn
[23:54:42] submit 시도 method=geo geo=False
[23:54:43] submit 미확인 method=geo generating=False composer=2114
[23:54:43] submit geo 실패 hit=no-btn
[23:54:43] submit 시도 method=send send=False
[23:54:43] submit 미확인 method=send generating=False composer=2114
[23:54:44] submit 시도 method=ctrl
[23:54:44] submit 미확인 method=ctrl generating=False composer=2116
[23:54:44] submit 시도 method=enter
[23:54:45] submit 확인 method=enter generating=False composer=0
[23:54:45] ⏱ 입력·전송 SRT_080 3.5s · chars=2114
[23:54:45] 제출 후 last_saved=https://www.genspark.ai/api/files/s/wzoi4ro7
[23:54:45] ⏱ 생성대기 시작 SRT_080 max=120s
[23:55:01] ⏱ 생성대기 진행 15.2s SRT_080 busy=False url_ok=False src=
[23:55:01] ⏱ 생성대기 완료(busy무시) 16.1s SRT_080 https://www.genspark.ai/api/files/s/kqotwqbd
[23:55:01] ⏱ 생성대기구간 SRT_080 16.1s · ok=True
[23:55:01] SRT_080 근접 이미지 https://www.genspark.ai/api/files/s/kqotwqbd
[23:55:01] 다운로드 files URL=https://www.genspark.ai/api/files/s/kqotwqbd → SRT_080.png
[23:55:02] ⏱ 다운로드 직접 0.7s size=684950 SRT_080.png
[23:55:02] ⏱ 다운로드구간 SRT_080 0.7s · SRT_080.png
[23:55:03] ⏱ 다운로드후유휴 SRT_080 1.1s · idle=True
[23:55:03] ⏱ 씬합계 SRT_080 22.5s · https://www.genspark.ai/api/files/s/kqotwqbd
[23:55:03] SRT_080 생성·다운로드 완료
C:\cursor\wuxia\무협극장\검신귀환록\2부\18장\png\SRT_080.png
[23:55:03] 상태키 SRT_100 · Baek|base; Jin≈19|base
[23:55:03] run_scene 시작 SRT_100 · seen_files=5 · last_saved=https://www.genspark.ai/api/files/s/kqotwqbd
[23:55:03] ⏱ 준비 SRT_100 0.0s · chars=2107
[23:55:04] ⏱ 다음명령유휴 SRT_100 1.0s · idle=True
[23:55:05] fill OK(clip) follow=True chars=2107
[23:55:05] submit 시작 composer=2107 url=https://www.genspark.ai/agents?id=7c4cb744-0237-4ad0-8284-dcb9b1824c29
[23:55:05] submit geo 실패 hit=no-btn
[23:55:05] submit 시도 method=geo geo=False
[23:55:05] submit 미확인 method=geo generating=False composer=2107
[23:55:06] submit geo 실패 hit=no-btn
[23:55:06] submit 시도 method=send send=False
[23:55:06] submit 미확인 method=send generating=False composer=2107
[23:55:06] submit 시도 method=ctrl
[23:55:07] submit 미확인 method=ctrl generating=False composer=2109
[23:55:07] submit 시도 method=enter
[23:55:08] submit 확인 method=enter generating=False composer=0
[23:55:08] ⏱ 입력·전송 SRT_100 3.4s · chars=2107
[23:55:08] 제출 후 last_saved=https://www.genspark.ai/api/files/s/kqotwqbd
[23:55:08] ⏱ 생성대기 시작 SRT_100 max=120s
[23:55:23] ⏱ 생성대기 완료 14.9s SRT_100 https://www.genspark.ai/api/files/s/od8z7r7c
[23:55:23] ⏱ 생성대기구간 SRT_100 14.9s · ok=True
[23:55:23] SRT_100 근접 이미지 https://www.genspark.ai/api/files/s/od8z7r7c
[23:55:23] 다운로드 files URL=https://www.genspark.ai/api/files/s/od8z7r7c → SRT_100.png
[23:55:23] ⏱ 다운로드 직접 0.6s size=698849 SRT_100.png
[23:55:23] ⏱ 다운로드구간 SRT_100 0.6s · SRT_100.png
[23:55:25] ⏱ 다운로드후유휴 SRT_100 1.0s · idle=True
[23:55:25] ⏱ 씬합계 SRT_100 21.3s · https://www.genspark.ai/api/files/s/od8z7r7c
[23:55:25] SRT_100 생성·다운로드 완료
C:\cursor\wuxia\무협극장\검신귀환록\2부\18장\png\SRT_100.png
[23:55:25] 상태키 SRT_120 · Baek|base; Jin≈19|base
[23:55:25] run_scene 시작 SRT_120 · seen_files=6 · last_saved=https://www.genspark.ai/api/files/s/od8z7r7c
[23:55:25] ⏱ 준비 SRT_120 0.0s · chars=1556
[23:55:26] ⏱ 다음명령유휴 SRT_120 1.0s · idle=True
[23:55:26] fill OK(clip) follow=True chars=1556
[23:55:26] submit 시작 composer=1556 url=https://www.genspark.ai/agents?id=7c4cb744-0237-4ad0-8284-dcb9b1824c29
[23:55:26] submit geo 실패 hit=no-btn
[23:55:26] submit 시도 method=geo geo=False
[23:55:27] submit 미확인 method=geo generating=False composer=1556
[23:55:27] submit geo 실패 hit=no-btn
[23:55:27] submit 시도 method=send send=False
[23:55:28] submit 미확인 method=send generating=False composer=1556
[23:55:28] submit 시도 method=ctrl
[23:55:28] submit 미확인 method=ctrl generating=False composer=1558
[23:55:29] submit 시도 method=enter
[23:55:29] submit 확인 method=enter generating=False composer=0
[23:55:29] ⏱ 입력·전송 SRT_120 3.5s · chars=1556
[23:55:29] 제출 후 last_saved=https://www.genspark.ai/api/files/s/od8z7r7c
[23:55:29] ⏱ 생성대기 시작 SRT_120 max=120s
[23:55:42] ⏱ 생성대기 완료 12.8s SRT_120 https://www.genspark.ai/api/files/s/c4yqoz81
[23:55:42] ⏱ 생성대기구간 SRT_120 12.8s · ok=True
[23:55:42] SRT_120 근접 이미지 https://www.genspark.ai/api/files/s/c4yqoz81
[23:55:42] 다운로드 files URL=https://www.genspark.ai/api/files/s/c4yqoz81 → SRT_120.png
[23:55:43] ⏱ 다운로드 직접 0.7s size=423177 SRT_120.png
[23:55:43] ⏱ 다운로드구간 SRT_120 0.7s · SRT_120.png
[23:55:46] ⏱ 다운로드후유휴 SRT_120 3.0s · idle=True
[23:55:46] ⏱ 씬합계 SRT_120 21.2s · https://www.genspark.ai/api/files/s/c4yqoz81
[23:55:46] SRT_120 생성·다운로드 완료
C:\cursor\wuxia\무협극장\검신귀환록\2부\18장\png\SRT_120.png
[23:55:46] 상태키 SRT_140 · Baek|base; Jin≈19|base
[23:55:46] run_scene 시작 SRT_140 · seen_files=7 · last_saved=https://www.genspark.ai/api/files/s/c4yqoz81
[23:55:46] ⏱ 준비 SRT_140 0.0s · chars=3168
[23:55:47] ⏱ 다음명령유휴 SRT_140 1.0s · idle=True
[23:55:48] fill OK(clip) follow=True chars=3168
[23:55:48] submit 시작 composer=3168 url=https://www.genspark.ai/agents?id=7c4cb744-0237-4ad0-8284-dcb9b1824c29
[23:55:48] submit geo 실패 hit=no-btn
[23:55:48] submit 시도 method=geo geo=False
[23:55:48] submit 미확인 method=geo generating=False composer=3168
[23:55:48] submit geo 실패 hit=no-btn
[23:55:48] submit 시도 method=send send=False
[23:55:49] submit 미확인 method=send generating=False composer=3168
[23:55:49] submit 시도 method=ctrl
[23:55:50] submit 미확인 method=ctrl generating=False composer=3170
[23:55:50] submit 시도 method=enter
[23:55:51] submit 확인 method=enter generating=False composer=0
[23:55:51] ⏱ 입력·전송 SRT_140 3.4s · chars=3168
[23:55:51] 제출 후 last_saved=https://www.genspark.ai/api/files/s/c4yqoz81
[23:55:51] ⏱ 생성대기 시작 SRT_140 max=120s
[23:56:06] ⏱ 생성대기 진행 15.0s SRT_140 busy=True url_ok=False src=
[23:56:07] ⏱ 생성대기 완료 16.5s SRT_140 https://www.genspark.ai/api/files/s/wu9tzxkz
[23:56:07] ⏱ 생성대기구간 SRT_140 16.5s · ok=True
[23:56:07] SRT_140 근접 이미지 https://www.genspark.ai/api/files/s/wu9tzxkz
[23:56:07] 다운로드 files URL=https://www.genspark.ai/api/files/s/wu9tzxkz → SRT_140.png
[23:56:09] ⏱ 다운로드 직접 1.4s size=583226 SRT_140.png
[23:56:09] ⏱ 다운로드구간 SRT_140 1.4s · SRT_140.png
[23:56:10] ⏱ 다운로드후유휴 SRT_140 1.0s · idle=True
[23:56:10] ⏱ 씬합계 SRT_140 23.6s · https://www.genspark.ai/api/files/s/wu9tzxkz
[23:56:10] SRT_140 생성·다운로드 완료
C:\cursor\wuxia\무협극장\검신귀환록\2부\18장\png\SRT_140.png
[23:56:10] 상태키 SRT_160 · Baek|base; Jin≈19|base
[23:56:10] run_scene 시작 SRT_160 · seen_files=8 · last_saved=https://www.genspark.ai/api/files/s/wu9tzxkz
[23:56:10] ⏱ 준비 SRT_160 0.0s · chars=3170
[23:56:11] ⏱ 다음명령유휴 SRT_160 1.0s · idle=True
[23:56:11] fill OK(clip) follow=True chars=3170
[23:56:11] submit 시작 composer=3170 url=https://www.genspark.ai/agents?id=7c4cb744-0237-4ad0-8284-dcb9b1824c29
[23:56:11] submit geo 실패 hit=no-btn
[23:56:11] submit 시도 method=geo geo=False
[23:56:12] submit 미확인 method=geo generating=False composer=3170
[23:56:12] submit geo 실패 hit=no-btn
[23:56:12] submit 시도 method=send send=False
[23:56:13] submit 미확인 method=send generating=False composer=3170
[23:56:13] submit 시도 method=ctrl
[23:56:13] submit 미확인 method=ctrl generating=False composer=3172
[23:56:14] submit 시도 method=enter
[23:56:14] submit 확인 method=enter generating=False composer=0
[23:56:14] ⏱ 입력·전송 SRT_160 3.5s · chars=3170
[23:56:14] 제출 후 last_saved=https://www.genspark.ai/api/files/s/wu9tzxkz
[23:56:15] ⏱ 생성대기 시작 SRT_160 max=120s
[23:56:28] ⏱ 생성대기 완료 13.2s SRT_160 https://www.genspark.ai/api/files/s/wgmrgwfc
[23:56:28] ⏱ 생성대기구간 SRT_160 13.2s · ok=True
[23:56:28] SRT_160 근접 이미지 https://www.genspark.ai/api/files/s/wgmrgwfc
[23:56:28] 다운로드 files URL=https://www.genspark.ai/api/files/s/wgmrgwfc → SRT_160.png
[23:56:29] ⏱ 다운로드 직접 0.8s size=565925 SRT_160.png
[23:56:29] ⏱ 다운로드구간 SRT_160 0.8s · SRT_160.png
[23:56:30] ⏱ 다운로드후유휴 SRT_160 1.0s · idle=True
[23:56:30] ⏱ 씬합계 SRT_160 19.8s · https://www.genspark.ai/api/files/s/wgmrgwfc
[23:56:30] SRT_160 생성·다운로드 완료
C:\cursor\wuxia\무협극장\검신귀환록\2부\18장\png\SRT_160.png
[23:56:30] 상태키 SRT_180 · Baek|base; Jin≈19|base
[23:56:30] run_scene 시작 SRT_180 · seen_files=9 · last_saved=https://www.genspark.ai/api/files/s/wgmrgwfc
[23:56:30] ⏱ 준비 SRT_180 0.0s · chars=3145
[23:56:31] ⏱ 다음명령유휴 SRT_180 1.0s · idle=True
[23:56:31] fill OK(clip) follow=True chars=3145
[23:56:31] submit 시작 composer=3145 url=https://www.genspark.ai/agents?id=7c4cb744-0237-4ad0-8284-dcb9b1824c29
[23:56:31] submit geo 실패 hit=no-btn
[23:56:31] submit 시도 method=geo geo=False
[23:56:32] submit 미확인 method=geo generating=False composer=3145
[23:56:32] submit geo 실패 hit=no-btn
[23:56:32] submit 시도 method=send send=False
[23:56:33] submit 미확인 method=send generating=False composer=3145
[23:56:33] submit 시도 method=ctrl
[23:56:33] submit 미확인 method=ctrl generating=False composer=3147
[23:56:34] submit 시도 method=enter
[23:56:34] submit 확인 method=enter generating=False composer=0
[23:56:34] ⏱ 입력·전송 SRT_180 3.5s · chars=3145
[23:56:34] 제출 후 last_saved=https://www.genspark.ai/api/files/s/wgmrgwfc
[23:56:34] ⏱ 생성대기 시작 SRT_180 max=120s
[23:56:50] ⏱ 생성대기 진행 15.3s SRT_180 busy=False url_ok=True src=https://www.genspark.ai/api/files/s/nschskph
[23:56:50] ⏱ 생성대기 완료 15.5s SRT_180 https://www.genspark.ai/api/files/s/nschskph
[23:56:50] ⏱ 생성대기구간 SRT_180 15.5s · ok=True
[23:56:50] SRT_180 근접 이미지 https://www.genspark.ai/api/files/s/nschskph
[23:56:50] 다운로드 files URL=https://www.genspark.ai/api/files/s/nschskph → SRT_180.png
[23:56:51] ⏱ 다운로드 직접 0.9s size=585739 SRT_180.png
[23:56:51] ⏱ 다운로드구간 SRT_180 0.9s · SRT_180.png
[23:56:52] ⏱ 다운로드후유휴 SRT_180 1.0s · idle=True
[23:56:52] ⏱ 씬합계 SRT_180 22.2s · https://www.genspark.ai/api/files/s/nschskph
[23:56:52] SRT_180 생성·다운로드 완료
C:\cursor\wuxia\무협극장\검신귀환록\2부\18장\png\SRT_180.png
[23:56:52] 상태키 SRT_200 · Baek|base; Jin≈19|base
[23:56:52] run_scene 시작 SRT_200 · seen_files=10 · last_saved=https://www.genspark.ai/api/files/s/nschskph
[23:56:52] ⏱ 준비 SRT_200 0.0s · chars=1556
[23:56:53] ⏱ 다음명령유휴 SRT_200 1.1s · idle=True
[23:56:54] fill OK(clip) follow=True chars=1556
[23:56:54] submit 시작 composer=1556 url=https://www.genspark.ai/agents?id=7c4cb744-0237-4ad0-8284-dcb9b1824c29
[23:56:54] submit geo 실패 hit=no-btn
[23:56:54] submit 시도 method=geo geo=False
[23:56:54] submit 미확인 method=geo generating=False composer=1556
[23:56:54] submit geo 실패 hit=no-btn
[23:56:54] submit 시도 method=send send=False
[23:56:55] submit 미확인 method=send generating=False composer=1556
[23:56:55] submit 시도 method=ctrl
[23:56:56] submit 미확인 method=ctrl generating=False composer=1558
[23:56:56] submit 시도 method=enter
[23:56:57] submit 확인 method=enter generating=False composer=0
[23:56:57] ⏱ 입력·전송 SRT_200 3.5s · chars=1556
[23:56:57] 제출 후 last_saved=https://www.genspark.ai/api/files/s/nschskph
[23:56:57] ⏱ 생성대기 시작 SRT_200 max=120s
[23:57:10] ⏱ 생성대기 완료 13.2s SRT_200 https://www.genspark.ai/api/files/s/j6uvhinc
[23:57:10] ⏱ 생성대기구간 SRT_200 13.2s · ok=True
[23:57:10] SRT_200 근접 이미지 https://www.genspark.ai/api/files/s/j6uvhinc
[23:57:10] 다운로드 files URL=https://www.genspark.ai/api/files/s/j6uvhinc → SRT_200.png
[23:57:11] ⏱ 다운로드 직접 0.7s size=587231 SRT_200.png
[23:57:11] ⏱ 다운로드구간 SRT_200 0.7s · SRT_200.png
[23:57:12] ⏱ 다운로드후유휴 SRT_200 1.0s · idle=True
[23:57:12] ⏱ 씬합계 SRT_200 19.7s · https://www.genspark.ai/api/files/s/j6uvhinc
[23:57:12] SRT_200 생성·다운로드 완료
C:\cursor\wuxia\무협극장\검신귀환록\2부\18장\png\SRT_200.png
[23:57:12] 상태키 SRT_220 · Baek|base; Jin≈19|base
[23:57:12] run_scene 시작 SRT_220 · seen_files=11 · last_saved=https://www.genspark.ai/api/files/s/j6uvhinc
[23:57:12] ⏱ 준비 SRT_220 0.0s · chars=3492
[23:57:13] ⏱ 다음명령유휴 SRT_220 1.0s · idle=True
[23:57:13] fill OK(clip) follow=True chars=3492
[23:57:13] submit 시작 composer=3492 url=https://www.genspark.ai/agents?id=7c4cb744-0237-4ad0-8284-dcb9b1824c29
[23:57:14] submit geo 실패 hit=no-btn
[23:57:14] submit 시도 method=geo geo=False
[23:57:14] submit 미확인 method=geo generating=False composer=3492
[23:57:14] submit geo 실패 hit=no-btn
[23:57:14] submit 시도 method=send send=False
[23:57:15] submit 미확인 method=send generating=False composer=3492
[23:57:15] submit 시도 method=ctrl
[23:57:16] submit 미확인 method=ctrl generating=False composer=3494
[23:57:16] submit 시도 method=enter
[23:57:16] submit 확인 method=enter generating=False composer=0
[23:57:16] ⏱ 입력·전송 SRT_220 3.5s · chars=3492
[23:57:16] 제출 후 last_saved=https://www.genspark.ai/api/files/s/j6uvhinc
[23:57:17] ⏱ 생성대기 시작 SRT_220 max=120s
[23:57:32] ⏱ 생성대기 진행 15.0s SRT_220 busy=False url_ok=True src=https://www.genspark.ai/api/files/s/objolfby
[23:57:32] ⏱ 생성대기 완료 15.3s SRT_220 https://www.genspark.ai/api/files/s/objolfby
[23:57:32] ⏱ 생성대기구간 SRT_220 15.3s · ok=True
[23:57:32] SRT_220 근접 이미지 https://www.genspark.ai/api/files/s/objolfby
[23:57:32] 다운로드 files URL=https://www.genspark.ai/api/files/s/objolfby → SRT_220.png
[23:57:33] ⏱ 다운로드 직접 0.7s size=625014 SRT_220.png
[23:57:33] ⏱ 다운로드구간 SRT_220 0.7s · SRT_220.png
[23:57:34] ⏱ 다운로드후유휴 SRT_220 1.0s · idle=True
[23:57:34] ⏱ 씬합계 SRT_220 21.7s · https://www.genspark.ai/api/files/s/objolfby
[23:57:34] SRT_220 생성·다운로드 완료
C:\cursor\wuxia\무협극장\검신귀환록\2부\18장\png\SRT_220.png
[23:57:34] 상태키 SRT_240 · Baek|base; Jin≈19|base
[23:57:34] run_scene 시작 SRT_240 · seen_files=12 · last_saved=https://www.genspark.ai/api/files/s/objolfby
[23:57:34] ⏱ 준비 SRT_240 0.0s · chars=1988
[23:57:35] ⏱ 다음명령유휴 SRT_240 1.0s · idle=True
[23:57:35] fill OK(clip) follow=True chars=1988
[23:57:35] submit 시작 composer=1988 url=https://www.genspark.ai/agents?id=7c4cb744-0237-4ad0-8284-dcb9b1824c29
[23:57:35] submit geo 실패 hit=no-btn
[23:57:35] submit 시도 method=geo geo=False
[23:57:36] submit 미확인 method=geo generating=False composer=1988
[23:57:36] submit geo 실패 hit=no-btn
[23:57:36] submit 시도 method=send send=False
[23:57:37] submit 미확인 method=send generating=False composer=1988
[23:57:37] submit 시도 method=ctrl
[23:57:38] submit 미확인 method=ctrl generating=False composer=1990
[23:57:38] submit 시도 method=enter
[23:57:38] submit 확인 method=enter generating=False composer=0
[23:57:38] ⏱ 입력·전송 SRT_240 3.5s · chars=1988
[23:57:38] 제출 후 last_saved=https://www.genspark.ai/api/files/s/objolfby
[23:57:39] ⏱ 생성대기 시작 SRT_240 max=120s
[23:57:54] ⏱ 생성대기 진행 15.2s SRT_240 busy=False url_ok=False src=
[23:57:55] ⏱ 생성대기 완료 16.3s SRT_240 https://www.genspark.ai/api/files/s/wpb39soq
[23:57:55] ⏱ 생성대기구간 SRT_240 16.3s · ok=True
[23:57:55] SRT_240 근접 이미지 https://www.genspark.ai/api/files/s/wpb39soq
[23:57:55] 다운로드 files URL=https://www.genspark.ai/api/files/s/wpb39soq → SRT_240.png
[23:57:56] ⏱ 다운로드 직접 0.7s size=523557 SRT_240.png
[23:57:56] ⏱ 다운로드구간 SRT_240 0.7s · SRT_240.png
[23:57:57] ⏱ 다운로드후유휴 SRT_240 1.0s · idle=True
[23:57:57] ⏱ 씬합계 SRT_240 22.8s · https://www.genspark.ai/api/files/s/wpb39soq
[23:57:57] SRT_240 생성·다운로드 완료
C:\cursor\wuxia\무협극장\검신귀환록\2부\18장\png\SRT_240.png
[23:57:57] 상태키 SRT_260 · Baek|base; Jin≈19|base
[23:57:57] run_scene 시작 SRT_260 · seen_files=13 · last_saved=https://www.genspark.ai/api/files/s/wpb39soq
[23:57:57] ⏱ 준비 SRT_260 0.0s · chars=2463
[23:57:58] ⏱ 다음명령유휴 SRT_260 1.0s · idle=True
[23:57:58] fill OK(clip) follow=True chars=2463
[23:57:58] submit 시작 composer=2463 url=https://www.genspark.ai/agents?id=7c4cb744-0237-4ad0-8284-dcb9b1824c29
[23:57:58] submit geo 실패 hit=no-btn
[23:57:58] submit 시도 method=geo geo=False
[23:57:59] submit 미확인 method=geo generating=False composer=2463
[23:57:59] submit geo 실패 hit=no-btn
[23:57:59] submit 시도 method=send send=False
[23:58:00] submit 미확인 method=send generating=False composer=2463
[23:58:00] submit 시도 method=ctrl
[23:58:00] submit 미확인 method=ctrl generating=False composer=2465
[23:58:01] submit 시도 method=enter
[23:58:01] submit 확인 method=enter generating=False composer=0
[23:58:01] ⏱ 입력·전송 SRT_260 3.5s · chars=2463
[23:58:01] 제출 후 last_saved=https://www.genspark.ai/api/files/s/wpb39soq
[23:58:02] ⏱ 생성대기 시작 SRT_260 max=120s
[23:58:16] ⏱ 생성대기 완료 14.9s SRT_260 https://www.genspark.ai/api/files/s/bpp8nvgb
[23:58:16] ⏱ 생성대기구간 SRT_260 14.9s · ok=True
[23:58:16] SRT_260 근접 이미지 https://www.genspark.ai/api/files/s/bpp8nvgb
[23:58:16] 다운로드 files URL=https://www.genspark.ai/api/files/s/bpp8nvgb → SRT_260.png
[23:58:17] ⏱ 다운로드 직접 0.7s size=529144 SRT_260.png
[23:58:17] ⏱ 다운로드구간 SRT_260 0.7s · SRT_260.png
[23:58:18] ⏱ 다운로드후유휴 SRT_260 1.0s · idle=True
[23:58:18] ⏱ 씬합계 SRT_260 21.4s · https://www.genspark.ai/api/files/s/bpp8nvgb
[23:58:18] SRT_260 생성·다운로드 완료
C:\cursor\wuxia\무협극장\검신귀환록\2부\18장\png\SRT_260.png
[23:58:18] 상태키 SRT_280 · Baek|base; Jin≈19|base
[23:58:18] run_scene 시작 SRT_280 · seen_files=14 · last_saved=https://www.genspark.ai/api/files/s/bpp8nvgb
[23:58:18] ⏱ 준비 SRT_280 0.0s · chars=3167
[23:58:19] ⏱ 다음명령유휴 SRT_280 1.0s · idle=True
[23:58:20] fill OK(clip) follow=True chars=3167
[23:58:20] submit 시작 composer=3167 url=https://www.genspark.ai/agents?id=7c4cb744-0237-4ad0-8284-dcb9b1824c29
[23:58:20] submit geo 실패 hit=no-btn
[23:58:20] submit 시도 method=geo geo=False
[23:58:21] submit 미확인 method=geo generating=False composer=3167
[23:58:21] submit geo 실패 hit=no-btn
[23:58:21] submit 시도 method=send send=False
[23:58:21] submit 미확인 method=send generating=False composer=3167
[23:58:21] submit 시도 method=ctrl
[23:58:22] submit 미확인 method=ctrl generating=False composer=3169
[23:58:22] submit 시도 method=enter
[23:58:23] submit 확인 method=enter generating=False composer=0
[23:58:23] ⏱ 입력·전송 SRT_280 3.5s · chars=3167
[23:58:23] 제출 후 last_saved=https://www.genspark.ai/api/files/s/bpp8nvgb
[23:58:23] ⏱ 생성대기 시작 SRT_280 max=120s
[23:58:37] ⏱ 생성대기 완료 13.9s SRT_280 https://www.genspark.ai/api/files/s/mdyeecbf
[23:58:37] ⏱ 생성대기구간 SRT_280 13.9s · ok=True
[23:58:37] SRT_280 근접 이미지 https://www.genspark.ai/api/files/s/mdyeecbf
[23:58:37] 다운로드 files URL=https://www.genspark.ai/api/files/s/mdyeecbf → SRT_280.png
[23:58:38] ⏱ 다운로드 직접 0.8s size=475745 SRT_280.png
[23:58:38] ⏱ 다운로드구간 SRT_280 0.8s · SRT_280.png
[23:58:39] ⏱ 다운로드후유휴 SRT_280 1.0s · idle=True
[23:58:39] ⏱ 씬합계 SRT_280 20.5s · https://www.genspark.ai/api/files/s/mdyeecbf
[23:58:39] SRT_280 생성·다운로드 완료
C:\cursor\wuxia\무협극장\검신귀환록\2부\18장\png\SRT_280.png
[23:58:39] 상태키 SRT_300 · Baek|base; Jin≈19|base
[23:58:39] run_scene 시작 SRT_300 · seen_files=15 · last_saved=https://www.genspark.ai/api/files/s/mdyeecbf
[23:58:39] ⏱ 준비 SRT_300 0.0s · chars=2636
[23:58:40] ⏱ 다음명령유휴 SRT_300 1.0s · idle=True
[23:58:40] fill OK(clip) follow=True chars=2636
[23:58:40] submit 시작 composer=2636 url=https://www.genspark.ai/agents?id=7c4cb744-0237-4ad0-8284-dcb9b1824c29
[23:58:41] submit geo 실패 hit=no-btn
[23:58:41] submit 시도 method=geo geo=False
[23:58:41] submit 미확인 method=geo generating=False composer=2636
[23:58:41] submit geo 실패 hit=no-btn
[23:58:41] submit 시도 method=send send=False
[23:58:42] submit 미확인 method=send generating=False composer=2636
[23:58:42] submit 시도 method=ctrl
[23:58:43] submit 미확인 method=ctrl generating=False composer=2638
[23:58:43] submit 시도 method=enter
[23:58:43] submit 확인 method=enter generating=False composer=0
[23:58:43] ⏱ 입력·전송 SRT_300 3.5s · chars=2636
[23:58:43] 제출 후 last_saved=https://www.genspark.ai/api/files/s/mdyeecbf
[23:58:44] ⏱ 생성대기 시작 SRT_300 max=120s
[23:58:59] ⏱ 생성대기 진행 15.1s SRT_300 busy=False url_ok=False src=
[23:58:59] ⏱ 생성대기 완료 15.8s SRT_300 https://www.genspark.ai/api/files/s/othj8ncj
[23:58:59] ⏱ 생성대기구간 SRT_300 15.8s · ok=True
[23:58:59] SRT_300 근접 이미지 https://www.genspark.ai/api/files/s/othj8ncj
[23:58:59] 다운로드 files URL=https://www.genspark.ai/api/files/s/othj8ncj → SRT_300.png
[23:59:00] ⏱ 다운로드 직접 0.7s size=487889 SRT_300.png
[23:59:00] ⏱ 다운로드구간 SRT_300 0.7s · SRT_300.png
[23:59:01] ⏱ 다운로드후유휴 SRT_300 1.0s · idle=True
[23:59:01] ⏱ 씬합계 SRT_300 22.2s · https://www.genspark.ai/api/files/s/othj8ncj
[23:59:01] SRT_300 생성·다운로드 완료
C:\cursor\wuxia\무협극장\검신귀환록\2부\18장\png\SRT_300.png
[23:59:01] 상태키 SRT_320 · Baek|base; Jin≈19|base
[23:59:01] run_scene 시작 SRT_320 · seen_files=16 · last_saved=https://www.genspark.ai/api/files/s/othj8ncj
[23:59:01] ⏱ 준비 SRT_320 0.0s · chars=1651
[23:59:02] ⏱ 다음명령유휴 SRT_320 1.0s · idle=True
[23:59:03] fill OK(clip) follow=True chars=1651
[23:59:03] submit 시작 composer=1651 url=https://www.genspark.ai/agents?id=7c4cb744-0237-4ad0-8284-dcb9b1824c29
[23:59:03] submit geo 실패 hit=no-btn
[23:59:03] submit 시도 method=geo geo=False
[23:59:04] submit 미확인 method=geo generating=False composer=1651
[23:59:04] submit geo 실패 hit=no-btn
[23:59:04] submit 시도 method=send send=False
[23:59:04] submit 미확인 method=send generating=False composer=1651
[23:59:05] submit 시도 method=ctrl
[23:59:05] submit 미확인 method=ctrl generating=False composer=1653
[23:59:05] submit 시도 method=enter
[23:59:06] submit 확인 method=enter generating=False composer=0
[23:59:06] ⏱ 입력·전송 SRT_320 3.5s · chars=1651
[23:59:06] 제출 후 last_saved=https://www.genspark.ai/api/files/s/othj8ncj
[23:59:06] ⏱ 생성대기 시작 SRT_320 max=120s
[23:59:21] ⏱ 생성대기 진행 15.2s SRT_320 busy=False url_ok=True src=https://www.genspark.ai/api/files/s/rbjncjeg
[23:59:22] ⏱ 생성대기 완료 15.5s SRT_320 https://www.genspark.ai/api/files/s/rbjncjeg
[23:59:22] ⏱ 생성대기구간 SRT_320 15.5s · ok=True
[23:59:22] SRT_320 근접 이미지 https://www.genspark.ai/api/files/s/rbjncjeg
[23:59:22] 다운로드 files URL=https://www.genspark.ai/api/files/s/rbjncjeg → SRT_320.png
[23:59:22] ⏱ 다운로드 직접 0.8s size=652258 SRT_320.png
[23:59:22] ⏱ 다운로드구간 SRT_320 0.8s · SRT_320.png
[23:59:23] ⏱ 다운로드후유휴 SRT_320 1.0s · idle=True
[23:59:23] ⏱ 씬합계 SRT_320 22.0s · https://www.genspark.ai/api/files/s/rbjncjeg
[23:59:23] SRT_320 생성·다운로드 완료
C:\cursor\wuxia\무협극장\검신귀환록\2부\18장\png\SRT_320.png
[23:59:24] 상태키 SRT_340 · Baek|base; Jin≈19|base
[23:59:24] run_scene 시작 SRT_340 · seen_files=17 · last_saved=https://www.genspark.ai/api/files/s/rbjncjeg
[23:59:24] ⏱ 준비 SRT_340 0.0s · chars=1625
[23:59:25] ⏱ 다음명령유휴 SRT_340 1.0s · idle=True
[23:59:25] fill OK(clip) follow=True chars=1625
[23:59:25] submit 시작 composer=1625 url=https://www.genspark.ai/agents?id=7c4cb744-0237-4ad0-8284-dcb9b1824c29
[23:59:25] submit geo 실패 hit=no-btn
[23:59:25] submit 시도 method=geo geo=False
[23:59:26] submit 미확인 method=geo generating=False composer=1625
[23:59:26] submit geo 실패 hit=no-btn
[23:59:26] submit 시도 method=send send=False
[23:59:26] submit 미확인 method=send generating=False composer=1625
[23:59:27] submit 시도 method=ctrl
[23:59:27] submit 미확인 method=ctrl generating=False composer=1627
[23:59:28] submit 시도 method=enter
[23:59:28] submit 확인 method=enter generating=False composer=0
[23:59:28] ⏱ 입력·전송 SRT_340 3.5s · chars=1625
[23:59:28] 제출 후 last_saved=https://www.genspark.ai/api/files/s/rbjncjeg
[23:59:28] ⏱ 생성대기 시작 SRT_340 max=120s
[23:59:42] ⏱ 생성대기 완료 14.1s SRT_340 https://www.genspark.ai/api/files/s/fygjyuqe
[23:59:42] ⏱ 생성대기구간 SRT_340 14.1s · ok=True
[23:59:42] SRT_340 근접 이미지 https://www.genspark.ai/api/files/s/fygjyuqe
[23:59:42] 다운로드 files URL=https://www.genspark.ai/api/files/s/fygjyuqe → SRT_340.png
[23:59:43] ⏱ 다운로드 직접 0.7s size=577341 SRT_340.png
[23:59:43] ⏱ 다운로드구간 SRT_340 0.7s · SRT_340.png
[23:59:44] ⏱ 다운로드후유휴 SRT_340 1.0s · idle=True
[23:59:44] ⏱ 씬합계 SRT_340 20.7s · https://www.genspark.ai/api/files/s/fygjyuqe
[23:59:44] SRT_340 생성·다운로드 완료
C:\cursor\wuxia\무협극장\검신귀환록\2부\18장\png\SRT_340.png
[23:59:44] 상태키 SRT_360 · Baek|base; Jin≈19|blood_robe
[23:59:44] run_scene 시작 SRT_360 · seen_files=18 · last_saved=https://www.genspark.ai/api/files/s/fygjyuqe
[23:59:44] ⏱ 준비 SRT_360 0.0s · chars=2481
[23:59:45] ⏱ 다음명령유휴 SRT_360 1.0s · idle=True
[23:59:46] fill OK(clip) follow=True chars=2481
[23:59:46] submit 시작 composer=2481 url=https://www.genspark.ai/agents?id=7c4cb744-0237-4ad0-8284-dcb9b1824c29
[23:59:46] submit geo 실패 hit=no-btn
[23:59:46] submit 시도 method=geo geo=False
[23:59:47] submit 미확인 method=geo generating=False composer=2481
[23:59:47] submit geo 실패 hit=no-btn
[23:59:47] submit 시도 method=send send=False
[23:59:47] submit 미확인 method=send generating=False composer=2481
[23:59:48] submit 시도 method=ctrl
[23:59:48] submit 미확인 method=ctrl generating=False composer=2483
[23:59:48] submit 시도 method=enter
[23:59:49] submit 확인 method=enter generating=False composer=0
[23:59:49] ⏱ 입력·전송 SRT_360 3.5s · chars=2481
[23:59:49] 제출 후 last_saved=https://www.genspark.ai/api/files/s/fygjyuqe
[23:59:49] ⏱ 생성대기 시작 SRT_360 max=120s
[00:00:04] ⏱ 생성대기 진행 15.0s SRT_360 busy=False url_ok=False src=
[00:00:11] ⏱ 생성대기 완료 21.9s SRT_360 https://www.genspark.ai/api/files/s/dcg0thd7
[00:00:11] ⏱ 생성대기구간 SRT_360 21.9s · ok=True
[00:00:11] SRT_360 근접 이미지 https://www.genspark.ai/api/files/s/dcg0thd7
[00:00:11] 다운로드 files URL=https://www.genspark.ai/api/files/s/dcg0thd7 → SRT_360.png
[00:00:12] ⏱ 다운로드 직접 0.7s size=609200 SRT_360.png
[00:00:12] ⏱ 다운로드구간 SRT_360 0.7s · SRT_360.png
[00:00:14] ⏱ 다운로드후유휴 SRT_360 2.6s · idle=True
[00:00:14] ⏱ 씬합계 SRT_360 29.9s · https://www.genspark.ai/api/files/s/dcg0thd7
[00:00:14] SRT_360 생성·다운로드 완료
C:\cursor\wuxia\무협극장\검신귀환록\2부\18장\png\SRT_360.png
[00:00:14] 상태키 SRT_380 · Baek|base; Jin≈19|blood_robe
[00:00:14] run_scene 시작 SRT_380 · seen_files=19 · last_saved=https://www.genspark.ai/api/files/s/dcg0thd7
[00:00:14] ⏱ 준비 SRT_380 0.0s · chars=2498
[00:00:16] ⏱ 다음명령유휴 SRT_380 1.0s · idle=True
[00:00:16] fill OK(clip) follow=True chars=2498
[00:00:16] submit 시작 composer=2498 url=https://www.genspark.ai/agents?id=7c4cb744-0237-4ad0-8284-dcb9b1824c29
[00:00:16] submit geo 실패 hit=no-btn
[00:00:16] submit 시도 method=geo geo=False
[00:00:17] submit 미확인 method=geo generating=False composer=2498
[00:00:17] submit geo 실패 hit=no-btn
[00:00:17] submit 시도 method=send send=False
[00:00:17] submit 미확인 method=send generating=False composer=2498
[00:00:18] submit 시도 method=ctrl
[00:00:18] submit 미확인 method=ctrl generating=False composer=2500
[00:00:18] submit 시도 method=enter
[00:00:19] submit 확인 method=enter generating=False composer=0
[00:00:19] ⏱ 입력·전송 SRT_380 3.5s · chars=2498
[00:00:19] 제출 후 last_saved=https://www.genspark.ai/api/files/s/dcg0thd7
[00:00:19] ⏱ 생성대기 시작 SRT_380 max=120s
[00:00:34] ⏱ 생성대기 진행 15.2s SRT_380 busy=False url_ok=False src=
[00:00:34] ⏱ 생성대기 한도감지 15.2s SRT_380 · AI Image 한도 - 재설정 2026-08-28 01:13 · AI Image 5시간 제한에 도달했습니다. 8월 28일 오전 1:13에 재설정됩니다 --- 5시간 제한 --- r style, or robe colors arbitrarily. No text, speech bubb
[00:00:34] run_scene 실패(재시도 없음): AI Image 한도 - 재설정 2026-08-28 01:13
[00:00:34] SRT_380 실패(한도 확정 streak=1) — 브라우저 종료 후 대기·재오픈
AI Image 한도 - 재설정 2026-08-28 01:13
[00:00:37] 한도 대기 전 ChromeDebug 종료
[00:00:37] 한도 대기 72분(until_reset) 시작 — SRT_380 한도 · 재설정 08/28 01:13
[08:40:39] 탭로그 ON — 실행·생성 · 씬 75개 · reopen=True · 한도대기ON
[08:40:43] ChromeDebug 재시작 slot=0 port=9242 user_data=C:\ChromeDebug_2_5 reused=0
[08:40:47] 모델 이미 Pro: Nano Banana Pro
[08:40:47] 세션 준비 — login=OK model=Nano Banana Pro auto=True
[08:40:47] ensure_page cur_sc=10 prefer_sc=10 cur=https://www.genspark.ai/ai_image prefer=https://www.genspark.ai/ai_image
[08:40:48] fill OK(clip) follow=True chars=78269
[08:40:49] 입력창 붙여넣기 — 프롬프트 50827자 + SRT 27399자 = 합계 78269자
  prompt=C:/cursor/wuxia/2_5_sceneImage/md/image.wuxiz.txt
  srt=C:\cursor\wuxia\workspace\swardmaster\2부\18장\mp3\new.srt
[08:40:50] ensure_page cur_sc=10 prefer_sc=10 cur=https://www.genspark.ai/ai_image prefer=https://www.genspark.ai/ai_image
[08:40:51] 동일 입력창에 명령 추가(미실행): ===== CHARACTER LOOK (SRT_380) =====
Look keys (state tracking OFF): Jin≈19|base; Namgung|base
Jin Muhan, approximately nineteen years old, East-Asian young swordsman, sharp narrow…
[08:40:52] 상태키 SRT_380 · tracking=OFF; Baek|base; Jin|base
[08:40:52] run_scene 시작 SRT_380 · seen_files=19 · last_saved=https://www.genspark.ai/api/files/s/dcg0thd7
[08:40:52] ensure_page cur_sc=10 prefer_sc=10 cur=https://www.genspark.ai/ai_image prefer=https://www.genspark.ai/ai_image
[08:40:52] 모델 선택 시작 현재=(없음)
[08:40:52] 모델 선택 결과 ok=False 칩=(없음) picked=
[08:40:52] ⏱ 준비 SRT_380 0.3s · chars=5698
[08:40:52] submit 시작 composer=5698 url=https://www.genspark.ai/ai_image
[08:40:52] submit geo 실패 hit=no-btn
[08:40:52] submit 시도 method=geo geo=False
[08:40:53] submit 미확인 method=geo generating=False composer=5698
[08:40:53] submit geo 실패 hit=no-btn
[08:40:53] submit 시도 method=send send=False
[08:40:54] submit 미확인 method=send generating=False composer=5698
[08:40:54] submit 시도 method=ctrl
[08:40:55] submit 미확인 method=ctrl generating=False composer=5700
[08:40:56] submit 시도 method=enter
[08:40:57] submit 확인 method=enter generating=False composer=0
[08:40:57] ⏱ 입력창전송 SRT_380 5.1s
[08:40:57] 제출 후 last_saved=https://www.genspark.ai/api/files/s/dcg0thd7
[08:40:57] ⏱ 생성대기 시작 SRT_380 max=120s
[08:41:12] ⏱ 생성대기 완료 14.3s SRT_380 https://www.genspark.ai/api/files/s/l8szfmi8
[08:41:12] ⏱ 생성대기구간 SRT_380 14.3s · ok=True
[08:41:12] SRT_380 근접 이미지 https://www.genspark.ai/api/files/s/l8szfmi8
[08:41:12] 다운로드 files URL=https://www.genspark.ai/api/files/s/l8szfmi8 → SRT_380.png
[08:41:12] ⏱ 다운로드 직접 0.7s size=706516 SRT_380.png
[08:41:12] ⏱ 다운로드구간 SRT_380 0.7s · SRT_380.png
[08:41:14] ⏱ 다운로드후유휴 SRT_380 1.7s · idle=True
[08:41:14] ⏱ 씬합계 SRT_380 22.5s · https://www.genspark.ai/api/files/s/l8szfmi8
[08:41:14] SRT_380 생성·다운로드 완료
C:\cursor\wuxia\workspace\swardmaster\2부\18장\png\SRT_380.png
[08:41:14] 상태키 SRT_400 · tracking=OFF; Baek|base; Jin|base
[08:41:14] run_scene 시작 SRT_400 · seen_files=20 · last_saved=https://www.genspark.ai/api/files/s/l8szfmi8
[08:41:14] ⏱ 준비 SRT_400 0.0s · chars=6296
[08:41:16] ⏱ 다음명령유휴 SRT_400 1.7s · idle=True
[08:41:17] fill OK(clip) follow=True chars=6296
[08:41:17] submit 시작 composer=6296 url=https://www.genspark.ai/agents?id=34b53bbd-54ca-4f6e-ad6e-a90bfcdbc227
[08:41:17] submit geo 실패 hit=no-btn
[08:41:17] submit 시도 method=geo geo=False
[08:41:18] submit 미확인 method=geo generating=False composer=6296
[08:41:18] submit geo 실패 hit=no-btn
[08:41:18] submit 시도 method=send send=False
[08:41:19] submit 미확인 method=send generating=False composer=6296
[08:41:19] submit 시도 method=ctrl
[08:41:19] submit 미확인 method=ctrl generating=False composer=6298
[08:41:20] submit 시도 method=enter
[08:41:20] submit 확인 method=enter generating=False composer=0
[08:41:20] ⏱ 입력·전송 SRT_400 4.5s · chars=6296
[08:41:20] 제출 후 last_saved=https://www.genspark.ai/api/files/s/l8szfmi8
[08:41:21] ⏱ 생성대기 시작 SRT_400 max=120s
[08:41:32] ⏱ 생성대기 완료 11.6s SRT_400 https://www.genspark.ai/api/files/s/3fuur6kk
[08:41:32] ⏱ 생성대기구간 SRT_400 11.6s · ok=True
[08:41:32] SRT_400 근접 이미지 https://www.genspark.ai/api/files/s/3fuur6kk
[08:41:32] 다운로드 files URL=https://www.genspark.ai/api/files/s/3fuur6kk → SRT_400.png
[08:41:33] ⏱ 다운로드 직접 0.7s size=727751 SRT_400.png
[08:41:33] ⏱ 다운로드구간 SRT_400 0.7s · SRT_400.png
[08:41:34] ⏱ 다운로드후유휴 SRT_400 1.5s · idle=True
[08:41:34] ⏱ 씬합계 SRT_400 20.3s · https://www.genspark.ai/api/files/s/3fuur6kk
[08:41:34] SRT_400 생성·다운로드 완료
C:\cursor\wuxia\workspace\swardmaster\2부\18장\png\SRT_400.png
[08:41:35] 상태키 SRT_420 · tracking=OFF; Baek|base; Jin|base
[08:41:35] run_scene 시작 SRT_420 · seen_files=21 · last_saved=https://www.genspark.ai/api/files/s/3fuur6kk
[08:41:35] ⏱ 준비 SRT_420 0.0s · chars=6751
[08:41:36] ⏱ 다음명령유휴 SRT_420 1.4s · idle=True
[08:41:37] fill OK(clip) follow=True chars=6751
[08:41:37] submit 시작 composer=6751 url=https://www.genspark.ai/agents?id=34b53bbd-54ca-4f6e-ad6e-a90bfcdbc227
[08:41:37] submit geo 실패 hit=no-btn
[08:41:37] submit 시도 method=geo geo=False
[08:41:38] submit 미확인 method=geo generating=False composer=6751
[08:41:38] submit geo 실패 hit=no-btn
[08:41:38] submit 시도 method=send send=False
[08:41:38] submit 미확인 method=send generating=False composer=6751
[08:41:39] submit 시도 method=ctrl
[08:41:39] submit 미확인 method=ctrl generating=False composer=6753
[08:41:40] submit 시도 method=enter
[08:41:40] submit 확인 method=enter generating=False composer=0
[08:41:40] ⏱ 입력·전송 SRT_420 4.1s · chars=6751
[08:41:40] 제출 후 last_saved=https://www.genspark.ai/api/files/s/3fuur6kk
[08:41:40] ⏱ 생성대기 시작 SRT_420 max=120s
[08:41:52] ⏱ 생성대기 완료 11.3s SRT_420 https://www.genspark.ai/api/files/s/kd0lcdhq
[08:41:52] ⏱ 생성대기구간 SRT_420 11.3s · ok=True
[08:41:52] SRT_420 근접 이미지 https://www.genspark.ai/api/files/s/kd0lcdhq
[08:41:52] 다운로드 files URL=https://www.genspark.ai/api/files/s/kd0lcdhq → SRT_420.png
[08:41:52] ⏱ 다운로드 직접 0.7s size=830642 SRT_420.png
[08:41:52] ⏱ 다운로드구간 SRT_420 0.7s · SRT_420.png
[08:41:54] ⏱ 다운로드후유휴 SRT_420 1.4s · idle=True
[08:41:54] ⏱ 씬합계 SRT_420 19.3s · https://www.genspark.ai/api/files/s/kd0lcdhq
[08:41:54] SRT_420 생성·다운로드 완료
C:\cursor\wuxia\workspace\swardmaster\2부\18장\png\SRT_420.png
[08:41:54] 상태키 SRT_440 · tracking=OFF; Baek|base; Jin|base
[08:41:54] run_scene 시작 SRT_440 · seen_files=22 · last_saved=https://www.genspark.ai/api/files/s/kd0lcdhq
[08:41:54] ⏱ 준비 SRT_440 0.0s · chars=5460
[08:41:55] ⏱ 다음명령유휴 SRT_440 1.4s · idle=True
[08:41:56] fill OK(clip) follow=True chars=5460
[08:41:56] submit 시작 composer=5460 url=https://www.genspark.ai/agents?id=34b53bbd-54ca-4f6e-ad6e-a90bfcdbc227
[08:41:56] submit geo 실패 hit=no-btn
[08:41:56] submit 시도 method=geo geo=False
[08:41:57] submit 미확인 method=geo generating=False composer=5460
[08:41:57] submit geo 실패 hit=no-btn
[08:41:57] submit 시도 method=send send=False
[08:41:58] submit 미확인 method=send generating=False composer=5460
[08:41:58] submit 시도 method=ctrl
[08:41:59] submit 미확인 method=ctrl generating=False composer=5462
[08:41:59] submit 시도 method=enter
[08:41:59] submit 확인 method=enter generating=False composer=0
[08:41:59] ⏱ 입력·전송 SRT_440 4.0s · chars=5460
[08:41:59] 제출 후 last_saved=https://www.genspark.ai/api/files/s/kd0lcdhq
[08:42:00] ⏱ 생성대기 시작 SRT_440 max=120s
[08:42:15] ⏱ 생성대기 진행 15.0s SRT_440 busy=False url_ok=True src=https://www.genspark.ai/api/files/s/vtz549d8
[08:42:15] ⏱ 생성대기 완료 15.3s SRT_440 https://www.genspark.ai/api/files/s/vtz549d8
[08:42:15] ⏱ 생성대기구간 SRT_440 15.3s · ok=True
[08:42:15] SRT_440 근접 이미지 https://www.genspark.ai/api/files/s/vtz549d8
[08:42:15] 다운로드 files URL=https://www.genspark.ai/api/files/s/vtz549d8 → SRT_440.png
[08:42:16] ⏱ 다운로드 직접 0.7s size=644951 SRT_440.png
[08:42:16] ⏱ 다운로드구간 SRT_440 0.7s · SRT_440.png
[08:42:17] ⏱ 다운로드후유휴 SRT_440 1.4s · idle=True
[08:42:17] ⏱ 씬합계 SRT_440 23.1s · https://www.genspark.ai/api/files/s/vtz549d8
[08:42:17] SRT_440 생성·다운로드 완료
C:\cursor\wuxia\workspace\swardmaster\2부\18장\png\SRT_440.png
[08:42:17] 상태키 SRT_460 · tracking=OFF; Baek|base; Jin|base
[08:42:17] run_scene 시작 SRT_460 · seen_files=23 · last_saved=https://www.genspark.ai/api/files/s/vtz549d8
[08:42:17] ⏱ 준비 SRT_460 0.0s · chars=4126
[08:42:19] ⏱ 다음명령유휴 SRT_460 1.4s · idle=True
[08:42:19] fill OK(clip) follow=True chars=4126
[08:42:19] submit 시작 composer=4126 url=https://www.genspark.ai/agents?id=34b53bbd-54ca-4f6e-ad6e-a90bfcdbc227
[08:42:19] submit geo 실패 hit=no-btn
[08:42:19] submit 시도 method=geo geo=False
[08:42:20] submit 미확인 method=geo generating=False composer=4126
[08:42:20] submit geo 실패 hit=no-btn
[08:42:20] submit 시도 method=send send=False
[08:42:21] submit 미확인 method=send generating=False composer=4126
[08:42:21] submit 시도 method=ctrl
[08:42:22] submit 미확인 method=ctrl generating=False composer=4128
[08:42:22] submit 시도 method=enter
[08:42:23] submit 확인 method=enter generating=False composer=0
[08:42:23] ⏱ 입력·전송 SRT_460 4.0s · chars=4126
[08:42:23] 제출 후 last_saved=https://www.genspark.ai/api/files/s/vtz549d8
[08:42:23] ⏱ 생성대기 시작 SRT_460 max=120s
[08:42:33] ⏱ 생성대기 완료 10.5s SRT_460 https://www.genspark.ai/api/files/s/dcxv07ia
[08:42:33] ⏱ 생성대기구간 SRT_460 10.5s · ok=True
[08:42:33] SRT_460 근접 이미지 https://www.genspark.ai/api/files/s/dcxv07ia
[08:42:33] 다운로드 files URL=https://www.genspark.ai/api/files/s/dcxv07ia → SRT_460.png
[08:42:34] ⏱ 다운로드 직접 0.8s size=841788 SRT_460.png
[08:42:34] ⏱ 다운로드구간 SRT_460 0.8s · SRT_460.png
[08:42:36] ⏱ 다운로드후유휴 SRT_460 1.5s · idle=True
[08:42:36] ⏱ 씬합계 SRT_460 18.3s · https://www.genspark.ai/api/files/s/dcxv07ia
[08:42:36] SRT_460 생성·다운로드 완료
C:\cursor\wuxia\workspace\swardmaster\2부\18장\png\SRT_460.png
[08:42:36] 상태키 SRT_480 · tracking=OFF; Baek|base; Jin|base
[08:42:36] run_scene 시작 SRT_480 · seen_files=24 · last_saved=https://www.genspark.ai/api/files/s/dcxv07ia
[08:42:36] ⏱ 준비 SRT_480 0.0s · chars=5432
[08:42:37] ⏱ 다음명령유휴 SRT_480 1.3s · idle=True
[08:42:38] fill OK(clip) follow=True chars=5432
[08:42:38] submit 시작 composer=5432 url=https://www.genspark.ai/agents?id=34b53bbd-54ca-4f6e-ad6e-a90bfcdbc227
[08:42:38] submit geo 실패 hit=no-btn
[08:42:38] submit 시도 method=geo geo=False
[08:42:38] submit 미확인 method=geo generating=False composer=5432
[08:42:39] submit geo 실패 hit=no-btn
[08:42:39] submit 시도 method=send send=False
[08:42:39] submit 미확인 method=send generating=False composer=5432
[08:42:40] submit 시도 method=ctrl
[08:42:40] submit 미확인 method=ctrl generating=False composer=5434
[08:42:40] submit 시도 method=enter
[08:42:41] submit 확인 method=enter generating=False composer=0
[08:42:41] ⏱ 입력·전송 SRT_480 3.9s · chars=5432
[08:42:41] 제출 후 last_saved=https://www.genspark.ai/api/files/s/dcxv07ia
[08:42:41] ⏱ 생성대기 시작 SRT_480 max=120s
[08:42:55] ⏱ 생성대기 완료 13.4s SRT_480 https://www.genspark.ai/api/files/s/vbqn4pxi
[08:42:55] ⏱ 생성대기구간 SRT_480 13.4s · ok=True
[08:42:55] SRT_480 근접 이미지 https://www.genspark.ai/api/files/s/vbqn4pxi
[08:42:55] 다운로드 files URL=https://www.genspark.ai/api/files/s/vbqn4pxi → SRT_480.png
[08:42:55] ⏱ 다운로드 직접 0.7s size=876388 SRT_480.png
[08:42:55] ⏱ 다운로드구간 SRT_480 0.7s · SRT_480.png
[08:42:57] ⏱ 다운로드후유휴 SRT_480 1.4s · idle=True
[08:42:57] ⏱ 씬합계 SRT_480 21.0s · https://www.genspark.ai/api/files/s/vbqn4pxi
[08:42:57] SRT_480 생성·다운로드 완료
C:\cursor\wuxia\workspace\swardmaster\2부\18장\png\SRT_480.png
[08:42:57] 상태키 SRT_500 · tracking=OFF; Baek|base; Jin|base
[08:42:57] run_scene 시작 SRT_500 · seen_files=25 · last_saved=https://www.genspark.ai/api/files/s/vbqn4pxi
[08:42:57] ⏱ 준비 SRT_500 0.0s · chars=3994
[08:42:59] ⏱ 다음명령유휴 SRT_500 1.8s · idle=True
[08:42:59] fill OK(clip) follow=True chars=3994
[08:42:59] submit 시작 composer=3994 url=https://www.genspark.ai/agents?id=34b53bbd-54ca-4f6e-ad6e-a90bfcdbc227
[08:43:00] submit geo 실패 hit=no-btn
[08:43:00] submit 시도 method=geo geo=False
[08:43:00] submit 미확인 method=geo generating=False composer=3994
[08:43:00] submit geo 실패 hit=no-btn
[08:43:00] submit 시도 method=send send=False
[08:43:01] submit 미확인 method=send generating=False composer=3994
[08:43:01] submit 시도 method=ctrl
[08:43:02] submit 미확인 method=ctrl generating=False composer=3996
[08:43:02] submit 시도 method=enter
[08:43:03] submit 확인 method=enter generating=False composer=0
[08:43:03] ⏱ 입력·전송 SRT_500 4.0s · chars=3994
[08:43:03] 제출 후 last_saved=https://www.genspark.ai/api/files/s/vbqn4pxi
[08:43:03] ⏱ 생성대기 시작 SRT_500 max=120s
[08:43:15] ⏱ 생성대기 완료 11.9s SRT_500 https://www.genspark.ai/api/files/s/zissaagq
[08:43:15] ⏱ 생성대기구간 SRT_500 11.9s · ok=True
[08:43:15] SRT_500 근접 이미지 https://www.genspark.ai/api/files/s/zissaagq
[08:43:15] 다운로드 files URL=https://www.genspark.ai/api/files/s/zissaagq → SRT_500.png
[08:43:16] ⏱ 다운로드 직접 0.9s size=797534 SRT_500.png
[08:43:16] ⏱ 다운로드구간 SRT_500 0.9s · SRT_500.png
[08:43:17] ⏱ 다운로드후유휴 SRT_500 1.4s · idle=True
[08:43:17] ⏱ 씬합계 SRT_500 20.3s · https://www.genspark.ai/api/files/s/zissaagq
[08:43:17] SRT_500 생성·다운로드 완료
C:\cursor\wuxia\workspace\swardmaster\2부\18장\png\SRT_500.png
[08:43:17] 상태키 SRT_520 · tracking=OFF; Baek|base; Jin|base
[08:43:17] run_scene 시작 SRT_520 · seen_files=26 · last_saved=https://www.genspark.ai/api/files/s/zissaagq
[08:43:17] ⏱ 준비 SRT_520 0.0s · chars=5570
[08:43:19] ⏱ 다음명령유휴 SRT_520 1.3s · idle=True
[08:43:19] fill OK(clip) follow=True chars=5570
[08:43:19] submit 시작 composer=5570 url=https://www.genspark.ai/agents?id=34b53bbd-54ca-4f6e-ad6e-a90bfcdbc227
[08:43:19] submit geo 실패 hit=no-btn
[08:43:19] submit 시도 method=geo geo=False
[08:43:20] submit 미확인 method=geo generating=False composer=5570
[08:43:20] submit geo 실패 hit=no-btn
[08:43:20] submit 시도 method=send send=False
[08:43:21] submit 미확인 method=send generating=False composer=5570
[08:43:21] submit 시도 method=ctrl
[08:43:22] submit 미확인 method=ctrl generating=False composer=5572
[08:43:22] submit 시도 method=enter
[08:43:23] submit 확인 method=enter generating=False composer=0
[08:43:23] ⏱ 입력·전송 SRT_520 4.0s · chars=5570
[08:43:23] 제출 후 last_saved=https://www.genspark.ai/api/files/s/zissaagq
[08:43:23] ⏱ 생성대기 시작 SRT_520 max=120s
[08:43:34] ⏱ 생성대기 완료 11.5s SRT_520 https://www.genspark.ai/api/files/s/o8fdlins
[08:43:34] ⏱ 생성대기구간 SRT_520 11.5s · ok=True
[08:43:34] SRT_520 근접 이미지 https://www.genspark.ai/api/files/s/o8fdlins
[08:43:34] 다운로드 files URL=https://www.genspark.ai/api/files/s/o8fdlins → SRT_520.png
[08:43:35] ⏱ 다운로드 직접 0.7s size=737648 SRT_520.png
[08:43:35] ⏱ 다운로드구간 SRT_520 0.7s · SRT_520.png
[08:43:37] ⏱ 다운로드후유휴 SRT_520 1.4s · idle=True
[08:43:37] ⏱ 씬합계 SRT_520 19.1s · https://www.genspark.ai/api/files/s/o8fdlins
[08:43:37] SRT_520 생성·다운로드 완료
C:\cursor\wuxia\workspace\swardmaster\2부\18장\png\SRT_520.png
[08:43:37] 상태키 SRT_540 · tracking=OFF; Baek|base; Jin|base
[08:43:37] run_scene 시작 SRT_540 · seen_files=27 · last_saved=https://www.genspark.ai/api/files/s/o8fdlins
[08:43:37] ⏱ 준비 SRT_540 0.0s · chars=6451
[08:43:38] ⏱ 다음명령유휴 SRT_540 1.3s · idle=True
[08:43:39] fill OK(clip) follow=True chars=6451
[08:43:39] submit 시작 composer=6451 url=https://www.genspark.ai/agents?id=34b53bbd-54ca-4f6e-ad6e-a90bfcdbc227
[08:43:39] submit geo 실패 hit=no-btn
[08:43:39] submit 시도 method=geo geo=False
[08:43:39] submit 미확인 method=geo generating=False composer=6451
[08:43:40] submit geo 실패 hit=no-btn
[08:43:40] submit 시도 method=send send=False
[08:43:40] submit 미확인 method=send generating=False composer=6451
[08:43:41] submit 시도 method=ctrl
[08:43:41] submit 미확인 method=ctrl generating=False composer=6453
[08:43:41] submit 시도 method=enter
[08:43:42] submit 확인 method=enter generating=False composer=0
[08:43:42] ⏱ 입력·전송 SRT_540 4.0s · chars=6451
[08:43:42] 제출 후 last_saved=https://www.genspark.ai/api/files/s/o8fdlins
[08:43:42] ⏱ 생성대기 시작 SRT_540 max=120s
[08:43:58] ⏱ 생성대기 진행 15.3s SRT_540 busy=True url_ok=False src=
[08:44:03] ⏱ 생성대기 완료(busy무시) 21.0s SRT_540 https://www.genspark.ai/api/files/s/gwl299et
[08:44:03] ⏱ 생성대기구간 SRT_540 21.0s · ok=True
[08:44:03] SRT_540 근접 이미지 https://www.genspark.ai/api/files/s/gwl299et
[08:44:03] 다운로드 files URL=https://www.genspark.ai/api/files/s/gwl299et → SRT_540.png
[08:44:04] ⏱ 다운로드 직접 0.8s size=608037 SRT_540.png
[08:44:04] ⏱ 다운로드구간 SRT_540 0.8s · SRT_540.png
[08:44:06] ⏱ 다운로드후유휴 SRT_540 1.9s · idle=True
[08:44:06] ⏱ 씬합계 SRT_540 29.2s · https://www.genspark.ai/api/files/s/gwl299et
[08:44:06] SRT_540 생성·다운로드 완료
C:\cursor\wuxia\workspace\swardmaster\2부\18장\png\SRT_540.png
[08:44:06] 상태키 SRT_560 · tracking=OFF; Baek|base; Jin|base
[08:44:06] run_scene 시작 SRT_560 · seen_files=28 · last_saved=https://www.genspark.ai/api/files/s/gwl299et
[08:44:06] ⏱ 준비 SRT_560 0.0s · chars=5547
[08:44:07] ⏱ 다음명령유휴 SRT_560 1.3s · idle=True
[08:44:08] fill OK(clip) follow=True chars=5547
[08:44:08] submit 시작 composer=5547 url=https://www.genspark.ai/agents?id=34b53bbd-54ca-4f6e-ad6e-a90bfcdbc227
[08:44:08] submit geo 실패 hit=no-btn
[08:44:08] submit 시도 method=geo geo=False
[08:44:09] submit 미확인 method=geo generating=False composer=5547
[08:44:09] submit geo 실패 hit=no-btn
[08:44:09] submit 시도 method=send send=False
[08:44:10] submit 미확인 method=send generating=False composer=5547
[08:44:10] submit 시도 method=ctrl
[08:44:11] submit 미확인 method=ctrl generating=False composer=5549
[08:44:11] submit 시도 method=enter
[08:44:11] submit 확인 method=enter generating=False composer=0
[08:44:11] ⏱ 입력·전송 SRT_560 4.0s · chars=5547
[08:44:11] 제출 후 last_saved=https://www.genspark.ai/api/files/s/gwl299et
[08:44:12] ⏱ 생성대기 시작 SRT_560 max=120s
[08:44:24] ⏱ 생성대기 완료 11.9s SRT_560 https://www.genspark.ai/api/files/s/i9ts5xnt
[08:44:24] ⏱ 생성대기구간 SRT_560 11.9s · ok=True
[08:44:24] SRT_560 근접 이미지 https://www.genspark.ai/api/files/s/i9ts5xnt
[08:44:24] 다운로드 files URL=https://www.genspark.ai/api/files/s/i9ts5xnt → SRT_560.png
[08:44:24] ⏱ 다운로드 직접 0.8s size=670187 SRT_560.png
[08:44:24] ⏱ 다운로드구간 SRT_560 0.8s · SRT_560.png
[08:44:26] ⏱ 다운로드후유휴 SRT_560 1.3s · idle=True
[08:44:26] ⏱ 씬합계 SRT_560 19.6s · https://www.genspark.ai/api/files/s/i9ts5xnt
[08:44:26] SRT_560 생성·다운로드 완료
C:\cursor\wuxia\workspace\swardmaster\2부\18장\png\SRT_560.png
[08:44:26] 상태키 SRT_580 · tracking=OFF; Baek|base; Jin|base
[08:44:26] run_scene 시작 SRT_580 · seen_files=29 · last_saved=https://www.genspark.ai/api/files/s/i9ts5xnt
[08:44:26] ⏱ 준비 SRT_580 0.0s · chars=4360
[08:44:27] ⏱ 다음명령유휴 SRT_580 1.3s · idle=True
[08:44:28] fill OK(clip) follow=True chars=4360
[08:44:28] submit 시작 composer=4360 url=https://www.genspark.ai/agents?id=34b53bbd-54ca-4f6e-ad6e-a90bfcdbc227
[08:44:28] submit geo 실패 hit=no-btn
[08:44:28] submit 시도 method=geo geo=False
[08:44:29] submit 미확인 method=geo generating=False composer=4360
[08:44:29] submit geo 실패 hit=no-btn
[08:44:29] submit 시도 method=send send=False
[08:44:29] submit 미확인 method=send generating=False composer=4360
[08:44:30] submit 시도 method=ctrl
[08:44:30] submit 미확인 method=ctrl generating=False composer=4362
[08:44:31] submit 시도 method=enter
[08:44:31] submit 확인 method=enter generating=False composer=0
[08:44:31] ⏱ 입력·전송 SRT_580 4.0s · chars=4360
[08:44:31] 제출 후 last_saved=https://www.genspark.ai/api/files/s/i9ts5xnt
[08:44:31] ⏱ 생성대기 시작 SRT_580 max=120s
[08:44:44] ⏱ 생성대기 완료 13.0s SRT_580 https://www.genspark.ai/api/files/s/tuc030aq
[08:44:44] ⏱ 생성대기구간 SRT_580 13.0s · ok=True
[08:44:44] SRT_580 근접 이미지 https://www.genspark.ai/api/files/s/tuc030aq
[08:44:44] 다운로드 files URL=https://www.genspark.ai/api/files/s/tuc030aq → SRT_580.png
[08:44:45] ⏱ 다운로드 직접 0.7s size=604788 SRT_580.png
[08:44:45] ⏱ 다운로드구간 SRT_580 0.7s · SRT_580.png
[08:44:47] ⏱ 다운로드후유휴 SRT_580 1.5s · idle=True
[08:44:47] ⏱ 씬합계 SRT_580 20.8s · https://www.genspark.ai/api/files/s/tuc030aq
[08:44:47] SRT_580 생성·다운로드 완료
C:\cursor\wuxia\workspace\swardmaster\2부\18장\png\SRT_580.png
[08:44:47] 상태키 SRT_600 · tracking=OFF; Baek|base; Jin|base
[08:44:47] run_scene 시작 SRT_600 · seen_files=30 · last_saved=https://www.genspark.ai/api/files/s/tuc030aq
[08:44:47] ⏱ 준비 SRT_600 0.0s · chars=5564
[08:44:48] ⏱ 다음명령유휴 SRT_600 1.3s · idle=True
[08:44:49] fill OK(clip) follow=True chars=5564
[08:44:49] submit 시작 composer=5564 url=https://www.genspark.ai/agents?id=34b53bbd-54ca-4f6e-ad6e-a90bfcdbc227
[08:44:49] submit geo 실패 hit=no-btn
[08:44:49] submit 시도 method=geo geo=False
[08:44:50] submit 미확인 method=geo generating=False composer=5564
[08:44:50] submit geo 실패 hit=no-btn
[08:44:50] submit 시도 method=send send=False
[08:44:50] submit 미확인 method=send generating=False composer=5564
[08:44:51] submit 시도 method=ctrl
[08:44:51] submit 미확인 method=ctrl generating=False composer=5566
[08:44:52] submit 시도 method=enter
[08:44:52] submit 확인 method=enter generating=False composer=0
[08:44:52] ⏱ 입력·전송 SRT_600 4.0s · chars=5564
[08:44:52] 제출 후 last_saved=https://www.genspark.ai/api/files/s/tuc030aq
[08:44:52] ⏱ 생성대기 시작 SRT_600 max=120s
[08:45:05] ⏱ 생성대기 완료 12.5s SRT_600 https://www.genspark.ai/api/files/s/snrjlxkp
[08:45:05] ⏱ 생성대기구간 SRT_600 12.5s · ok=True
[08:45:05] SRT_600 근접 이미지 https://www.genspark.ai/api/files/s/snrjlxkp
[08:45:05] 다운로드 files URL=https://www.genspark.ai/api/files/s/snrjlxkp → SRT_600.png
[08:45:06] ⏱ 다운로드 직접 0.8s size=674681 SRT_600.png
[08:45:06] ⏱ 다운로드구간 SRT_600 0.8s · SRT_600.png
[08:45:07] ⏱ 다운로드후유휴 SRT_600 1.4s · idle=True
[08:45:07] ⏱ 씬합계 SRT_600 20.2s · https://www.genspark.ai/api/files/s/snrjlxkp
[08:45:07] SRT_600 생성·다운로드 완료
C:\cursor\wuxia\workspace\swardmaster\2부\18장\png\SRT_600.png
[08:45:07] 상태키 SRT_620 · tracking=OFF; Baek|base; Jin|base
[08:45:07] run_scene 시작 SRT_620 · seen_files=31 · last_saved=https://www.genspark.ai/api/files/s/snrjlxkp
[08:45:07] ⏱ 준비 SRT_620 0.0s · chars=5598
[08:45:09] ⏱ 다음명령유휴 SRT_620 1.3s · idle=True
[08:45:09] fill OK(clip) follow=True chars=5598
[08:45:09] submit 시작 composer=5598 url=https://www.genspark.ai/agents?id=34b53bbd-54ca-4f6e-ad6e-a90bfcdbc227
[08:45:09] submit geo 실패 hit=no-btn
[08:45:09] submit 시도 method=geo geo=False
[08:45:10] submit 미확인 method=geo generating=False composer=5598
[08:45:10] submit geo 실패 hit=no-btn
[08:45:10] submit 시도 method=send send=False
[08:45:11] submit 미확인 method=send generating=False composer=5598
[08:45:11] submit 시도 method=ctrl
[08:45:12] submit 미확인 method=ctrl generating=False composer=5600
[08:45:12] submit 시도 method=enter
[08:45:13] submit 확인 method=enter generating=False composer=0
[08:45:13] ⏱ 입력·전송 SRT_620 4.0s · chars=5598
[08:45:13] 제출 후 last_saved=https://www.genspark.ai/api/files/s/snrjlxkp
[08:45:13] ⏱ 생성대기 시작 SRT_620 max=120s
[08:45:24] ⏱ 생성대기 완료 11.0s SRT_620 https://www.genspark.ai/api/files/s/asghng7i
[08:45:24] ⏱ 생성대기구간 SRT_620 11.0s · ok=True
[08:45:24] SRT_620 근접 이미지 https://www.genspark.ai/api/files/s/asghng7i
[08:45:24] 다운로드 files URL=https://www.genspark.ai/api/files/s/asghng7i → SRT_620.png
[08:45:25] ⏱ 다운로드 직접 0.6s size=619380 SRT_620.png
[08:45:25] ⏱ 다운로드구간 SRT_620 0.7s · SRT_620.png
[08:45:26] ⏱ 다운로드후유휴 SRT_620 1.3s · idle=True
[08:45:26] ⏱ 씬합계 SRT_620 18.6s · https://www.genspark.ai/api/files/s/asghng7i
[08:45:26] SRT_620 생성·다운로드 완료
C:\cursor\wuxia\workspace\swardmaster\2부\18장\png\SRT_620.png
[08:45:26] 상태키 SRT_640 · tracking=OFF; Baek|base; Jin|base
[08:45:26] run_scene 시작 SRT_640 · seen_files=32 · last_saved=https://www.genspark.ai/api/files/s/asghng7i
[08:45:26] ⏱ 준비 SRT_640 0.0s · chars=6513
[08:45:27] ⏱ 다음명령유휴 SRT_640 1.3s · idle=True
[08:45:28] fill OK(clip) follow=True chars=6513
[08:45:28] submit 시작 composer=6513 url=https://www.genspark.ai/agents?id=34b53bbd-54ca-4f6e-ad6e-a90bfcdbc227
[08:45:28] submit geo 실패 hit=no-btn
[08:45:28] submit 시도 method=geo geo=False
[08:45:29] submit 미확인 method=geo generating=False composer=6513
[08:45:29] submit geo 실패 hit=no-btn
[08:45:29] submit 시도 method=send send=False
[08:45:30] submit 미확인 method=send generating=False composer=6513
[08:45:30] submit 시도 method=ctrl
[08:45:31] submit 미확인 method=ctrl generating=False composer=6515
[08:45:31] submit 시도 method=enter
[08:45:31] submit 확인 method=enter generating=False composer=0
[08:45:31] ⏱ 입력·전송 SRT_640 4.1s · chars=6513
[08:45:31] 제출 후 last_saved=https://www.genspark.ai/api/files/s/asghng7i
[08:45:32] ⏱ 생성대기 시작 SRT_640 max=120s
[08:45:44] ⏱ 생성대기 완료 12.3s SRT_640 https://www.genspark.ai/api/files/s/13qcfl2e
[08:45:44] ⏱ 생성대기구간 SRT_640 12.3s · ok=True
[08:45:44] SRT_640 근접 이미지 https://www.genspark.ai/api/files/s/13qcfl2e
[08:45:44] 다운로드 files URL=https://www.genspark.ai/api/files/s/13qcfl2e → SRT_640.png
[08:45:45] ⏱ 다운로드 직접 0.7s size=670297 SRT_640.png
[08:45:45] ⏱ 다운로드구간 SRT_640 0.7s · SRT_640.png
[08:45:46] ⏱ 다운로드후유휴 SRT_640 1.4s · idle=True
[08:45:46] ⏱ 씬합계 SRT_640 20.0s · https://www.genspark.ai/api/files/s/13qcfl2e
[08:45:46] SRT_640 생성·다운로드 완료
C:\cursor\wuxia\workspace\swardmaster\2부\18장\png\SRT_640.png
[08:45:46] 상태키 SRT_660 · tracking=OFF; Baek|base; Jin|base
[08:45:46] run_scene 시작 SRT_660 · seen_files=33 · last_saved=https://www.genspark.ai/api/files/s/13qcfl2e
[08:45:46] ⏱ 준비 SRT_660 0.0s · chars=4312
[08:45:48] ⏱ 다음명령유휴 SRT_660 1.4s · idle=True
[08:45:48] fill OK(clip) follow=True chars=4312
[08:45:48] submit 시작 composer=4312 url=https://www.genspark.ai/agents?id=34b53bbd-54ca-4f6e-ad6e-a90bfcdbc227
[08:45:48] submit geo 실패 hit=no-btn
[08:45:48] submit 시도 method=geo geo=False
[08:45:49] submit 미확인 method=geo generating=False composer=4312
[08:45:49] submit geo 실패 hit=no-btn
[08:45:49] submit 시도 method=send send=False
[08:45:50] submit 미확인 method=send generating=False composer=4312
[08:45:50] submit 시도 method=ctrl
[08:45:51] submit 미확인 method=ctrl generating=False composer=4314
[08:45:51] submit 시도 method=enter
[08:45:52] submit 확인 method=enter generating=False composer=0
[08:45:52] ⏱ 입력·전송 SRT_660 4.0s · chars=4312
[08:45:52] 제출 후 last_saved=https://www.genspark.ai/api/files/s/13qcfl2e
[08:45:52] ⏱ 생성대기 시작 SRT_660 max=120s
[08:46:04] ⏱ 생성대기 완료 11.7s SRT_660 https://www.genspark.ai/api/files/s/ivqejjyi
[08:46:04] ⏱ 생성대기구간 SRT_660 11.7s · ok=True
[08:46:04] SRT_660 근접 이미지 https://www.genspark.ai/api/files/s/ivqejjyi
[08:46:04] 다운로드 files URL=https://www.genspark.ai/api/files/s/ivqejjyi → SRT_660.png
[08:46:04] ⏱ 다운로드 직접 0.7s size=699442 SRT_660.png
[08:46:04] ⏱ 다운로드구간 SRT_660 0.7s · SRT_660.png
[08:46:06] ⏱ 다운로드후유휴 SRT_660 1.5s · idle=True
[08:46:06] ⏱ 씬합계 SRT_660 19.5s · https://www.genspark.ai/api/files/s/ivqejjyi
[08:46:06] SRT_660 생성·다운로드 완료
C:\cursor\wuxia\workspace\swardmaster\2부\18장\png\SRT_660.png
[08:46:06] 상태키 SRT_680 · tracking=OFF; Baek|base; Jin|base
[08:46:06] run_scene 시작 SRT_680 · seen_files=34 · last_saved=https://www.genspark.ai/api/files/s/ivqejjyi
[08:46:06] ⏱ 준비 SRT_680 0.0s · chars=4308
[08:46:07] ⏱ 다음명령유휴 SRT_680 1.4s · idle=True
[08:46:08] fill OK(clip) follow=True chars=4308
[08:46:08] submit 시작 composer=4308 url=https://www.genspark.ai/agents?id=34b53bbd-54ca-4f6e-ad6e-a90bfcdbc227
[08:46:08] submit geo 실패 hit=no-btn
[08:46:08] submit 시도 method=geo geo=False
[08:46:09] submit 미확인 method=geo generating=False composer=4308
[08:46:09] submit geo 실패 hit=no-btn
[08:46:09] submit 시도 method=send send=False
[08:46:10] submit 미확인 method=send generating=False composer=4308
[08:46:10] submit 시도 method=ctrl
[08:46:11] submit 미확인 method=ctrl generating=False composer=4310
[08:46:11] submit 시도 method=enter
[08:46:11] submit 확인 method=enter generating=False composer=0
[08:46:11] ⏱ 입력·전송 SRT_680 4.0s · chars=4308
[08:46:11] 제출 후 last_saved=https://www.genspark.ai/api/files/s/ivqejjyi
[08:46:12] ⏱ 생성대기 시작 SRT_680 max=120s
[08:46:23] ⏱ 생성대기 완료 11.7s SRT_680 https://www.genspark.ai/api/files/s/mrzxs535
[08:46:23] ⏱ 생성대기구간 SRT_680 11.7s · ok=True
[08:46:23] SRT_680 근접 이미지 https://www.genspark.ai/api/files/s/mrzxs535
[08:46:23] 다운로드 files URL=https://www.genspark.ai/api/files/s/mrzxs535 → SRT_680.png
[08:46:24] ⏱ 다운로드 직접 0.7s size=697256 SRT_680.png
[08:46:24] ⏱ 다운로드구간 SRT_680 0.7s · SRT_680.png
[08:46:25] ⏱ 다운로드후유휴 SRT_680 1.3s · idle=True
[08:46:25] ⏱ 씬합계 SRT_680 19.4s · https://www.genspark.ai/api/files/s/mrzxs535
[08:46:25] SRT_680 생성·다운로드 완료
C:\cursor\wuxia\workspace\swardmaster\2부\18장\png\SRT_680.png
[08:46:26] 상태키 SRT_700 · tracking=OFF; Baek|base; Jin|base
[08:46:26] run_scene 시작 SRT_700 · seen_files=35 · last_saved=https://www.genspark.ai/api/files/s/mrzxs535
[08:46:26] ⏱ 준비 SRT_700 0.0s · chars=4349
[08:46:27] ⏱ 다음명령유휴 SRT_700 1.4s · idle=True
[08:46:28] fill OK(clip) follow=True chars=4349
[08:46:28] submit 시작 composer=4349 url=https://www.genspark.ai/agents?id=34b53bbd-54ca-4f6e-ad6e-a90bfcdbc227
[08:46:28] submit geo 실패 hit=no-btn
[08:46:28] submit 시도 method=geo geo=False
[08:46:28] submit 미확인 method=geo generating=False composer=4349
[08:46:29] submit geo 실패 hit=no-btn
[08:46:29] submit 시도 method=send send=False
[08:46:29] submit 미확인 method=send generating=False composer=4349
[08:46:30] submit 시도 method=ctrl
[08:46:30] submit 미확인 method=ctrl generating=False composer=4351
[08:46:30] submit 시도 method=enter
[08:46:31] submit 확인 method=enter generating=False composer=0
[08:46:31] ⏱ 입력·전송 SRT_700 4.0s · chars=4349
[08:46:31] 제출 후 last_saved=https://www.genspark.ai/api/files/s/mrzxs535
[08:46:31] ⏱ 생성대기 시작 SRT_700 max=120s
[08:46:44] ⏱ 생성대기 완료 12.7s SRT_700 https://www.genspark.ai/api/files/s/gnwglquz
[08:46:44] ⏱ 생성대기구간 SRT_700 12.7s · ok=True
[08:46:44] SRT_700 근접 이미지 https://www.genspark.ai/api/files/s/gnwglquz
[08:46:44] 다운로드 files URL=https://www.genspark.ai/api/files/s/gnwglquz → SRT_700.png
[08:46:45] ⏱ 다운로드 직접 0.7s size=601156 SRT_700.png
[08:46:45] ⏱ 다운로드구간 SRT_700 0.7s · SRT_700.png
[08:46:46] ⏱ 다운로드후유휴 SRT_700 1.4s · idle=True
[08:46:46] ⏱ 씬합계 SRT_700 20.5s · https://www.genspark.ai/api/files/s/gnwglquz
[08:46:46] SRT_700 생성·다운로드 완료
C:\cursor\wuxia\workspace\swardmaster\2부\18장\png\SRT_700.png
[08:46:46] 상태키 SRT_720 · tracking=OFF; Baek|base; Jin|base
[08:46:46] run_scene 시작 SRT_720 · seen_files=36 · last_saved=https://www.genspark.ai/api/files/s/gnwglquz
[08:46:46] ⏱ 준비 SRT_720 0.0s · chars=5647
[08:46:48] ⏱ 다음명령유휴 SRT_720 1.3s · idle=True
[08:46:48] fill OK(clip) follow=True chars=5647
[08:46:48] submit 시작 composer=5647 url=https://www.genspark.ai/agents?id=34b53bbd-54ca-4f6e-ad6e-a90bfcdbc227
[08:46:48] submit geo 실패 hit=no-btn
[08:46:48] submit 시도 method=geo geo=False
[08:46:49] submit 미확인 method=geo generating=False composer=5647
[08:46:49] submit geo 실패 hit=no-btn
[08:46:49] submit 시도 method=send send=False
[08:46:50] submit 미확인 method=send generating=False composer=5647
[08:46:50] submit 시도 method=ctrl
[08:46:51] submit 미확인 method=ctrl generating=False composer=5649
[08:46:51] submit 시도 method=enter
[08:46:52] submit 확인 method=enter generating=False composer=0
[08:46:52] ⏱ 입력·전송 SRT_720 4.1s · chars=5647
[08:46:52] 제출 후 last_saved=https://www.genspark.ai/api/files/s/gnwglquz
[08:46:52] ⏱ 생성대기 시작 SRT_720 max=120s
[08:47:04] ⏱ 생성대기 완료 12.0s SRT_720 https://www.genspark.ai/api/files/s/x3fredln
[08:47:04] ⏱ 생성대기구간 SRT_720 12.0s · ok=True
[08:47:04] SRT_720 근접 이미지 https://www.genspark.ai/api/files/s/x3fredln
[08:47:04] 다운로드 files URL=https://www.genspark.ai/api/files/s/x3fredln → SRT_720.png
[08:47:05] ⏱ 다운로드 직접 0.7s size=696153 SRT_720.png
[08:47:05] ⏱ 다운로드구간 SRT_720 0.7s · SRT_720.png
[08:47:06] ⏱ 다운로드후유휴 SRT_720 1.4s · idle=True
[08:47:06] ⏱ 씬합계 SRT_720 19.8s · https://www.genspark.ai/api/files/s/x3fredln
[08:47:06] SRT_720 생성·다운로드 완료
C:\cursor\wuxia\workspace\swardmaster\2부\18장\png\SRT_720.png
[08:47:06] 상태키 SRT_740 · tracking=OFF; Baek|base; Jin|base
[08:47:06] run_scene 시작 SRT_740 · seen_files=37 · last_saved=https://www.genspark.ai/api/files/s/x3fredln
[08:47:06] ⏱ 준비 SRT_740 0.0s · chars=4324
[08:47:08] ⏱ 다음명령유휴 SRT_740 1.4s · idle=True
[08:47:08] fill OK(clip) follow=True chars=4324
[08:47:08] submit 시작 composer=4324 url=https://www.genspark.ai/agents?id=34b53bbd-54ca-4f6e-ad6e-a90bfcdbc227
[08:47:08] submit geo 실패 hit=no-btn
[08:47:08] submit 시도 method=geo geo=False
[08:47:09] submit 미확인 method=geo generating=False composer=4324
[08:47:09] submit geo 실패 hit=no-btn
[08:47:09] submit 시도 method=send send=False
[08:47:10] submit 미확인 method=send generating=False composer=4324
[08:47:10] submit 시도 method=ctrl
[08:47:11] submit 미확인 method=ctrl generating=False composer=4326
[08:47:11] submit 시도 method=enter
[08:47:12] submit 확인 method=enter generating=False composer=0
[08:47:12] ⏱ 입력·전송 SRT_740 4.1s · chars=4324
[08:47:12] 제출 후 last_saved=https://www.genspark.ai/api/files/s/x3fredln
[08:47:12] ⏱ 생성대기 시작 SRT_740 max=120s
[08:47:24] ⏱ 생성대기 완료 11.7s SRT_740 https://www.genspark.ai/api/files/s/wf2wjjpu
[08:47:24] ⏱ 생성대기구간 SRT_740 11.7s · ok=True
[08:47:24] SRT_740 근접 이미지 https://www.genspark.ai/api/files/s/wf2wjjpu
[08:47:24] 다운로드 files URL=https://www.genspark.ai/api/files/s/wf2wjjpu → SRT_740.png
[08:47:24] ⏱ 다운로드 직접 0.7s size=685545 SRT_740.png
[08:47:24] ⏱ 다운로드구간 SRT_740 0.7s · SRT_740.png
[08:47:26] ⏱ 다운로드후유휴 SRT_740 1.4s · idle=True
[08:47:26] ⏱ 씬합계 SRT_740 19.6s · https://www.genspark.ai/api/files/s/wf2wjjpu
[08:47:26] SRT_740 생성·다운로드 완료
C:\cursor\wuxia\workspace\swardmaster\2부\18장\png\SRT_740.png
[08:47:26] 상태키 SRT_760 · tracking=OFF; Baek|base; Jin|base
[08:47:26] run_scene 시작 SRT_760 · seen_files=38 · last_saved=https://www.genspark.ai/api/files/s/wf2wjjpu
[08:47:26] ⏱ 준비 SRT_760 0.0s · chars=4324
[08:47:27] ⏱ 다음명령유휴 SRT_760 1.3s · idle=True
[08:47:28] fill OK(clip) follow=True chars=4324
[08:47:28] submit 시작 composer=4324 url=https://www.genspark.ai/agents?id=34b53bbd-54ca-4f6e-ad6e-a90bfcdbc227
[08:47:28] submit geo 실패 hit=no-btn
[08:47:28] submit 시도 method=geo geo=False
[08:47:29] submit 미확인 method=geo generating=False composer=4324
[08:47:29] submit geo 실패 hit=no-btn
[08:47:29] submit 시도 method=send send=False
[08:47:30] submit 미확인 method=send generating=False composer=4324
[08:47:30] submit 시도 method=ctrl
[08:47:30] submit 미확인 method=ctrl generating=False composer=4326
[08:47:31] submit 시도 method=enter
[08:47:31] submit 확인 method=enter generating=False composer=0
[08:47:31] ⏱ 입력·전송 SRT_760 4.1s · chars=4324
[08:47:31] 제출 후 last_saved=https://www.genspark.ai/api/files/s/wf2wjjpu
[08:47:32] ⏱ 생성대기 시작 SRT_760 max=120s
[08:47:41] ⏱ 생성대기 완료 10.0s SRT_760 https://www.genspark.ai/api/files/s/qufvsmjp
[08:47:41] ⏱ 생성대기구간 SRT_760 10.0s · ok=True
[08:47:42] SRT_760 근접 이미지 https://www.genspark.ai/api/files/s/qufvsmjp
[08:47:42] 다운로드 files URL=https://www.genspark.ai/api/files/s/qufvsmjp → SRT_760.png
[08:47:42] ⏱ 다운로드 직접 0.7s size=703749 SRT_760.png
[08:47:42] ⏱ 다운로드구간 SRT_760 0.8s · SRT_760.png
[08:47:44] ⏱ 다운로드후유휴 SRT_760 1.4s · idle=True
[08:47:44] ⏱ 씬합계 SRT_760 17.9s · https://www.genspark.ai/api/files/s/qufvsmjp
[08:47:44] SRT_760 생성·다운로드 완료
C:\cursor\wuxia\workspace\swardmaster\2부\18장\png\SRT_760.png
[08:47:44] 상태키 SRT_780 · tracking=OFF; Baek|base; Jin|base
[08:47:44] run_scene 시작 SRT_780 · seen_files=39 · last_saved=https://www.genspark.ai/api/files/s/qufvsmjp
[08:47:44] ⏱ 준비 SRT_780 0.0s · chars=5566
[08:47:45] ⏱ 다음명령유휴 SRT_780 1.4s · idle=True
[08:47:46] fill OK(clip) follow=True chars=5566
[08:47:46] submit 시작 composer=5566 url=https://www.genspark.ai/agents?id=34b53bbd-54ca-4f6e-ad6e-a90bfcdbc227
[08:47:46] submit geo 실패 hit=no-btn
[08:47:46] submit 시도 method=geo geo=False
[08:47:47] submit 미확인 method=geo generating=False composer=5566
[08:47:47] submit geo 실패 hit=no-btn
[08:47:47] submit 시도 method=send send=False
[08:47:48] submit 미확인 method=send generating=False composer=5566
[08:47:48] submit 시도 method=ctrl
[08:47:49] submit 미확인 method=ctrl generating=False composer=5568
[08:47:49] submit 시도 method=enter
[08:47:49] submit 확인 method=enter generating=False composer=0
[08:47:49] ⏱ 입력·전송 SRT_780 4.1s · chars=5566
[08:47:49] 제출 후 last_saved=https://www.genspark.ai/api/files/s/qufvsmjp
[08:47:50] ⏱ 생성대기 시작 SRT_780 max=120s
[08:48:02] ⏱ 생성대기 완료 12.5s SRT_780 https://www.genspark.ai/api/files/s/trih8ho7
[08:48:02] ⏱ 생성대기구간 SRT_780 12.5s · ok=True
[08:48:02] SRT_780 근접 이미지 https://www.genspark.ai/api/files/s/trih8ho7
[08:48:02] 다운로드 files URL=https://www.genspark.ai/api/files/s/trih8ho7 → SRT_780.png
[08:48:03] ⏱ 다운로드 직접 0.7s size=709903 SRT_780.png
[08:48:03] ⏱ 다운로드구간 SRT_780 0.7s · SRT_780.png
[08:48:04] ⏱ 다운로드후유휴 SRT_780 1.5s · idle=True
[08:48:04] ⏱ 씬합계 SRT_780 20.6s · https://www.genspark.ai/api/files/s/trih8ho7
[08:48:04] SRT_780 생성·다운로드 완료
C:\cursor\wuxia\workspace\swardmaster\2부\18장\png\SRT_780.png
[08:48:05] 상태키 SRT_800 · tracking=OFF; Baek|base; Jin|base
[08:48:05] run_scene 시작 SRT_800 · seen_files=40 · last_saved=https://www.genspark.ai/api/files/s/trih8ho7
[08:48:05] ⏱ 준비 SRT_800 0.0s · chars=7426
[08:48:06] ⏱ 다음명령유휴 SRT_800 1.4s · idle=True
[08:48:07] fill OK(clip) follow=True chars=7426
[08:48:07] submit 시작 composer=7426 url=https://www.genspark.ai/agents?id=34b53bbd-54ca-4f6e-ad6e-a90bfcdbc227
[08:48:07] submit geo 실패 hit=no-btn
[08:48:07] submit 시도 method=geo geo=False
[08:48:07] submit 미확인 method=geo generating=False composer=7426
[08:48:08] submit geo 실패 hit=no-btn
[08:48:08] submit 시도 method=send send=False
[08:48:08] submit 미확인 method=send generating=False composer=7426
[08:48:09] submit 시도 method=ctrl
[08:48:09] submit 미확인 method=ctrl generating=False composer=7428
[08:48:10] submit 시도 method=enter
[08:48:10] submit 확인 method=enter generating=False composer=0
[08:48:10] ⏱ 입력·전송 SRT_800 4.1s · chars=7426
[08:48:10] 제출 후 last_saved=https://www.genspark.ai/api/files/s/trih8ho7
[08:48:10] ⏱ 생성대기 시작 SRT_800 max=120s
[08:48:23] ⏱ 생성대기 완료 12.8s SRT_800 https://www.genspark.ai/api/files/s/8qu54r7v
[08:48:23] ⏱ 생성대기구간 SRT_800 12.8s · ok=True
[08:48:23] SRT_800 근접 이미지 https://www.genspark.ai/api/files/s/8qu54r7v
[08:48:23] 다운로드 files URL=https://www.genspark.ai/api/files/s/8qu54r7v → SRT_800.png
[08:48:24] ⏱ 다운로드 직접 0.7s size=804786 SRT_800.png
[08:48:24] ⏱ 다운로드구간 SRT_800 0.8s · SRT_800.png
[08:48:25] ⏱ 다운로드후유휴 SRT_800 1.4s · idle=True
[08:48:25] ⏱ 씬합계 SRT_800 20.7s · https://www.genspark.ai/api/files/s/8qu54r7v
[08:48:25] SRT_800 생성·다운로드 완료
C:\cursor\wuxia\workspace\swardmaster\2부\18장\png\SRT_800.png
[08:48:25] 상태키 SRT_820 · tracking=OFF; Baek|base; Jin|base
[08:48:25] run_scene 시작 SRT_820 · seen_files=41 · last_saved=https://www.genspark.ai/api/files/s/8qu54r7v
[08:48:26] ⏱ 준비 SRT_820 0.0s · chars=5556
[08:48:27] ⏱ 다음명령유휴 SRT_820 1.4s · idle=True
[08:48:28] fill OK(clip) follow=True chars=5556
[08:48:28] submit 시작 composer=5556 url=https://www.genspark.ai/agents?id=34b53bbd-54ca-4f6e-ad6e-a90bfcdbc227
[08:48:28] submit geo 실패 hit=no-btn
[08:48:28] submit 시도 method=geo geo=False
[08:48:28] submit 미확인 method=geo generating=False composer=5556
[08:48:29] submit geo 실패 hit=no-btn
[08:48:29] submit 시도 method=send send=False
[08:48:29] submit 미확인 method=send generating=False composer=5556
[08:48:29] submit 시도 method=ctrl
[08:48:30] submit 미확인 method=ctrl generating=False composer=5558
[08:48:30] submit 시도 method=enter
[08:48:31] submit 확인 method=enter generating=False composer=0
[08:48:31] ⏱ 입력·전송 SRT_820 4.0s · chars=5556
[08:48:31] 제출 후 last_saved=https://www.genspark.ai/api/files/s/8qu54r7v
[08:48:31] ⏱ 생성대기 시작 SRT_820 max=120s
[08:48:46] ⏱ 생성대기 진행 15.1s SRT_820 busy=False url_ok=False src=
[08:48:53] ⏱ 생성대기 완료 21.5s SRT_820 https://www.genspark.ai/api/files/s/juokaouh
[08:48:53] ⏱ 생성대기구간 SRT_820 21.5s · ok=True
[08:48:53] SRT_820 근접 이미지 https://www.genspark.ai/api/files/s/juokaouh
[08:48:53] 다운로드 files URL=https://www.genspark.ai/api/files/s/juokaouh → SRT_820.png
[08:48:53] ⏱ 다운로드 직접 0.7s size=834167 SRT_820.png
[08:48:53] ⏱ 다운로드구간 SRT_820 0.7s · SRT_820.png
[08:48:55] ⏱ 다운로드후유휴 SRT_820 1.3s · idle=True
[08:48:55] ⏱ 씬합계 SRT_820 29.1s · https://www.genspark.ai/api/files/s/juokaouh
[08:48:55] SRT_820 생성·다운로드 완료
C:\cursor\wuxia\workspace\swardmaster\2부\18장\png\SRT_820.png
[08:48:55] 상태키 SRT_840 · tracking=OFF; Baek|base; Jin|base
[08:48:55] run_scene 시작 SRT_840 · seen_files=42 · last_saved=https://www.genspark.ai/api/files/s/juokaouh
[08:48:55] ⏱ 준비 SRT_840 0.0s · chars=5559
[08:48:56] ⏱ 다음명령유휴 SRT_840 1.3s · idle=True
[08:48:57] fill OK(clip) follow=True chars=5559
[08:48:57] submit 시작 composer=5559 url=https://www.genspark.ai/agents?id=34b53bbd-54ca-4f6e-ad6e-a90bfcdbc227
[08:48:57] submit geo 실패 hit=no-btn
[08:48:57] submit 시도 method=geo geo=False
[08:48:57] submit 미확인 method=geo generating=False composer=5559
[08:48:58] submit geo 실패 hit=no-btn
[08:48:58] submit 시도 method=send send=False
[08:48:58] submit 미확인 method=send generating=False composer=5559
[08:48:59] submit 시도 method=ctrl
[08:48:59] submit 미확인 method=ctrl generating=False composer=5561
[08:49:00] submit 시도 method=enter
[08:49:00] submit 확인 method=enter generating=False composer=0
[08:49:00] ⏱ 입력·전송 SRT_840 4.1s · chars=5559
[08:49:00] 제출 후 last_saved=https://www.genspark.ai/api/files/s/juokaouh
[08:49:00] ⏱ 생성대기 시작 SRT_840 max=120s
[08:49:13] ⏱ 생성대기 완료 12.3s SRT_840 https://www.genspark.ai/api/files/s/62otie0m
[08:49:13] ⏱ 생성대기구간 SRT_840 12.3s · ok=True
[08:49:13] SRT_840 근접 이미지 https://www.genspark.ai/api/files/s/62otie0m
[08:49:13] 다운로드 files URL=https://www.genspark.ai/api/files/s/62otie0m → SRT_840.png
[08:49:13] ⏱ 다운로드 직접 0.7s size=629857 SRT_840.png
[08:49:13] ⏱ 다운로드구간 SRT_840 0.7s · SRT_840.png
[08:49:15] ⏱ 다운로드후유휴 SRT_840 1.3s · idle=True
[08:49:15] ⏱ 씬합계 SRT_840 19.9s · https://www.genspark.ai/api/files/s/62otie0m
[08:49:15] SRT_840 생성·다운로드 완료
C:\cursor\wuxia\workspace\swardmaster\2부\18장\png\SRT_840.png
[08:49:15] 상태키 SRT_860 · tracking=OFF; Baek|base; Jin|base
[08:49:15] run_scene 시작 SRT_860 · seen_files=43 · last_saved=https://www.genspark.ai/api/files/s/62otie0m
[08:49:15] ⏱ 준비 SRT_860 0.0s · chars=4369
[08:49:16] ⏱ 다음명령유휴 SRT_860 1.3s · idle=True
[08:49:17] fill OK(clip) follow=True chars=4369
[08:49:17] submit 시작 composer=4369 url=https://www.genspark.ai/agents?id=34b53bbd-54ca-4f6e-ad6e-a90bfcdbc227
[08:49:17] submit geo 실패 hit=no-btn
[08:49:17] submit 시도 method=geo geo=False
[08:49:18] submit 미확인 method=geo generating=False composer=4369
[08:49:18] submit geo 실패 hit=no-btn
[08:49:18] submit 시도 method=send send=False
[08:49:18] submit 미확인 method=send generating=False composer=4369
[08:49:19] submit 시도 method=ctrl
[08:49:19] submit 미확인 method=ctrl generating=False composer=4371
[08:49:20] submit 시도 method=enter
[08:49:20] submit 확인 method=enter generating=False composer=0
[08:49:20] ⏱ 입력·전송 SRT_860 4.0s · chars=4369
[08:49:20] 제출 후 last_saved=https://www.genspark.ai/api/files/s/62otie0m
[08:49:20] ⏱ 생성대기 시작 SRT_860 max=120s
[08:49:35] ⏱ 생성대기 진행 15.0s SRT_860 busy=False url_ok=False src=
[08:49:35] ⏱ 생성대기 한도감지 15.0s SRT_860 · AI Image 한도 - 재설정 2026-08-30 13:35 · AI Image 5시간 제한에 도달했습니다. 8월 30일 오후 1:35에 재설정됩니다 --- 5시간 제한 --- 세션 한도 도달 AI Image 5시간 제한에 도달했습니다. 8월 30일 오후 1:35에 재설정됩니다
[08:49:35] run_scene 실패(재시도 없음): AI Image 한도 - 재설정 2026-08-30 13:35
[08:49:35] SRT_860 실패(한도 확정 streak=1) — 브라우저 종료 후 대기·재오픈
AI Image 한도 - 재설정 2026-08-30 13:35
[08:49:39] 한도 대기 전 ChromeDebug 종료
[08:49:39] 한도 대기 시작 — 정상화 예상 2026-08-30 13:35 (285분) — SRT_860 한도
[13:36:16] 탭로그 ON — 실행·생성 · 씬 51개 · reopen=True · 한도대기ON
[13:36:24] ChromeDebug 재시작 slot=0 port=9242 user_data=C:\ChromeDebug_2_5 reused=0
[13:36:28] 모델 이미 Pro: Nano Banana Pro
[13:36:28] 세션 준비 — login=OK model=Nano Banana Pro auto=True
[13:36:29] ensure_page cur_sc=10 prefer_sc=10 cur=https://www.genspark.ai/ai_image prefer=https://www.genspark.ai/ai_image
[13:36:31] fill OK(clip) follow=True chars=78269
[13:36:32] 입력창 붙여넣기 — 프롬프트 50827자 + SRT 27399자 = 합계 78269자
  prompt=C:/cursor/wuxia/2_5_sceneImage/md/image.wuxiz.txt
  srt=C:\cursor\wuxia\workspace\swardmaster\2부\18장\mp3\new.srt
[13:36:33] ensure_page cur_sc=10 prefer_sc=10 cur=https://www.genspark.ai/ai_image prefer=https://www.genspark.ai/ai_image
[13:36:34] 동일 입력창에 명령 추가(미실행): ===== CHARACTER LOOK (SRT_860) =====
Look keys (state tracking OFF): Jin≈19|base
Jin Muhan, approximately nineteen years old, East-Asian young swordsman, sharp narrow phoenix eyes,…
[13:36:34] 상태키 SRT_860 · tracking=OFF; Baek|base; Jin|base
[13:36:35] run_scene 시작 SRT_860 · seen_files=43 · last_saved=https://www.genspark.ai/api/files/s/62otie0m
[13:36:35] ensure_page cur_sc=10 prefer_sc=10 cur=https://www.genspark.ai/ai_image prefer=https://www.genspark.ai/ai_image
[13:36:35] 모델 선택 시작 현재=(없음)
[13:36:35] 모델 선택 결과 ok=False 칩=(없음) picked=
[13:36:35] ⏱ 준비 SRT_860 0.1s · chars=4369
[13:36:35] submit 시작 composer=4369 url=https://www.genspark.ai/ai_image
[13:36:35] submit geo 실패 hit=no-btn
[13:36:35] submit 시도 method=geo geo=False
[13:36:35] submit 미확인 method=geo generating=False composer=4369
[13:36:36] submit geo 실패 hit=no-btn
[13:36:36] submit 시도 method=send send=False
[13:36:36] submit 미확인 method=send generating=False composer=4369
[13:36:37] submit 시도 method=ctrl
[13:36:37] submit 미확인 method=ctrl generating=False composer=4371
[13:36:38] submit 시도 method=enter
[13:36:39] submit 확인 method=enter generating=False composer=0
[13:36:39] ⏱ 입력창전송 SRT_860 4.1s
[13:36:39] 제출 후 last_saved=https://www.genspark.ai/api/files/s/62otie0m
[13:36:39] ⏱ 생성대기 시작 SRT_860 max=120s
[13:36:54] ⏱ 생성대기 진행 15.0s SRT_860 busy=False url_ok=False src=
[13:36:55] ⏱ 생성대기 완료 15.7s SRT_860 https://www.genspark.ai/api/files/s/s6ygpygr
[13:36:55] ⏱ 생성대기구간 SRT_860 15.7s · ok=True
[13:36:55] SRT_860 근접 이미지 https://www.genspark.ai/api/files/s/s6ygpygr
[13:36:55] 다운로드 files URL=https://www.genspark.ai/api/files/s/s6ygpygr → SRT_860.png
[13:36:56] ⏱ 다운로드 직접 1.0s size=572428 SRT_860.png
[13:36:56] ⏱ 다운로드구간 SRT_860 1.0s · SRT_860.png
[13:36:57] ⏱ 다운로드후유휴 SRT_860 1.6s · idle=True
[13:36:57] ⏱ 씬합계 SRT_860 22.9s · https://www.genspark.ai/api/files/s/s6ygpygr
[13:36:57] SRT_860 생성·다운로드 완료
C:\cursor\wuxia\workspace\swardmaster\2부\18장\png\SRT_860.png
[13:36:58] 상태키 SRT_880 · tracking=OFF; Baek|base; Jin|base
[13:36:58] run_scene 시작 SRT_880 · seen_files=44 · last_saved=https://www.genspark.ai/api/files/s/s6ygpygr
[13:36:58] ⏱ 준비 SRT_880 0.0s · chars=4371
[13:36:59] ⏱ 다음명령유휴 SRT_880 1.7s · idle=True
[13:37:00] fill OK(clip) follow=True chars=4371
[13:37:01] submit 시작 composer=4371 url=https://www.genspark.ai/agents?id=aac87f38-76f0-4cc3-bbe9-c66cd59009cf
[13:37:01] submit geo 실패 hit=no-btn
[13:37:01] submit 시도 method=geo geo=False
[13:37:01] submit 미확인 method=geo generating=False composer=4371
[13:37:02] submit geo 실패 hit=no-btn
[13:37:02] submit 시도 method=send send=False
[13:37:02] submit 미확인 method=send generating=False composer=4371
[13:37:03] submit 시도 method=ctrl
[13:37:03] submit 미확인 method=ctrl generating=False composer=4373
[13:37:04] submit 시도 method=enter
[13:37:04] submit 확인 method=enter generating=False composer=0
[13:37:04] ⏱ 입력·전송 SRT_880 5.1s · chars=4371
[13:37:04] 제출 후 last_saved=https://www.genspark.ai/api/files/s/s6ygpygr
[13:37:05] ⏱ 생성대기 시작 SRT_880 max=120s
[13:37:15] ⏱ 생성대기 완료 10.7s SRT_880 https://www.genspark.ai/api/files/s/s18uhhad
[13:37:15] ⏱ 생성대기구간 SRT_880 10.7s · ok=True
[13:37:15] SRT_880 근접 이미지 https://www.genspark.ai/api/files/s/s18uhhad
[13:37:15] 다운로드 files URL=https://www.genspark.ai/api/files/s/s18uhhad → SRT_880.png
[13:37:16] ⏱ 다운로드 직접 0.9s size=638496 SRT_880.png
[13:37:16] ⏱ 다운로드구간 SRT_880 1.0s · SRT_880.png
[13:37:18] ⏱ 다운로드후유휴 SRT_880 2.1s · idle=True
[13:37:18] ⏱ 씬합계 SRT_880 20.8s · https://www.genspark.ai/api/files/s/s18uhhad
[13:37:18] SRT_880 생성·다운로드 완료
C:\cursor\wuxia\workspace\swardmaster\2부\18장\png\SRT_880.png
[13:37:19] 상태키 SRT_900 · tracking=OFF; Baek|base; Jin|base
[13:37:19] run_scene 시작 SRT_900 · seen_files=45 · last_saved=https://www.genspark.ai/api/files/s/s18uhhad
[13:37:19] ⏱ 준비 SRT_900 0.0s · chars=5803
[13:37:21] ⏱ 다음명령유휴 SRT_900 2.3s · idle=True
[13:37:22] fill OK(clip) follow=True chars=5803
[13:37:22] submit 시작 composer=5803 url=https://www.genspark.ai/agents?id=aac87f38-76f0-4cc3-bbe9-c66cd59009cf
[13:37:22] submit geo 실패 hit=no-btn
[13:37:22] submit 시도 method=geo geo=False
[13:37:23] submit 미확인 method=geo generating=False composer=5803
[13:37:24] submit geo 실패 hit=no-btn
[13:37:24] submit 시도 method=send send=False
[13:37:24] submit 미확인 method=send generating=False composer=5803
[13:37:25] submit 시도 method=ctrl
[13:37:25] submit 미확인 method=ctrl generating=False composer=5805
[13:37:26] submit 시도 method=enter
[13:37:26] submit 확인 method=enter generating=False composer=0
[13:37:26] ⏱ 입력·전송 SRT_900 5.4s · chars=5803
[13:37:26] 제출 후 last_saved=https://www.genspark.ai/api/files/s/s18uhhad
[13:37:27] ⏱ 생성대기 시작 SRT_900 max=120s
[13:37:40] ⏱ 생성대기 완료 13.9s SRT_900 https://www.genspark.ai/api/files/s/nchdjbi5
[13:37:40] ⏱ 생성대기구간 SRT_900 13.9s · ok=True
[13:37:40] SRT_900 근접 이미지 https://www.genspark.ai/api/files/s/nchdjbi5
[13:37:40] 다운로드 files URL=https://www.genspark.ai/api/files/s/nchdjbi5 → SRT_900.png
[13:37:41] ⏱ 다운로드 직접 0.9s size=552378 SRT_900.png
[13:37:41] ⏱ 다운로드구간 SRT_900 1.0s · SRT_900.png
[13:37:44] ⏱ 다운로드후유휴 SRT_900 2.6s · idle=True
[13:37:44] ⏱ 씬합계 SRT_900 25.4s · https://www.genspark.ai/api/files/s/nchdjbi5
[13:37:44] SRT_900 생성·다운로드 완료
C:\cursor\wuxia\workspace\swardmaster\2부\18장\png\SRT_900.png
[13:37:44] 상태키 SRT_920 · tracking=OFF; Baek|base; Jin|base
[13:37:44] run_scene 시작 SRT_920 · seen_files=46 · last_saved=https://www.genspark.ai/api/files/s/nchdjbi5
[13:37:44] ⏱ 준비 SRT_920 0.0s · chars=4055
[13:37:46] ⏱ 다음명령유휴 SRT_920 2.1s · idle=True
[13:37:48] fill OK(clip) follow=True chars=4055
[13:37:48] submit 시작 composer=4055 url=https://www.genspark.ai/agents?id=aac87f38-76f0-4cc3-bbe9-c66cd59009cf
[13:37:48] submit geo 실패 hit=no-btn
[13:37:48] submit 시도 method=geo geo=False
[13:37:49] submit 미확인 method=geo generating=False composer=4055
[13:37:49] submit geo 실패 hit=no-btn
[13:37:49] submit 시도 method=send send=False
[13:37:50] submit 미확인 method=send generating=False composer=4055
[13:37:50] submit 시도 method=ctrl
[13:37:51] submit 미확인 method=ctrl generating=False composer=4057
[13:37:51] submit 시도 method=enter
[13:37:52] submit 확인 method=enter generating=False composer=0
[13:37:52] ⏱ 입력·전송 SRT_920 5.5s · chars=4055
[13:37:52] 제출 후 last_saved=https://www.genspark.ai/api/files/s/nchdjbi5
[13:37:52] ⏱ 생성대기 시작 SRT_920 max=120s
[13:38:07] ⏱ 생성대기 진행 15.1s SRT_920 busy=False url_ok=False src=
[13:38:09] ⏱ 생성대기 완료 16.5s SRT_920 https://www.genspark.ai/api/files/s/ypm3yke3
[13:38:09] ⏱ 생성대기구간 SRT_920 16.5s · ok=True
[13:38:09] SRT_920 근접 이미지 https://www.genspark.ai/api/files/s/ypm3yke3
[13:38:09] 다운로드 files URL=https://www.genspark.ai/api/files/s/ypm3yke3 → SRT_920.png
[13:38:10] ⏱ 다운로드 직접 0.8s size=573986 SRT_920.png
[13:38:10] ⏱ 다운로드구간 SRT_920 0.9s · SRT_920.png
[13:38:12] ⏱ 다운로드후유휴 SRT_920 2.4s · idle=True
[13:38:12] ⏱ 씬합계 SRT_920 27.7s · https://www.genspark.ai/api/files/s/ypm3yke3
[13:38:12] SRT_920 생성·다운로드 완료
C:\cursor\wuxia\workspace\swardmaster\2부\18장\png\SRT_920.png
[13:38:12] 상태키 SRT_940 · tracking=OFF; Baek|base; Jin|base
[13:38:12] run_scene 시작 SRT_940 · seen_files=47 · last_saved=https://www.genspark.ai/api/files/s/ypm3yke3
[13:38:12] ⏱ 준비 SRT_940 0.0s · chars=6591
[13:38:14] ⏱ 다음명령유휴 SRT_940 2.1s · idle=True
[13:38:16] fill OK(clip) follow=True chars=6591
[13:38:16] submit 시작 composer=6591 url=https://www.genspark.ai/agents?id=aac87f38-76f0-4cc3-bbe9-c66cd59009cf
[13:38:16] submit geo 실패 hit=no-btn
[13:38:16] submit 시도 method=geo geo=False
[13:38:16] submit 미확인 method=geo generating=False composer=6591
[13:38:17] submit geo 실패 hit=no-btn
[13:38:17] submit 시도 method=send send=False
[13:38:18] submit 미확인 method=send generating=False composer=6591
[13:38:18] submit 시도 method=ctrl
[13:38:19] submit 미확인 method=ctrl generating=False composer=6593
[13:38:19] submit 시도 method=enter
[13:38:20] submit 확인 method=enter generating=False composer=0
[13:38:20] ⏱ 입력·전송 SRT_940 5.6s · chars=6591
[13:38:20] 제출 후 last_saved=https://www.genspark.ai/api/files/s/ypm3yke3
[13:38:20] ⏱ 생성대기 시작 SRT_940 max=120s
[13:38:35] ⏱ 생성대기 완료 15.0s SRT_940 https://www.genspark.ai/api/files/s/unvdnxpc
[13:38:35] ⏱ 생성대기구간 SRT_940 15.0s · ok=True
[13:38:35] SRT_940 근접 이미지 https://www.genspark.ai/api/files/s/unvdnxpc
[13:38:35] 다운로드 files URL=https://www.genspark.ai/api/files/s/unvdnxpc → SRT_940.png
[13:38:36] ⏱ 다운로드 직접 0.9s size=625048 SRT_940.png
[13:38:36] ⏱ 다운로드구간 SRT_940 1.0s · SRT_940.png
[13:38:38] ⏱ 다운로드후유휴 SRT_940 2.2s · idle=True
[13:38:38] ⏱ 씬합계 SRT_940 26.2s · https://www.genspark.ai/api/files/s/unvdnxpc
[13:38:38] SRT_940 생성·다운로드 완료
C:\cursor\wuxia\workspace\swardmaster\2부\18장\png\SRT_940.png
[13:38:39] 상태키 SRT_960 · tracking=OFF; Baek|base; Jin|base
[13:38:39] run_scene 시작 SRT_960 · seen_files=48 · last_saved=https://www.genspark.ai/api/files/s/unvdnxpc
[13:38:39] ⏱ 준비 SRT_960 0.0s · chars=5719
[13:38:41] ⏱ 다음명령유휴 SRT_960 2.2s · idle=True
[13:38:42] fill OK(clip) follow=True chars=5719
[13:38:42] submit 시작 composer=5719 url=https://www.genspark.ai/agents?id=aac87f38-76f0-4cc3-bbe9-c66cd59009cf
[13:38:42] submit geo 실패 hit=no-btn
[13:38:42] submit 시도 method=geo geo=False
[13:38:43] submit 미확인 method=geo generating=False composer=5719
[13:38:44] submit geo 실패 hit=no-btn
[13:38:44] submit 시도 method=send send=False
[13:38:44] submit 미확인 method=send generating=False composer=5719
[13:38:45] submit 시도 method=ctrl
[13:38:45] submit 미확인 method=ctrl generating=False composer=5721
[13:38:46] submit 시도 method=enter
[13:38:46] submit 확인 method=enter generating=False composer=0
[13:38:46] ⏱ 입력·전송 SRT_960 5.4s · chars=5719
[13:38:46] 제출 후 last_saved=https://www.genspark.ai/api/files/s/unvdnxpc
[13:38:46] ⏱ 생성대기 시작 SRT_960 max=120s
[13:38:58] ⏱ 생성대기 완료 11.8s SRT_960 https://www.genspark.ai/api/files/s/ypinnk9p
[13:38:58] ⏱ 생성대기구간 SRT_960 11.8s · ok=True
[13:38:58] SRT_960 근접 이미지 https://www.genspark.ai/api/files/s/ypinnk9p
[13:38:58] 다운로드 files URL=https://www.genspark.ai/api/files/s/ypinnk9p → SRT_960.png
[13:38:59] ⏱ 다운로드 직접 1.0s size=681530 SRT_960.png
[13:38:59] ⏱ 다운로드구간 SRT_960 1.0s · SRT_960.png
[13:39:01] ⏱ 다운로드후유휴 SRT_960 2.2s · idle=True
[13:39:01] ⏱ 씬합계 SRT_960 23.0s · https://www.genspark.ai/api/files/s/ypinnk9p
[13:39:01] SRT_960 생성·다운로드 완료
C:\cursor\wuxia\workspace\swardmaster\2부\18장\png\SRT_960.png
[13:39:02] 상태키 SRT_980 · tracking=OFF; Baek|base; Jin|base
[13:39:02] run_scene 시작 SRT_980 · seen_files=49 · last_saved=https://www.genspark.ai/api/files/s/ypinnk9p
[13:39:02] ⏱ 준비 SRT_980 0.0s · chars=5706
[13:39:04] ⏱ 다음명령유휴 SRT_980 2.3s · idle=True
[13:39:05] fill OK(clip) follow=True chars=5706
[13:39:05] submit 시작 composer=5706 url=https://www.genspark.ai/agents?id=aac87f38-76f0-4cc3-bbe9-c66cd59009cf
[13:39:05] submit geo 실패 hit=no-btn
[13:39:05] submit 시도 method=geo geo=False
[13:39:06] submit 미확인 method=geo generating=False composer=5706
[13:39:07] submit geo 실패 hit=no-btn
[13:39:07] submit 시도 method=send send=False
[13:39:07] submit 미확인 method=send generating=False composer=5706
[13:39:08] submit 시도 method=ctrl
[13:39:08] submit 미확인 method=ctrl generating=False composer=5708
[13:39:09] submit 시도 method=enter
[13:39:09] submit 확인 method=enter generating=False composer=0
[13:39:09] ⏱ 입력·전송 SRT_980 5.3s · chars=5706
[13:39:09] 제출 후 last_saved=https://www.genspark.ai/api/files/s/ypinnk9p
[13:39:09] ⏱ 생성대기 시작 SRT_980 max=120s
[13:39:25] ⏱ 생성대기 진행 15.2s SRT_980 busy=False url_ok=False src=
[13:39:25] ⏱ 생성대기 완료 16.0s SRT_980 https://www.genspark.ai/api/files/s/kymnhlhm
[13:39:25] ⏱ 생성대기구간 SRT_980 16.0s · ok=True
[13:39:26] SRT_980 근접 이미지 https://www.genspark.ai/api/files/s/kymnhlhm
[13:39:26] 다운로드 files URL=https://www.genspark.ai/api/files/s/kymnhlhm → SRT_980.png
[13:39:26] ⏱ 다운로드 직접 0.8s size=341667 SRT_980.png
[13:39:26] ⏱ 다운로드구간 SRT_980 0.8s · SRT_980.png
[13:39:29] ⏱ 다운로드후유휴 SRT_980 2.6s · idle=True
[13:39:29] ⏱ 씬합계 SRT_980 27.3s · https://www.genspark.ai/api/files/s/kymnhlhm
[13:39:29] SRT_980 생성·다운로드 완료
C:\cursor\wuxia\workspace\swardmaster\2부\18장\png\SRT_980.png
[13:39:29] 상태키 SRT_1000 · tracking=OFF; Baek|base; Jin|base
[13:39:29] run_scene 시작 SRT_1000 · seen_files=50 · last_saved=https://www.genspark.ai/api/files/s/kymnhlhm
[13:39:29] ⏱ 준비 SRT_1000 0.0s · chars=4315
[13:39:31] ⏱ 다음명령유휴 SRT_1000 2.2s · idle=True
[13:39:33] fill OK(clip) follow=True chars=4315
[13:39:33] submit 시작 composer=4315 url=https://www.genspark.ai/agents?id=aac87f38-76f0-4cc3-bbe9-c66cd59009cf
[13:39:33] submit geo 실패 hit=no-btn
[13:39:33] submit 시도 method=geo geo=False
[13:39:34] submit 미확인 method=geo generating=False composer=4315
[13:39:34] submit geo 실패 hit=no-btn
[13:39:34] submit 시도 method=send send=False
[13:39:35] submit 미확인 method=send generating=False composer=4315
[13:39:35] submit 시도 method=ctrl
[13:39:36] submit 미확인 method=ctrl generating=False composer=4317
[13:39:36] submit 시도 method=enter
[13:39:37] submit 확인 method=enter generating=False composer=0
[13:39:37] ⏱ 입력·전송 SRT_1000 5.5s · chars=4315
[13:39:37] 제출 후 last_saved=https://www.genspark.ai/api/files/s/kymnhlhm
[13:39:37] ⏱ 생성대기 시작 SRT_1000 max=120s
[13:39:50] ⏱ 생성대기 완료 12.8s SRT_1000 https://www.genspark.ai/api/files/s/mtjbq5g3
[13:39:50] ⏱ 생성대기구간 SRT_1000 12.8s · ok=True
[13:39:50] SRT_1000 근접 이미지 https://www.genspark.ai/api/files/s/mtjbq5g3
[13:39:50] 다운로드 files URL=https://www.genspark.ai/api/files/s/mtjbq5g3 → SRT_1000.png
[13:39:51] ⏱ 다운로드 직접 1.0s size=488906 SRT_1000.png
[13:39:51] ⏱ 다운로드구간 SRT_1000 1.0s · SRT_1000.png
[13:39:53] ⏱ 다운로드후유휴 SRT_1000 2.2s · idle=True
[13:39:53] ⏱ 씬합계 SRT_1000 23.9s · https://www.genspark.ai/api/files/s/mtjbq5g3
[13:39:53] SRT_1000 생성·다운로드 완료
C:\cursor\wuxia\workspace\swardmaster\2부\18장\png\SRT_1000.png
[13:39:53] 상태키 SRT_1020 · tracking=OFF; Baek|base; Jin|base
[13:39:53] run_scene 시작 SRT_1020 · seen_files=51 · last_saved=https://www.genspark.ai/api/files/s/mtjbq5g3
[13:39:53] ⏱ 준비 SRT_1020 0.0s · chars=4362
[13:39:56] ⏱ 다음명령유휴 SRT_1020 2.3s · idle=True
[13:39:57] fill OK(clip) follow=True chars=4362
[13:39:57] submit 시작 composer=4362 url=https://www.genspark.ai/agents?id=aac87f38-76f0-4cc3-bbe9-c66cd59009cf
[13:39:57] submit geo 실패 hit=no-btn
[13:39:57] submit 시도 method=geo geo=False
[13:39:58] submit 미확인 method=geo generating=False composer=4362
[13:39:59] submit geo 실패 hit=no-btn
[13:39:59] submit 시도 method=send send=False
[13:39:59] submit 미확인 method=send generating=False composer=4362
[13:40:00] submit 시도 method=ctrl
[13:40:00] submit 미확인 method=ctrl generating=False composer=4364
[13:40:01] submit 시도 method=enter
[13:40:01] submit 확인 method=enter generating=False composer=0
[13:40:01] ⏱ 입력·전송 SRT_1020 5.7s · chars=4362
[13:40:01] 제출 후 last_saved=https://www.genspark.ai/api/files/s/mtjbq5g3
[13:40:02] ⏱ 생성대기 시작 SRT_1020 max=120s
[13:40:15] ⏱ 생성대기 완료 13.6s SRT_1020 https://www.genspark.ai/api/files/s/qtsvtgal
[13:40:15] ⏱ 생성대기구간 SRT_1020 13.6s · ok=True
[13:40:15] SRT_1020 근접 이미지 https://www.genspark.ai/api/files/s/qtsvtgal
[13:40:15] 다운로드 files URL=https://www.genspark.ai/api/files/s/qtsvtgal → SRT_1020.png
[13:40:16] ⏱ 다운로드 직접 0.9s size=520552 SRT_1020.png
[13:40:16] ⏱ 다운로드구간 SRT_1020 1.0s · SRT_1020.png
[13:40:18] ⏱ 다운로드후유휴 SRT_1020 2.3s · idle=True
[13:40:18] ⏱ 씬합계 SRT_1020 25.2s · https://www.genspark.ai/api/files/s/qtsvtgal
[13:40:19] SRT_1020 생성·다운로드 완료
C:\cursor\wuxia\workspace\swardmaster\2부\18장\png\SRT_1020.png
[13:40:19] 상태키 SRT_1040 · tracking=OFF; Baek|base; Jin|base
[13:40:19] run_scene 시작 SRT_1040 · seen_files=52 · last_saved=https://www.genspark.ai/api/files/s/qtsvtgal
[13:40:19] ⏱ 준비 SRT_1040 0.1s · chars=4384
[13:40:21] ⏱ 다음명령유휴 SRT_1040 2.2s · idle=True
[13:40:22] fill OK(clip) follow=True chars=4384
[13:40:22] submit 시작 composer=4384 url=https://www.genspark.ai/agents?id=aac87f38-76f0-4cc3-bbe9-c66cd59009cf
[13:40:22] submit geo 실패 hit=no-btn
[13:40:22] submit 시도 method=geo geo=False
[13:40:23] submit 미확인 method=geo generating=False composer=4384
[13:40:24] submit geo 실패 hit=no-btn
[13:40:24] submit 시도 method=send send=False
[13:40:24] submit 미확인 method=send generating=False composer=4384
[13:40:25] submit 시도 method=ctrl
[13:40:25] submit 미확인 method=ctrl generating=False composer=4386
[13:40:26] submit 시도 method=enter
[13:40:26] submit 확인 method=enter generating=False composer=0
[13:40:26] ⏱ 입력·전송 SRT_1040 5.3s · chars=4384
[13:40:26] 제출 후 last_saved=https://www.genspark.ai/api/files/s/qtsvtgal
[13:40:27] ⏱ 생성대기 시작 SRT_1040 max=120s
[13:40:39] ⏱ 생성대기 완료 12.4s SRT_1040 https://www.genspark.ai/api/files/s/ibpc4rpo
[13:40:39] ⏱ 생성대기구간 SRT_1040 12.4s · ok=True
[13:40:39] SRT_1040 근접 이미지 https://www.genspark.ai/api/files/s/ibpc4rpo
[13:40:39] 다운로드 files URL=https://www.genspark.ai/api/files/s/ibpc4rpo → SRT_1040.png
[13:40:40] ⏱ 다운로드 직접 1.1s size=559413 SRT_1040.png
[13:40:40] ⏱ 다운로드구간 SRT_1040 1.1s · SRT_1040.png
[13:40:42] ⏱ 다운로드후유휴 SRT_1040 2.3s · idle=True
[13:40:42] ⏱ 씬합계 SRT_1040 23.6s · https://www.genspark.ai/api/files/s/ibpc4rpo
[13:40:42] SRT_1040 생성·다운로드 완료
C:\cursor\wuxia\workspace\swardmaster\2부\18장\png\SRT_1040.png
[13:40:43] 상태키 SRT_1060 · tracking=OFF; Baek|base; Jin|base
[13:40:43] run_scene 시작 SRT_1060 · seen_files=53 · last_saved=https://www.genspark.ai/api/files/s/ibpc4rpo
[13:40:43] ⏱ 준비 SRT_1060 0.0s · chars=4385
[13:40:45] ⏱ 다음명령유휴 SRT_1060 2.3s · idle=True
[13:40:46] fill OK(clip) follow=True chars=4385
[13:40:46] submit 시작 composer=4385 url=https://www.genspark.ai/agents?id=aac87f38-76f0-4cc3-bbe9-c66cd59009cf
[13:40:46] submit geo 실패 hit=no-btn
[13:40:46] submit 시도 method=geo geo=False
[13:40:47] submit 미확인 method=geo generating=False composer=4385
[13:40:48] submit geo 실패 hit=no-btn
[13:40:48] submit 시도 method=send send=False
[13:40:48] submit 미확인 method=send generating=False composer=4385
[13:40:49] submit 시도 method=ctrl
[13:40:49] submit 미확인 method=ctrl generating=False composer=4387
[13:40:50] submit 시도 method=enter
[13:40:50] submit 확인 method=enter generating=False composer=0
[13:40:50] ⏱ 입력·전송 SRT_1060 5.5s · chars=4385
[13:40:50] 제출 후 last_saved=https://www.genspark.ai/api/files/s/ibpc4rpo
[13:40:51] ⏱ 생성대기 시작 SRT_1060 max=120s
[13:41:05] ⏱ 생성대기 완료 14.7s SRT_1060 https://www.genspark.ai/api/files/s/mxal8dt5
[13:41:05] ⏱ 생성대기구간 SRT_1060 14.7s · ok=True
[13:41:05] SRT_1060 근접 이미지 https://www.genspark.ai/api/files/s/mxal8dt5
[13:41:05] 다운로드 files URL=https://www.genspark.ai/api/files/s/mxal8dt5 → SRT_1060.png
[13:41:06] ⏱ 다운로드 직접 1.0s size=398022 SRT_1060.png
[13:41:06] ⏱ 다운로드구간 SRT_1060 1.0s · SRT_1060.png
[13:41:09] ⏱ 다운로드후유휴 SRT_1060 2.3s · idle=True
[13:41:09] ⏱ 씬합계 SRT_1060 26.2s · https://www.genspark.ai/api/files/s/mxal8dt5
[13:41:09] SRT_1060 생성·다운로드 완료
C:\cursor\wuxia\workspace\swardmaster\2부\18장\png\SRT_1060.png
[13:41:09] 상태키 SRT_1080 · tracking=OFF; Baek|base; Jin|base
[13:41:09] run_scene 시작 SRT_1080 · seen_files=54 · last_saved=https://www.genspark.ai/api/files/s/mxal8dt5
[13:41:09] ⏱ 준비 SRT_1080 0.0s · chars=4411
[13:41:11] ⏱ 다음명령유휴 SRT_1080 2.3s · idle=True
[13:41:13] fill OK(clip) follow=True chars=4411
[13:41:13] submit 시작 composer=4411 url=https://www.genspark.ai/agents?id=aac87f38-76f0-4cc3-bbe9-c66cd59009cf
[13:41:13] submit geo 실패 hit=no-btn
[13:41:13] submit 시도 method=geo geo=False
[13:41:13] submit 미확인 method=geo generating=False composer=4411
[13:41:14] submit geo 실패 hit=no-btn
[13:41:14] submit 시도 method=send send=False
[13:41:15] submit 미확인 method=send generating=False composer=4411
[13:41:15] submit 시도 method=ctrl
[13:41:16] submit 미확인 method=ctrl generating=False composer=4413
[13:41:16] submit 시도 method=enter
[13:41:17] submit 확인 method=enter generating=False composer=0
[13:41:17] ⏱ 입력·전송 SRT_1080 5.8s · chars=4411
[13:41:17] 제출 후 last_saved=https://www.genspark.ai/api/files/s/mxal8dt5
[13:41:17] ⏱ 생성대기 시작 SRT_1080 max=120s
[13:41:28] ⏱ 생성대기 완료 11.2s SRT_1080 https://www.genspark.ai/api/files/s/xgcmqely
[13:41:28] ⏱ 생성대기구간 SRT_1080 11.2s · ok=True
[13:41:29] SRT_1080 근접 이미지 https://www.genspark.ai/api/files/s/xgcmqely
[13:41:29] 다운로드 files URL=https://www.genspark.ai/api/files/s/xgcmqely → SRT_1080.png
[13:41:29] ⏱ 다운로드 직접 0.8s size=597215 SRT_1080.png
[13:41:29] ⏱ 다운로드구간 SRT_1080 0.8s · SRT_1080.png
[13:41:31] ⏱ 다운로드후유휴 SRT_1080 2.2s · idle=True
[13:41:31] ⏱ 씬합계 SRT_1080 22.6s · https://www.genspark.ai/api/files/s/xgcmqely
[13:41:31] SRT_1080 생성·다운로드 완료
C:\cursor\wuxia\workspace\swardmaster\2부\18장\png\SRT_1080.png
[13:41:32] 상태키 SRT_1100 · tracking=OFF; Baek|base; Jin|base
[13:41:32] run_scene 시작 SRT_1100 · seen_files=55 · last_saved=https://www.genspark.ai/api/files/s/xgcmqely
[13:41:32] ⏱ 준비 SRT_1100 0.0s · chars=4395
[13:41:34] ⏱ 다음명령유휴 SRT_1100 2.3s · idle=True
[13:41:35] fill OK(clip) follow=True chars=4395
[13:41:35] submit 시작 composer=4395 url=https://www.genspark.ai/agents?id=aac87f38-76f0-4cc3-bbe9-c66cd59009cf
[13:41:36] submit geo 실패 hit=no-btn
[13:41:36] submit 시도 method=geo geo=False
[13:41:36] submit 미확인 method=geo generating=False composer=4395
[13:41:37] submit geo 실패 hit=no-btn
[13:41:37] submit 시도 method=send send=False
[13:41:38] submit 미확인 method=send generating=False composer=4395
[13:41:38] submit 시도 method=ctrl
[13:41:39] submit 미확인 method=ctrl generating=False composer=4397
[13:41:39] submit 시도 method=enter
[13:41:40] submit 확인 method=enter generating=False composer=0
[13:41:40] ⏱ 입력·전송 SRT_1100 5.6s · chars=4395
[13:41:40] 제출 후 last_saved=https://www.genspark.ai/api/files/s/xgcmqely
[13:41:40] ⏱ 생성대기 시작 SRT_1100 max=120s
[13:41:51] ⏱ 생성대기 완료 10.8s SRT_1100 https://www.genspark.ai/api/files/s/bcripjui
[13:41:51] ⏱ 생성대기구간 SRT_1100 10.8s · ok=True
[13:41:51] SRT_1100 근접 이미지 https://www.genspark.ai/api/files/s/bcripjui
[13:41:51] 다운로드 files URL=https://www.genspark.ai/api/files/s/bcripjui → SRT_1100.png
[13:41:52] ⏱ 다운로드 직접 0.8s size=419247 SRT_1100.png
[13:41:52] ⏱ 다운로드구간 SRT_1100 0.9s · SRT_1100.png
[13:41:54] ⏱ 다운로드후유휴 SRT_1100 2.3s · idle=True
[13:41:54] ⏱ 씬합계 SRT_1100 22.2s · https://www.genspark.ai/api/files/s/bcripjui
[13:41:54] SRT_1100 생성·다운로드 완료
C:\cursor\wuxia\workspace\swardmaster\2부\18장\png\SRT_1100.png
[13:41:54] 상태키 SRT_1120 · tracking=OFF; Baek|base; Jin|base
[13:41:54] run_scene 시작 SRT_1120 · seen_files=56 · last_saved=https://www.genspark.ai/api/files/s/bcripjui
[13:41:54] ⏱ 준비 SRT_1120 0.0s · chars=4405
[13:41:56] ⏱ 다음명령유휴 SRT_1120 2.2s · idle=True
[13:41:58] fill OK(clip) follow=True chars=4405
[13:41:58] submit 시작 composer=4405 url=https://www.genspark.ai/agents?id=aac87f38-76f0-4cc3-bbe9-c66cd59009cf
[13:41:58] submit geo 실패 hit=no-btn
[13:41:58] submit 시도 method=geo geo=False
[13:41:58] submit 미확인 method=geo generating=False composer=4405
[13:41:59] submit geo 실패 hit=no-btn
[13:41:59] submit 시도 method=send send=False
[13:42:00] submit 미확인 method=send generating=False composer=4405
[13:42:00] submit 시도 method=ctrl
[13:42:01] submit 미확인 method=ctrl generating=False composer=4407
[13:42:01] submit 시도 method=enter
[13:42:02] submit 확인 method=enter generating=False composer=0
[13:42:02] ⏱ 입력·전송 SRT_1120 5.5s · chars=4405
[13:42:02] 제출 후 last_saved=https://www.genspark.ai/api/files/s/bcripjui
[13:42:02] ⏱ 생성대기 시작 SRT_1120 max=120s
[13:42:15] ⏱ 생성대기 완료 12.9s SRT_1120 https://www.genspark.ai/api/files/s/9qzguodq
[13:42:15] ⏱ 생성대기구간 SRT_1120 12.9s · ok=True
[13:42:15] SRT_1120 근접 이미지 https://www.genspark.ai/api/files/s/9qzguodq
[13:42:15] 다운로드 files URL=https://www.genspark.ai/api/files/s/9qzguodq → SRT_1120.png
[13:42:16] ⏱ 다운로드 직접 0.8s size=348218 SRT_1120.png
[13:42:16] ⏱ 다운로드구간 SRT_1120 0.9s · SRT_1120.png
[13:42:18] ⏱ 다운로드후유휴 SRT_1120 2.2s · idle=True
[13:42:18] ⏱ 씬합계 SRT_1120 24.0s · https://www.genspark.ai/api/files/s/9qzguodq
[13:42:18] SRT_1120 생성·다운로드 완료
C:\cursor\wuxia\workspace\swardmaster\2부\18장\png\SRT_1120.png
[13:42:18] 상태키 SRT_1140 · tracking=OFF; Baek|base; Jin|base
[13:42:18] run_scene 시작 SRT_1140 · seen_files=57 · last_saved=https://www.genspark.ai/api/files/s/9qzguodq
[13:42:18] ⏱ 준비 SRT_1140 0.0s · chars=4382
[13:42:21] ⏱ 다음명령유휴 SRT_1140 2.3s · idle=True
[13:42:22] fill OK(clip) follow=True chars=4382
[13:42:22] submit 시작 composer=4382 url=https://www.genspark.ai/agents?id=aac87f38-76f0-4cc3-bbe9-c66cd59009cf
[13:42:22] submit geo 실패 hit=no-btn
[13:42:22] submit 시도 method=geo geo=False
[13:42:23] submit 미확인 method=geo generating=False composer=4382
[13:42:24] submit geo 실패 hit=no-btn
[13:42:24] submit 시도 method=send send=False
[13:42:24] submit 미확인 method=send generating=False composer=4382
[13:42:25] submit 시도 method=ctrl
[13:42:25] submit 미확인 method=ctrl generating=False composer=4384
[13:42:26] submit 시도 method=enter
[13:42:26] submit 확인 method=enter generating=False composer=0
[13:42:26] ⏱ 입력·전송 SRT_1140 5.7s · chars=4382
[13:42:26] 제출 후 last_saved=https://www.genspark.ai/api/files/s/9qzguodq
[13:42:27] ⏱ 생성대기 시작 SRT_1140 max=120s
[13:42:37] ⏱ 생성대기 완료 10.1s SRT_1140 https://www.genspark.ai/api/files/s/wlukbukq
[13:42:37] ⏱ 생성대기구간 SRT_1140 10.1s · ok=True
[13:42:37] SRT_1140 근접 이미지 https://www.genspark.ai/api/files/s/wlukbukq
[13:42:37] 다운로드 files URL=https://www.genspark.ai/api/files/s/wlukbukq → SRT_1140.png
[13:42:38] ⏱ 다운로드 직접 1.0s size=256771 SRT_1140.png
[13:42:38] ⏱ 다운로드구간 SRT_1140 1.0s · SRT_1140.png
[13:42:40] ⏱ 다운로드후유휴 SRT_1140 2.3s · idle=True
[13:42:40] ⏱ 씬합계 SRT_1140 21.6s · https://www.genspark.ai/api/files/s/wlukbukq
[13:42:40] SRT_1140 생성·다운로드 완료
C:\cursor\wuxia\workspace\swardmaster\2부\18장\png\SRT_1140.png
[13:42:40] 상태키 SRT_1160 · tracking=OFF; Baek|base; Jin|base
[13:42:40] run_scene 시작 SRT_1160 · seen_files=58 · last_saved=https://www.genspark.ai/api/files/s/wlukbukq
[13:42:40] ⏱ 준비 SRT_1160 0.0s · chars=4358
[13:42:43] ⏱ 다음명령유휴 SRT_1160 2.5s · idle=True
[13:42:44] fill OK(clip) follow=True chars=4358
[13:42:44] submit 시작 composer=4358 url=https://www.genspark.ai/agents?id=aac87f38-76f0-4cc3-bbe9-c66cd59009cf
[13:42:44] submit geo 실패 hit=no-btn
[13:42:44] submit 시도 method=geo geo=False
[13:42:45] submit 미확인 method=geo generating=False composer=4358
[13:42:46] submit geo 실패 hit=no-btn
[13:42:46] submit 시도 method=send send=False
[13:42:46] submit 미확인 method=send generating=False composer=4358
[13:42:47] submit 시도 method=ctrl
[13:42:47] submit 미확인 method=ctrl generating=False composer=4360
[13:42:48] submit 시도 method=enter
[13:42:48] submit 확인 method=enter generating=False composer=0
[13:42:48] ⏱ 입력·전송 SRT_1160 5.7s · chars=4358
[13:42:48] 제출 후 last_saved=https://www.genspark.ai/api/files/s/wlukbukq
[13:42:49] ⏱ 생성대기 시작 SRT_1160 max=120s
[13:43:00] ⏱ 생성대기 완료 11.4s SRT_1160 https://www.genspark.ai/api/files/s/lg7tvk4t
[13:43:00] ⏱ 생성대기구간 SRT_1160 11.4s · ok=True
[13:43:00] SRT_1160 근접 이미지 https://www.genspark.ai/api/files/s/lg7tvk4t
[13:43:00] 다운로드 files URL=https://www.genspark.ai/api/files/s/lg7tvk4t → SRT_1160.png
[13:43:01] ⏱ 다운로드 직접 0.9s size=457758 SRT_1160.png
[13:43:01] ⏱ 다운로드구간 SRT_1160 0.9s · SRT_1160.png
[13:43:03] ⏱ 다운로드후유휴 SRT_1160 2.4s · idle=True
[13:43:03] ⏱ 씬합계 SRT_1160 23.2s · https://www.genspark.ai/api/files/s/lg7tvk4t
[13:43:03] SRT_1160 생성·다운로드 완료
C:\cursor\wuxia\workspace\swardmaster\2부\18장\png\SRT_1160.png
[13:43:04] 상태키 SRT_1180 · tracking=OFF; Baek|base; Jin|base
[13:43:04] run_scene 시작 SRT_1180 · seen_files=59 · last_saved=https://www.genspark.ai/api/files/s/lg7tvk4t
[13:43:04] ⏱ 준비 SRT_1180 0.0s · chars=4370
[13:43:06] ⏱ 다음명령유휴 SRT_1180 2.9s · idle=True
[13:43:08] fill OK(clip) follow=True chars=4370
[13:43:08] submit 시작 composer=4370 url=https://www.genspark.ai/agents?id=aac87f38-76f0-4cc3-bbe9-c66cd59009cf
[13:43:08] submit geo 실패 hit=no-btn
[13:43:08] submit 시도 method=geo geo=False
[13:43:09] submit 미확인 method=geo generating=False composer=4370
[13:43:09] submit geo 실패 hit=no-btn
[13:43:10] submit 시도 method=send send=False
[13:43:10] submit 미확인 method=send generating=False composer=4370
[13:43:11] submit 시도 method=ctrl
[13:43:11] submit 미확인 method=ctrl generating=False composer=4372
[13:43:12] submit 시도 method=enter
[13:43:12] submit 확인 method=enter generating=False composer=0
[13:43:12] ⏱ 입력·전송 SRT_1180 5.7s · chars=4370
[13:43:12] 제출 후 last_saved=https://www.genspark.ai/api/files/s/lg7tvk4t
[13:43:12] ⏱ 생성대기 시작 SRT_1180 max=120s
[13:43:25] ⏱ 생성대기 완료 12.9s SRT_1180 https://www.genspark.ai/api/files/s/6oue3fyz
[13:43:25] ⏱ 생성대기구간 SRT_1180 12.9s · ok=True
[13:43:25] SRT_1180 근접 이미지 https://www.genspark.ai/api/files/s/6oue3fyz
[13:43:25] 다운로드 files URL=https://www.genspark.ai/api/files/s/6oue3fyz → SRT_1180.png
[13:43:26] ⏱ 다운로드 직접 0.9s size=620144 SRT_1180.png
[13:43:26] ⏱ 다운로드구간 SRT_1180 0.9s · SRT_1180.png
[13:43:28] ⏱ 다운로드후유휴 SRT_1180 2.0s · idle=True
[13:43:28] ⏱ 씬합계 SRT_1180 24.7s · https://www.genspark.ai/api/files/s/6oue3fyz
[13:43:28] SRT_1180 생성·다운로드 완료
C:\cursor\wuxia\workspace\swardmaster\2부\18장\png\SRT_1180.png
[13:43:28] 상태키 SRT_1200 · tracking=OFF; Baek|base; Jin|base
[13:43:28] run_scene 시작 SRT_1200 · seen_files=60 · last_saved=https://www.genspark.ai/api/files/s/6oue3fyz
[13:43:28] ⏱ 준비 SRT_1200 0.0s · chars=5613
[13:43:30] ⏱ 다음명령유휴 SRT_1200 1.8s · idle=True
[13:43:31] fill OK(clip) follow=True chars=5613
[13:43:31] submit 시작 composer=5613 url=https://www.genspark.ai/agents?id=aac87f38-76f0-4cc3-bbe9-c66cd59009cf
[13:43:31] submit geo 실패 hit=no-btn
[13:43:31] submit 시도 method=geo geo=False
[13:43:32] submit 미확인 method=geo generating=False composer=5613
[13:43:33] submit geo 실패 hit=no-btn
[13:43:33] submit 시도 method=send send=False
[13:43:33] submit 미확인 method=send generating=False composer=5613
[13:43:34] submit 시도 method=ctrl
[13:43:34] submit 미확인 method=ctrl generating=False composer=5615
[13:43:35] submit 시도 method=enter
[13:43:35] submit 확인 method=enter generating=False composer=0
[13:43:35] ⏱ 입력·전송 SRT_1200 5.1s · chars=5613
[13:43:35] 제출 후 last_saved=https://www.genspark.ai/api/files/s/6oue3fyz
[13:43:36] ⏱ 생성대기 시작 SRT_1200 max=120s
[13:43:47] ⏱ 생성대기 완료 11.5s SRT_1200 https://www.genspark.ai/api/files/s/nia3vien
[13:43:47] ⏱ 생성대기구간 SRT_1200 11.5s · ok=True
[13:43:47] SRT_1200 근접 이미지 https://www.genspark.ai/api/files/s/nia3vien
[13:43:47] 다운로드 files URL=https://www.genspark.ai/api/files/s/nia3vien → SRT_1200.png
[13:43:48] ⏱ 다운로드 직접 0.8s size=759985 SRT_1200.png
[13:43:48] ⏱ 다운로드구간 SRT_1200 0.8s · SRT_1200.png
[13:43:50] ⏱ 다운로드후유휴 SRT_1200 2.1s · idle=True
[13:43:50] ⏱ 씬합계 SRT_1200 21.6s · https://www.genspark.ai/api/files/s/nia3vien
[13:43:50] SRT_1200 생성·다운로드 완료
C:\cursor\wuxia\workspace\swardmaster\2부\18장\png\SRT_1200.png
[13:43:50] 상태키 SRT_1220 · tracking=OFF; Baek|base; Jin|base
[13:43:50] run_scene 시작 SRT_1220 · seen_files=61 · last_saved=https://www.genspark.ai/api/files/s/nia3vien
[13:43:50] ⏱ 준비 SRT_1220 0.0s · chars=5634
[13:43:52] ⏱ 다음명령유휴 SRT_1220 1.9s · idle=True
[13:43:53] fill OK(clip) follow=True chars=5634
[13:43:53] submit 시작 composer=5634 url=https://www.genspark.ai/agents?id=aac87f38-76f0-4cc3-bbe9-c66cd59009cf
[13:43:53] submit geo 실패 hit=no-btn
[13:43:53] submit 시도 method=geo geo=False
[13:43:54] submit 미확인 method=geo generating=False composer=5634
[13:43:54] submit geo 실패 hit=no-btn
[13:43:54] submit 시도 method=send send=False
[13:43:55] submit 미확인 method=send generating=False composer=5634
[13:43:55] submit 시도 method=ctrl
[13:43:56] submit 미확인 method=ctrl generating=False composer=5636
[13:43:56] submit 시도 method=enter
[13:43:57] submit 확인 method=enter generating=False composer=0
[13:43:57] ⏱ 입력·전송 SRT_1220 4.7s · chars=5634
[13:43:57] 제출 후 last_saved=https://www.genspark.ai/api/files/s/nia3vien
[13:43:57] ⏱ 생성대기 시작 SRT_1220 max=120s
[13:44:12] ⏱ 생성대기 완료 14.5s SRT_1220 https://www.genspark.ai/api/files/s/y0olhxxk
[13:44:12] ⏱ 생성대기구간 SRT_1220 14.5s · ok=True
[13:44:12] SRT_1220 근접 이미지 https://www.genspark.ai/api/files/s/y0olhxxk
[13:44:12] 다운로드 files URL=https://www.genspark.ai/api/files/s/y0olhxxk → SRT_1220.png
[13:44:13] ⏱ 다운로드 직접 0.9s size=683757 SRT_1220.png
[13:44:13] ⏱ 다운로드구간 SRT_1220 1.0s · SRT_1220.png
[13:44:15] ⏱ 다운로드후유휴 SRT_1220 2.3s · idle=True
[13:44:15] ⏱ 씬합계 SRT_1220 24.7s · https://www.genspark.ai/api/files/s/y0olhxxk
[13:44:15] SRT_1220 생성·다운로드 완료
C:\cursor\wuxia\workspace\swardmaster\2부\18장\png\SRT_1220.png
[13:44:15] 상태키 SRT_1240 · tracking=OFF; Baek|base; Jin|base
[13:44:15] run_scene 시작 SRT_1240 · seen_files=62 · last_saved=https://www.genspark.ai/api/files/s/y0olhxxk
[13:44:15] ⏱ 준비 SRT_1240 0.0s · chars=4370
[13:44:18] ⏱ 다음명령유휴 SRT_1240 2.5s · idle=True
[13:44:19] fill OK(clip) follow=True chars=4370
[13:44:19] submit 시작 composer=4370 url=https://www.genspark.ai/agents?id=aac87f38-76f0-4cc3-bbe9-c66cd59009cf
[13:44:20] submit geo 실패 hit=no-btn
[13:44:20] submit 시도 method=geo geo=False
[13:44:20] submit 미확인 method=geo generating=False composer=4370
[13:44:21] submit geo 실패 hit=no-btn
[13:44:21] submit 시도 method=send send=False
[13:44:21] submit 미확인 method=send generating=False composer=4370
[13:44:22] submit 시도 method=ctrl
[13:44:23] submit 미확인 method=ctrl generating=False composer=4372
[13:44:23] submit 시도 method=enter
[13:44:24] submit 확인 method=enter generating=False composer=0
[13:44:24] ⏱ 입력·전송 SRT_1240 5.9s · chars=4370
[13:44:24] 제출 후 last_saved=https://www.genspark.ai/api/files/s/y0olhxxk
[13:44:24] ⏱ 생성대기 시작 SRT_1240 max=120s
[13:44:35] ⏱ 생성대기 완료 11.4s SRT_1240 https://www.genspark.ai/api/files/s/yheb7bn6
[13:44:35] ⏱ 생성대기구간 SRT_1240 11.4s · ok=True
[13:44:35] SRT_1240 근접 이미지 https://www.genspark.ai/api/files/s/yheb7bn6
[13:44:35] 다운로드 files URL=https://www.genspark.ai/api/files/s/yheb7bn6 → SRT_1240.png
[13:44:36] ⏱ 다운로드 직접 1.0s size=563808 SRT_1240.png
[13:44:36] ⏱ 다운로드구간 SRT_1240 1.0s · SRT_1240.png
[13:44:39] ⏱ 다운로드후유휴 SRT_1240 2.5s · idle=True
[13:44:39] ⏱ 씬합계 SRT_1240 23.7s · https://www.genspark.ai/api/files/s/yheb7bn6
[13:44:39] SRT_1240 생성·다운로드 완료
C:\cursor\wuxia\workspace\swardmaster\2부\18장\png\SRT_1240.png
[13:44:39] 상태키 SRT_1260 · tracking=OFF; Baek|base; Jin|base
[13:44:39] run_scene 시작 SRT_1260 · seen_files=63 · last_saved=https://www.genspark.ai/api/files/s/yheb7bn6
[13:44:39] ⏱ 준비 SRT_1260 0.0s · chars=4346
[13:44:41] ⏱ 다음명령유휴 SRT_1260 2.3s · idle=True
[13:44:43] fill OK(clip) follow=True chars=4346
[13:44:43] submit 시작 composer=4346 url=https://www.genspark.ai/agents?id=aac87f38-76f0-4cc3-bbe9-c66cd59009cf
[13:44:43] submit geo 실패 hit=no-btn
[13:44:43] submit 시도 method=geo geo=False
[13:44:44] submit 미확인 method=geo generating=False composer=4346
[13:44:45] submit geo 실패 hit=no-btn
[13:44:45] submit 시도 method=send send=False
[13:44:45] submit 미확인 method=send generating=False composer=4346
[13:44:46] submit 시도 method=ctrl
[13:44:46] submit 미확인 method=ctrl generating=False composer=4348
[13:44:47] submit 시도 method=enter
[13:44:47] submit 확인 method=enter generating=False composer=0
[13:44:47] ⏱ 입력·전송 SRT_1260 5.8s · chars=4346
[13:44:47] 제출 후 last_saved=https://www.genspark.ai/api/files/s/yheb7bn6
[13:44:47] ⏱ 생성대기 시작 SRT_1260 max=120s
[13:44:59] ⏱ 생성대기 완료 12.0s SRT_1260 https://www.genspark.ai/api/files/s/5b0y81jl
[13:44:59] ⏱ 생성대기구간 SRT_1260 12.0s · ok=True
[13:45:00] SRT_1260 근접 이미지 https://www.genspark.ai/api/files/s/5b0y81jl
[13:45:00] 다운로드 files URL=https://www.genspark.ai/api/files/s/5b0y81jl → SRT_1260.png
[13:45:01] ⏱ 다운로드 직접 1.3s size=637903 SRT_1260.png
[13:45:01] ⏱ 다운로드구간 SRT_1260 1.3s · SRT_1260.png
[13:45:03] ⏱ 다운로드후유휴 SRT_1260 2.3s · idle=True
[13:45:03] ⏱ 씬합계 SRT_1260 24.2s · https://www.genspark.ai/api/files/s/5b0y81jl
[13:45:03] SRT_1260 생성·다운로드 완료
C:\cursor\wuxia\workspace\swardmaster\2부\18장\png\SRT_1260.png
[13:45:03] 상태키 SRT_1280 · tracking=OFF; Baek|base; Jin|base
[13:45:03] run_scene 시작 SRT_1280 · seen_files=64 · last_saved=https://www.genspark.ai/api/files/s/5b0y81jl
[13:45:03] ⏱ 준비 SRT_1280 0.0s · chars=4355
[13:45:05] ⏱ 다음명령유휴 SRT_1280 2.0s · idle=True
[13:45:06] fill OK(clip) follow=True chars=4355
[13:45:06] submit 시작 composer=4355 url=https://www.genspark.ai/agents?id=aac87f38-76f0-4cc3-bbe9-c66cd59009cf
[13:45:06] submit geo 실패 hit=no-btn
[13:45:06] submit 시도 method=geo geo=False
[13:45:07] submit 미확인 method=geo generating=False composer=4355
[13:45:08] submit geo 실패 hit=no-btn
[13:45:08] submit 시도 method=send send=False
[13:45:08] submit 미확인 method=send generating=False composer=4355
[13:45:09] submit 시도 method=ctrl
[13:45:09] submit 미확인 method=ctrl generating=False composer=4357
[13:45:10] submit 시도 method=enter
[13:45:10] submit 확인 method=enter generating=False composer=0
[13:45:10] ⏱ 입력·전송 SRT_1280 4.7s · chars=4355
[13:45:10] 제출 후 last_saved=https://www.genspark.ai/api/files/s/5b0y81jl
[13:45:10] ⏱ 생성대기 시작 SRT_1280 max=120s
[13:45:25] ⏱ 생성대기 완료 14.7s SRT_1280 https://www.genspark.ai/api/files/s/ifjguyfp
[13:45:25] ⏱ 생성대기구간 SRT_1280 14.8s · ok=True
[13:45:25] SRT_1280 근접 이미지 https://www.genspark.ai/api/files/s/ifjguyfp
[13:45:25] 다운로드 files URL=https://www.genspark.ai/api/files/s/ifjguyfp → SRT_1280.png
[13:45:26] ⏱ 다운로드 직접 0.9s size=582260 SRT_1280.png
[13:45:26] ⏱ 다운로드구간 SRT_1280 0.9s · SRT_1280.png
[13:45:28] ⏱ 다운로드후유휴 SRT_1280 2.2s · idle=True
[13:45:28] ⏱ 씬합계 SRT_1280 25.0s · https://www.genspark.ai/api/files/s/ifjguyfp
[13:45:28] SRT_1280 생성·다운로드 완료
C:\cursor\wuxia\workspace\swardmaster\2부\18장\png\SRT_1280.png
[13:45:29] 상태키 SRT_1300 · tracking=OFF; Baek|base; Jin|base
[13:45:29] run_scene 시작 SRT_1300 · seen_files=65 · last_saved=https://www.genspark.ai/api/files/s/ifjguyfp
[13:45:29] ⏱ 준비 SRT_1300 0.0s · chars=4354
[13:45:31] ⏱ 다음명령유휴 SRT_1300 2.3s · idle=True
[13:45:32] fill OK(clip) follow=True chars=4354
[13:45:32] submit 시작 composer=4354 url=https://www.genspark.ai/agents?id=aac87f38-76f0-4cc3-bbe9-c66cd59009cf
[13:45:33] submit geo 실패 hit=no-btn
[13:45:33] submit 시도 method=geo geo=False
[13:45:33] submit 미확인 method=geo generating=False composer=4354
[13:45:34] submit geo 실패 hit=no-btn
[13:45:34] submit 시도 method=send send=False
[13:45:34] submit 미확인 method=send generating=False composer=4354
[13:45:35] submit 시도 method=ctrl
[13:45:35] submit 미확인 method=ctrl generating=False composer=4356
[13:45:36] submit 시도 method=enter
[13:45:37] submit 확인 method=enter generating=False composer=0
[13:45:37] ⏱ 입력·전송 SRT_1300 5.5s · chars=4354
[13:45:37] 제출 후 last_saved=https://www.genspark.ai/api/files/s/ifjguyfp
[13:45:37] ⏱ 생성대기 시작 SRT_1300 max=120s
[13:45:51] ⏱ 생성대기 완료 14.7s SRT_1300 https://www.genspark.ai/api/files/s/eubxghk7
[13:45:51] ⏱ 생성대기구간 SRT_1300 14.7s · ok=True
[13:45:52] SRT_1300 근접 이미지 https://www.genspark.ai/api/files/s/eubxghk7
[13:45:52] 다운로드 files URL=https://www.genspark.ai/api/files/s/eubxghk7 → SRT_1300.png
[13:45:52] ⏱ 다운로드 직접 0.8s size=674147 SRT_1300.png
[13:45:52] ⏱ 다운로드구간 SRT_1300 0.9s · SRT_1300.png
[13:45:55] ⏱ 다운로드후유휴 SRT_1300 2.5s · idle=True
[13:45:55] ⏱ 씬합계 SRT_1300 26.2s · https://www.genspark.ai/api/files/s/eubxghk7
[13:45:55] SRT_1300 생성·다운로드 완료
C:\cursor\wuxia\workspace\swardmaster\2부\18장\png\SRT_1300.png
[13:45:55] 상태키 SRT_1320 · tracking=OFF; Baek|base; Jin|base
[13:45:55] run_scene 시작 SRT_1320 · seen_files=66 · last_saved=https://www.genspark.ai/api/files/s/eubxghk7
[13:45:55] ⏱ 준비 SRT_1320 0.0s · chars=4355
[13:45:57] ⏱ 다음명령유휴 SRT_1320 2.2s · idle=True
[13:45:59] fill OK(clip) follow=True chars=4355
[13:45:59] submit 시작 composer=4355 url=https://www.genspark.ai/agents?id=aac87f38-76f0-4cc3-bbe9-c66cd59009cf
[13:45:59] submit geo 실패 hit=no-btn
[13:45:59] submit 시도 method=geo geo=False
[13:46:00] submit 미확인 method=geo generating=False composer=4355
[13:46:00] submit geo 실패 hit=no-btn
[13:46:00] submit 시도 method=send send=False
[13:46:01] submit 미확인 method=send generating=False composer=4355
[13:46:01] submit 시도 method=ctrl
[13:46:02] submit 미확인 method=ctrl generating=False composer=4357
[13:46:02] submit 시도 method=enter
[13:46:03] submit 확인 method=enter generating=False composer=0
[13:46:03] ⏱ 입력·전송 SRT_1320 5.8s · chars=4355
[13:46:03] 제출 후 last_saved=https://www.genspark.ai/api/files/s/eubxghk7
[13:46:03] ⏱ 생성대기 시작 SRT_1320 max=120s
[13:46:18] ⏱ 생성대기 완료 14.2s SRT_1320 https://www.genspark.ai/api/files/s/jeo4xqfi
[13:46:18] ⏱ 생성대기구간 SRT_1320 14.2s · ok=True
[13:46:18] SRT_1320 근접 이미지 https://www.genspark.ai/api/files/s/jeo4xqfi
[13:46:18] 다운로드 files URL=https://www.genspark.ai/api/files/s/jeo4xqfi → SRT_1320.png
[13:46:19] ⏱ 다운로드 직접 0.9s size=428335 SRT_1320.png
[13:46:19] ⏱ 다운로드구간 SRT_1320 1.0s · SRT_1320.png
[13:46:21] ⏱ 다운로드후유휴 SRT_1320 2.3s · idle=True
[13:46:21] ⏱ 씬합계 SRT_1320 25.9s · https://www.genspark.ai/api/files/s/jeo4xqfi
[13:46:21] SRT_1320 생성·다운로드 완료
C:\cursor\wuxia\workspace\swardmaster\2부\18장\png\SRT_1320.png
[13:46:21] 상태키 SRT_1340 · tracking=OFF; Baek|base; Jin|base
[13:46:21] run_scene 시작 SRT_1340 · seen_files=67 · last_saved=https://www.genspark.ai/api/files/s/jeo4xqfi
[13:46:21] ⏱ 준비 SRT_1340 0.0s · chars=4359
[13:46:24] ⏱ 다음명령유휴 SRT_1340 2.4s · idle=True
[13:46:25] fill OK(clip) follow=True chars=4359
[13:46:25] submit 시작 composer=4359 url=https://www.genspark.ai/agents?id=aac87f38-76f0-4cc3-bbe9-c66cd59009cf
[13:46:25] submit geo 실패 hit=no-btn
[13:46:25] submit 시도 method=geo geo=False
[13:46:26] submit 미확인 method=geo generating=False composer=4359
[13:46:27] submit geo 실패 hit=no-btn
[13:46:27] submit 시도 method=send send=False
[13:46:27] submit 미확인 method=send generating=False composer=4359
[13:46:28] submit 시도 method=ctrl
[13:46:28] submit 미확인 method=ctrl generating=False composer=4361
[13:46:29] submit 시도 method=enter
[13:46:30] submit 확인 method=enter generating=False composer=0
[13:46:30] ⏱ 입력·전송 SRT_1340 5.9s · chars=4359
[13:46:30] 제출 후 last_saved=https://www.genspark.ai/api/files/s/jeo4xqfi
[13:46:30] ⏱ 생성대기 시작 SRT_1340 max=120s
[13:46:43] ⏱ 생성대기 완료 13.7s SRT_1340 https://www.genspark.ai/api/files/s/j3un3zfq
[13:46:43] ⏱ 생성대기구간 SRT_1340 13.7s · ok=True
[13:46:44] SRT_1340 근접 이미지 https://www.genspark.ai/api/files/s/j3un3zfq
[13:46:44] 다운로드 files URL=https://www.genspark.ai/api/files/s/j3un3zfq → SRT_1340.png
[13:46:45] ⏱ 다운로드 직접 0.9s size=591557 SRT_1340.png
[13:46:45] ⏱ 다운로드구간 SRT_1340 1.0s · SRT_1340.png
[13:46:47] ⏱ 다운로드후유휴 SRT_1340 2.6s · idle=True
[13:46:47] ⏱ 씬합계 SRT_1340 26.0s · https://www.genspark.ai/api/files/s/j3un3zfq
[13:46:47] SRT_1340 생성·다운로드 완료
C:\cursor\wuxia\workspace\swardmaster\2부\18장\png\SRT_1340.png
[13:46:47] 상태키 SRT_1360 · tracking=OFF; Baek|base; Jin|base
[13:46:47] run_scene 시작 SRT_1360 · seen_files=68 · last_saved=https://www.genspark.ai/api/files/s/j3un3zfq
[13:46:47] ⏱ 준비 SRT_1360 0.0s · chars=4359
[13:46:50] ⏱ 다음명령유휴 SRT_1360 2.4s · idle=True
[13:46:51] fill OK(clip) follow=True chars=4359
[13:46:51] submit 시작 composer=4359 url=https://www.genspark.ai/agents?id=aac87f38-76f0-4cc3-bbe9-c66cd59009cf
[13:46:52] submit geo 실패 hit=no-btn
[13:46:52] submit 시도 method=geo geo=False
[13:46:52] submit 미확인 method=geo generating=False composer=4359
[13:46:53] submit geo 실패 hit=no-btn
[13:46:53] submit 시도 method=send send=False
[13:46:54] submit 미확인 method=send generating=False composer=4359
[13:46:54] submit 시도 method=ctrl
[13:46:55] submit 미확인 method=ctrl generating=False composer=4361
[13:46:55] submit 시도 method=enter
[13:46:56] submit 확인 method=enter generating=False composer=0
[13:46:56] ⏱ 입력·전송 SRT_1360 6.0s · chars=4359
[13:46:56] 제출 후 last_saved=https://www.genspark.ai/api/files/s/j3un3zfq
[13:46:56] ⏱ 생성대기 시작 SRT_1360 max=120s
[13:47:10] ⏱ 생성대기 완료 14.0s SRT_1360 https://www.genspark.ai/api/files/s/geyzmtlx
[13:47:10] ⏱ 생성대기구간 SRT_1360 14.0s · ok=True
[13:47:10] SRT_1360 근접 이미지 https://www.genspark.ai/api/files/s/geyzmtlx
[13:47:10] 다운로드 files URL=https://www.genspark.ai/api/files/s/geyzmtlx → SRT_1360.png
[13:47:11] ⏱ 다운로드 직접 1.0s size=606370 SRT_1360.png
[13:47:11] ⏱ 다운로드구간 SRT_1360 1.1s · SRT_1360.png
[13:47:14] ⏱ 다운로드후유휴 SRT_1360 2.4s · idle=True
[13:47:14] ⏱ 씬합계 SRT_1360 26.3s · https://www.genspark.ai/api/files/s/geyzmtlx
[13:47:14] SRT_1360 생성·다운로드 완료
C:\cursor\wuxia\workspace\swardmaster\2부\18장\png\SRT_1360.png
[13:47:14] 상태키 SRT_1380 · tracking=OFF; Baek|base; Jin|base
[13:47:14] run_scene 시작 SRT_1380 · seen_files=69 · last_saved=https://www.genspark.ai/api/files/s/geyzmtlx
[13:47:14] ⏱ 준비 SRT_1380 0.0s · chars=6620
[13:47:16] ⏱ 다음명령유휴 SRT_1380 2.3s · idle=True
[13:47:17] fill OK(clip) follow=True chars=6620
[13:47:17] submit 시작 composer=6620 url=https://www.genspark.ai/agents?id=aac87f38-76f0-4cc3-bbe9-c66cd59009cf
[13:47:18] submit geo 실패 hit=no-btn
[13:47:18] submit 시도 method=geo geo=False
[13:47:18] submit 미확인 method=geo generating=False composer=6620
[13:47:19] submit geo 실패 hit=no-btn
[13:47:19] submit 시도 method=send send=False
[13:47:20] submit 미확인 method=send generating=False composer=6620
[13:47:20] submit 시도 method=ctrl
[13:47:21] submit 미확인 method=ctrl generating=False composer=6622
[13:47:21] submit 시도 method=enter
[13:47:22] submit 확인 method=enter generating=False composer=0
[13:47:22] ⏱ 입력·전송 SRT_1380 5.8s · chars=6620
[13:47:22] 제출 후 last_saved=https://www.genspark.ai/api/files/s/geyzmtlx
[13:47:22] ⏱ 생성대기 시작 SRT_1380 max=120s
[13:47:37] ⏱ 생성대기 진행 15.1s SRT_1380 busy=False url_ok=True src=https://www.genspark.ai/api/files/s/h4qe1qdr
[13:47:38] ⏱ 생성대기 완료 15.4s SRT_1380 https://www.genspark.ai/api/files/s/h4qe1qdr
[13:47:38] ⏱ 생성대기구간 SRT_1380 15.4s · ok=True
[13:47:38] SRT_1380 근접 이미지 https://www.genspark.ai/api/files/s/h4qe1qdr
[13:47:38] 다운로드 files URL=https://www.genspark.ai/api/files/s/h4qe1qdr → SRT_1380.png
[13:47:39] ⏱ 다운로드 직접 1.0s size=706570 SRT_1380.png
[13:47:39] ⏱ 다운로드구간 SRT_1380 1.1s · SRT_1380.png
[13:47:41] ⏱ 다운로드후유휴 SRT_1380 2.8s · idle=True
[13:47:41] ⏱ 씬합계 SRT_1380 27.7s · https://www.genspark.ai/api/files/s/h4qe1qdr
[13:47:41] SRT_1380 생성·다운로드 완료
C:\cursor\wuxia\workspace\swardmaster\2부\18장\png\SRT_1380.png
[13:47:42] 상태키 SRT_1400 · tracking=OFF; Baek|base; Jin|base
[13:47:42] run_scene 시작 SRT_1400 · seen_files=70 · last_saved=https://www.genspark.ai/api/files/s/h4qe1qdr
[13:47:42] ⏱ 준비 SRT_1400 0.0s · chars=4074
[13:47:44] ⏱ 다음명령유휴 SRT_1400 2.5s · idle=True
[13:47:46] fill OK(clip) follow=True chars=4074
[13:47:46] submit 시작 composer=4074 url=https://www.genspark.ai/agents?id=aac87f38-76f0-4cc3-bbe9-c66cd59009cf
[13:47:46] submit geo 실패 hit=no-btn
[13:47:46] submit 시도 method=geo geo=False
[13:47:47] submit 미확인 method=geo generating=False composer=4074
[13:47:48] submit geo 실패 hit=no-btn
[13:47:48] submit 시도 method=send send=False
[13:47:48] submit 미확인 method=send generating=False composer=4074
[13:47:49] submit 시도 method=ctrl
[13:47:49] submit 미확인 method=ctrl generating=False composer=4076
[13:47:50] submit 시도 method=enter
[13:47:50] submit 확인 method=enter generating=False composer=0
[13:47:50] ⏱ 입력·전송 SRT_1400 6.2s · chars=4074
[13:47:50] 제출 후 last_saved=https://www.genspark.ai/api/files/s/h4qe1qdr
[13:47:51] ⏱ 생성대기 시작 SRT_1400 max=120s
[13:48:03] ⏱ 생성대기 완료 12.3s SRT_1400 https://www.genspark.ai/api/files/s/ql8f6sgb
[13:48:03] ⏱ 생성대기구간 SRT_1400 12.4s · ok=True
[13:48:03] SRT_1400 근접 이미지 https://www.genspark.ai/api/files/s/ql8f6sgb
[13:48:03] 다운로드 files URL=https://www.genspark.ai/api/files/s/ql8f6sgb → SRT_1400.png
[13:48:04] ⏱ 다운로드 직접 0.9s size=549690 SRT_1400.png
[13:48:04] ⏱ 다운로드구간 SRT_1400 0.9s · SRT_1400.png
[13:48:06] ⏱ 다운로드후유휴 SRT_1400 2.4s · idle=True
[13:48:06] ⏱ 씬합계 SRT_1400 24.7s · https://www.genspark.ai/api/files/s/ql8f6sgb
[13:48:06] SRT_1400 생성·다운로드 완료
C:\cursor\wuxia\workspace\swardmaster\2부\18장\png\SRT_1400.png
[13:48:07] 상태키 SRT_1420 · tracking=OFF; Baek|base; Jin|base
[13:48:07] run_scene 시작 SRT_1420 · seen_files=71 · last_saved=https://www.genspark.ai/api/files/s/ql8f6sgb
[13:48:07] ⏱ 준비 SRT_1420 0.0s · chars=3930
[13:48:09] ⏱ 다음명령유휴 SRT_1420 2.6s · idle=True
[13:48:11] fill OK(clip) follow=True chars=3930
[13:48:11] submit 시작 composer=3930 url=https://www.genspark.ai/agents?id=aac87f38-76f0-4cc3-bbe9-c66cd59009cf
[13:48:11] submit geo 실패 hit=no-btn
[13:48:11] submit 시도 method=geo geo=False
[13:48:12] submit 미확인 method=geo generating=False composer=3930
[13:48:12] submit geo 실패 hit=no-btn
[13:48:12] submit 시도 method=send send=False
[13:48:13] submit 미확인 method=send generating=False composer=3930
[13:48:13] submit 시도 method=ctrl
[13:48:14] submit 미확인 method=ctrl generating=False composer=3932
[13:48:14] submit 시도 method=enter
[13:48:15] submit 확인 method=enter generating=False composer=0
[13:48:15] ⏱ 입력·전송 SRT_1420 5.8s · chars=3930
[13:48:15] 제출 후 last_saved=https://www.genspark.ai/api/files/s/ql8f6sgb
[13:48:15] ⏱ 생성대기 시작 SRT_1420 max=120s
[13:48:30] ⏱ 생성대기 완료 14.4s SRT_1420 https://www.genspark.ai/api/files/s/yjq5wjr3
[13:48:30] ⏱ 생성대기구간 SRT_1420 14.4s · ok=True
[13:48:30] SRT_1420 근접 이미지 https://www.genspark.ai/api/files/s/yjq5wjr3
[13:48:30] 다운로드 files URL=https://www.genspark.ai/api/files/s/yjq5wjr3 → SRT_1420.png
[13:48:31] ⏱ 다운로드 직접 0.9s size=561035 SRT_1420.png
[13:48:31] ⏱ 다운로드구간 SRT_1420 1.0s · SRT_1420.png
[13:48:33] ⏱ 다운로드후유휴 SRT_1420 2.4s · idle=True
[13:48:33] ⏱ 씬합계 SRT_1420 26.5s · https://www.genspark.ai/api/files/s/yjq5wjr3
[13:48:33] SRT_1420 생성·다운로드 완료
C:\cursor\wuxia\workspace\swardmaster\2부\18장\png\SRT_1420.png
[13:48:33] 상태키 SRT_1440 · tracking=OFF; Baek|base; Jin|base
[13:48:33] run_scene 시작 SRT_1440 · seen_files=72 · last_saved=https://www.genspark.ai/api/files/s/yjq5wjr3
[13:48:33] ⏱ 준비 SRT_1440 0.0s · chars=5591
[13:48:36] ⏱ 다음명령유휴 SRT_1440 2.5s · idle=True
[13:48:38] fill OK(clip) follow=True chars=5591
[13:48:38] submit 시작 composer=5591 url=https://www.genspark.ai/agents?id=aac87f38-76f0-4cc3-bbe9-c66cd59009cf
[13:48:38] submit geo 실패 hit=no-btn
[13:48:38] submit 시도 method=geo geo=False
[13:48:38] submit 미확인 method=geo generating=False composer=5591
[13:48:39] submit geo 실패 hit=no-btn
[13:48:39] submit 시도 method=send send=False
[13:48:40] submit 미확인 method=send generating=False composer=5591
[13:48:41] submit 시도 method=ctrl
[13:48:41] submit 미확인 method=ctrl generating=False composer=5593
[13:48:42] submit 시도 method=enter
[13:48:42] submit 확인 method=enter generating=False composer=0
[13:48:42] ⏱ 입력·전송 SRT_1440 6.4s · chars=5591
[13:48:42] 제출 후 last_saved=https://www.genspark.ai/api/files/s/yjq5wjr3
[13:48:43] ⏱ 생성대기 시작 SRT_1440 max=120s
[13:48:58] ⏱ 생성대기 진행 15.2s SRT_1440 busy=False url_ok=False src=
[13:49:03] ⏱ 생성대기 완료(busy무시) 20.2s SRT_1440 https://www.genspark.ai/api/files/s/3cim9usu
[13:49:03] ⏱ 생성대기구간 SRT_1440 20.2s · ok=True
[13:49:03] SRT_1440 근접 이미지 https://www.genspark.ai/api/files/s/3cim9usu
[13:49:03] 다운로드 files URL=https://www.genspark.ai/api/files/s/3cim9usu → SRT_1440.png
[13:49:04] ⏱ 다운로드 직접 0.7s size=592574 SRT_1440.png
[13:49:04] ⏱ 다운로드구간 SRT_1440 0.8s · SRT_1440.png
[13:49:05] ⏱ 다운로드후유휴 SRT_1440 1.8s · idle=True
[13:49:05] ⏱ 씬합계 SRT_1440 32.1s · https://www.genspark.ai/api/files/s/3cim9usu
[13:49:05] SRT_1440 생성·다운로드 완료
C:\cursor\wuxia\workspace\swardmaster\2부\18장\png\SRT_1440.png
[13:49:06] 상태키 SRT_1460 · tracking=OFF; Baek|base; Jin|base
[13:49:06] run_scene 시작 SRT_1460 · seen_files=73 · last_saved=https://www.genspark.ai/api/files/s/3cim9usu
[13:49:06] ⏱ 준비 SRT_1460 0.0s · chars=5593
[13:49:07] ⏱ 다음명령유휴 SRT_1460 1.8s · idle=True
[13:49:08] fill OK(clip) follow=True chars=5593
[13:49:08] submit 시작 composer=5593 url=https://www.genspark.ai/agents?id=aac87f38-76f0-4cc3-bbe9-c66cd59009cf
[13:49:09] submit geo 실패 hit=no-btn
[13:49:09] submit 시도 method=geo geo=False
[13:49:09] submit 미확인 method=geo generating=False composer=5593
[13:49:10] submit geo 실패 hit=no-btn
[13:49:10] submit 시도 method=send send=False
[13:49:10] submit 미확인 method=send generating=False composer=5593
[13:49:11] submit 시도 method=ctrl
[13:49:11] submit 미확인 method=ctrl generating=False composer=5595
[13:49:12] submit 시도 method=enter
[13:49:12] submit 확인 method=enter generating=False composer=0
[13:49:12] ⏱ 입력·전송 SRT_1460 4.9s · chars=5593
[13:49:12] 제출 후 last_saved=https://www.genspark.ai/api/files/s/3cim9usu
[13:49:13] ⏱ 생성대기 시작 SRT_1460 max=120s
[13:49:25] ⏱ 생성대기 완료 12.5s SRT_1460 https://www.genspark.ai/api/files/s/48kfqtvb
[13:49:25] ⏱ 생성대기구간 SRT_1460 12.5s · ok=True
[13:49:25] SRT_1460 근접 이미지 https://www.genspark.ai/api/files/s/48kfqtvb
[13:49:25] 다운로드 files URL=https://www.genspark.ai/api/files/s/48kfqtvb → SRT_1460.png
[13:49:26] ⏱ 다운로드 직접 1.1s size=615675 SRT_1460.png
[13:49:26] ⏱ 다운로드구간 SRT_1460 1.2s · SRT_1460.png
[13:49:29] ⏱ 다운로드후유휴 SRT_1460 2.5s · idle=True
[13:49:29] ⏱ 씬합계 SRT_1460 23.2s · https://www.genspark.ai/api/files/s/48kfqtvb
[13:49:29] SRT_1460 생성·다운로드 완료
C:\cursor\wuxia\workspace\swardmaster\2부\18장\png\SRT_1460.png
[13:49:29] 상태키 SRT_1480 · tracking=OFF; Baek|base; Jin|base
[13:49:29] run_scene 시작 SRT_1480 · seen_files=74 · last_saved=https://www.genspark.ai/api/files/s/48kfqtvb
[13:49:29] ⏱ 준비 SRT_1480 0.0s · chars=5593
[13:49:32] ⏱ 다음명령유휴 SRT_1480 2.6s · idle=True
[13:49:33] fill OK(clip) follow=True chars=5593
[13:49:33] submit 시작 composer=5593 url=https://www.genspark.ai/agents?id=aac87f38-76f0-4cc3-bbe9-c66cd59009cf
[13:49:33] submit geo 실패 hit=no-btn
[13:49:33] submit 시도 method=geo geo=False
[13:49:34] submit 미확인 method=geo generating=False composer=5593
[13:49:35] submit geo 실패 hit=no-btn
[13:49:35] submit 시도 method=send send=False
[13:49:36] submit 미확인 method=send generating=False composer=5593
[13:49:36] submit 시도 method=ctrl
[13:49:37] submit 미확인 method=ctrl generating=False composer=5595
[13:49:37] submit 시도 method=enter
[13:49:38] submit 확인 method=enter generating=False composer=0
[13:49:38] ⏱ 입력·전송 SRT_1480 6.1s · chars=5593
[13:49:38] 제출 후 last_saved=https://www.genspark.ai/api/files/s/48kfqtvb
[13:49:38] ⏱ 생성대기 시작 SRT_1480 max=120s
[13:49:53] ⏱ 생성대기 완료 14.7s SRT_1480 https://www.genspark.ai/api/files/s/be7wk29u
[13:49:53] ⏱ 생성대기구간 SRT_1480 14.7s · ok=True
[13:49:53] SRT_1480 근접 이미지 https://www.genspark.ai/api/files/s/be7wk29u
[13:49:53] 다운로드 files URL=https://www.genspark.ai/api/files/s/be7wk29u → SRT_1480.png
[13:49:54] ⏱ 다운로드 직접 0.9s size=649980 SRT_1480.png
[13:49:54] ⏱ 다운로드구간 SRT_1480 0.9s · SRT_1480.png
[13:49:56] ⏱ 다운로드후유휴 SRT_1480 2.7s · idle=True
[13:49:56] ⏱ 씬합계 SRT_1480 27.4s · https://www.genspark.ai/api/files/s/be7wk29u
[13:49:56] SRT_1480 생성·다운로드 완료
C:\cursor\wuxia\workspace\swardmaster\2부\18장\png\SRT_1480.png
[13:49:57] 상태키 SRT_1500 · tracking=OFF; Baek|base; Jin|base
[13:49:57] run_scene 시작 SRT_1500 · seen_files=75 · last_saved=https://www.genspark.ai/api/files/s/be7wk29u
[13:49:57] ⏱ 준비 SRT_1500 0.0s · chars=5598
[13:49:59] ⏱ 다음명령유휴 SRT_1500 2.4s · idle=True
[13:50:00] fill OK(clip) follow=True chars=5598
[13:50:01] submit 시작 composer=5598 url=https://www.genspark.ai/agents?id=aac87f38-76f0-4cc3-bbe9-c66cd59009cf
[13:50:01] submit geo 실패 hit=no-btn
[13:50:01] submit 시도 method=geo geo=False
[13:50:01] submit 미확인 method=geo generating=False composer=5598
[13:50:02] submit geo 실패 hit=no-btn
[13:50:02] submit 시도 method=send send=False
[13:50:03] submit 미확인 method=send generating=False composer=5598
[13:50:03] submit 시도 method=ctrl
[13:50:04] submit 미확인 method=ctrl generating=False composer=5600
[13:50:05] submit 시도 method=enter
[13:50:05] submit 확인 method=enter generating=False composer=0
[13:50:05] ⏱ 입력·전송 SRT_1500 6.1s · chars=5598
[13:50:05] 제출 후 last_saved=https://www.genspark.ai/api/files/s/be7wk29u
[13:50:05] ⏱ 생성대기 시작 SRT_1500 max=120s
[13:50:21] ⏱ 생성대기 진행 15.4s SRT_1500 busy=False url_ok=False src=
[13:50:22] ⏱ 생성대기 완료 16.4s SRT_1500 https://www.genspark.ai/api/files/s/yvaeasmj
[13:50:22] ⏱ 생성대기구간 SRT_1500 16.4s · ok=True
[13:50:22] SRT_1500 근접 이미지 https://www.genspark.ai/api/files/s/yvaeasmj
[13:50:22] 다운로드 files URL=https://www.genspark.ai/api/files/s/yvaeasmj → SRT_1500.png
[13:50:23] ⏱ 다운로드 직접 0.9s size=644822 SRT_1500.png
[13:50:23] ⏱ 다운로드구간 SRT_1500 0.9s · SRT_1500.png
[13:50:25] ⏱ 다운로드후유휴 SRT_1500 2.5s · idle=True
[13:50:25] ⏱ 씬합계 SRT_1500 28.7s · https://www.genspark.ai/api/files/s/yvaeasmj
[13:50:25] SRT_1500 생성·다운로드 완료
C:\cursor\wuxia\workspace\swardmaster\2부\18장\png\SRT_1500.png
[13:50:25] 상태키 SRT_1520 · tracking=OFF; Baek|base; Jin|base
[13:50:25] run_scene 시작 SRT_1520 · seen_files=76 · last_saved=https://www.genspark.ai/api/files/s/yvaeasmj
[13:50:26] ⏱ 준비 SRT_1520 0.0s · chars=6463
[13:50:28] ⏱ 다음명령유휴 SRT_1520 2.5s · idle=True
[13:50:29] fill OK(clip) follow=True chars=6463
[13:50:29] submit 시작 composer=6463 url=https://www.genspark.ai/agents?id=aac87f38-76f0-4cc3-bbe9-c66cd59009cf
[13:50:30] submit geo 실패 hit=no-btn
[13:50:30] submit 시도 method=geo geo=False
[13:50:30] submit 미확인 method=geo generating=False composer=6463
[13:50:31] submit geo 실패 hit=no-btn
[13:50:31] submit 시도 method=send send=False
[13:50:32] submit 미확인 method=send generating=False composer=6463
[13:50:32] submit 시도 method=ctrl
[13:50:33] submit 미확인 method=ctrl generating=False composer=6465
[13:50:33] submit 시도 method=enter
[13:50:34] submit 확인 method=enter generating=False composer=0
[13:50:34] ⏱ 입력·전송 SRT_1520 5.7s · chars=6463
[13:50:34] 제출 후 last_saved=https://www.genspark.ai/api/files/s/yvaeasmj
[13:50:34] ⏱ 생성대기 시작 SRT_1520 max=120s
[13:50:49] ⏱ 생성대기 진행 15.3s SRT_1520 busy=False url_ok=False src=
[13:50:52] ⏱ 생성대기 완료 18.5s SRT_1520 https://www.genspark.ai/api/files/s/hs6tb1ax
[13:50:52] ⏱ 생성대기구간 SRT_1520 18.5s · ok=True
[13:50:53] SRT_1520 근접 이미지 https://www.genspark.ai/api/files/s/hs6tb1ax
[13:50:53] 다운로드 files URL=https://www.genspark.ai/api/files/s/hs6tb1ax → SRT_1520.png
[13:50:53] ⏱ 다운로드 직접 0.9s size=691731 SRT_1520.png
[13:50:53] ⏱ 다운로드구간 SRT_1520 0.9s · SRT_1520.png
[13:50:56] ⏱ 다운로드후유휴 SRT_1520 2.6s · idle=True
[13:50:56] ⏱ 씬합계 SRT_1520 30.6s · https://www.genspark.ai/api/files/s/hs6tb1ax
[13:50:56] SRT_1520 생성·다운로드 완료
C:\cursor\wuxia\workspace\swardmaster\2부\18장\png\SRT_1520.png
[13:50:56] 상태키 SRT_1540 · tracking=OFF; Baek|base; Jin|base
[13:50:56] run_scene 시작 SRT_1540 · seen_files=77 · last_saved=https://www.genspark.ai/api/files/s/hs6tb1ax
[13:50:56] ⏱ 준비 SRT_1540 0.0s · chars=4340
[13:50:59] ⏱ 다음명령유휴 SRT_1540 2.7s · idle=True
[13:51:01] fill OK(clip) follow=True chars=4340
[13:51:01] submit 시작 composer=4340 url=https://www.genspark.ai/agents?id=aac87f38-76f0-4cc3-bbe9-c66cd59009cf
[13:51:01] submit geo 실패 hit=no-btn
[13:51:01] submit 시도 method=geo geo=False
[13:51:01] submit 미확인 method=geo generating=False composer=4340
[13:51:02] submit geo 실패 hit=no-btn
[13:51:02] submit 시도 method=send send=False
[13:51:03] submit 미확인 method=send generating=False composer=4340
[13:51:03] submit 시도 method=ctrl
[13:51:04] submit 미확인 method=ctrl generating=False composer=4342
[13:51:04] submit 시도 method=enter
[13:51:05] submit 확인 method=enter generating=False composer=0
[13:51:05] ⏱ 입력·전송 SRT_1540 6.1s · chars=4340
[13:51:05] 제출 후 last_saved=https://www.genspark.ai/api/files/s/hs6tb1ax
[13:51:05] ⏱ 생성대기 시작 SRT_1540 max=120s
[13:51:18] ⏱ 생성대기 완료 12.3s SRT_1540 https://www.genspark.ai/api/files/s/7djdrstn
[13:51:18] ⏱ 생성대기구간 SRT_1540 12.3s · ok=True
[13:51:18] SRT_1540 근접 이미지 https://www.genspark.ai/api/files/s/7djdrstn
[13:51:18] 다운로드 files URL=https://www.genspark.ai/api/files/s/7djdrstn → SRT_1540.png
[13:51:20] ⏱ 다운로드 직접 2.0s size=570001 SRT_1540.png
[13:51:20] ⏱ 다운로드구간 SRT_1540 2.1s · SRT_1540.png
[13:51:22] ⏱ 다운로드후유휴 SRT_1540 2.7s · idle=True
[13:51:22] ⏱ 씬합계 SRT_1540 26.2s · https://www.genspark.ai/api/files/s/7djdrstn
[13:51:22] SRT_1540 생성·다운로드 완료
C:\cursor\wuxia\workspace\swardmaster\2부\18장\png\SRT_1540.png
[13:51:23] 상태키 SRT_1560 · tracking=OFF; Baek|base; Jin|base
[13:51:23] run_scene 시작 SRT_1560 · seen_files=78 · last_saved=https://www.genspark.ai/api/files/s/7djdrstn
[13:51:23] ⏱ 준비 SRT_1560 0.0s · chars=5614
[13:51:25] ⏱ 다음명령유휴 SRT_1560 2.5s · idle=True
[13:51:27] fill OK(clip) follow=True chars=5614
[13:51:27] submit 시작 composer=5614 url=https://www.genspark.ai/agents?id=aac87f38-76f0-4cc3-bbe9-c66cd59009cf
[13:51:27] submit geo 실패 hit=no-btn
[13:51:27] submit 시도 method=geo geo=False
[13:51:28] submit 미확인 method=geo generating=False composer=5614
[13:51:28] submit geo 실패 hit=no-btn
[13:51:28] submit 시도 method=send send=False
[13:51:29] submit 미확인 method=send generating=False composer=5614
[13:51:30] submit 시도 method=ctrl
[13:51:30] submit 미확인 method=ctrl generating=False composer=5616
[13:51:31] submit 시도 method=enter
[13:51:31] submit 확인 method=enter generating=False composer=0
[13:51:31] ⏱ 입력·전송 SRT_1560 6.2s · chars=5614
[13:51:31] 제출 후 last_saved=https://www.genspark.ai/api/files/s/7djdrstn
[13:51:32] ⏱ 생성대기 시작 SRT_1560 max=120s
[13:51:45] ⏱ 생성대기 완료 13.8s SRT_1560 https://www.genspark.ai/api/files/s/xhqt7dgo
[13:51:45] ⏱ 생성대기구간 SRT_1560 13.8s · ok=True
[13:51:46] SRT_1560 근접 이미지 https://www.genspark.ai/api/files/s/xhqt7dgo
[13:51:46] 다운로드 files URL=https://www.genspark.ai/api/files/s/xhqt7dgo → SRT_1560.png
[13:51:47] ⏱ 다운로드 직접 1.1s size=627919 SRT_1560.png
[13:51:47] ⏱ 다운로드구간 SRT_1560 1.2s · SRT_1560.png
[13:51:49] ⏱ 다운로드후유휴 SRT_1560 2.3s · idle=True
[13:51:49] ⏱ 씬합계 SRT_1560 26.5s · https://www.genspark.ai/api/files/s/xhqt7dgo
[13:51:49] SRT_1560 생성·다운로드 완료
C:\cursor\wuxia\workspace\swardmaster\2부\18장\png\SRT_1560.png
[13:51:49] 상태키 SRT_1580 · tracking=OFF; Baek|base; Jin|base
[13:51:49] run_scene 시작 SRT_1580 · seen_files=79 · last_saved=https://www.genspark.ai/api/files/s/xhqt7dgo
[13:51:49] ⏱ 준비 SRT_1580 0.1s · chars=3958
[13:51:52] ⏱ 다음명령유휴 SRT_1580 2.5s · idle=True
[13:51:53] fill OK(clip) follow=True chars=3958
[13:51:53] submit 시작 composer=3958 url=https://www.genspark.ai/agents?id=aac87f38-76f0-4cc3-bbe9-c66cd59009cf
[13:51:54] submit geo 실패 hit=no-btn
[13:51:54] submit 시도 method=geo geo=False
[13:51:54] submit 미확인 method=geo generating=False composer=3958
[13:51:55] submit geo 실패 hit=no-btn
[13:51:55] submit 시도 method=send send=False
[13:51:56] submit 미확인 method=send generating=False composer=3958
[13:51:56] submit 시도 method=ctrl
[13:51:57] submit 미확인 method=ctrl generating=False composer=3960
[13:51:57] submit 시도 method=enter
[13:51:58] submit 확인 method=enter generating=False composer=0
[13:51:58] ⏱ 입력·전송 SRT_1580 6.1s · chars=3958
[13:51:58] 제출 후 last_saved=https://www.genspark.ai/api/files/s/xhqt7dgo
[13:51:58] ⏱ 생성대기 시작 SRT_1580 max=120s
[13:52:12] ⏱ 생성대기 완료 13.4s SRT_1580 https://www.genspark.ai/api/files/s/i23mpo6l
[13:52:12] ⏱ 생성대기구간 SRT_1580 13.4s · ok=True
[13:52:12] SRT_1580 근접 이미지 https://www.genspark.ai/api/files/s/i23mpo6l
[13:52:12] 다운로드 files URL=https://www.genspark.ai/api/files/s/i23mpo6l → SRT_1580.png
[13:52:13] ⏱ 다운로드 직접 0.9s size=481734 SRT_1580.png
[13:52:13] ⏱ 다운로드구간 SRT_1580 1.0s · SRT_1580.png
[13:52:15] ⏱ 다운로드후유휴 SRT_1580 2.5s · idle=True
[13:52:15] ⏱ 씬합계 SRT_1580 26.0s · https://www.genspark.ai/api/files/s/i23mpo6l
[13:52:15] SRT_1580 생성·다운로드 완료
C:\cursor\wuxia\workspace\swardmaster\2부\18장\png\SRT_1580.png
[13:52:15] 상태키 SRT_1600 · tracking=OFF; Baek|base; Jin|base
[13:52:15] run_scene 시작 SRT_1600 · seen_files=80 · last_saved=https://www.genspark.ai/api/files/s/i23mpo6l
[13:52:16] ⏱ 준비 SRT_1600 0.1s · chars=5626
[13:52:18] ⏱ 다음명령유휴 SRT_1600 2.6s · idle=True
[13:52:20] fill OK(clip) follow=True chars=5626
[13:52:20] submit 시작 composer=5626 url=https://www.genspark.ai/agents?id=aac87f38-76f0-4cc3-bbe9-c66cd59009cf
[13:52:20] submit geo 실패 hit=no-btn
[13:52:20] submit 시도 method=geo geo=False
[13:52:20] submit 미확인 method=geo generating=False composer=5626
[13:52:21] submit geo 실패 hit=no-btn
[13:52:21] submit 시도 method=send send=False
[13:52:22] submit 미확인 method=send generating=False composer=5626
[13:52:22] submit 시도 method=ctrl
[13:52:23] submit 미확인 method=ctrl generating=False composer=5628
[13:52:23] submit 시도 method=enter
[13:52:24] submit 확인 method=enter generating=False composer=0
[13:52:24] ⏱ 입력·전송 SRT_1600 5.8s · chars=5626
[13:52:24] 제출 후 last_saved=https://www.genspark.ai/api/files/s/i23mpo6l
[13:52:24] ⏱ 생성대기 시작 SRT_1600 max=120s
[13:52:39] ⏱ 생성대기 진행 15.0s SRT_1600 busy=False url_ok=False src=
[13:52:42] ⏱ 생성대기 완료 17.4s SRT_1600 https://www.genspark.ai/api/files/s/mnqdbeqj
[13:52:42] ⏱ 생성대기구간 SRT_1600 17.4s · ok=True
[13:52:42] SRT_1600 근접 이미지 https://www.genspark.ai/api/files/s/mnqdbeqj
[13:52:42] 다운로드 files URL=https://www.genspark.ai/api/files/s/mnqdbeqj → SRT_1600.png
[13:52:43] ⏱ 다운로드 직접 0.9s size=555976 SRT_1600.png
[13:52:43] ⏱ 다운로드구간 SRT_1600 1.0s · SRT_1600.png
[13:52:45] ⏱ 다운로드후유휴 SRT_1600 2.5s · idle=True
[13:52:45] ⏱ 씬합계 SRT_1600 29.7s · https://www.genspark.ai/api/files/s/mnqdbeqj
[13:52:45] SRT_1600 생성·다운로드 완료
C:\cursor\wuxia\workspace\swardmaster\2부\18장\png\SRT_1600.png
[13:52:45] 상태키 SRT_1620 · tracking=OFF; Baek|base; Jin|base
[13:52:45] run_scene 시작 SRT_1620 · seen_files=81 · last_saved=https://www.genspark.ai/api/files/s/mnqdbeqj
[13:52:45] ⏱ 준비 SRT_1620 0.0s · chars=6520
[13:52:48] ⏱ 다음명령유휴 SRT_1620 2.5s · idle=True
[13:52:50] fill OK(clip) follow=True chars=6520
[13:52:50] submit 시작 composer=6520 url=https://www.genspark.ai/agents?id=aac87f38-76f0-4cc3-bbe9-c66cd59009cf
[13:52:50] submit geo 실패 hit=no-btn
[13:52:50] submit 시도 method=geo geo=False
[13:52:50] submit 미확인 method=geo generating=False composer=6520
[13:52:51] submit geo 실패 hit=no-btn
[13:52:51] submit 시도 method=send send=False
[13:52:52] submit 미확인 method=send generating=False composer=6520
[13:52:52] submit 시도 method=ctrl
[13:52:53] submit 미확인 method=ctrl generating=False composer=6522
[13:52:53] submit 시도 method=enter
[13:52:55] submit 확인 method=enter generating=False composer=0
[13:52:55] ⏱ 입력·전송 SRT_1620 6.5s · chars=6520
[13:52:55] 제출 후 last_saved=https://www.genspark.ai/api/files/s/mnqdbeqj
[13:52:55] ⏱ 생성대기 시작 SRT_1620 max=120s
[13:53:10] ⏱ 생성대기 완료 15.0s SRT_1620 https://www.genspark.ai/api/files/s/dk4i859h
[13:53:10] ⏱ 생성대기구간 SRT_1620 15.0s · ok=True
[13:53:10] SRT_1620 근접 이미지 https://www.genspark.ai/api/files/s/dk4i859h
[13:53:10] 다운로드 files URL=https://www.genspark.ai/api/files/s/dk4i859h → SRT_1620.png
[13:53:11] ⏱ 다운로드 직접 1.1s size=628033 SRT_1620.png
[13:53:11] ⏱ 다운로드구간 SRT_1620 1.1s · SRT_1620.png
[13:53:13] ⏱ 다운로드후유휴 SRT_1620 2.4s · idle=True
[13:53:13] ⏱ 씬합계 SRT_1620 27.9s · https://www.genspark.ai/api/files/s/dk4i859h
[13:53:13] SRT_1620 생성·다운로드 완료
C:\cursor\wuxia\workspace\swardmaster\2부\18장\png\SRT_1620.png
[13:53:14] 상태키 SRT_1640 · tracking=OFF; Baek|base; Jin|base
[13:53:14] run_scene 시작 SRT_1640 · seen_files=82 · last_saved=https://www.genspark.ai/api/files/s/dk4i859h
[13:53:14] ⏱ 준비 SRT_1640 0.0s · chars=3945
[13:53:16] ⏱ 다음명령유휴 SRT_1640 2.4s · idle=True
[13:53:17] fill OK(clip) follow=True chars=3945
[13:53:17] submit 시작 composer=3945 url=https://www.genspark.ai/agents?id=aac87f38-76f0-4cc3-bbe9-c66cd59009cf
[13:53:17] submit geo 실패 hit=no-btn
[13:53:17] submit 시도 method=geo geo=False
[13:53:18] submit 미확인 method=geo generating=False composer=3945
[13:53:19] submit geo 실패 hit=no-btn
[13:53:19] submit 시도 method=send send=False
[13:53:20] submit 미확인 method=send generating=False composer=3945
[13:53:20] submit 시도 method=ctrl
[13:53:21] submit 미확인 method=ctrl generating=False composer=3947
[13:53:21] submit 시도 method=enter
[13:53:22] submit 확인 method=enter generating=False composer=0
[13:53:22] ⏱ 입력·전송 SRT_1640 5.8s · chars=3945
[13:53:22] 제출 후 last_saved=https://www.genspark.ai/api/files/s/dk4i859h
[13:53:22] ⏱ 생성대기 시작 SRT_1640 max=120s
[13:53:37] ⏱ 생성대기 진행 15.4s SRT_1640 busy=False url_ok=False src=
[13:53:39] ⏱ 생성대기 완료 17.2s SRT_1640 https://www.genspark.ai/api/files/s/athdgupd
[13:53:39] ⏱ 생성대기구간 SRT_1640 17.2s · ok=True
[13:53:39] SRT_1640 근접 이미지 https://www.genspark.ai/api/files/s/athdgupd
[13:53:39] 다운로드 files URL=https://www.genspark.ai/api/files/s/athdgupd → SRT_1640.png
[13:53:40] ⏱ 다운로드 직접 1.0s size=521048 SRT_1640.png
[13:53:40] ⏱ 다운로드구간 SRT_1640 1.0s · SRT_1640.png
[13:53:43] ⏱ 다운로드후유휴 SRT_1640 2.5s · idle=True
[13:53:43] ⏱ 씬합계 SRT_1640 29.3s · https://www.genspark.ai/api/files/s/athdgupd
[13:53:43] SRT_1640 생성·다운로드 완료
C:\cursor\wuxia\workspace\swardmaster\2부\18장\png\SRT_1640.png
[13:53:43] 상태키 SRT_1660 · tracking=OFF; Baek|base; Jin|base
[13:53:43] run_scene 시작 SRT_1660 · seen_files=83 · last_saved=https://www.genspark.ai/api/files/s/athdgupd
[13:53:43] ⏱ 준비 SRT_1660 0.0s · chars=3919
[13:53:46] ⏱ 다음명령유휴 SRT_1660 2.6s · idle=True
[13:53:47] fill OK(clip) follow=True chars=3919
[13:53:47] submit 시작 composer=3919 url=https://www.genspark.ai/agents?id=aac87f38-76f0-4cc3-bbe9-c66cd59009cf
[13:53:47] submit geo 실패 hit=no-btn
[13:53:47] submit 시도 method=geo geo=False
[13:53:48] submit 미확인 method=geo generating=False composer=3919
[13:53:49] submit geo 실패 hit=no-btn
[13:53:49] submit 시도 method=send send=False
[13:53:49] submit 미확인 method=send generating=False composer=3919
[13:53:50] submit 시도 method=ctrl
[13:53:50] submit 미확인 method=ctrl generating=False composer=3921
[13:53:51] submit 시도 method=enter
[13:53:52] submit 확인 method=enter generating=False composer=0
[13:53:52] ⏱ 입력·전송 SRT_1660 6.0s · chars=3919
[13:53:52] 제출 후 last_saved=https://www.genspark.ai/api/files/s/athdgupd
[13:53:52] ⏱ 생성대기 시작 SRT_1660 max=120s
[13:54:05] ⏱ 생성대기 완료 13.0s SRT_1660 https://www.genspark.ai/api/files/s/gtctxmpg
[13:54:05] ⏱ 생성대기구간 SRT_1660 13.0s · ok=True
[13:54:05] SRT_1660 근접 이미지 https://www.genspark.ai/api/files/s/gtctxmpg
[13:54:05] 다운로드 files URL=https://www.genspark.ai/api/files/s/gtctxmpg → SRT_1660.png
[13:54:06] ⏱ 다운로드 직접 0.8s size=518850 SRT_1660.png
[13:54:06] ⏱ 다운로드구간 SRT_1660 0.9s · SRT_1660.png
[13:54:08] ⏱ 다운로드후유휴 SRT_1660 2.5s · idle=True
[13:54:08] ⏱ 씬합계 SRT_1660 25.4s · https://www.genspark.ai/api/files/s/gtctxmpg
[13:54:08] SRT_1660 생성·다운로드 완료
C:\cursor\wuxia\workspace\swardmaster\2부\18장\png\SRT_1660.png
[13:54:09] 상태키 SRT_1680 · tracking=OFF; Baek|base; Jin|base
[13:54:09] run_scene 시작 SRT_1680 · seen_files=84 · last_saved=https://www.genspark.ai/api/files/s/gtctxmpg
[13:54:09] ⏱ 준비 SRT_1680 0.1s · chars=6509
[13:54:11] ⏱ 다음명령유휴 SRT_1680 2.6s · idle=True
[13:54:13] fill OK(clip) follow=True chars=6509
[13:54:13] submit 시작 composer=6509 url=https://www.genspark.ai/agents?id=aac87f38-76f0-4cc3-bbe9-c66cd59009cf
[13:54:13] submit geo 실패 hit=no-btn
[13:54:13] submit 시도 method=geo geo=False
[13:54:14] submit 미확인 method=geo generating=False composer=6509
[13:54:14] submit geo 실패 hit=no-btn
[13:54:14] submit 시도 method=send send=False
[13:54:15] submit 미확인 method=send generating=False composer=6509
[13:54:15] submit 시도 method=ctrl
[13:54:16] submit 미확인 method=ctrl generating=False composer=6511
[13:54:17] submit 시도 method=enter
[13:54:18] submit 확인 method=enter generating=False composer=0
[13:54:18] ⏱ 입력·전송 SRT_1680 6.3s · chars=6509
[13:54:18] 제출 후 last_saved=https://www.genspark.ai/api/files/s/gtctxmpg
[13:54:18] ⏱ 생성대기 시작 SRT_1680 max=120s
[13:54:33] ⏱ 생성대기 진행 15.7s SRT_1680 busy=False url_ok=True src=https://www.genspark.ai/api/files/s/ph3xchj7
[13:54:34] ⏱ 생성대기 완료 16.0s SRT_1680 https://www.genspark.ai/api/files/s/ph3xchj7
[13:54:34] ⏱ 생성대기구간 SRT_1680 16.0s · ok=True
[13:54:34] SRT_1680 근접 이미지 https://www.genspark.ai/api/files/s/ph3xchj7
[13:54:34] 다운로드 files URL=https://www.genspark.ai/api/files/s/ph3xchj7 → SRT_1680.png
[13:54:35] ⏱ 다운로드 직접 0.9s size=631189 SRT_1680.png
[13:54:35] ⏱ 다운로드구간 SRT_1680 1.0s · SRT_1680.png
[13:54:37] ⏱ 다운로드후유휴 SRT_1680 2.6s · idle=True
[13:54:37] ⏱ 씬합계 SRT_1680 28.8s · https://www.genspark.ai/api/files/s/ph3xchj7
[13:54:37] SRT_1680 생성·다운로드 완료
C:\cursor\wuxia\workspace\swardmaster\2부\18장\png\SRT_1680.png
[13:54:38] 상태키 SRT_1700 · tracking=OFF; Baek|base; Jin|base
[13:54:38] run_scene 시작 SRT_1700 · seen_files=85 · last_saved=https://www.genspark.ai/api/files/s/ph3xchj7
[13:54:38] ⏱ 준비 SRT_1700 0.0s · chars=5520
[13:54:40] ⏱ 다음명령유휴 SRT_1700 2.8s · idle=True
[13:54:42] fill OK(clip) follow=True chars=5520
[13:54:42] submit 시작 composer=5520 url=https://www.genspark.ai/agents?id=aac87f38-76f0-4cc3-bbe9-c66cd59009cf
[13:54:42] submit geo 실패 hit=no-btn
[13:54:42] submit 시도 method=geo geo=False
[13:54:43] submit 미확인 method=geo generating=False composer=5520
[13:54:44] submit geo 실패 hit=no-btn
[13:54:44] submit 시도 method=send send=False
[13:54:44] submit 미확인 method=send generating=False composer=5520
[13:54:45] submit 시도 method=ctrl
[13:54:45] submit 미확인 method=ctrl generating=False composer=5522
[13:54:46] submit 시도 method=enter
[13:54:46] submit 확인 method=enter generating=False composer=0
[13:54:46] ⏱ 입력·전송 SRT_1700 6.0s · chars=5520
[13:54:46] 제출 후 last_saved=https://www.genspark.ai/api/files/s/ph3xchj7
[13:54:47] ⏱ 생성대기 시작 SRT_1700 max=120s
[13:55:02] ⏱ 생성대기 진행 15.3s SRT_1700 busy=False url_ok=True src=https://www.genspark.ai/api/files/s/rfbxwlmg
[13:55:02] ⏱ 생성대기 완료 15.6s SRT_1700 https://www.genspark.ai/api/files/s/rfbxwlmg
[13:55:02] ⏱ 생성대기구간 SRT_1700 15.6s · ok=True
[13:55:02] SRT_1700 근접 이미지 https://www.genspark.ai/api/files/s/rfbxwlmg
[13:55:02] 다운로드 files URL=https://www.genspark.ai/api/files/s/rfbxwlmg → SRT_1700.png
[13:55:03] ⏱ 다운로드 직접 0.9s size=591684 SRT_1700.png
[13:55:03] ⏱ 다운로드구간 SRT_1700 1.0s · SRT_1700.png
[13:55:06] ⏱ 다운로드후유휴 SRT_1700 2.5s · idle=True
[13:55:06] ⏱ 씬합계 SRT_1700 28.2s · https://www.genspark.ai/api/files/s/rfbxwlmg
[13:55:06] SRT_1700 생성·다운로드 완료
C:\cursor\wuxia\workspace\swardmaster\2부\18장\png\SRT_1700.png
[13:55:06] 상태키 SRT_1720 · tracking=OFF; Baek|base; Jin|base
[13:55:06] run_scene 시작 SRT_1720 · seen_files=86 · last_saved=https://www.genspark.ai/api/files/s/rfbxwlmg
[13:55:06] ⏱ 준비 SRT_1720 0.0s · chars=3830
[13:55:09] ⏱ 다음명령유휴 SRT_1720 2.5s · idle=True
[13:55:10] fill OK(clip) follow=True chars=3830
[13:55:10] submit 시작 composer=3830 url=https://www.genspark.ai/agents?id=aac87f38-76f0-4cc3-bbe9-c66cd59009cf
[13:55:11] submit geo 실패 hit=no-btn
[13:55:11] submit 시도 method=geo geo=False
[13:55:11] submit 미확인 method=geo generating=False composer=3830
[13:55:12] submit geo 실패 hit=no-btn
[13:55:12] submit 시도 method=send send=False
[13:55:13] submit 미확인 method=send generating=False composer=3830
[13:55:13] submit 시도 method=ctrl
[13:55:14] submit 미확인 method=ctrl generating=False composer=3832
[13:55:14] submit 시도 method=enter
[13:55:15] submit 확인 method=enter generating=False composer=0
[13:55:15] ⏱ 입력·전송 SRT_1720 6.4s · chars=3830
[13:55:15] 제출 후 last_saved=https://www.genspark.ai/api/files/s/rfbxwlmg
[13:55:15] ⏱ 생성대기 시작 SRT_1720 max=120s
[13:55:30] ⏱ 생성대기 완료 14.5s SRT_1720 https://www.genspark.ai/api/files/s/zfumseah
[13:55:30] ⏱ 생성대기구간 SRT_1720 14.5s · ok=True
[13:55:30] SRT_1720 근접 이미지 https://www.genspark.ai/api/files/s/zfumseah
[13:55:30] 다운로드 files URL=https://www.genspark.ai/api/files/s/zfumseah → SRT_1720.png
[13:55:31] ⏱ 다운로드 직접 0.9s size=506681 SRT_1720.png
[13:55:31] ⏱ 다운로드구간 SRT_1720 1.0s · SRT_1720.png
[13:55:34] ⏱ 다운로드후유휴 SRT_1720 2.6s · idle=True
[13:55:34] ⏱ 씬합계 SRT_1720 27.5s · https://www.genspark.ai/api/files/s/zfumseah
[13:55:34] SRT_1720 생성·다운로드 완료
C:\cursor\wuxia\workspace\swardmaster\2부\18장\png\SRT_1720.png
[13:55:34] 상태키 SRT_1740 · tracking=OFF; Baek|base; Jin|base
[13:55:34] run_scene 시작 SRT_1740 · seen_files=87 · last_saved=https://www.genspark.ai/api/files/s/zfumseah
[13:55:34] ⏱ 준비 SRT_1740 0.0s · chars=7492
[13:55:37] ⏱ 다음명령유휴 SRT_1740 2.9s · idle=True
[13:55:38] fill OK(clip) follow=True chars=7492
[13:55:38] submit 시작 composer=7492 url=https://www.genspark.ai/agents?id=aac87f38-76f0-4cc3-bbe9-c66cd59009cf
[13:55:38] submit geo 실패 hit=no-btn
[13:55:38] submit 시도 method=geo geo=False
[13:55:39] submit 미확인 method=geo generating=False composer=7492
[13:55:40] submit geo 실패 hit=no-btn
[13:55:40] submit 시도 method=send send=False
[13:55:41] submit 미확인 method=send generating=False composer=7492
[13:55:41] submit 시도 method=ctrl
[13:55:42] submit 미확인 method=ctrl generating=False composer=7494
[13:55:42] submit 시도 method=enter
[13:55:43] submit 확인 method=enter generating=False composer=0
[13:55:43] ⏱ 입력·전송 SRT_1740 6.3s · chars=7492
[13:55:43] 제출 후 last_saved=https://www.genspark.ai/api/files/s/zfumseah
[13:55:43] ⏱ 생성대기 시작 SRT_1740 max=120s
[13:55:58] ⏱ 생성대기 완료 14.8s SRT_1740 https://www.genspark.ai/api/files/s/pvs65snt
[13:55:58] ⏱ 생성대기구간 SRT_1740 14.8s · ok=True
[13:55:58] SRT_1740 근접 이미지 https://www.genspark.ai/api/files/s/pvs65snt
[13:55:58] 다운로드 files URL=https://www.genspark.ai/api/files/s/pvs65snt → SRT_1740.png
[13:55:59] ⏱ 다운로드 직접 0.9s size=619654 SRT_1740.png
[13:55:59] ⏱ 다운로드구간 SRT_1740 1.0s · SRT_1740.png
[13:56:02] ⏱ 다운로드후유휴 SRT_1740 2.4s · idle=True
[13:56:02] ⏱ 씬합계 SRT_1740 27.9s · https://www.genspark.ai/api/files/s/pvs65snt
[13:56:02] SRT_1740 생성·다운로드 완료
C:\cursor\wuxia\workspace\swardmaster\2부\18장\png\SRT_1740.png
[13:56:02] 상태키 SRT_1760 · tracking=OFF; Baek|base; Jin|base
[13:56:02] run_scene 시작 SRT_1760 · seen_files=88 · last_saved=https://www.genspark.ai/api/files/s/pvs65snt
[13:56:02] ⏱ 준비 SRT_1760 0.0s · chars=5564
[13:56:05] ⏱ 다음명령유휴 SRT_1760 2.7s · idle=True
[13:56:06] fill OK(clip) follow=True chars=5564
[13:56:06] submit 시작 composer=5564 url=https://www.genspark.ai/agents?id=aac87f38-76f0-4cc3-bbe9-c66cd59009cf
[13:56:06] submit geo 실패 hit=no-btn
[13:56:06] submit 시도 method=geo geo=False
[13:56:07] submit 미확인 method=geo generating=False composer=5564
[13:56:08] submit geo 실패 hit=no-btn
[13:56:08] submit 시도 method=send send=False
[13:56:09] submit 미확인 method=send generating=False composer=5564
[13:56:09] submit 시도 method=ctrl
[13:56:10] submit 미확인 method=ctrl generating=False composer=5566
[13:56:10] submit 시도 method=enter
[13:56:11] submit 확인 method=enter generating=False composer=0
[13:56:11] ⏱ 입력·전송 SRT_1760 6.3s · chars=5564
[13:56:11] 제출 후 last_saved=https://www.genspark.ai/api/files/s/pvs65snt
[13:56:11] ⏱ 생성대기 시작 SRT_1760 max=120s
[13:56:25] ⏱ 생성대기 완료 14.3s SRT_1760 https://www.genspark.ai/api/files/s/ef7c3vuz
[13:56:25] ⏱ 생성대기구간 SRT_1760 14.3s · ok=True
[13:56:26] SRT_1760 근접 이미지 https://www.genspark.ai/api/files/s/ef7c3vuz
[13:56:26] 다운로드 files URL=https://www.genspark.ai/api/files/s/ef7c3vuz → SRT_1760.png
[13:56:26] ⏱ 다운로드 직접 0.9s size=686247 SRT_1760.png
[13:56:26] ⏱ 다운로드구간 SRT_1760 1.0s · SRT_1760.png
[13:56:29] ⏱ 다운로드후유휴 SRT_1760 2.7s · idle=True
[13:56:29] ⏱ 씬합계 SRT_1760 27.4s · https://www.genspark.ai/api/files/s/ef7c3vuz
[13:56:29] SRT_1760 생성·다운로드 완료
C:\cursor\wuxia\workspace\swardmaster\2부\18장\png\SRT_1760.png
[13:56:29] 상태키 SRT_1780 · tracking=OFF; Baek|base; Jin|base
[13:56:29] run_scene 시작 SRT_1780 · seen_files=89 · last_saved=https://www.genspark.ai/api/files/s/ef7c3vuz
[13:56:29] ⏱ 준비 SRT_1780 0.0s · chars=5670
[13:56:32] ⏱ 다음명령유휴 SRT_1780 2.5s · idle=True
[13:56:33] fill OK(clip) follow=True chars=5670
[13:56:34] submit 시작 composer=5670 url=https://www.genspark.ai/agents?id=aac87f38-76f0-4cc3-bbe9-c66cd59009cf
[13:56:34] submit geo 실패 hit=no-btn
[13:56:34] submit 시도 method=geo geo=False
[13:56:34] submit 미확인 method=geo generating=False composer=5670
[13:56:35] submit geo 실패 hit=no-btn
[13:56:35] submit 시도 method=send send=False
[13:56:36] submit 미확인 method=send generating=False composer=5670
[13:56:36] submit 시도 method=ctrl
[13:56:37] submit 미확인 method=ctrl generating=False composer=5672
[13:56:38] submit 시도 method=enter
[13:56:38] submit 확인 method=enter generating=False composer=0
[13:56:38] ⏱ 입력·전송 SRT_1780 6.5s · chars=5670
[13:56:38] 제출 후 last_saved=https://www.genspark.ai/api/files/s/ef7c3vuz
[13:56:39] ⏱ 생성대기 시작 SRT_1780 max=120s
[13:56:52] ⏱ 생성대기 완료 13.7s SRT_1780 https://www.genspark.ai/api/files/s/okx3pezx
[13:56:52] ⏱ 생성대기구간 SRT_1780 13.7s · ok=True
[13:56:52] SRT_1780 근접 이미지 https://www.genspark.ai/api/files/s/okx3pezx
[13:56:52] 다운로드 files URL=https://www.genspark.ai/api/files/s/okx3pezx → SRT_1780.png
[13:56:53] ⏱ 다운로드 직접 0.9s size=652052 SRT_1780.png
[13:56:53] ⏱ 다운로드구간 SRT_1780 0.9s · SRT_1780.png
[13:56:56] ⏱ 다운로드후유휴 SRT_1780 2.5s · idle=True
[13:56:56] ⏱ 씬합계 SRT_1780 26.6s · https://www.genspark.ai/api/files/s/okx3pezx
[13:56:56] SRT_1780 생성·다운로드 완료
C:\cursor\wuxia\workspace\swardmaster\2부\18장\png\SRT_1780.png
[13:56:56] 상태키 SRT_1800 · tracking=OFF; Baek|base; Jin|base
[13:56:56] run_scene 시작 SRT_1800 · seen_files=90 · last_saved=https://www.genspark.ai/api/files/s/okx3pezx
[13:56:56] ⏱ 준비 SRT_1800 0.0s · chars=6761
[13:56:59] ⏱ 다음명령유휴 SRT_1800 2.7s · idle=True
[13:57:00] fill OK(clip) follow=True chars=6761
[13:57:00] submit 시작 composer=6761 url=https://www.genspark.ai/agents?id=aac87f38-76f0-4cc3-bbe9-c66cd59009cf
[13:57:01] submit geo 실패 hit=no-btn
[13:57:01] submit 시도 method=geo geo=False
[13:57:01] submit 미확인 method=geo generating=False composer=6761
[13:57:02] submit geo 실패 hit=no-btn
[13:57:02] submit 시도 method=send send=False
[13:57:03] submit 미확인 method=send generating=False composer=6761
[13:57:03] submit 시도 method=ctrl
[13:57:04] submit 미확인 method=ctrl generating=False composer=6763
[13:57:04] submit 시도 method=enter
[13:57:05] submit 확인 method=enter generating=False composer=0
[13:57:05] ⏱ 입력·전송 SRT_1800 6.1s · chars=6761
[13:57:05] 제출 후 last_saved=https://www.genspark.ai/api/files/s/okx3pezx
[13:57:05] ⏱ 생성대기 시작 SRT_1800 max=120s
[13:57:20] ⏱ 생성대기 진행 15.1s SRT_1800 busy=False url_ok=False src=
[13:57:25] ⏱ 생성대기 완료 20.1s SRT_1800 https://www.genspark.ai/api/files/s/qtseduvl
[13:57:25] ⏱ 생성대기구간 SRT_1800 20.2s · ok=True
[13:57:25] SRT_1800 근접 이미지 https://www.genspark.ai/api/files/s/qtseduvl
[13:57:25] 다운로드 files URL=https://www.genspark.ai/api/files/s/qtseduvl → SRT_1800.png
[13:57:27] ⏱ 다운로드 직접 1.3s size=753087 SRT_1800.png
[13:57:27] ⏱ 다운로드구간 SRT_1800 1.4s · SRT_1800.png
[13:57:29] ⏱ 다운로드후유휴 SRT_1800 2.7s · idle=True
[13:57:30] ⏱ 씬합계 SRT_1800 33.4s · https://www.genspark.ai/api/files/s/qtseduvl
[13:57:30] SRT_1800 생성·다운로드 완료
C:\cursor\wuxia\workspace\swardmaster\2부\18장\png\SRT_1800.png
[13:57:30] 상태키 SRT_1820 · tracking=OFF; Baek|base; Jin|base
[13:57:30] run_scene 시작 SRT_1820 · seen_files=91 · last_saved=https://www.genspark.ai/api/files/s/qtseduvl
[13:57:30] ⏱ 준비 SRT_1820 0.0s · chars=5800
[13:57:32] ⏱ 다음명령유휴 SRT_1820 2.6s · idle=True
[13:57:34] fill OK(clip) follow=True chars=5800
[13:57:34] submit 시작 composer=5800 url=https://www.genspark.ai/agents?id=aac87f38-76f0-4cc3-bbe9-c66cd59009cf
[13:57:34] submit geo 실패 hit=no-btn
[13:57:34] submit 시도 method=geo geo=False
[13:57:35] submit 미확인 method=geo generating=False composer=5800
[13:57:36] submit geo 실패 hit=no-btn
[13:57:36] submit 시도 method=send send=False
[13:57:36] submit 미확인 method=send generating=False composer=5800
[13:57:37] submit 시도 method=ctrl
[13:57:37] submit 미확인 method=ctrl generating=False composer=5802
[13:57:38] submit 시도 method=enter
[13:57:39] submit 확인 method=enter generating=False composer=0
[13:57:39] ⏱ 입력·전송 SRT_1820 6.2s · chars=5800
[13:57:39] 제출 후 last_saved=https://www.genspark.ai/api/files/s/qtseduvl
[13:57:39] ⏱ 생성대기 시작 SRT_1820 max=120s
[13:57:53] ⏱ 생성대기 완료 14.4s SRT_1820 https://www.genspark.ai/api/files/s/cfms0gbs
[13:57:53] ⏱ 생성대기구간 SRT_1820 14.4s · ok=True
[13:57:53] SRT_1820 근접 이미지 https://www.genspark.ai/api/files/s/cfms0gbs
[13:57:53] 다운로드 files URL=https://www.genspark.ai/api/files/s/cfms0gbs → SRT_1820.png
[13:57:54] ⏱ 다운로드 직접 1.0s size=712120 SRT_1820.png
[13:57:54] ⏱ 다운로드구간 SRT_1820 1.0s · SRT_1820.png
[13:57:57] ⏱ 다운로드후유휴 SRT_1820 2.7s · idle=True
[13:57:57] ⏱ 씬합계 SRT_1820 27.3s · https://www.genspark.ai/api/files/s/cfms0gbs
[13:57:57] SRT_1820 생성·다운로드 완료
C:\cursor\wuxia\workspace\swardmaster\2부\18장\png\SRT_1820.png
[13:57:57] 상태키 SRT_1840 · tracking=OFF; Baek|base; Jin|base
[13:57:57] run_scene 시작 SRT_1840 · seen_files=92 · last_saved=https://www.genspark.ai/api/files/s/cfms0gbs
[13:57:57] ⏱ 준비 SRT_1840 0.0s · chars=4341
[13:58:00] ⏱ 다음명령유휴 SRT_1840 2.5s · idle=True
[13:58:01] fill OK(clip) follow=True chars=4341
[13:58:01] submit 시작 composer=4341 url=https://www.genspark.ai/agents?id=aac87f38-76f0-4cc3-bbe9-c66cd59009cf
[13:58:01] submit geo 실패 hit=no-btn
[13:58:01] submit 시도 method=geo geo=False
[13:58:02] submit 미확인 method=geo generating=False composer=4341
[13:58:03] submit geo 실패 hit=no-btn
[13:58:03] submit 시도 method=send send=False
[13:58:03] submit 미확인 method=send generating=False composer=4341
[13:58:04] submit 시도 method=ctrl
[13:58:04] submit 미확인 method=ctrl generating=False composer=4343
[13:58:05] submit 시도 method=enter
[13:58:06] submit 확인 method=enter generating=False composer=0
[13:58:06] ⏱ 입력·전송 SRT_1840 5.8s · chars=4341
[13:58:06] 제출 후 last_saved=https://www.genspark.ai/api/files/s/cfms0gbs
[13:58:06] ⏱ 생성대기 시작 SRT_1840 max=120s
[13:58:20] ⏱ 생성대기 완료 14.3s SRT_1840 https://www.genspark.ai/api/files/s/rxpv1s4n
[13:58:20] ⏱ 생성대기구간 SRT_1840 14.3s · ok=True
[13:58:20] SRT_1840 근접 이미지 https://www.genspark.ai/api/files/s/rxpv1s4n
[13:58:20] 다운로드 files URL=https://www.genspark.ai/api/files/s/rxpv1s4n → SRT_1840.png
[13:58:21] ⏱ 다운로드 직접 0.9s size=621927 SRT_1840.png
[13:58:21] ⏱ 다운로드구간 SRT_1840 1.0s · SRT_1840.png
[13:58:24] ⏱ 다운로드후유휴 SRT_1840 2.7s · idle=True
[13:58:24] ⏱ 씬합계 SRT_1840 26.7s · https://www.genspark.ai/api/files/s/rxpv1s4n
[13:58:24] SRT_1840 생성·다운로드 완료
C:\cursor\wuxia\workspace\swardmaster\2부\18장\png\SRT_1840.png
[13:58:24] 상태키 SRT_1859 · tracking=OFF; Baek|base; Jin|base
[13:58:24] run_scene 시작 SRT_1859 · seen_files=93 · last_saved=https://www.genspark.ai/api/files/s/rxpv1s4n
[13:58:24] ⏱ 준비 SRT_1859 0.1s · chars=4216
[13:58:27] ⏱ 다음명령유휴 SRT_1859 2.6s · idle=True
[13:58:29] fill OK(clip) follow=True chars=4216
[13:58:29] submit 시작 composer=4216 url=https://www.genspark.ai/agents?id=aac87f38-76f0-4cc3-bbe9-c66cd59009cf
[13:58:29] submit geo 실패 hit=no-btn
[13:58:29] submit 시도 method=geo geo=False
[13:58:29] submit 미확인 method=geo generating=False composer=4216
[13:58:30] submit geo 실패 hit=no-btn
[13:58:30] submit 시도 method=send send=False
[13:58:31] submit 미확인 method=send generating=False composer=4216
[13:58:31] submit 시도 method=ctrl
[13:58:32] submit 미확인 method=ctrl generating=False composer=4218
[13:58:33] submit 시도 method=enter
[13:58:34] submit 확인 method=enter generating=False composer=0
[13:58:34] ⏱ 입력·전송 SRT_1859 6.8s · chars=4216
[13:58:34] 제출 후 last_saved=https://www.genspark.ai/api/files/s/rxpv1s4n
[13:58:34] ⏱ 생성대기 시작 SRT_1859 max=120s
[13:58:47] ⏱ 생성대기 완료 13.0s SRT_1859 https://www.genspark.ai/api/files/s/x0pzmz3m
[13:58:47] ⏱ 생성대기구간 SRT_1859 13.0s · ok=True
[13:58:47] SRT_1859 근접 이미지 https://www.genspark.ai/api/files/s/x0pzmz3m
[13:58:47] 다운로드 files URL=https://www.genspark.ai/api/files/s/x0pzmz3m → SRT_1859.png
[13:58:48] ⏱ 다운로드 직접 1.2s size=642884 SRT_1859.png
[13:58:48] ⏱ 다운로드구간 SRT_1859 1.3s · SRT_1859.png
[13:58:51] ⏱ 다운로드후유휴 SRT_1859 2.6s · idle=True
[13:58:51] ⏱ 씬합계 SRT_1859 26.6s · https://www.genspark.ai/api/files/s/x0pzmz3m
[13:58:51] SRT_1859 생성·다운로드 완료
C:\cursor\wuxia\workspace\swardmaster\2부\18장\png\SRT_1859.png
[13:58:51] 다운로드 실패 없음 — 대상 씬 PNG 모두 확인
