[2026-08-05 09:07:07] === 7_2 mp4Edit 0.1.7 시작 log=C:\cursor\videt\dist\mp4_edit_debug.log ===
[2026-08-05 09:07:07] resolve_and_load: 'https://www.youtube.com/watch?v=KOCo26IBhyw'
[2026-08-05 09:07:07] status[load]: YouTube 전체 다운로드 중…
[2026-08-05 09:07:07] load youtube worker start token=1
[2026-08-05 09:07:07] download_youtube_section start vid=KOCo26IBhyw start=0.0 end=None dest=None
[2026-08-05 09:07:07] status[load]: YouTube 정보 조회 중…
[2026-08-05 09:07:07] yt-dlp extract_info start vid=KOCo26IBhyw format=best[ext=mp4]/best
[2026-08-05 09:07:09] yt-dlp extract_info ok vid=KOCo26IBhyw dur=923 title="Flodden 1513: Scotland's Greatest Military Disaster" (1.7s)
[2026-08-05 09:07:09] download_youtube_section meta ok clip_end=923.0
[2026-08-05 09:07:13] status[load]: 다운로드… 0.0% 76.70KiB/s
[2026-08-05 09:07:13] status[load]: 다운로드… 0.0% 187.11KiB/s
[2026-08-05 09:07:13] status[load]: 다운로드… 0.0% 436.58KiB/s
[2026-08-05 09:07:13] status[load]: 다운로드… 0.0% 880.66KiB/s
[2026-08-05 09:07:13] status[load]: 다운로드… 0.0% 1.78MiB/s
[2026-08-05 09:07:13] status[load]: 다운로드… 0.0% 2.99MiB/s
[2026-08-05 09:07:13] status[load]: 다운로드… 0.0% 3.49MiB/s
[2026-08-05 09:07:13] status[load]: 다운로드… 0.0% 4.04MiB/s
[2026-08-05 09:07:13] status[load]: 다운로드… 0.0% 5.11MiB/s
[2026-08-05 09:07:13] status[load]: 다운로드… 0.1% 6.73MiB/s
[2026-08-05 09:07:13] status[load]: 다운로드… 0.1% 9.36MiB/s
[2026-08-05 09:07:13] status[load]: 다운로드… 0.3% 10.06MiB/s
[2026-08-05 09:07:13] status[load]: 다운로드… 0.5% 11.84MiB/s
[2026-08-05 09:07:14] status[load]: 다운로드… 0.7% 8.22MiB/s
[2026-08-05 09:07:14] status[load]: 다운로드… 0.7% 66.64KiB/s
[2026-08-05 09:07:14] status[load]: 다운로드… 0.7% 187.48KiB/s
[2026-08-05 09:07:14] status[load]: 다운로드… 0.7% 388.82KiB/s
[2026-08-05 09:07:14] status[load]: 다운로드… 0.7% 789.40KiB/s
[2026-08-05 09:07:14] status[load]: 다운로드… 0.7% 1.51MiB/s
[2026-08-05 09:07:14] status[load]: 다운로드… 0.7% 2.80MiB/s
[2026-08-05 09:07:14] status[load]: 다운로드… 0.7% 4.43MiB/s
[2026-08-05 09:07:14] status[load]: 다운로드… 0.7% 5.79MiB/s
[2026-08-05 09:07:14] status[load]: 다운로드… 0.7% 7.80MiB/s
[2026-08-05 09:07:14] status[load]: 다운로드… 0.7% 8.91MiB/s
[2026-08-05 09:07:14] status[load]: 다운로드… 0.8% 9.94MiB/s
[2026-08-05 09:07:14] status[load]: 다운로드… 0.9% 12.00MiB/s
[2026-08-05 09:07:14] status[load]: 다운로드… 1.2% 15.18MiB/s
[2026-08-05 09:07:14] status[load]: 다운로드… 1.3% 15.09MiB/s
[2026-08-05 09:07:14] status[load]: 다운로드… 1.3% 111.09KiB/s
[2026-08-05 09:07:14] status[load]: 다운로드… 1.3% 300.14KiB/s
[2026-08-05 09:07:14] status[load]: 다운로드… 1.3% 700.32KiB/s
[2026-08-05 09:07:14] status[load]: 다운로드… 1.3% 1.47MiB/s
[2026-08-05 09:07:14] status[load]: 다운로드… 1.3% 2.75MiB/s
[2026-08-05 09:07:14] status[load]: 다운로드… 1.3% 3.85MiB/s
[2026-08-05 09:07:14] status[load]: 다운로드… 1.3% 4.77MiB/s
[2026-08-05 09:07:14] status[load]: 다운로드… 1.3% 7.33MiB/s
[2026-08-05 09:07:15] status[load]: 다운로드… 1.4% 7.13MiB/s
[2026-08-05 09:07:15] status[load]: 다운로드… 1.4% 8.96MiB/s
[2026-08-05 09:07:15] status[load]: 다운로드… 1.5% 10.83MiB/s
[2026-08-05 09:07:15] status[load]: 다운로드… 1.6% 12.98MiB/s
[2026-08-05 09:07:15] status[load]: 다운로드… 1.9% 15.95MiB/s
[2026-08-05 09:07:15] status[load]: 다운로드… 2.0% 16.97MiB/s
[2026-08-05 09:07:15] status[load]: 다운로드… 2.0% 97.58KiB/s
[2026-08-05 09:07:15] status[load]: 다운로드… 2.0% 31.66KiB/s
[2026-08-05 09:07:15] status[load]: 다운로드… 2.0% 72.33KiB/s
[2026-08-05 09:07:15] status[load]: 다운로드… 2.0% 155.00KiB/s
[2026-08-05 09:07:15] status[load]: 다운로드… 2.0% 293.09KiB/s
[2026-08-05 09:07:15] status[load]: 다운로드… 2.0% 568.75KiB/s
[2026-08-05 09:07:15] status[load]: 다운로드… 2.0% 971.57KiB/s
[2026-08-05 09:07:15] status[load]: 다운로드… 2.0% 1.73MiB/s
[2026-08-05 09:07:15] status[load]: 다운로드… 2.0% 3.06MiB/s
[2026-08-05 09:07:15] status[load]: 다운로드… 2.1% 5.03MiB/s
[2026-08-05 09:07:15] status[load]: 다운로드… 2.1% 7.54MiB/s
[2026-08-05 09:07:16] status[load]: 다운로드… 2.3% 10.38MiB/s
[2026-08-05 09:07:16] status[load]: 다운로드… 2.5% 13.71MiB/s
[2026-08-05 09:07:16] status[load]: 다운로드… 2.7% 14.78MiB/s
[2026-08-05 09:07:16] status[load]: 다운로드… 2.7% 158.59KiB/s
[2026-08-05 09:07:16] status[load]: 다운로드… 2.7% 410.76KiB/s
[2026-08-05 09:07:16] status[load]: 다운로드… 2.7% 843.05KiB/s
[2026-08-05 09:07:16] status[load]: 다운로드… 2.7% 1.76MiB/s
[2026-08-05 09:07:16] status[load]: 다운로드… 2.7% 3.25MiB/s
[2026-08-05 09:07:16] status[load]: 다운로드… 2.7% 4.62MiB/s
[2026-08-05 09:07:16] status[load]: 다운로드… 2.7% 6.42MiB/s
[2026-08-05 09:07:16] status[load]: 다운로드… 2.7% 6.76MiB/s
[2026-08-05 09:07:16] status[load]: 다운로드… 2.7% 8.63MiB/s
[2026-08-05 09:07:16] status[load]: 다운로드… 2.7% 9.95MiB/s
[2026-08-05 09:07:16] status[load]: 다운로드… 2.8% 11.85MiB/s
[2026-08-05 09:07:16] status[load]: 다운로드… 2.9% 14.22MiB/s
[2026-08-05 09:07:16] status[load]: 다운로드… 3.2% 16.81MiB/s
[2026-08-05 09:07:16] status[load]: 다운로드… 3.3% 17.51MiB/s
[2026-08-05 09:07:16] status[load]: 다운로드… 3.3% 90.16KiB/s
[2026-08-05 09:07:16] status[load]: 다운로드… 3.3% 248.12KiB/s
[2026-08-05 09:07:16] status[load]: 다운로드… 3.3% 578.96KiB/s
[2026-08-05 09:07:16] status[load]: 다운로드… 3.3% 1.21MiB/s
[2026-08-05 09:07:16] status[load]: 다운로드… 3.3% 2.23MiB/s
[2026-08-05 09:07:16] status[load]: 다운로드… 3.3% 2.79MiB/s
[2026-08-05 09:07:16] status[load]: 다운로드… 3.3% 3.91MiB/s
[2026-08-05 09:07:16] status[load]: 다운로드… 3.3% 6.12MiB/s
[2026-08-05 09:07:16] status[load]: 다운로드… 3.4% 9.03MiB/s
[2026-08-05 09:07:17] status[load]: 다운로드… 3.4% 11.79MiB/s
[2026-08-05 09:07:17] status[load]: 다운로드… 3.5% 14.47MiB/s
[2026-08-05 09:07:17] status[load]: 다운로드… 3.6% 16.24MiB/s
[2026-08-05 09:07:17] status[load]: 다운로드… 3.9% 18.20MiB/s
[2026-08-05 09:07:17] status[load]: 다운로드… 4.0% 18.77MiB/s
[2026-08-05 09:07:17] status[load]: 다운로드… 4.0% 142.77KiB/s
[2026-08-05 09:07:17] status[load]: 다운로드… 4.0% 374.78KiB/s
[2026-08-05 09:07:17] status[load]: 다운로드… 4.0% 874.49KiB/s
[2026-08-05 09:07:17] status[load]: 다운로드… 4.0% 1.63MiB/s
[2026-08-05 09:07:17] status[load]: 다운로드… 4.0% 3.36MiB/s
[2026-08-05 09:07:17] status[load]: 다운로드… 4.0% 4.39MiB/s
[2026-08-05 09:07:17] status[load]: 다운로드… 4.0% 6.20MiB/s
[2026-08-05 09:07:17] status[load]: 다운로드… 4.0% 8.48MiB/s
[2026-08-05 09:07:17] status[load]: 다운로드… 4.0% 10.42MiB/s
[2026-08-05 09:07:17] status[load]: 다운로드… 4.1% 12.43MiB/s
[2026-08-05 09:07:17] status[load]: 다운로드… 4.1% 11.79MiB/s
[2026-08-05 09:07:17] status[load]: 다운로드… 4.3% 13.50MiB/s
[2026-08-05 09:07:17] status[load]: 다운로드… 4.5% 16.15MiB/s
[2026-08-05 09:07:18] status[load]: 다운로드… 4.7% 16.83MiB/s
[2026-08-05 09:07:18] status[load]: 다운로드… 4.7% 200.02KiB/s
[2026-08-05 09:07:18] status[load]: 다운로드… 4.7% 500.02KiB/s
[2026-08-05 09:07:18] status[load]: 다운로드… 4.7% 1.14MiB/s
[2026-08-05 09:07:18] status[load]: 다운로드… 4.7% 2.09MiB/s
[2026-08-05 09:07:18] status[load]: 다운로드… 4.7% 4.33MiB/s
[2026-08-05 09:07:18] status[load]: 다운로드… 4.7% 4.84MiB/s
[2026-08-05 09:07:18] status[load]: 다운로드… 4.7% 5.53MiB/s
[2026-08-05 09:07:18] status[load]: 다운로드… 4.7% 5.50MiB/s
[2026-08-05 09:07:18] status[load]: 다운로드… 4.7% 6.17MiB/s
[2026-08-05 09:07:18] status[load]: 다운로드… 4.7% 7.65MiB/s
[2026-08-05 09:07:18] status[load]: 다운로드… 4.8% 9.57MiB/s
[2026-08-05 09:07:18] status[load]: 다운로드… 4.9% 12.12MiB/s
[2026-08-05 09:07:18] status[load]: 다운로드… 5.2% 14.85MiB/s
[2026-08-05 09:07:18] status[load]: 다운로드… 5.3% 15.88MiB/s
[2026-08-05 09:07:18] status[load]: 다운로드… 5.3% 105.59KiB/s
[2026-08-05 09:07:18] status[load]: 다운로드… 5.3% 316.77KiB/s
[2026-08-05 09:07:18] status[load]: 다운로드… 5.3% 668.54KiB/s
[2026-08-05 09:07:18] status[load]: 다운로드… 5.3% 1.40MiB/s
[2026-08-05 09:07:18] status[load]: 다운로드… 5.3% 2.64MiB/s
[2026-08-05 09:07:18] status[load]: 다운로드… 5.3% 3.98MiB/s
[2026-08-05 09:07:18] status[load]: 다운로드… 5.3% 5.02MiB/s
[2026-08-05 09:07:18] status[load]: 다운로드… 5.3% 7.18MiB/s
[2026-08-05 09:07:18] status[load]: 다운로드… 5.3% 9.41MiB/s
[2026-08-05 09:07:18] status[load]: 다운로드… 5.4% 10.24MiB/s
[2026-08-05 09:07:18] status[load]: 다운로드… 5.4% 11.40MiB/s
[2026-08-05 09:07:19] status[load]: 다운로드… 5.6% 13.23MiB/s
[2026-08-05 09:07:19] status[load]: 다운로드… 5.9% 16.34MiB/s
[2026-08-05 09:07:19] status[load]: 다운로드… 6.0% 17.21MiB/s
[2026-08-05 09:07:19] status[load]: 다운로드… 6.0% 142.74KiB/s
[2026-08-05 09:07:19] status[load]: 다운로드… 6.0% 428.22KiB/s
[2026-08-05 09:07:19] status[load]: 다운로드… 6.0% 999.19KiB/s
[2026-08-05 09:07:19] status[load]: 다운로드… 6.0% 1.83MiB/s
[2026-08-05 09:07:19] status[load]: 다운로드… 6.0% 3.78MiB/s
[2026-08-05 09:07:19] status[load]: 다운로드… 6.0% 5.59MiB/s
[2026-08-05 09:07:19] status[load]: 다운로드… 6.0% 6.70MiB/s
[2026-08-05 09:07:19] status[load]: 다운로드… 6.0% 8.27MiB/s
[2026-08-05 09:07:19] status[load]: 다운로드… 6.0% 12.02MiB/s
[2026-08-05 09:07:19] status[load]: 다운로드… 6.1% 14.25MiB/s
[2026-08-05 09:07:19] status[load]: 다운로드… 6.1% 16.51MiB/s
[2026-08-05 09:07:19] status[load]: 다운로드… 6.3% 18.78MiB/s
[2026-08-05 09:07:19] status[load]: 다운로드… 6.5% 20.24MiB/s
[2026-08-05 09:07:19] status[load]: 다운로드… 6.6% 20.63MiB/s
[2026-08-05 09:07:19] status[load]: 다운로드… 6.6% 124.99KiB/s
[2026-08-05 09:07:19] status[load]: 다운로드… 6.6% 333.33KiB/s
[2026-08-05 09:07:19] status[load]: 다운로드… 6.6% 777.77KiB/s
[2026-08-05 09:07:19] status[load]: 다운로드… 6.6% 1.63MiB/s
[2026-08-05 09:07:19] status[load]: 다운로드… 6.6% 3.03MiB/s
[2026-08-05 09:07:19] status[load]: 다운로드… 6.6% 4.73MiB/s
[2026-08-05 09:07:19] status[load]: 다운로드… 6.7% 6.20MiB/s
[2026-08-05 09:07:19] status[load]: 다운로드… 6.7% 7.78MiB/s
[2026-08-05 09:07:20] status[load]: 다운로드… 6.7% 7.25MiB/s
[2026-08-05 09:07:20] status[load]: 다운로드… 6.7% 8.63MiB/s
[2026-08-05 09:07:20] status[load]: 다운로드… 6.8% 10.67MiB/s
[2026-08-05 09:07:20] status[load]: 다운로드… 6.9% 13.25MiB/s
[2026-08-05 09:07:20] status[load]: 다운로드… 7.2% 16.87MiB/s
[2026-08-05 09:07:20] status[load]: 다운로드… 7.3% 17.48MiB/s
[2026-08-05 09:07:20] status[load]: 다운로드… 7.3% 142.88KiB/s
[2026-08-05 09:07:20] status[load]: 다운로드… 7.3% 428.63KiB/s
[2026-08-05 09:07:20] status[load]: 다운로드… 7.3% 1000.14KiB/s
[2026-08-05 09:07:20] status[load]: 다운로드… 7.3% 1.83MiB/s
[2026-08-05 09:07:20] status[load]: 다운로드… 7.3% 3.36MiB/s
[2026-08-05 09:07:20] status[load]: 다운로드… 7.3% 4.64MiB/s
[2026-08-05 09:07:20] status[load]: 다운로드… 7.3% 6.79MiB/s
[2026-08-05 09:07:20] status[load]: 다운로드… 7.3% 9.85MiB/s
[2026-08-05 09:07:20] status[load]: 다운로드… 7.3% 13.52MiB/s
[2026-08-05 09:07:20] status[load]: 다운로드… 7.4% 15.94MiB/s
[2026-08-05 09:07:20] status[load]: 다운로드… 7.4% 17.24MiB/s
[2026-08-05 09:07:20] status[load]: 다운로드… 7.6% 18.73MiB/s
[2026-08-05 09:07:20] status[load]: 다운로드… 7.8% 18.80MiB/s
[2026-08-05 09:07:21] status[load]: 다운로드… 8.0% 18.53MiB/s
[2026-08-05 09:07:21] status[load]: 다운로드… 8.0% 81.32KiB/s
[2026-08-05 09:07:21] status[load]: 다운로드… 8.0% 243.97KiB/s
[2026-08-05 09:07:21] status[load]: 다운로드… 8.0% 526.61KiB/s
[2026-08-05 09:07:21] status[load]: 다운로드… 8.0% 1.10MiB/s
[2026-08-05 09:07:21] status[load]: 다운로드… 8.0% 2.12MiB/s
[2026-08-05 09:07:21] status[load]: 다운로드… 8.0% 2.76MiB/s
[2026-08-05 09:07:21] status[load]: 다운로드… 8.0% 4.38MiB/s
[2026-08-05 09:07:21] status[load]: 다운로드… 8.0% 7.06MiB/s
[2026-08-05 09:07:21] status[load]: 다운로드… 8.0% 10.00MiB/s
[2026-08-05 09:07:21] status[load]: 다운로드… 8.0% 13.95MiB/s
[2026-08-05 09:07:21] status[load]: 다운로드… 8.1% 16.85MiB/s
[2026-08-05 09:07:21] status[load]: 다운로드… 8.2% 20.38MiB/s
[2026-08-05 09:07:21] status[load]: 다운로드… 8.5% 21.31MiB/s
[2026-08-05 09:07:21] status[load]: 다운로드… 8.6% 21.49MiB/s
[2026-08-05 09:07:21] status[load]: 다운로드… 8.6% 124.98KiB/s
[2026-08-05 09:07:21] status[load]: 다운로드… 8.6% 333.27KiB/s
[2026-08-05 09:07:21] status[load]: 다운로드… 8.6% 777.63KiB/s
[2026-08-05 09:07:21] status[load]: 다운로드… 8.6% 1.63MiB/s
[2026-08-05 09:07:21] status[load]: 다운로드… 8.6% 3.03MiB/s
[2026-08-05 09:07:21] status[load]: 다운로드… 8.6% 4.28MiB/s
[2026-08-05 09:07:21] status[load]: 다운로드… 8.6% 5.01MiB/s
[2026-08-05 09:07:21] status[load]: 다운로드… 8.6% 7.20MiB/s
[2026-08-05 09:07:21] status[load]: 다운로드… 8.7% 10.81MiB/s
[2026-08-05 09:07:21] status[load]: 다운로드… 8.7% 13.14MiB/s
[2026-08-05 09:07:21] status[load]: 다운로드… 8.8% 14.63MiB/s
[2026-08-05 09:07:21] status[load]: 다운로드… 8.9% 18.01MiB/s
[2026-08-05 09:07:22] status[load]: 다운로드… 9.2% 13.49MiB/s
[2026-08-05 09:07:22] status[load]: 다운로드… 9.3% 14.54MiB/s
[2026-08-05 09:07:22] status[load]: 다운로드… 9.3% 128.60KiB/s
[2026-08-05 09:07:22] status[load]: 다운로드… 9.3% 385.80KiB/s
[2026-08-05 09:07:22] status[load]: 다운로드… 9.3% 900.20KiB/s
[2026-08-05 09:07:22] status[load]: 다운로드… 9.3% 1.67MiB/s
[2026-08-05 09:07:22] status[load]: 다운로드… 9.3% 3.45MiB/s
[2026-08-05 09:07:22] status[load]: 다운로드… 9.3% 3.11MiB/s
[2026-08-05 09:07:22] status[load]: 다운로드… 9.3% 5.00MiB/s
[2026-08-05 09:07:22] status[load]: 다운로드… 9.3% 6.64MiB/s
[2026-08-05 09:07:22] status[load]: 다운로드… 9.3% 6.94MiB/s
[2026-08-05 09:07:22] status[load]: 다운로드… 9.4% 8.31MiB/s
[2026-08-05 09:07:22] status[load]: 다운로드… 9.4% 10.03MiB/s
[2026-08-05 09:07:22] status[load]: 다운로드… 9.6% 12.49MiB/s
[2026-08-05 09:07:22] status[load]: 다운로드… 9.8% 15.00MiB/s
[2026-08-05 09:07:23] status[load]: 다운로드… 10.0% 15.69MiB/s
[2026-08-05 09:07:23] status[load]: 다운로드… 10.0% 199.52KiB/s
[2026-08-05 09:07:23] status[load]: 다운로드… 10.0% 496.17KiB/s
[2026-08-05 09:07:23] status[load]: 다운로드… 10.0% 1.13MiB/s
[2026-08-05 09:07:23] status[load]: 다운로드… 10.0% 2.42MiB/s
[2026-08-05 09:07:23] status[load]: 다운로드… 10.0% 4.33MiB/s
[2026-08-05 09:07:23] status[load]: 다운로드… 10.0% 5.13MiB/s
[2026-08-05 09:07:23] status[load]: 다운로드… 10.0% 6.89MiB/s
[2026-08-05 09:07:23] status[load]: 다운로드… 10.0% 9.47MiB/s
[2026-08-05 09:07:23] status[load]: 다운로드… 10.0% 10.38MiB/s
[2026-08-05 09:07:23] status[load]: 다운로드… 10.0% 14.38MiB/s
[2026-08-05 09:07:23] status[load]: 다운로드… 10.1% 16.69MiB/s
[2026-08-05 09:07:23] status[load]: 다운로드… 10.2% 18.17MiB/s
[2026-08-05 09:07:23] status[load]: 다운로드… 10.5% 18.78MiB/s
[2026-08-05 09:07:23] status[load]: 다운로드… 10.6% 17.75MiB/s
[2026-08-05 09:07:23] status[load]: 다운로드… 10.6% 124.99KiB/s
[2026-08-05 09:07:23] status[load]: 다운로드… 10.6% 333.45KiB/s
[2026-08-05 09:07:23] status[load]: 다운로드… 10.6% 778.04KiB/s
[2026-08-05 09:07:23] status[load]: 다운로드… 10.6% 1.47MiB/s
[2026-08-05 09:07:23] status[load]: 다운로드… 10.6% 3.03MiB/s
[2026-08-05 09:07:23] status[load]: 다운로드… 10.6% 4.22MiB/s
[2026-08-05 09:07:23] status[load]: 다운로드… 10.6% 5.49MiB/s
[2026-08-05 09:07:23] status[load]: 다운로드… 10.6% 8.23MiB/s
[2026-08-05 09:07:23] status[load]: 다운로드… 10.6% 11.47MiB/s
[2026-08-05 09:07:23] status[load]: 다운로드… 10.7% 13.74MiB/s
[2026-08-05 09:07:23] status[load]: 다운로드… 10.7% 15.36MiB/s
[2026-08-05 09:07:23] status[load]: 다운로드… 10.9% 16.11MiB/s
[2026-08-05 09:07:24] status[load]: 다운로드… 11.2% 19.43MiB/s
[2026-08-05 09:07:24] status[load]: 다운로드… 11.3% 20.04MiB/s
[2026-08-05 09:07:24] status[load]: 다운로드… 11.3% 76.90KiB/s
[2026-08-05 09:07:24] status[load]: 다운로드… 11.3% 214.25KiB/s
[2026-08-05 09:07:24] status[load]: 다운로드… 11.3% 499.93KiB/s
[2026-08-05 09:07:24] status[load]: 다운로드… 11.3% 1.05MiB/s
[2026-08-05 09:07:24] status[load]: 다운로드… 11.3% 2.02MiB/s
[2026-08-05 09:07:24] status[load]: 다운로드… 11.3% 3.42MiB/s
[2026-08-05 09:07:24] status[load]: 다운로드… 11.3% 4.28MiB/s
[2026-08-05 09:07:24] status[load]: 다운로드… 11.3% 6.88MiB/s
[2026-08-05 09:07:24] status[load]: 다운로드… 11.3% 9.56MiB/s
[2026-08-05 09:07:24] status[load]: 다운로드… 11.3% 11.81MiB/s
[2026-08-05 09:07:24] status[load]: 다운로드… 11.4% 13.88MiB/s
[2026-08-05 09:07:24] status[load]: 다운로드… 11.5% 16.37MiB/s
[2026-08-05 09:07:24] status[load]: 다운로드… 11.8% 18.47MiB/s
[2026-08-05 09:07:24] status[load]: 다운로드… 11.9% 18.61MiB/s
[2026-08-05 09:07:24] status[load]: 다운로드… 11.9% 62.50KiB/s
[2026-08-05 09:07:24] status[load]: 다운로드… 11.9% 176.44KiB/s
[2026-08-05 09:07:24] status[load]: 다운로드… 11.9% 388.83KiB/s
[2026-08-05 09:07:24] status[load]: 다운로드… 11.9% 789.14KiB/s
[2026-08-05 09:07:24] status[load]: 다운로드… 11.9% 1.51MiB/s
[2026-08-05 09:07:24] status[load]: 다운로드… 11.9% 2.93MiB/s
[2026-08-05 09:07:24] status[load]: 다운로드… 11.9% 4.59MiB/s
[2026-08-05 09:07:24] status[load]: 다운로드… 11.9% 6.92MiB/s
[2026-08-05 09:07:24] status[load]: 다운로드… 12.0% 8.60MiB/s
[2026-08-05 09:07:24] status[load]: 다운로드… 12.0% 12.56MiB/s
[2026-08-05 09:07:24] status[load]: 다운로드… 12.1% 16.18MiB/s
[2026-08-05 09:07:25] status[load]: 다운로드… 12.2% 17.61MiB/s
[2026-08-05 09:07:25] status[load]: 다운로드… 12.5% 18.82MiB/s
[2026-08-05 09:07:25] status[load]: 다운로드… 12.6% 19.28MiB/s
[2026-08-05 09:07:25] status[load]: 다운로드… 12.6% 142.83KiB/s
[2026-08-05 09:07:25] status[load]: 다운로드… 12.6% 372.03KiB/s
[2026-08-05 09:07:25] status[load]: 다운로드… 12.6% 868.08KiB/s
[2026-08-05 09:07:25] status[load]: 다운로드… 12.6% 1.56MiB/s
[2026-08-05 09:07:25] status[load]: 다운로드… 12.6% 2.90MiB/s
[2026-08-05 09:07:25] status[load]: 다운로드… 12.6% 3.17MiB/s
[2026-08-05 09:07:25] status[load]: 다운로드… 12.6% 3.36MiB/s
[2026-08-05 09:07:25] status[load]: 다운로드… 12.6% 3.32MiB/s
[2026-08-05 09:07:25] status[load]: 다운로드… 12.6% 2.63MiB/s
[2026-08-05 09:07:25] status[load]: 다운로드… 12.7% 3.43MiB/s
[2026-08-05 09:07:25] status[load]: 다운로드… 12.7% 4.89MiB/s
[2026-08-05 09:07:25] status[load]: 다운로드… 12.9% 6.92MiB/s
[2026-08-05 09:07:26] status[load]: 다운로드… 13.1% 10.42MiB/s
[2026-08-05 09:07:26] status[load]: 다운로드… 13.3% 11.34MiB/s
[2026-08-05 09:07:26] status[load]: 다운로드… 13.3% 36.75KiB/s
[2026-08-05 09:07:26] status[load]: 다운로드… 13.3% 106.32KiB/s
[2026-08-05 09:07:26] status[load]: 다운로드… 13.3% 239.58KiB/s
[2026-08-05 09:07:26] status[load]: 다운로드… 13.3% 513.39KiB/s
[2026-08-05 09:07:26] status[load]: 다운로드… 13.3% 1.00MiB/s
[2026-08-05 09:07:26] status[load]: 다운로드… 13.3% 1.82MiB/s
[2026-08-05 09:07:26] status[load]: 다운로드… 13.3% 2.97MiB/s
[2026-08-05 09:07:26] status[load]: 다운로드… 13.3% 4.39MiB/s
[2026-08-05 09:07:26] status[load]: 다운로드… 13.3% 6.95MiB/s
[2026-08-05 09:07:26] status[load]: 다운로드… 13.3% 9.38MiB/s
[2026-08-05 09:07:26] status[load]: 다운로드… 13.4% 11.99MiB/s
[2026-08-05 09:07:26] status[load]: 다운로드… 13.5% 12.83MiB/s
[2026-08-05 09:07:26] status[load]: 다운로드… 13.8% 15.19MiB/s
[2026-08-05 09:07:26] status[load]: 다운로드… 13.9% 14.65MiB/s
[2026-08-05 09:07:27] status[load]: 다운로드… 13.9% 166.42KiB/s
[2026-08-05 09:07:27] status[load]: 다운로드… 13.9% 428.09KiB/s
[2026-08-05 09:07:27] status[load]: 다운로드… 13.9% 998.88KiB/s
[2026-08-05 09:07:27] status[load]: 다운로드… 13.9% 1.83MiB/s
[2026-08-05 09:07:27] status[load]: 다운로드… 13.9% 3.78MiB/s
[2026-08-05 09:07:27] status[load]: 다운로드… 13.9% 4.73MiB/s
[2026-08-05 09:07:27] status[load]: 다운로드… 13.9% 6.73MiB/s
[2026-08-05 09:07:27] status[load]: 다운로드… 13.9% 8.41MiB/s
[2026-08-05 09:07:27] status[load]: 다운로드… 14.0% 11.26MiB/s
[2026-08-05 09:07:27] status[load]: 다운로드… 14.0% 12.76MiB/s
[2026-08-05 09:07:27] status[load]: 다운로드… 14.1% 15.54MiB/s
[2026-08-05 09:07:27] status[load]: 다운로드… 14.2% 16.24MiB/s
[2026-08-05 09:07:27] status[load]: 다운로드… 14.5% 17.74MiB/s
[2026-08-05 09:07:27] status[load]: 다운로드… 14.6% 16.99MiB/s
[2026-08-05 09:07:27] status[load]: 다운로드… 14.6% 110.08KiB/s
[2026-08-05 09:07:27] status[load]: 다운로드… 14.6% 330.23KiB/s
[2026-08-05 09:07:27] status[load]: 다운로드… 14.6% 770.53KiB/s
[2026-08-05 09:07:27] status[load]: 다운로드… 14.6% 1.40MiB/s
[2026-08-05 09:07:27] status[load]: 다운로드… 14.6% 2.89MiB/s
[2026-08-05 09:07:27] status[load]: 다운로드… 14.6% 3.78MiB/s
[2026-08-05 09:07:27] status[load]: 다운로드… 14.6% 4.90MiB/s
[2026-08-05 09:07:27] status[load]: 다운로드… 14.6% 6.59MiB/s
[2026-08-05 09:07:27] status[load]: 다운로드… 14.6% 8.79MiB/s
[2026-08-05 09:07:27] status[load]: 다운로드… 14.7% 11.40MiB/s
[2026-08-05 09:07:27] status[load]: 다운로드… 14.7% 13.11MiB/s
[2026-08-05 09:07:27] status[load]: 다운로드… 14.9% 14.51MiB/s
[2026-08-05 09:07:28] status[load]: 다운로드… 15.1% 16.29MiB/s
[2026-08-05 09:07:28] status[load]: 다운로드… 15.3% 16.35MiB/s
[2026-08-05 09:07:28] status[load]: 다운로드… 15.3% 40.24KiB/s
[2026-08-05 09:07:28] status[load]: 다운로드… 15.3% 120.71KiB/s
[2026-08-05 09:07:28] status[load]: 다운로드… 15.3% 270.75KiB/s
[2026-08-05 09:07:28] status[load]: 다운로드… 15.3% 580.18KiB/s
[2026-08-05 09:07:28] status[load]: 다운로드… 15.3% 1.13MiB/s
[2026-08-05 09:07:28] status[load]: 다운로드… 15.3% 1.57MiB/s
[2026-08-05 09:07:28] status[load]: 다운로드… 15.3% 2.75MiB/s
[2026-08-05 09:07:28] status[load]: 다운로드… 15.3% 4.36MiB/s
[2026-08-05 09:07:28] status[load]: 다운로드… 15.3% 6.83MiB/s
[2026-08-05 09:07:28] status[load]: 다운로드… 15.3% 9.69MiB/s
[2026-08-05 09:07:28] status[load]: 다운로드… 15.4% 13.51MiB/s
[2026-08-05 09:07:28] status[load]: 다운로드… 15.5% 10.17MiB/s
[2026-08-05 09:07:28] status[load]: 다운로드… 15.8% 13.08MiB/s
[2026-08-05 09:07:29] status[load]: 다운로드… 15.9% 13.71MiB/s
[2026-08-05 09:07:29] status[load]: 다운로드… 15.9% 35.79KiB/s
[2026-08-05 09:07:29] status[load]: 다운로드… 15.9% 103.65KiB/s
[2026-08-05 09:07:29] status[load]: 다운로드… 15.9% 241.85KiB/s
[2026-08-05 09:07:29] status[load]: 다운로드… 15.9% 518.24KiB/s
[2026-08-05 09:07:29] status[load]: 다운로드… 16.0% 1.01MiB/s
[2026-08-05 09:07:29] status[load]: 다운로드… 16.0% 1.76MiB/s
[2026-08-05 09:07:29] status[load]: 다운로드… 16.0% 2.92MiB/s
[2026-08-05 09:07:29] status[load]: 다운로드… 16.0% 5.03MiB/s
[2026-08-05 09:07:29] status[load]: 다운로드… 16.0% 7.89MiB/s
[2026-08-05 09:07:29] status[load]: 다운로드… 16.0% 11.14MiB/s
[2026-08-05 09:07:29] status[load]: 다운로드… 16.1% 13.76MiB/s
[2026-08-05 09:07:29] status[load]: 다운로드… 16.2% 16.06MiB/s
[2026-08-05 09:07:29] status[load]: 다운로드… 16.5% 14.36MiB/s
[2026-08-05 09:07:29] status[load]: 다운로드… 16.6% 15.03MiB/s
[2026-08-05 09:07:29] status[load]: 다운로드… 16.6% 35.29KiB/s
[2026-08-05 09:07:29] status[load]: 다운로드… 16.6% 102.27KiB/s
[2026-08-05 09:07:29] status[load]: 다운로드… 16.6% 230.80KiB/s
[2026-08-05 09:07:29] status[load]: 다운로드… 16.6% 494.58KiB/s
[2026-08-05 09:07:29] status[load]: 다운로드… 16.6% 989.42KiB/s
[2026-08-05 09:07:29] status[load]: 다운로드… 16.6% 1.79MiB/s
[2026-08-05 09:07:29] status[load]: 다운로드… 16.6% 2.77MiB/s
[2026-08-05 09:07:29] status[load]: 다운로드… 16.6% 4.90MiB/s
[2026-08-05 09:07:29] status[load]: 다운로드… 16.7% 6.53MiB/s
[2026-08-05 09:07:30] status[load]: 다운로드… 16.7% 8.82MiB/s
[2026-08-05 09:07:30] status[load]: 다운로드… 16.8% 11.31MiB/s
[2026-08-05 09:07:30] status[load]: 다운로드… 16.9% 13.53MiB/s
[2026-08-05 09:07:30] status[load]: 다운로드… 17.2% 15.85MiB/s
[2026-08-05 09:07:30] status[load]: 다운로드… 17.3% 15.76MiB/s
[2026-08-05 09:07:30] status[load]: 다운로드… 17.3% 34.04KiB/s
[2026-08-05 09:07:30] status[load]: 다운로드… 17.3% 98.76KiB/s
[2026-08-05 09:07:30] status[load]: 다운로드… 17.3% 230.44KiB/s
[2026-08-05 09:07:30] status[load]: 다운로드… 17.3% 478.03KiB/s
[2026-08-05 09:07:30] status[load]: 다운로드… 17.3% 987.94KiB/s
[2026-08-05 09:07:30] status[load]: 다운로드… 17.3% 1.74MiB/s
[2026-08-05 09:07:30] status[load]: 다운로드… 17.3% 2.93MiB/s
[2026-08-05 09:07:30] status[load]: 다운로드… 17.3% 4.85MiB/s
[2026-08-05 09:07:30] status[load]: 다운로드… 17.3% 6.99MiB/s
[2026-08-05 09:07:30] status[load]: 다운로드… 17.4% 7.43MiB/s
[2026-08-05 09:07:30] status[load]: 다운로드… 17.4% 7.42MiB/s
[2026-08-05 09:07:31] status[load]: 다운로드… 17.6% 8.10MiB/s
[2026-08-05 09:07:31] status[load]: 다운로드… 17.8% 11.08MiB/s
[2026-08-05 09:07:31] status[load]: 다운로드… 18.0% 11.69MiB/s
[2026-08-05 09:07:31] status[load]: 다운로드… 18.0% 33.54KiB/s
[2026-08-05 09:07:31] status[load]: 다운로드… 18.0% 94.31KiB/s
[2026-08-05 09:07:31] status[load]: 다운로드… 18.0% 220.05KiB/s
[2026-08-05 09:07:31] status[load]: 다운로드… 18.0% 456.71KiB/s
[2026-08-05 09:07:31] status[load]: 다운로드… 18.0% 943.87KiB/s
[2026-08-05 09:07:31] status[load]: 다운로드… 18.0% 1.63MiB/s
[2026-08-05 09:07:31] status[load]: 다운로드… 18.0% 2.75MiB/s
[2026-08-05 09:07:31] status[load]: 다운로드… 18.0% 4.52MiB/s
[2026-08-05 09:07:31] status[load]: 다운로드… 18.0% 7.22MiB/s
[2026-08-05 09:07:31] status[load]: 다운로드… 18.0% 9.63MiB/s
[2026-08-05 09:07:31] status[load]: 다운로드… 18.1% 12.47MiB/s
[2026-08-05 09:07:31] status[load]: 다운로드… 18.2% 15.33MiB/s
[2026-08-05 09:07:31] status[load]: 다운로드… 18.5% 16.49MiB/s
[2026-08-05 09:07:32] status[load]: 다운로드… 18.6% 16.32MiB/s
[2026-08-05 09:07:32] status[load]: 다운로드… 18.6% 166.13KiB/s
[2026-08-05 09:07:32] status[load]: 다운로드… 18.6% 498.39KiB/s
[2026-08-05 09:07:32] status[load]: 다운로드… 18.6% 996.20KiB/s
[2026-08-05 09:07:32] status[load]: 다운로드… 18.6% 2.08MiB/s
[2026-08-05 09:07:32] status[load]: 다운로드… 18.6% 3.77MiB/s
[2026-08-05 09:07:32] status[load]: 다운로드… 18.6% 4.09MiB/s
[2026-08-05 09:07:32] status[load]: 다운로드… 18.6% 5.38MiB/s
[2026-08-05 09:07:32] status[load]: 다운로드… 18.7% 8.02MiB/s
[2026-08-05 09:07:32] status[load]: 다운로드… 18.7% 11.60MiB/s
[2026-08-05 09:07:32] status[load]: 다운로드… 18.7% 13.94MiB/s
[2026-08-05 09:07:32] status[load]: 다운로드… 18.8% 17.88MiB/s
[2026-08-05 09:07:32] status[load]: 다운로드… 18.9% 19.47MiB/s
[2026-08-05 09:07:34] status[load]: 다운로드… 19.2% 4.14MiB/s
[2026-08-05 09:07:34] status[load]: 다운로드… 19.3% 4.10MiB/s
[2026-08-05 09:07:34] status[load]: 다운로드… 19.3% 58.82KiB/s
[2026-08-05 09:07:34] status[load]: 다운로드… 19.3% 166.67KiB/s
[2026-08-05 09:07:34] status[load]: 다운로드… 19.3% 388.89KiB/s
[2026-08-05 09:07:34] status[load]: 다운로드… 19.3% 789.47KiB/s
[2026-08-05 09:07:34] status[load]: 다운로드… 19.3% 1.59MiB/s
[2026-08-05 09:07:34] status[load]: 다운로드… 19.3% 2.28MiB/s
[2026-08-05 09:07:34] status[load]: 다운로드… 19.3% 3.26MiB/s
[2026-08-05 09:07:34] status[load]: 다운로드… 19.3% 4.18MiB/s
[2026-08-05 09:07:34] status[load]: 다운로드… 19.4% 5.83MiB/s
[2026-08-05 09:07:34] status[load]: 다운로드… 19.4% 8.15MiB/s
[2026-08-05 09:07:34] status[load]: 다운로드… 19.5% 11.10MiB/s
[2026-08-05 09:07:35] status[load]: 다운로드… 19.6% 12.15MiB/s
[2026-08-05 09:07:36] status[load]: 다운로드… 19.9% 4.94MiB/s
[2026-08-05 09:07:37] status[load]: 다운로드… 20.0% 3.89MiB/s
[2026-08-05 09:07:37] status[load]: 다운로드… 20.0% 112.43KiB/s
[2026-08-05 09:07:37] status[load]: 다운로드… 20.0% 303.15KiB/s
[2026-08-05 09:07:37] status[load]: 다운로드… 20.0% 707.35KiB/s
[2026-08-05 09:07:37] status[load]: 다운로드… 20.0% 1.48MiB/s
[2026-08-05 09:07:37] status[load]: 다운로드… 20.0% 2.55MiB/s
[2026-08-05 09:07:37] status[load]: 다운로드… 20.0% 2.56MiB/s
[2026-08-05 09:07:37] status[load]: 다운로드… 20.0% 2.96MiB/s
[2026-08-05 09:07:37] status[load]: 다운로드… 20.0% 2.84MiB/s
[2026-08-05 09:07:37] status[load]: 다운로드… 20.0% 3.22MiB/s
[2026-08-05 09:07:37] status[load]: 다운로드… 20.0% 4.19MiB/s
[2026-08-05 09:07:37] status[load]: 다운로드… 20.1% 6.27MiB/s
[2026-08-05 09:07:37] status[load]: 다운로드… 20.2% 9.01MiB/s
[2026-08-05 09:07:38] status[load]: 다운로드… 20.5% 10.58MiB/s
[2026-08-05 09:07:38] status[load]: 다운로드… 20.6% 10.03MiB/s
[2026-08-05 09:07:38] status[load]: 다운로드… 20.6% 58.88KiB/s
[2026-08-05 09:07:38] status[load]: 다운로드… 20.6% 176.64KiB/s
[2026-08-05 09:07:38] status[load]: 다운로드… 20.6% 389.18KiB/s
[2026-08-05 09:07:38] status[load]: 다운로드… 20.6% 790.10KiB/s
[2026-08-05 09:07:38] status[load]: 다운로드… 20.6% 1.49MiB/s
[2026-08-05 09:07:38] status[load]: 다운로드… 20.6% 1.46MiB/s
[2026-08-05 09:07:38] status[load]: 다운로드… 20.6% 2.17MiB/s
[2026-08-05 09:07:38] status[load]: 다운로드… 20.6% 3.07MiB/s
[2026-08-05 09:07:38] status[load]: 다운로드… 20.7% 5.07MiB/s
[2026-08-05 09:07:38] status[load]: 다운로드… 20.7% 7.57MiB/s
[2026-08-05 09:07:38] status[load]: 다운로드… 20.8% 7.83MiB/s
[2026-08-05 09:07:38] status[load]: 다운로드… 20.9% 8.25MiB/s
[2026-08-05 09:07:39] status[load]: 다운로드… 21.2% 10.87MiB/s
[2026-08-05 09:07:39] status[load]: 다운로드… 21.3% 11.40MiB/s
[2026-08-05 09:07:39] status[load]: 다운로드… 21.3% 51.62KiB/s
[2026-08-05 09:07:39] status[load]: 다운로드… 21.3% 138.49KiB/s
[2026-08-05 09:07:39] status[load]: 다운로드… 21.3% 312.52KiB/s
[2026-08-05 09:07:39] status[load]: 다운로드… 21.3% 669.70KiB/s
[2026-08-05 09:07:39] status[load]: 다운로드… 21.3% 1.29MiB/s
[2026-08-05 09:07:39] status[load]: 다운로드… 21.3% 2.33MiB/s
[2026-08-05 09:07:39] status[load]: 다운로드… 21.3% 3.41MiB/s
[2026-08-05 09:07:39] status[load]: 다운로드… 21.3% 5.73MiB/s
[2026-08-05 09:07:39] status[load]: 다운로드… 21.3% 6.91MiB/s
[2026-08-05 09:07:39] status[load]: 다운로드… 21.4% 8.42MiB/s
[2026-08-05 09:07:39] status[load]: 다운로드… 21.4% 7.06MiB/s
[2026-08-05 09:07:39] status[load]: 다운로드… 21.6% 7.29MiB/s
[2026-08-05 09:07:40] status[load]: 다운로드… 21.8% 8.31MiB/s
[2026-08-05 09:07:40] status[load]: 다운로드… 22.0% 8.15MiB/s
[2026-08-05 09:07:40] status[load]: 다운로드… 22.0% 142.88KiB/s
[2026-08-05 09:07:40] status[load]: 다운로드… 22.0% 375.05KiB/s
[2026-08-05 09:07:40] status[load]: 다운로드… 22.0% 777.75KiB/s
[2026-08-05 09:07:40] status[load]: 다운로드… 22.0% 1.63MiB/s
[2026-08-05 09:07:40] status[load]: 다운로드… 22.0% 3.03MiB/s
[2026-08-05 09:07:40] status[load]: 다운로드… 22.0% 4.41MiB/s
[2026-08-05 09:07:40] status[load]: 다운로드… 22.0% 5.35MiB/s
[2026-08-05 09:07:40] status[load]: 다운로드… 22.0% 7.99MiB/s
[2026-08-05 09:07:40] status[load]: 다운로드… 22.0% 10.79MiB/s
[2026-08-05 09:07:40] status[load]: 다운로드… 22.0% 13.55MiB/s
[2026-08-05 09:07:40] status[load]: 다운로드… 22.1% 14.52MiB/s
[2026-08-05 09:07:40] status[load]: 다운로드… 22.2% 16.57MiB/s
[2026-08-05 09:07:40] status[load]: 다운로드… 22.5% 17.80MiB/s
[2026-08-05 09:07:41] status[load]: 다운로드… 22.6% 17.04MiB/s
[2026-08-05 09:07:41] status[load]: 다운로드… 22.6% 129.00KiB/s
[2026-08-05 09:07:41] status[load]: 다운로드… 22.6% 387.01KiB/s
[2026-08-05 09:07:41] status[load]: 다운로드… 22.6% 798.59KiB/s
[2026-08-05 09:07:41] status[load]: 다운로드… 22.6% 1.50MiB/s
[2026-08-05 09:07:41] status[load]: 다운로드… 22.6% 2.81MiB/s
[2026-08-05 09:07:41] status[load]: 다운로드… 22.6% 4.31MiB/s
[2026-08-05 09:07:41] status[load]: 다운로드… 22.6% 4.89MiB/s
[2026-08-05 09:07:41] status[load]: 다운로드… 22.6% 7.69MiB/s
[2026-08-05 09:07:41] status[load]: 다운로드… 22.7% 9.91MiB/s
[2026-08-05 09:07:41] status[load]: 다운로드… 22.7% 12.68MiB/s
[2026-08-05 09:07:41] status[load]: 다운로드… 22.8% 13.28MiB/s
[2026-08-05 09:07:41] status[load]: 다운로드… 22.9% 14.48MiB/s
[2026-08-05 09:07:41] status[load]: 다운로드… 23.2% 16.05MiB/s
[2026-08-05 09:07:41] status[load]: 다운로드… 23.3% 14.13MiB/s
[2026-08-05 09:07:41] status[load]: 다운로드… 23.3% 34.37KiB/s
[2026-08-05 09:07:41] status[load]: 다운로드… 23.3% 99.61KiB/s
[2026-08-05 09:07:41] status[load]: 다운로드… 23.3% 225.04KiB/s
[2026-08-05 09:07:41] status[load]: 다운로드… 23.3% 467.23KiB/s
[2026-08-05 09:07:41] status[load]: 다운로드… 23.3% 936.37KiB/s
[2026-08-05 09:07:41] status[load]: 다운로드… 23.3% 1.66MiB/s
[2026-08-05 09:07:42] status[load]: 다운로드… 23.3% 2.84MiB/s
[2026-08-05 09:07:42] status[load]: 다운로드… 23.3% 4.21MiB/s
[2026-08-05 09:07:42] status[load]: 다운로드… 23.3% 6.29MiB/s
[2026-08-05 09:07:42] status[load]: 다운로드… 23.4% 8.90MiB/s
[2026-08-05 09:07:42] status[load]: 다운로드… 23.4% 11.61MiB/s
[2026-08-05 09:07:42] status[load]: 다운로드… 23.6% 13.84MiB/s
[2026-08-05 09:07:42] status[load]: 다운로드… 23.8% 13.47MiB/s
[2026-08-05 09:07:42] status[load]: 다운로드… 23.9% 14.41MiB/s
[2026-08-05 09:07:42] status[load]: 다운로드… 23.9% 33.35KiB/s
[2026-08-05 09:07:42] status[load]: 다운로드… 23.9% 100.05KiB/s
[2026-08-05 09:07:42] status[load]: 다운로드… 23.9% 225.94KiB/s
[2026-08-05 09:07:42] status[load]: 다운로드… 23.9% 468.99KiB/s
[2026-08-05 09:07:42] status[load]: 다운로드… 23.9% 939.90KiB/s
[2026-08-05 09:07:42] status[load]: 다운로드… 23.9% 1.16MiB/s
[2026-08-05 09:07:42] status[load]: 다운로드… 23.9% 1.17MiB/s
[2026-08-05 09:07:42] status[load]: 다운로드… 24.0% 1.46MiB/s
[2026-08-05 09:07:42] status[load]: 다운로드… 24.0% 1.97MiB/s
[2026-08-05 09:07:43] status[load]: 다운로드… 24.0% 2.28MiB/s
[2026-08-05 09:07:43] status[load]: 다운로드… 24.1% 3.03MiB/s
[2026-08-05 09:07:43] status[load]: 다운로드… 24.2% 3.92MiB/s
[2026-08-05 09:07:45] status[load]: 다운로드… 24.5% 2.77MiB/s
[2026-08-05 09:07:45] status[load]: 다운로드… 24.6% 3.02MiB/s
[2026-08-05 09:07:45] status[load]: 다운로드… 24.6% 123.57KiB/s
[2026-08-05 09:07:45] status[load]: 다운로드… 24.6% 329.91KiB/s
[2026-08-05 09:07:45] status[load]: 다운로드… 24.6% 693.63KiB/s
[2026-08-05 09:07:45] status[load]: 다운로드… 24.6% 1.32MiB/s
[2026-08-05 09:07:46] status[load]: 다운로드… 24.6% 2.50MiB/s
[2026-08-05 09:07:46] status[load]: 다운로드… 24.6% 2.28MiB/s
[2026-08-05 09:07:46] status[load]: 다운로드… 24.6% 4.42MiB/s
[2026-08-05 09:07:46] status[load]: 다운로드… 24.6% 7.11MiB/s
[2026-08-05 09:07:46] status[load]: 다운로드… 24.6% 9.88MiB/s
[2026-08-05 09:07:46] status[load]: 다운로드… 24.7% 11.23MiB/s
[2026-08-05 09:07:46] status[load]: 다운로드… 24.7% 11.38MiB/s
[2026-08-05 09:07:46] status[load]: 다운로드… 24.9% 12.41MiB/s
[2026-08-05 09:07:48] status[load]: 다운로드… 25.1% 3.97MiB/s
[2026-08-05 09:07:48] status[load]: 다운로드… 25.3% 3.62MiB/s
[2026-08-05 09:07:48] status[load]: 다운로드… 25.3% 186.65KiB/s
[2026-08-05 09:07:48] status[load]: 다운로드… 25.3% 559.96KiB/s
[2026-08-05 09:07:48] status[load]: 다운로드… 25.3% 1.07MiB/s
[2026-08-05 09:07:48] status[load]: 다운로드… 25.3% 1.99MiB/s
[2026-08-05 09:07:48] status[load]: 다운로드… 25.3% 1.31MiB/s
[2026-08-05 09:07:48] status[load]: 다운로드… 25.3% 1.68MiB/s
[2026-08-05 09:07:48] status[load]: 다운로드… 25.3% 2.55MiB/s
[2026-08-05 09:07:48] status[load]: 다운로드… 25.3% 3.13MiB/s
[2026-08-05 09:07:48] status[load]: 다운로드… 25.3% 4.21MiB/s
[2026-08-05 09:07:48] status[load]: 다운로드… 25.3% 5.61MiB/s
[2026-08-05 09:07:49] status[load]: 다운로드… 25.4% 7.47MiB/s
[2026-08-05 09:07:49] status[load]: 다운로드… 25.5% 8.27MiB/s
[2026-08-05 09:07:49] status[load]: 다운로드… 25.8% 10.39MiB/s
[2026-08-05 09:07:49] status[load]: 다운로드… 25.9% 10.93MiB/s
[2026-08-05 09:07:49] status[load]: 다운로드… 25.9% 125.07KiB/s
[2026-08-05 09:07:49] status[load]: 다운로드… 25.9% 375.21KiB/s
[2026-08-05 09:07:49] status[load]: 다운로드… 25.9% 777.88KiB/s
[2026-08-05 09:07:49] status[load]: 다운로드… 25.9% 1.46MiB/s
[2026-08-05 09:07:49] status[load]: 다운로드… 25.9% 2.75MiB/s
[2026-08-05 09:07:49] status[load]: 다운로드… 25.9% 4.39MiB/s
[2026-08-05 09:07:49] status[load]: 다운로드… 25.9% 4.55MiB/s
[2026-08-05 09:07:49] status[load]: 다운로드… 25.9% 6.07MiB/s
[2026-08-05 09:07:49] status[load]: 다운로드… 26.0% 9.43MiB/s
[2026-08-05 09:07:49] status[load]: 다운로드… 26.0% 11.62MiB/s
[2026-08-05 09:07:49] status[load]: 다운로드… 26.1% 13.52MiB/s
[2026-08-05 09:07:50] status[load]: 다운로드… 26.2% 13.41MiB/s
[2026-08-05 09:07:50] status[load]: 다운로드… 26.5% 15.35MiB/s
[2026-08-05 09:07:50] status[load]: 다운로드… 26.6% 16.34MiB/s
[2026-08-05 09:07:50] status[load]: 다운로드… 26.6% 32.15KiB/s
[2026-08-05 09:07:50] status[load]: 다운로드… 26.6% 93.42KiB/s
[2026-08-05 09:07:50] status[load]: 다운로드… 26.6% 217.99KiB/s
[2026-08-05 09:07:50] status[load]: 다운로드… 26.6% 452.94KiB/s
[2026-08-05 09:07:50] status[load]: 다운로드… 26.6% 936.07KiB/s
[2026-08-05 09:07:50] status[load]: 다운로드… 26.6% 1.51MiB/s
[2026-08-05 09:07:50] status[load]: 다운로드… 26.6% 2.60MiB/s
[2026-08-05 09:07:50] status[load]: 다운로드… 26.6% 4.55MiB/s
[2026-08-05 09:07:50] status[load]: 다운로드… 26.6% 7.44MiB/s
[2026-08-05 09:07:50] status[load]: 다운로드… 26.7% 10.83MiB/s
[2026-08-05 09:07:50] status[load]: 다운로드… 26.7% 13.77MiB/s
[2026-08-05 09:07:50] status[load]: 다운로드… 26.9% 16.21MiB/s
[2026-08-05 09:07:50] status[load]: 다운로드… 27.1% 19.19MiB/s
[2026-08-05 09:07:50] status[load]: 다운로드… 27.3% 19.73MiB/s
[2026-08-05 09:07:51] status[load]: 다운로드… 27.3% 32.52KiB/s
[2026-08-05 09:07:51] status[load]: 다운로드… 27.3% 94.47KiB/s
[2026-08-05 09:07:51] status[load]: 다운로드… 27.3% 220.44KiB/s
[2026-08-05 09:07:51] status[load]: 다운로드… 27.3% 457.23KiB/s
[2026-08-05 09:07:51] status[load]: 다운로드… 27.3% 944.94KiB/s
[2026-08-05 09:07:51] status[load]: 다운로드… 27.3% 1.53MiB/s
[2026-08-05 09:07:51] status[load]: 다운로드… 27.3% 2.59MiB/s
[2026-08-05 09:07:51] status[load]: 다운로드… 27.3% 4.63MiB/s
[2026-08-05 09:07:51] status[load]: 다운로드… 27.3% 6.95MiB/s
[2026-08-05 09:07:51] status[load]: 다운로드… 27.3% 9.17MiB/s
[2026-08-05 09:07:51] status[load]: 다운로드… 27.4% 10.44MiB/s
[2026-08-05 09:07:51] status[load]: 다운로드… 27.5% 12.52MiB/s
[2026-08-05 09:07:51] status[load]: 다운로드… 27.8% 15.31MiB/s
[2026-08-05 09:07:51] status[load]: 다운로드… 27.9% 16.12MiB/s
[2026-08-05 09:07:51] status[load]: 다운로드… 27.9% 32.61KiB/s
[2026-08-05 09:07:51] status[load]: 다운로드… 27.9% 94.76KiB/s
[2026-08-05 09:07:51] status[load]: 다운로드… 27.9% 214.27KiB/s
[2026-08-05 09:07:51] status[load]: 다운로드… 27.9% 445.52KiB/s
[2026-08-05 09:07:51] status[load]: 다운로드… 27.9% 869.26KiB/s
[2026-08-05 09:07:51] status[load]: 다운로드… 27.9% 1.62MiB/s
[2026-08-05 09:07:51] status[load]: 다운로드… 27.9% 2.69MiB/s
[2026-08-05 09:07:51] status[load]: 다운로드… 27.9% 4.58MiB/s
[2026-08-05 09:07:51] status[load]: 다운로드… 28.0% 7.71MiB/s
[2026-08-05 09:07:51] status[load]: 다운로드… 28.0% 11.73MiB/s
[2026-08-05 09:07:51] status[load]: 다운로드… 28.1% 14.18MiB/s
[2026-08-05 09:07:51] status[load]: 다운로드… 28.2% 16.53MiB/s
[2026-08-05 09:07:52] status[load]: 다운로드… 28.5% 19.35MiB/s
[2026-08-05 09:07:52] status[load]: 다운로드… 28.6% 19.53MiB/s
[2026-08-05 09:07:52] status[load]: 다운로드… 28.6% 37.04KiB/s
[2026-08-05 09:07:52] status[load]: 다운로드… 28.6% 107.15KiB/s
[2026-08-05 09:07:52] status[load]: 다운로드… 28.6% 241.39KiB/s
[2026-08-05 09:07:52] status[load]: 다운로드… 28.6% 500.01KiB/s
[2026-08-05 09:07:52] status[load]: 다운로드… 28.6% 1000.04KiB/s
[2026-08-05 09:07:52] status[load]: 다운로드… 28.6% 1.76MiB/s
[2026-08-05 09:07:52] status[load]: 다운로드… 28.6% 2.38MiB/s
[2026-08-05 09:07:52] status[load]: 다운로드… 28.6% 4.22MiB/s
[2026-08-05 09:07:52] status[load]: 다운로드… 28.6% 6.81MiB/s
[2026-08-05 09:07:52] status[load]: 다운로드… 28.6% 9.58MiB/s
[2026-08-05 09:07:52] status[load]: 다운로드… 28.7% 12.49MiB/s
[2026-08-05 09:07:52] status[load]: 다운로드… 28.8% 15.01MiB/s
[2026-08-05 09:07:52] status[load]: 다운로드… 29.1% 16.60MiB/s
[2026-08-05 09:07:52] status[load]: 다운로드… 29.2% 16.48MiB/s
[2026-08-05 09:07:52] status[load]: 다운로드… 29.2% 109.77KiB/s
[2026-08-05 09:07:52] status[load]: 다운로드… 29.2% 296.81KiB/s
[2026-08-05 09:07:52] status[load]: 다운로드… 29.2% 611.73KiB/s
[2026-08-05 09:07:52] status[load]: 다운로드… 29.2% 1.18MiB/s
[2026-08-05 09:07:52] status[load]: 다운로드… 29.2% 2.10MiB/s
[2026-08-05 09:07:52] status[load]: 다운로드… 29.2% 2.81MiB/s
[2026-08-05 09:07:52] status[load]: 다운로드… 29.3% 4.00MiB/s
[2026-08-05 09:07:52] status[load]: 다운로드… 29.3% 5.53MiB/s
[2026-08-05 09:07:52] status[load]: 다운로드… 29.3% 7.86MiB/s
[2026-08-05 09:07:53] status[load]: 다운로드… 29.3% 9.54MiB/s
[2026-08-05 09:07:53] status[load]: 다운로드… 29.4% 10.96MiB/s
[2026-08-05 09:07:53] status[load]: 다운로드… 29.5% 11.55MiB/s
[2026-08-05 09:07:53] status[load]: 다운로드… 29.8% 14.39MiB/s
[2026-08-05 09:07:53] status[load]: 다운로드… 29.9% 15.13MiB/s
[2026-08-05 09:07:53] status[load]: 다운로드… 29.9% 37.18KiB/s
[2026-08-05 09:07:53] status[load]: 다운로드… 29.9% 104.29KiB/s
[2026-08-05 09:07:53] status[load]: 다운로드… 29.9% 234.85KiB/s
[2026-08-05 09:07:53] status[load]: 다운로드… 29.9% 415.21KiB/s
[2026-08-05 09:07:53] status[load]: 다운로드… 29.9% 835.01KiB/s
[2026-08-05 09:07:53] status[load]: 다운로드… 29.9% 1.61MiB/s
[2026-08-05 09:07:53] status[load]: 다운로드… 29.9% 3.02MiB/s
[2026-08-05 09:07:53] status[load]: 다운로드… 29.9% 4.92MiB/s
[2026-08-05 09:07:53] status[load]: 다운로드… 29.9% 8.16MiB/s
[2026-08-05 09:07:53] status[load]: 다운로드… 30.0% 10.84MiB/s
[2026-08-05 09:07:53] status[load]: 다운로드… 30.0% 13.29MiB/s
[2026-08-05 09:07:53] status[load]: 다운로드… 30.2% 15.50MiB/s
[2026-08-05 09:07:54] status[load]: 다운로드… 30.4% 14.30MiB/s
[2026-08-05 09:07:54] status[load]: 다운로드… 30.6% 12.26MiB/s
[2026-08-05 09:07:54] status[load]: 다운로드… 30.6% 87.96KiB/s
[2026-08-05 09:07:54] status[load]: 다운로드… 30.6% 263.88KiB/s
[2026-08-05 09:07:54] status[load]: 다운로드… 30.6% 547.58KiB/s
[2026-08-05 09:07:54] status[load]: 다운로드… 30.6% 1.15MiB/s
[2026-08-05 09:07:54] status[load]: 다운로드… 30.6% 2.20MiB/s
[2026-08-05 09:07:54] status[load]: 다운로드… 30.6% 2.90MiB/s
[2026-08-05 09:07:54] status[load]: 다운로드… 30.6% 3.29MiB/s
[2026-08-05 09:07:54] status[load]: 다운로드… 30.6% 4.65MiB/s
[2026-08-05 09:07:54] status[load]: 다운로드… 30.6% 5.99MiB/s
[2026-08-05 09:07:54] status[load]: 다운로드… 30.6% 4.21MiB/s
[2026-08-05 09:07:54] status[load]: 다운로드… 30.7% 5.35MiB/s
[2026-08-05 09:07:55] status[load]: 다운로드… 30.8% 4.32MiB/s
[2026-08-05 09:07:57] status[load]: 다운로드… 31.1% 2.92MiB/s
[2026-08-05 09:07:58] status[load]: 다운로드… 31.2% 2.74MiB/s
[2026-08-05 09:07:58] status[load]: 다운로드… 31.2% 195.28KiB/s
[2026-08-05 09:07:58] status[load]: 다운로드… 31.2% 585.85KiB/s
[2026-08-05 09:07:58] status[load]: 다운로드… 31.2% 756.31KiB/s
[2026-08-05 09:07:58] status[load]: 다운로드… 31.2% 1.43MiB/s
[2026-08-05 09:07:58] status[load]: 다운로드… 31.2% 2.69MiB/s
[2026-08-05 09:07:58] status[load]: 다운로드… 31.2% 2.57MiB/s
[2026-08-05 09:07:58] status[load]: 다운로드… 31.2% 3.72MiB/s
[2026-08-05 09:07:58] status[load]: 다운로드… 31.2% 3.72MiB/s
[2026-08-05 09:07:58] status[load]: 다운로드… 31.3% 5.02MiB/s
[2026-08-05 09:07:58] status[load]: 다운로드… 31.3% 6.86MiB/s
[2026-08-05 09:07:58] status[load]: 다운로드… 31.4% 8.96MiB/s
[2026-08-05 09:07:59] status[load]: 다운로드… 31.5% 3.96MiB/s
[2026-08-05 09:07:59] status[load]: 다운로드… 31.7% 3.76MiB/s
[2026-08-05 09:08:00] status[load]: 다운로드… 31.9% 3.64MiB/s
[2026-08-05 09:08:00] status[load]: 다운로드… 31.9% 109.81KiB/s
[2026-08-05 09:08:00] status[load]: 다운로드… 31.9% 329.43KiB/s
[2026-08-05 09:08:00] status[load]: 다운로드… 31.9% 692.95KiB/s
[2026-08-05 09:08:00] status[load]: 다운로드… 31.9% 1.32MiB/s
[2026-08-05 09:08:00] status[load]: 다운로드… 31.9% 2.50MiB/s
[2026-08-05 09:08:00] status[load]: 다운로드… 31.9% 3.32MiB/s
[2026-08-05 09:08:00] status[load]: 다운로드… 31.9% 4.53MiB/s
[2026-08-05 09:08:00] status[load]: 다운로드… 31.9% 6.62MiB/s
[2026-08-05 09:08:00] status[load]: 다운로드… 31.9% 8.47MiB/s
[2026-08-05 09:08:00] status[load]: 다운로드… 32.0% 10.64MiB/s
[2026-08-05 09:08:00] status[load]: 다운로드… 32.0% 13.48MiB/s
[2026-08-05 09:08:01] status[load]: 다운로드… 32.2% 14.28MiB/s
[2026-08-05 09:08:02] status[load]: 다운로드… 32.4% 5.27MiB/s
[2026-08-05 09:08:02] status[load]: 다운로드… 32.5% 4.96MiB/s
[2026-08-05 09:08:02] status[load]: 다운로드… 32.5% 145.51KiB/s
[2026-08-05 09:08:02] status[load]: 다운로드… 32.5% 381.21KiB/s
[2026-08-05 09:08:02] status[load]: 다운로드… 32.5% 788.98KiB/s
[2026-08-05 09:08:02] status[load]: 다운로드… 32.5% 1.48MiB/s
[2026-08-05 09:08:02] status[load]: 다운로드… 32.5% 2.78MiB/s
[2026-08-05 09:08:02] status[load]: 다운로드… 32.5% 3.82MiB/s
[2026-08-05 09:08:02] status[load]: 다운로드… 32.6% 6.05MiB/s
[2026-08-05 09:08:02] status[load]: 다운로드… 32.6% 7.61MiB/s
[2026-08-05 09:08:02] status[load]: 다운로드… 32.6% 9.65MiB/s
[2026-08-05 09:08:02] status[load]: 다운로드… 32.6% 11.66MiB/s
[2026-08-05 09:08:02] status[load]: 다운로드… 32.7% 12.10MiB/s
[2026-08-05 09:08:03] status[load]: 다운로드… 32.8% 13.51MiB/s
[2026-08-05 09:08:04] status[load]: 다운로드… 33.1% 5.28MiB/s
[2026-08-05 09:08:04] status[load]: 다운로드… 33.2% 4.77MiB/s
[2026-08-05 09:08:04] status[load]: 다운로드… 33.2% 98.31KiB/s
[2026-08-05 09:08:05] status[load]: 다운로드… 33.2% 261.56KiB/s
[2026-08-05 09:08:05] status[load]: 다운로드… 33.2% 561.06KiB/s
[2026-08-05 09:08:05] status[load]: 다운로드… 33.2% 1.17MiB/s
[2026-08-05 09:08:05] status[load]: 다운로드… 33.2% 2.25MiB/s
[2026-08-05 09:08:05] status[load]: 다운로드… 33.2% 4.25MiB/s
[2026-08-05 09:08:05] status[load]: 다운로드… 33.2% 5.77MiB/s
[2026-08-05 09:08:05] status[load]: 다운로드… 33.2% 9.06MiB/s
[2026-08-05 09:08:05] status[load]: 다운로드… 33.3% 10.77MiB/s
[2026-08-05 09:08:05] status[load]: 다운로드… 33.3% 14.10MiB/s
[2026-08-05 09:08:05] status[load]: 다운로드… 33.4% 15.20MiB/s
[2026-08-05 09:08:05] status[load]: 다운로드… 33.5% 17.79MiB/s
[2026-08-05 09:08:05] status[load]: 다운로드… 33.8% 17.30MiB/s
[2026-08-05 09:08:06] status[load]: 다운로드… 33.9% 8.19MiB/s
[2026-08-05 09:08:06] status[load]: 다운로드… 33.9% 114.79KiB/s
[2026-08-05 09:08:06] status[load]: 다운로드… 33.9% 294.19KiB/s
[2026-08-05 09:08:06] status[load]: 다운로드… 33.9% 686.45KiB/s
[2026-08-05 09:08:06] status[load]: 다운로드… 33.9% 1.31MiB/s
[2026-08-05 09:08:06] status[load]: 다운로드… 33.9% 1.46MiB/s
[2026-08-05 09:08:06] status[load]: 다운로드… 33.9% 2.97MiB/s
[2026-08-05 09:08:06] status[load]: 다운로드… 33.9% 4.51MiB/s
[2026-08-05 09:08:06] status[load]: 다운로드… 33.9% 6.42MiB/s
[2026-08-05 09:08:06] status[load]: 다운로드… 33.9% 8.00MiB/s
[2026-08-05 09:08:06] status[load]: 다운로드… 33.9% 9.85MiB/s
[2026-08-05 09:08:06] status[load]: 다운로드… 34.0% 10.89MiB/s
[2026-08-05 09:08:06] status[load]: 다운로드… 34.1% 12.70MiB/s
[2026-08-05 09:08:07] status[load]: 다운로드… 34.4% 5.51MiB/s
[2026-08-05 09:08:09] status[load]: 다운로드… 34.5% 3.32MiB/s
[2026-08-05 09:08:09] status[load]: 다운로드… 34.5% 200.03KiB/s
[2026-08-05 09:08:09] status[load]: 다운로드… 34.5% 500.12KiB/s
[2026-08-05 09:08:09] status[load]: 다운로드… 34.5% 1000.11KiB/s
[2026-08-05 09:08:09] status[load]: 다운로드… 34.5% 1.83MiB/s
[2026-08-05 09:08:09] status[load]: 다운로드… 34.5% 3.78MiB/s
[2026-08-05 09:08:09] status[load]: 다운로드… 34.5% 2.63MiB/s
[2026-08-05 09:08:09] status[load]: 다운로드… 34.5% 3.72MiB/s
[2026-08-05 09:08:09] status[load]: 다운로드… 34.5% 3.81MiB/s
[2026-08-05 09:08:09] status[load]: 다운로드… 34.6% 3.99MiB/s
[2026-08-05 09:08:09] status[load]: 다운로드… 34.6% 4.35MiB/s
[2026-08-05 09:08:09] status[load]: 다운로드… 34.7% 6.67MiB/s
[2026-08-05 09:08:09] status[load]: 다운로드… 34.8% 8.81MiB/s
[2026-08-05 09:08:10] status[load]: 다운로드… 35.1% 8.07MiB/s
[2026-08-05 09:08:10] status[load]: 다운로드… 35.2% 6.22MiB/s
[2026-08-05 09:08:10] status[load]: 다운로드… 35.2% 67.72KiB/s
[2026-08-05 09:08:10] status[load]: 다운로드… 35.2% 190.15KiB/s
[2026-08-05 09:08:10] status[load]: 다운로드… 35.2% 416.25KiB/s
[2026-08-05 09:08:10] status[load]: 다운로드… 35.2% 891.97KiB/s
[2026-08-05 09:08:10] status[load]: 다운로드… 35.2% 1.13MiB/s
[2026-08-05 09:08:10] status[load]: 다운로드… 35.2% 2.14MiB/s
[2026-08-05 09:08:10] status[load]: 다운로드… 35.2% 3.71MiB/s
[2026-08-05 09:08:10] status[load]: 다운로드… 35.2% 4.08MiB/s
[2026-08-05 09:08:10] status[load]: 다운로드… 35.2% 4.49MiB/s
[2026-08-05 09:08:11] status[load]: 다운로드… 35.3% 5.40MiB/s
[2026-08-05 09:08:11] status[load]: 다운로드… 35.3% 7.00MiB/s
[2026-08-05 09:08:11] status[load]: 다운로드… 35.5% 9.11MiB/s
[2026-08-05 09:08:11] status[load]: 다운로드… 35.7% 10.46MiB/s
[2026-08-05 09:08:12] status[load]: 다운로드… 35.9% 6.29MiB/s
[2026-08-05 09:08:12] status[load]: 다운로드… 35.9% 76.87KiB/s
[2026-08-05 09:08:12] status[load]: 다운로드… 35.9% 214.10KiB/s
[2026-08-05 09:08:12] status[load]: 다운로드… 35.9% 499.56KiB/s
[2026-08-05 09:08:12] status[load]: 다운로드… 35.9% 999.47KiB/s
[2026-08-05 09:08:12] status[load]: 다운로드… 35.9% 1.89MiB/s
[2026-08-05 09:08:12] status[load]: 다운로드… 35.9% 3.32MiB/s
[2026-08-05 09:08:12] status[load]: 다운로드… 35.9% 4.50MiB/s
[2026-08-05 09:08:12] status[load]: 다운로드… 35.9% 7.43MiB/s
[2026-08-05 09:08:12] status[load]: 다운로드… 35.9% 10.06MiB/s
[2026-08-05 09:08:12] status[load]: 다운로드… 35.9% 11.79MiB/s
[2026-08-05 09:08:12] status[load]: 다운로드… 36.0% 14.02MiB/s
[2026-08-05 09:08:12] status[load]: 다운로드… 36.1% 15.62MiB/s
[2026-08-05 09:08:13] status[load]: 다운로드… 36.4% 14.94MiB/s
[2026-08-05 09:08:13] status[load]: 다운로드… 36.5% 8.17MiB/s
[2026-08-05 09:08:13] status[load]: 다운로드… 36.5% 41.33KiB/s
[2026-08-05 09:08:13] status[load]: 다운로드… 36.5% 119.00KiB/s
[2026-08-05 09:08:13] status[load]: 다운로드… 36.5% 268.51KiB/s
[2026-08-05 09:08:13] status[load]: 다운로드… 36.5% 535.26KiB/s
[2026-08-05 09:08:13] status[load]: 다운로드… 36.5% 1.04MiB/s
[2026-08-05 09:08:13] status[load]: 다운로드… 36.5% 1.33MiB/s
[2026-08-05 09:08:13] status[load]: 다운로드… 36.5% 1.96MiB/s
[2026-08-05 09:08:13] status[load]: 다운로드… 36.5% 2.67MiB/s
[2026-08-05 09:08:13] status[load]: 다운로드… 36.6% 3.43MiB/s
[2026-08-05 09:08:13] status[load]: 다운로드… 36.6% 4.99MiB/s
[2026-08-05 09:08:14] status[load]: 다운로드… 36.7% 7.23MiB/s
[2026-08-05 09:08:14] status[load]: 다운로드… 36.8% 9.37MiB/s
[2026-08-05 09:08:14] status[load]: 다운로드… 37.1% 9.55MiB/s
[2026-08-05 09:08:15] status[load]: 다운로드… 37.2% 7.97MiB/s
[2026-08-05 09:08:15] status[load]: 다운로드… 37.2% 191.91KiB/s
[2026-08-05 09:08:15] status[load]: 다운로드… 37.2% 575.72KiB/s
[2026-08-05 09:08:15] status[load]: 다운로드… 37.2% 1.09MiB/s
[2026-08-05 09:08:15] status[load]: 다운로드… 37.2% 2.34MiB/s
[2026-08-05 09:08:15] status[load]: 다운로드… 37.2% 3.96MiB/s
[2026-08-05 09:08:15] status[load]: 다운로드… 37.2% 4.82MiB/s
[2026-08-05 09:08:15] status[load]: 다운로드… 37.2% 5.68MiB/s
[2026-08-05 09:08:15] status[load]: 다운로드… 37.2% 7.14MiB/s
[2026-08-05 09:08:15] status[load]: 다운로드… 37.2% 8.47MiB/s
[2026-08-05 09:08:15] status[load]: 다운로드… 37.3% 8.60MiB/s
[2026-08-05 09:08:15] status[load]: 다운로드… 37.3% 9.69MiB/s
[2026-08-05 09:08:15] status[load]: 다운로드… 37.5% 11.60MiB/s
[2026-08-05 09:08:15] status[load]: 다운로드… 37.7% 12.55MiB/s
[2026-08-05 09:08:16] status[load]: 다운로드… 37.9% 6.60MiB/s
[2026-08-05 09:08:16] status[load]: 다운로드… 37.9% 91.23KiB/s
[2026-08-05 09:08:16] status[load]: 다운로드… 37.9% 250.83KiB/s
[2026-08-05 09:08:16] status[load]: 다운로드… 37.9% 585.27KiB/s
[2026-08-05 09:08:16] status[load]: 다운로드… 37.9% 1.22MiB/s
[2026-08-05 09:08:16] status[load]: 다운로드… 37.9% 2.34MiB/s
[2026-08-05 09:08:16] status[load]: 다운로드… 37.9% 2.28MiB/s
[2026-08-05 09:08:16] status[load]: 다운로드… 37.9% 2.81MiB/s
[2026-08-05 09:08:16] status[load]: 다운로드… 37.9% 3.41MiB/s
[2026-08-05 09:08:16] status[load]: 다운로드… 37.9% 5.01MiB/s
[2026-08-05 09:08:16] status[load]: 다운로드… 37.9% 6.94MiB/s
[2026-08-05 09:08:16] status[load]: 다운로드… 38.0% 9.31MiB/s
[2026-08-05 09:08:17] status[load]: 다운로드… 38.2% 11.09MiB/s
[2026-08-05 09:08:17] status[load]: 다운로드… 38.4% 7.45MiB/s
[2026-08-05 09:08:18] status[load]: 다운로드… 38.5% 6.37MiB/s
[2026-08-05 09:08:18] status[load]: 다운로드… 38.5% 85.05KiB/s
[2026-08-05 09:08:18] status[load]: 다운로드… 38.5% 234.95KiB/s
[2026-08-05 09:08:18] status[load]: 다운로드… 38.5% 508.46KiB/s
[2026-08-05 09:08:18] status[load]: 다운로드… 38.5% 1011.75KiB/s
[2026-08-05 09:08:18] status[load]: 다운로드… 38.5% 2.04MiB/s
[2026-08-05 09:08:18] status[load]: 다운로드… 38.5% 3.27MiB/s
[2026-08-05 09:08:18] status[load]: 다운로드… 38.5% 4.41MiB/s
[2026-08-05 09:08:18] status[load]: 다운로드… 38.5% 6.53MiB/s
[2026-08-05 09:08:18] status[load]: 다운로드… 38.6% 10.15MiB/s
[2026-08-05 09:08:18] status[load]: 다운로드… 38.6% 12.75MiB/s
[2026-08-05 09:08:18] status[load]: 다운로드… 38.7% 12.80MiB/s
[2026-08-05 09:08:18] status[load]: 다운로드… 38.8% 12.96MiB/s
[2026-08-05 09:08:18] status[load]: 다운로드… 39.1% 14.17MiB/s
[2026-08-05 09:08:19] status[load]: 다운로드… 39.2% 7.95MiB/s
[2026-08-05 09:08:19] status[load]: 다운로드… 39.2% 185.31KiB/s
[2026-08-05 09:08:19] status[load]: 다운로드… 39.2% 357.27KiB/s
[2026-08-05 09:08:19] status[load]: 다운로드… 39.2% 745.39KiB/s
[2026-08-05 09:08:19] status[load]: 다운로드… 39.2% 1.41MiB/s
[2026-08-05 09:08:19] status[load]: 다운로드… 39.2% 2.91MiB/s
[2026-08-05 09:08:19] status[load]: 다운로드… 39.2% 5.40MiB/s
[2026-08-05 09:08:19] status[load]: 다운로드… 39.2% 6.75MiB/s
[2026-08-05 09:08:19] status[load]: 다운로드… 39.2% 8.25MiB/s
[2026-08-05 09:08:19] status[load]: 다운로드… 39.2% 9.65MiB/s
[2026-08-05 09:08:19] status[load]: 다운로드… 39.3% 12.67MiB/s
[2026-08-05 09:08:19] status[load]: 다운로드… 39.3% 13.72MiB/s
[2026-08-05 09:08:19] status[load]: 다운로드… 39.5% 14.94MiB/s
[2026-08-05 09:08:20] status[load]: 다운로드… 39.8% 9.38MiB/s
[2026-08-05 09:08:20] status[load]: 다운로드… 39.9% 7.29MiB/s
[2026-08-05 09:08:21] status[load]: 다운로드… 39.9% 216.27KiB/s
[2026-08-05 09:08:21] status[load]: 다운로드… 39.9% 533.40KiB/s
[2026-08-05 09:08:21] status[load]: 다운로드… 39.9% 1.04MiB/s
[2026-08-05 09:08:21] status[load]: 다운로드… 39.9% 1.90MiB/s
[2026-08-05 09:08:21] status[load]: 다운로드… 39.9% 3.50MiB/s
[2026-08-05 09:08:21] status[load]: 다운로드… 39.9% 5.30MiB/s
[2026-08-05 09:08:21] status[load]: 다운로드… 39.9% 5.90MiB/s
[2026-08-05 09:08:21] status[load]: 다운로드… 39.9% 7.32MiB/s
[2026-08-05 09:08:21] status[load]: 다운로드… 39.9% 8.64MiB/s
[2026-08-05 09:08:21] status[load]: 다운로드… 39.9% 11.15MiB/s
[2026-08-05 09:08:21] status[load]: 다운로드… 40.0% 12.48MiB/s
[2026-08-05 09:08:21] status[load]: 다운로드… 40.2% 13.80MiB/s
[2026-08-05 09:08:22] status[load]: 다운로드… 40.4% 7.21MiB/s
[2026-08-05 09:08:22] status[load]: 다운로드… 40.5% 6.91MiB/s
[2026-08-05 09:08:22] status[load]: 다운로드… 40.5% 138.69KiB/s
[2026-08-05 09:08:22] status[load]: 다운로드… 40.5% 326.15KiB/s
[2026-08-05 09:08:22] status[load]: 다운로드… 40.5% 761.02KiB/s
[2026-08-05 09:08:22] status[load]: 다운로드… 40.5% 1.44MiB/s
[2026-08-05 09:08:22] status[load]: 다운로드… 40.5% 2.70MiB/s
[2026-08-05 09:08:22] status[load]: 다운로드… 40.5% 4.66MiB/s
[2026-08-05 09:08:22] status[load]: 다운로드… 40.5% 6.34MiB/s
[2026-08-05 09:08:22] status[load]: 다운로드… 40.6% 8.45MiB/s
[2026-08-05 09:08:22] status[load]: 다운로드… 40.6% 10.65MiB/s
[2026-08-05 09:08:22] status[load]: 다운로드… 40.6% 12.46MiB/s
[2026-08-05 09:08:22] status[load]: 다운로드… 40.7% 12.62MiB/s
[2026-08-05 09:08:22] status[load]: 다운로드… 40.8% 13.29MiB/s
[2026-08-05 09:08:23] status[load]: 다운로드… 41.1% 5.98MiB/s
[2026-08-05 09:08:24] status[load]: 다운로드… 41.2% 5.25MiB/s
[2026-08-05 09:08:24] status[load]: 다운로드… 41.2% 216.00KiB/s
[2026-08-05 09:08:24] status[load]: 다운로드… 41.2% 452.64KiB/s
[2026-08-05 09:08:24] status[load]: 다운로드… 41.2% 1.03MiB/s
[2026-08-05 09:08:24] status[load]: 다운로드… 41.2% 1.92MiB/s
[2026-08-05 09:08:24] status[load]: 다운로드… 41.2% 3.51MiB/s
[2026-08-05 09:08:24] status[load]: 다운로드… 41.2% 5.29MiB/s
[2026-08-05 09:08:24] status[load]: 다운로드… 41.2% 6.66MiB/s
[2026-08-05 09:08:24] status[load]: 다운로드… 41.2% 7.89MiB/s
[2026-08-05 09:08:24] status[load]: 다운로드… 41.2% 9.42MiB/s
[2026-08-05 09:08:24] status[load]: 다운로드… 41.3% 9.96MiB/s
[2026-08-05 09:08:24] status[load]: 다운로드… 41.3% 12.24MiB/s
[2026-08-05 09:08:24] status[load]: 다운로드… 41.5% 14.47MiB/s
[2026-08-05 09:08:25] status[load]: 다운로드… 41.8% 6.28MiB/s
[2026-08-05 09:08:26] status[load]: 다운로드… 41.9% 6.45MiB/s
[2026-08-05 09:08:26] status[load]: 다운로드… 41.9% 35.71KiB/s
[2026-08-05 09:08:26] status[load]: 다운로드… 41.9% 107.14KiB/s
[2026-08-05 09:08:26] status[load]: 다운로드… 41.9% 241.38KiB/s
[2026-08-05 09:08:26] status[load]: 다운로드… 41.9% 499.96KiB/s
[2026-08-05 09:08:26] status[load]: 다운로드… 41.9% 1.01MiB/s
[2026-08-05 09:08:26] status[load]: 다운로드… 41.9% 1.76MiB/s
[2026-08-05 09:08:26] status[load]: 다운로드… 41.9% 2.86MiB/s
[2026-08-05 09:08:26] status[load]: 다운로드… 41.9% 4.73MiB/s
[2026-08-05 09:08:26] status[load]: 다운로드… 41.9% 7.72MiB/s
[2026-08-05 09:08:26] status[load]: 다운로드… 41.9% 8.97MiB/s
[2026-08-05 09:08:26] status[load]: 다운로드… 42.0% 11.92MiB/s
[2026-08-05 09:08:26] status[load]: 다운로드… 42.1% 13.78MiB/s
[2026-08-05 09:08:27] status[load]: 다운로드… 42.4% 5.83MiB/s
[2026-08-05 09:08:27] status[load]: 다운로드… 42.5% 5.52MiB/s
[2026-08-05 09:08:27] status[load]: 다운로드… 42.5% 107.33KiB/s
[2026-08-05 09:08:27] status[load]: 다운로드… 42.5% 290.36KiB/s
[2026-08-05 09:08:27] status[load]: 다운로드… 42.5% 570.70KiB/s
[2026-08-05 09:08:27] status[load]: 다운로드… 42.5% 1.10MiB/s
[2026-08-05 09:08:27] status[load]: 다운로드… 42.5% 2.12MiB/s
[2026-08-05 09:08:27] status[load]: 다운로드… 42.5% 2.10MiB/s
[2026-08-05 09:08:27] status[load]: 다운로드… 42.5% 2.64MiB/s
[2026-08-05 09:08:28] status[load]: 다운로드… 42.5% 2.90MiB/s
[2026-08-05 09:08:28] status[load]: 다운로드… 42.5% 3.35MiB/s
[2026-08-05 09:08:28] status[load]: 다운로드… 42.6% 5.18MiB/s
[2026-08-05 09:08:28] status[load]: 다운로드… 42.6% 7.50MiB/s
[2026-08-05 09:08:28] status[load]: 다운로드… 42.8% 9.91MiB/s
[2026-08-05 09:08:28] status[load]: 다운로드… 43.1% 11.23MiB/s
[2026-08-05 09:08:29] status[load]: 다운로드… 43.2% 7.30MiB/s
[2026-08-05 09:08:29] status[load]: 다운로드… 43.2% 58.40KiB/s
[2026-08-05 09:08:29] status[load]: 다운로드… 43.2% 156.86KiB/s
[2026-08-05 09:08:29] status[load]: 다운로드… 43.2% 331.36KiB/s
[2026-08-05 09:08:29] status[load]: 다운로드… 43.2% 710.05KiB/s
[2026-08-05 09:08:29] status[load]: 다운로드… 43.2% 1.43MiB/s
[2026-08-05 09:08:29] status[load]: 다운로드… 43.2% 2.03MiB/s
[2026-08-05 09:08:29] status[load]: 다운로드… 43.2% 2.76MiB/s
[2026-08-05 09:08:29] status[load]: 다운로드… 43.2% 3.48MiB/s
[2026-08-05 09:08:29] status[load]: 다운로드… 43.2% 3.90MiB/s
[2026-08-05 09:08:29] status[load]: 다운로드… 43.3% 5.09MiB/s
[2026-08-05 09:08:29] status[load]: 다운로드… 43.3% 4.87MiB/s
[2026-08-05 09:08:29] status[load]: 다운로드… 43.5% 7.62MiB/s
[2026-08-05 09:08:30] status[load]: 다운로드… 43.7% 10.21MiB/s
[2026-08-05 09:08:30] status[load]: 다운로드… 43.8% 6.43MiB/s
[2026-08-05 09:08:30] status[load]: 다운로드… 43.8% 68.61KiB/s
[2026-08-05 09:08:30] status[load]: 다운로드… 43.8% 192.61KiB/s
[2026-08-05 09:08:30] status[load]: 다운로드… 43.8% 411.51KiB/s
[2026-08-05 09:08:30] status[load]: 다운로드… 43.8% 832.46KiB/s
[2026-08-05 09:08:30] status[load]: 다운로드… 43.8% 1.68MiB/s
[2026-08-05 09:08:30] status[load]: 다운로드… 43.8% 2.12MiB/s
[2026-08-05 09:08:30] status[load]: 다운로드… 43.8% 2.82MiB/s
[2026-08-05 09:08:30] status[load]: 다운로드… 43.9% 3.34MiB/s
[2026-08-05 09:08:31] status[load]: 다운로드… 43.9% 3.57MiB/s
[2026-08-05 09:08:31] status[load]: 다운로드… 43.9% 4.14MiB/s
[2026-08-05 09:08:31] status[load]: 다운로드… 44.0% 5.64MiB/s
[2026-08-05 09:08:31] status[load]: 다운로드… 44.1% 8.19MiB/s
[2026-08-05 09:08:31] status[load]: 다운로드… 44.4% 8.36MiB/s
[2026-08-05 09:08:32] status[load]: 다운로드… 44.5% 8.71MiB/s
[2026-08-05 09:08:32] status[load]: 다운로드… 44.5% 148.69KiB/s
[2026-08-05 09:08:32] status[load]: 다운로드… 44.5% 446.08KiB/s
[2026-08-05 09:08:32] status[load]: 다운로드… 44.5% 904.75KiB/s
[2026-08-05 09:08:32] status[load]: 다운로드… 44.5% 1.89MiB/s
[2026-08-05 09:08:32] status[load]: 다운로드… 44.5% 3.16MiB/s
[2026-08-05 09:08:32] status[load]: 다운로드… 44.5% 3.71MiB/s
[2026-08-05 09:08:32] status[load]: 다운로드… 44.5% 5.26MiB/s
[2026-08-05 09:08:32] status[load]: 다운로드… 44.5% 6.81MiB/s
[2026-08-05 09:08:32] status[load]: 다운로드… 44.5% 9.07MiB/s
[2026-08-05 09:08:32] status[load]: 다운로드… 44.6% 14.10MiB/s
[2026-08-05 09:08:32] status[load]: 다운로드… 44.6% 13.60MiB/s
[2026-08-05 09:08:32] status[load]: 다운로드… 44.8% 11.20MiB/s
[2026-08-05 09:08:32] status[load]: 다운로드… 45.0% 10.17MiB/s
[2026-08-05 09:08:33] status[load]: 다운로드… 45.1% 7.32MiB/s
[2026-08-05 09:08:33] status[load]: 다운로드… 45.1% 48.01KiB/s
[2026-08-05 09:08:33] status[load]: 다운로드… 45.1% 137.43KiB/s
[2026-08-05 09:08:33] status[load]: 다운로드… 45.1% 306.63KiB/s
[2026-08-05 09:08:33] status[load]: 다운로드… 45.1% 657.06KiB/s
[2026-08-05 09:08:33] status[load]: 다운로드… 45.1% 1.08MiB/s
[2026-08-05 09:08:33] status[load]: 다운로드… 45.1% 1.57MiB/s
[2026-08-05 09:08:33] status[load]: 다운로드… 45.2% 2.23MiB/s
[2026-08-05 09:08:33] status[load]: 다운로드… 45.2% 3.41MiB/s
[2026-08-05 09:08:33] status[load]: 다운로드… 45.2% 5.04MiB/s
[2026-08-05 09:08:33] status[load]: 다운로드… 45.2% 7.03MiB/s
[2026-08-05 09:08:33] status[load]: 다운로드… 45.3% 9.28MiB/s
[2026-08-05 09:08:33] status[load]: 다운로드… 45.4% 12.21MiB/s
[2026-08-05 09:08:34] status[load]: 다운로드… 45.7% 6.63MiB/s
[2026-08-05 09:08:35] status[load]: 다운로드… 45.8% 4.53MiB/s
[2026-08-05 09:08:35] status[load]: 다운로드… 45.8% 38.92KiB/s
[2026-08-05 09:08:35] status[load]: 다운로드… 45.8% 112.39KiB/s
[2026-08-05 09:08:35] status[load]: 다운로드… 45.8% 252.79KiB/s
[2026-08-05 09:08:35] status[load]: 다운로드… 45.8% 518.21KiB/s
[2026-08-05 09:08:35] status[load]: 다운로드… 45.8% 1.01MiB/s
[2026-08-05 09:08:35] status[load]: 다운로드… 45.8% 1.01MiB/s
[2026-08-05 09:08:35] status[load]: 다운로드… 45.8% 1.12MiB/s
[2026-08-05 09:08:36] status[load]: 다운로드… 45.8% 1.46MiB/s
[2026-08-05 09:08:36] status[load]: 다운로드… 45.9% 1.85MiB/s
[2026-08-05 09:08:36] status[load]: 다운로드… 45.9% 2.26MiB/s
[2026-08-05 09:08:36] status[load]: 다운로드… 46.0% 3.04MiB/s
[2026-08-05 09:08:36] status[load]: 다운로드… 46.1% 4.63MiB/s
[2026-08-05 09:08:37] status[load]: 다운로드… 46.4% 4.97MiB/s
[2026-08-05 09:08:37] status[load]: 다운로드… 46.5% 5.17MiB/s
[2026-08-05 09:08:37] status[load]: 다운로드… 46.5% 220.78KiB/s
[2026-08-05 09:08:37] status[load]: 다운로드… 46.5% 542.69KiB/s
[2026-08-05 09:08:37] status[load]: 다운로드… 46.5% 1.24MiB/s
[2026-08-05 09:08:37] status[load]: 다운로드… 46.5% 2.24MiB/s
[2026-08-05 09:08:37] status[load]: 다운로드… 46.5% 4.02MiB/s
[2026-08-05 09:08:37] status[load]: 다운로드… 46.5% 5.84MiB/s
[2026-08-05 09:08:37] status[load]: 다운로드… 46.5% 5.34MiB/s
[2026-08-05 09:08:37] status[load]: 다운로드… 46.5% 5.76MiB/s
[2026-08-05 09:08:37] status[load]: 다운로드… 46.5% 6.78MiB/s
[2026-08-05 09:08:37] status[load]: 다운로드… 46.6% 8.39MiB/s
[2026-08-05 09:08:38] status[load]: 다운로드… 46.6% 10.58MiB/s
[2026-08-05 09:08:38] status[load]: 다운로드… 46.8% 13.76MiB/s
[2026-08-05 09:08:38] status[load]: 다운로드… 47.0% 10.16MiB/s
[2026-08-05 09:08:38] status[load]: 다운로드… 47.2% 9.13MiB/s
[2026-08-05 09:08:39] status[load]: 다운로드… 47.2% 55.35KiB/s
[2026-08-05 09:08:39] status[load]: 다운로드… 47.2% 155.83KiB/s
[2026-08-05 09:08:39] status[load]: 다운로드… 47.2% 363.61KiB/s
[2026-08-05 09:08:39] status[load]: 다운로드… 47.2% 740.28KiB/s
[2026-08-05 09:08:39] status[load]: 다운로드… 47.2% 1.49MiB/s
[2026-08-05 09:08:39] status[load]: 다운로드… 47.2% 2.64MiB/s
[2026-08-05 09:08:39] status[load]: 다운로드… 47.2% 4.24MiB/s
[2026-08-05 09:08:39] status[load]: 다운로드… 47.2% 6.68MiB/s
[2026-08-05 09:08:39] status[load]: 다운로드… 47.2% 9.12MiB/s
[2026-08-05 09:08:39] status[load]: 다운로드… 47.2% 14.13MiB/s
[2026-08-05 09:08:39] status[load]: 다운로드… 47.3% 16.94MiB/s
[2026-08-05 09:08:39] status[load]: 다운로드… 47.5% 20.49MiB/s
[2026-08-05 09:08:39] status[load]: 다운로드… 47.7% 18.46MiB/s
[2026-08-05 09:08:39] status[load]: 다운로드… 47.8% 17.67MiB/s
[2026-08-05 09:08:39] status[load]: 다운로드… 47.8% 124.76KiB/s
[2026-08-05 09:08:39] status[load]: 다운로드… 47.8% 374.27KiB/s
[2026-08-05 09:08:39] status[load]: 다운로드… 47.8% 737.58KiB/s
[2026-08-05 09:08:39] status[load]: 다운로드… 47.8% 1.36MiB/s
[2026-08-05 09:08:39] status[load]: 다운로드… 47.8% 2.56MiB/s
[2026-08-05 09:08:39] status[load]: 다운로드… 47.8% 3.89MiB/s
[2026-08-05 09:08:39] status[load]: 다운로드… 47.8% 6.07MiB/s
[2026-08-05 09:08:39] status[load]: 다운로드… 47.9% 8.16MiB/s
[2026-08-05 09:08:39] status[load]: 다운로드… 47.9% 8.78MiB/s
[2026-08-05 09:08:39] status[load]: 다운로드… 47.9% 10.97MiB/s
[2026-08-05 09:08:39] status[load]: 다운로드… 48.0% 12.71MiB/s
[2026-08-05 09:08:39] status[load]: 다운로드… 48.1% 15.67MiB/s
[2026-08-05 09:08:40] status[load]: 다운로드… 48.4% 17.62MiB/s
[2026-08-05 09:08:40] status[load]: 다운로드… 48.5% 11.69MiB/s
[2026-08-05 09:08:40] status[load]: 다운로드… 48.5% 127.25KiB/s
[2026-08-05 09:08:40] status[load]: 다운로드… 48.5% 381.74KiB/s
[2026-08-05 09:08:40] status[load]: 다운로드… 48.5% 790.40KiB/s
[2026-08-05 09:08:40] status[load]: 다운로드… 48.5% 1.49MiB/s
[2026-08-05 09:08:40] status[load]: 다운로드… 48.5% 3.07MiB/s
[2026-08-05 09:08:40] status[load]: 다운로드… 48.5% 4.44MiB/s
[2026-08-05 09:08:40] status[load]: 다운로드… 48.5% 5.95MiB/s
[2026-08-05 09:08:40] status[load]: 다운로드… 48.5% 8.23MiB/s
[2026-08-05 09:08:40] status[load]: 다운로드… 48.5% 8.50MiB/s
[2026-08-05 09:08:40] status[load]: 다운로드… 48.6% 10.48MiB/s
[2026-08-05 09:08:40] status[load]: 다운로드… 48.6% 11.58MiB/s
[2026-08-05 09:08:40] status[load]: 다운로드… 48.8% 14.49MiB/s
[2026-08-05 09:08:40] status[load]: 다운로드… 49.0% 14.97MiB/s
[2026-08-05 09:08:41] status[load]: 다운로드… 49.2% 15.06MiB/s
[2026-08-05 09:08:41] status[load]: 다운로드… 49.2% 176.14KiB/s
[2026-08-05 09:08:41] status[load]: 다운로드… 49.2% 390.26KiB/s
[2026-08-05 09:08:41] status[load]: 다운로드… 49.2% 805.84KiB/s
[2026-08-05 09:08:41] status[load]: 다운로드… 49.2% 1.69MiB/s
[2026-08-05 09:08:41] status[load]: 다운로드… 49.2% 3.13MiB/s
[2026-08-05 09:08:41] status[load]: 다운로드… 49.2% 4.50MiB/s
[2026-08-05 09:08:41] status[load]: 다운로드… 49.2% 5.24MiB/s
[2026-08-05 09:08:41] status[load]: 다운로드… 49.2% 5.07MiB/s
[2026-08-05 09:08:41] status[load]: 다운로드… 49.2% 6.00MiB/s
[2026-08-05 09:08:41] status[load]: 다운로드… 49.2% 7.50MiB/s
[2026-08-05 09:08:41] status[load]: 다운로드… 49.3% 9.27MiB/s
[2026-08-05 09:08:41] status[load]: 다운로드… 49.4% 11.64MiB/s
[2026-08-05 09:08:41] status[load]: 다운로드… 49.7% 12.81MiB/s
[2026-08-05 09:08:41] status[load]: 다운로드… 49.8% 14.02MiB/s
[2026-08-05 09:08:41] status[load]: 다운로드… 49.8% 142.89KiB/s
[2026-08-05 09:08:41] status[load]: 다운로드… 49.8% 428.68KiB/s
[2026-08-05 09:08:41] status[load]: 다운로드… 49.8% 424.28KiB/s
[2026-08-05 09:08:41] status[load]: 다운로드… 49.8% 810.85KiB/s
[2026-08-05 09:08:41] status[load]: 다운로드… 49.8% 1.55MiB/s
[2026-08-05 09:08:41] status[load]: 다운로드… 49.8% 3.00MiB/s
[2026-08-05 09:08:41] status[load]: 다운로드… 49.8% 5.77MiB/s
[2026-08-05 09:08:41] status[load]: 다운로드… 49.8% 7.78MiB/s
[2026-08-05 09:08:41] status[load]: 다운로드… 49.9% 8.23MiB/s
[2026-08-05 09:08:41] status[load]: 다운로드… 49.9% 9.09MiB/s
[2026-08-05 09:08:42] status[load]: 다운로드… 50.0% 10.99MiB/s
[2026-08-05 09:08:42] status[load]: 다운로드… 50.1% 12.77MiB/s
[2026-08-05 09:08:42] status[load]: 다운로드… 50.4% 14.28MiB/s
[2026-08-05 09:08:42] status[load]: 다운로드… 50.5% 13.06MiB/s
[2026-08-05 09:08:42] status[load]: 다운로드… 50.5% 188.77KiB/s
[2026-08-05 09:08:42] status[load]: 다운로드… 50.5% 445.37KiB/s
[2026-08-05 09:08:42] status[load]: 다운로드… 50.5% 1.01MiB/s
[2026-08-05 09:08:42] status[load]: 다운로드… 50.5% 1.81MiB/s
[2026-08-05 09:08:42] status[load]: 다운로드… 50.5% 3.74MiB/s
[2026-08-05 09:08:42] status[load]: 다운로드… 50.5% 5.04MiB/s
[2026-08-05 09:08:42] status[load]: 다운로드… 50.5% 7.12MiB/s
[2026-08-05 09:08:42] status[load]: 다운로드… 50.5% 8.19MiB/s
[2026-08-05 09:08:42] status[load]: 다운로드… 50.5% 12.05MiB/s
[2026-08-05 09:08:42] status[load]: 다운로드… 50.5% 15.24MiB/s
[2026-08-05 09:08:42] status[load]: 다운로드… 50.6% 17.41MiB/s
[2026-08-05 09:08:42] status[load]: 다운로드… 50.7% 20.23MiB/s
[2026-08-05 09:08:43] status[load]: 다운로드… 51.0% 20.05MiB/s
[2026-08-05 09:08:44] status[load]: 다운로드… 51.1% 5.40MiB/s
[2026-08-05 09:08:44] status[load]: 다운로드… 51.1% 39.06KiB/s
[2026-08-05 09:08:44] status[load]: 다운로드… 51.1% 108.69KiB/s
[2026-08-05 09:08:44] status[load]: 다운로드… 51.1% 253.60KiB/s
[2026-08-05 09:08:44] status[load]: 다운로드… 51.1% 524.54KiB/s
[2026-08-05 09:08:44] status[load]: 다운로드… 51.1% 1.02MiB/s
[2026-08-05 09:08:44] status[load]: 다운로드… 51.1% 1.27MiB/s
[2026-08-05 09:08:44] status[load]: 다운로드… 51.1% 1.81MiB/s
[2026-08-05 09:08:44] status[load]: 다운로드… 51.2% 2.80MiB/s
[2026-08-05 09:08:44] status[load]: 다운로드… 51.2% 4.08MiB/s
[2026-08-05 09:08:44] status[load]: 다운로드… 51.2% 5.35MiB/s
[2026-08-05 09:08:45] status[load]: 다운로드… 51.3% 5.47MiB/s
[2026-08-05 09:08:45] status[load]: 다운로드… 51.4% 8.42MiB/s
[2026-08-05 09:08:45] status[load]: 다운로드… 51.7% 10.86MiB/s
[2026-08-05 09:08:45] status[load]: 다운로드… 51.8% 11.63MiB/s
[2026-08-05 09:08:45] status[load]: 다운로드… 51.8% 100.00KiB/s
[2026-08-05 09:08:45] status[load]: 다운로드… 51.8% 269.83KiB/s
[2026-08-05 09:08:45] status[load]: 다운로드… 51.8% 577.34KiB/s
[2026-08-05 09:08:45] status[load]: 다운로드… 51.8% 1.21MiB/s
[2026-08-05 09:08:45] status[load]: 다운로드… 51.8% 2.31MiB/s
[2026-08-05 09:08:45] status[load]: 다운로드… 51.8% 2.32MiB/s
[2026-08-05 09:08:45] status[load]: 다운로드… 51.8% 3.42MiB/s
[2026-08-05 09:08:45] status[load]: 다운로드… 51.8% 5.33MiB/s
[2026-08-05 09:08:45] status[load]: 다운로드… 51.8% 8.22MiB/s
[2026-08-05 09:08:45] status[load]: 다운로드… 51.9% 10.94MiB/s
[2026-08-05 09:08:45] status[load]: 다운로드… 51.9% 15.34MiB/s
[2026-08-05 09:08:45] status[load]: 다운로드… 52.1% 16.28MiB/s
[2026-08-05 09:08:46] status[load]: 다운로드… 52.3% 13.78MiB/s
[2026-08-05 09:08:46] status[load]: 다운로드… 52.5% 13.93MiB/s
[2026-08-05 09:08:46] status[load]: 다운로드… 52.5% 76.80KiB/s
[2026-08-05 09:08:46] status[load]: 다운로드… 52.5% 214.06KiB/s
[2026-08-05 09:08:46] status[load]: 다운로드… 52.5% 499.48KiB/s
[2026-08-05 09:08:46] status[load]: 다운로드… 52.5% 998.90KiB/s
[2026-08-05 09:08:46] status[load]: 다운로드… 52.5% 1.89MiB/s
[2026-08-05 09:08:46] status[load]: 다운로드… 52.5% 3.15MiB/s
[2026-08-05 09:08:46] status[load]: 다운로드… 52.5% 4.20MiB/s
[2026-08-05 09:08:46] status[load]: 다운로드… 52.5% 6.96MiB/s
[2026-08-05 09:08:46] status[load]: 다운로드… 52.5% 8.06MiB/s
[2026-08-05 09:08:46] status[load]: 다운로드… 52.5% 11.23MiB/s
[2026-08-05 09:08:46] status[load]: 다운로드… 52.6% 14.01MiB/s
[2026-08-05 09:08:46] status[load]: 다운로드… 52.7% 17.03MiB/s
[2026-08-05 09:08:46] status[load]: 다운로드… 53.0% 18.03MiB/s
[2026-08-05 09:08:47] status[load]: 다운로드… 53.1% 15.42MiB/s
[2026-08-05 09:08:47] status[load]: 다운로드… 53.1% 166.30KiB/s
[2026-08-05 09:08:47] status[load]: 다운로드… 53.1% 427.73KiB/s
[2026-08-05 09:08:47] status[load]: 다운로드… 53.1% 855.01KiB/s
[2026-08-05 09:08:47] status[load]: 다운로드… 53.1% 1.59MiB/s
[2026-08-05 09:08:47] status[load]: 다운로드… 53.1% 2.48MiB/s
[2026-08-05 09:08:47] status[load]: 다운로드… 53.1% 4.66MiB/s
[2026-08-05 09:08:47] status[load]: 다운로드… 53.1% 6.77MiB/s
[2026-08-05 09:08:47] status[load]: 다운로드… 53.1% 9.88MiB/s
[2026-08-05 09:08:47] status[load]: 다운로드… 53.2% 11.04MiB/s
[2026-08-05 09:08:47] status[load]: 다운로드… 53.2% 12.47MiB/s
[2026-08-05 09:08:47] status[load]: 다운로드… 53.3% 12.84MiB/s
[2026-08-05 09:08:47] status[load]: 다운로드… 53.4% 14.52MiB/s
[2026-08-05 09:08:47] status[load]: 다운로드… 53.7% 15.83MiB/s
[2026-08-05 09:08:47] status[load]: 다운로드… 53.8% 16.09MiB/s
[2026-08-05 09:08:47] status[load]: 다운로드… 53.8% 199.73KiB/s
[2026-08-05 09:08:47] status[load]: 다운로드… 53.8% 499.34KiB/s
[2026-08-05 09:08:47] status[load]: 다운로드… 53.8% 1.14MiB/s
[2026-08-05 09:08:47] status[load]: 다운로드… 53.8% 2.09MiB/s
[2026-08-05 09:08:47] status[load]: 다운로드… 53.8% 3.78MiB/s
[2026-08-05 09:08:47] status[load]: 다운로드… 53.8% 5.12MiB/s
[2026-08-05 09:08:47] status[load]: 다운로드… 53.8% 5.57MiB/s
[2026-08-05 09:08:47] status[load]: 다운로드… 53.8% 7.96MiB/s
[2026-08-05 09:08:47] status[load]: 다운로드… 53.8% 9.74MiB/s
[2026-08-05 09:08:47] status[load]: 다운로드… 53.9% 11.18MiB/s
[2026-08-05 09:08:47] status[load]: 다운로드… 53.9% 11.92MiB/s
[2026-08-05 09:08:48] status[load]: 다운로드… 54.1% 13.96MiB/s
[2026-08-05 09:08:48] status[load]: 다운로드… 54.3% 13.72MiB/s
[2026-08-05 09:08:48] status[load]: 다운로드… 54.5% 14.12MiB/s
[2026-08-05 09:08:48] status[load]: 다운로드… 54.5% 32.58KiB/s
[2026-08-05 09:08:48] status[load]: 다운로드… 54.5% 94.64KiB/s
[2026-08-05 09:08:48] status[load]: 다운로드… 54.5% 211.22KiB/s
[2026-08-05 09:08:48] status[load]: 다운로드… 54.5% 425.92KiB/s
[2026-08-05 09:08:48] status[load]: 다운로드… 54.5% 880.24KiB/s
[2026-08-05 09:08:48] status[load]: 다운로드… 54.5% 776.85KiB/s
[2026-08-05 09:08:48] status[load]: 다운로드… 54.5% 789.92KiB/s
[2026-08-05 09:08:48] status[load]: 다운로드… 54.5% 800.39KiB/s
[2026-08-05 09:08:48] status[load]: 다운로드… 54.5% 1.26MiB/s
[2026-08-05 09:08:49] status[load]: 다운로드… 54.5% 2.11MiB/s
[2026-08-05 09:08:49] status[load]: 다운로드… 54.6% 3.45MiB/s
[2026-08-05 09:08:49] status[load]: 다운로드… 54.7% 5.20MiB/s
[2026-08-05 09:08:49] status[load]: 다운로드… 55.0% 7.35MiB/s
[2026-08-05 09:08:49] status[load]: 다운로드… 55.1% 7.82MiB/s
[2026-08-05 09:08:50] status[load]: 다운로드… 55.1% 11.41KiB/s
[2026-08-05 09:08:50] status[load]: 다운로드… 55.1% 33.66KiB/s
[2026-08-05 09:08:50] status[load]: 다운로드… 55.1% 78.55KiB/s
[2026-08-05 09:08:50] status[load]: 다운로드… 55.1% 166.37KiB/s
[2026-08-05 09:08:50] status[load]: 다운로드… 55.1% 340.06KiB/s
[2026-08-05 09:08:50] status[load]: 다운로드… 55.1% 330.07KiB/s
[2026-08-05 09:08:50] status[load]: 다운로드… 55.1% 370.92KiB/s
[2026-08-05 09:08:50] status[load]: 다운로드… 55.1% 711.47KiB/s
[2026-08-05 09:08:50] status[load]: 다운로드… 55.2% 1.26MiB/s
[2026-08-05 09:08:50] status[load]: 다운로드… 55.2% 1.92MiB/s
[2026-08-05 09:08:50] status[load]: 다운로드… 55.3% 3.07MiB/s
[2026-08-05 09:08:51] status[load]: 다운로드… 55.4% 3.46MiB/s
[2026-08-05 09:08:51] status[load]: 다운로드… 55.7% 4.93MiB/s
[2026-08-05 09:08:51] status[load]: 다운로드… 55.8% 5.39MiB/s
[2026-08-05 09:08:51] status[load]: 다운로드… 55.8% 101.29KiB/s
[2026-08-05 09:08:51] status[load]: 다운로드… 55.8% 275.90KiB/s
[2026-08-05 09:08:51] status[load]: 다운로드… 55.8% 580.41KiB/s
[2026-08-05 09:08:51] status[load]: 다운로드… 55.8% 1.21MiB/s
[2026-08-05 09:08:51] status[load]: 다운로드… 55.8% 2.32MiB/s
[2026-08-05 09:08:51] status[load]: 다운로드… 55.8% 2.52MiB/s
[2026-08-05 09:08:51] status[load]: 다운로드… 55.8% 3.65MiB/s
[2026-08-05 09:08:51] status[load]: 다운로드… 55.8% 6.05MiB/s
[2026-08-05 09:08:51] status[load]: 다운로드… 55.8% 7.58MiB/s
[2026-08-05 09:08:51] status[load]: 다운로드… 55.9% 9.81MiB/s
[2026-08-05 09:08:52] status[load]: 다운로드… 55.9% 8.50MiB/s
[2026-08-05 09:08:52] status[load]: 다운로드… 56.1% 11.04MiB/s
[2026-08-05 09:08:52] status[load]: 다운로드… 56.3% 12.47MiB/s
[2026-08-05 09:08:52] status[load]: 다운로드… 56.4% 12.00MiB/s
[2026-08-05 09:08:52] status[load]: 다운로드… 56.4% 90.90KiB/s
[2026-08-05 09:08:52] status[load]: 다운로드… 56.4% 249.95KiB/s
[2026-08-05 09:08:52] status[load]: 다운로드… 56.4% 437.45KiB/s
[2026-08-05 09:08:52] status[load]: 다운로드… 56.4% 833.37KiB/s
[2026-08-05 09:08:52] status[load]: 다운로드… 56.4% 1.68MiB/s
[2026-08-05 09:08:52] status[load]: 다운로드… 56.4% 2.93MiB/s
[2026-08-05 09:08:52] status[load]: 다운로드… 56.4% 4.96MiB/s
[2026-08-05 09:08:52] status[load]: 다운로드… 56.4% 4.83MiB/s
[2026-08-05 09:08:52] status[load]: 다운로드… 56.5% 7.86MiB/s
[2026-08-05 09:08:52] status[load]: 다운로드… 56.5% 11.16MiB/s
[2026-08-05 09:08:52] status[load]: 다운로드… 56.6% 13.02MiB/s
[2026-08-05 09:08:53] status[load]: 다운로드… 56.7% 14.96MiB/s
[2026-08-05 09:08:53] status[load]: 다운로드… 57.0% 15.80MiB/s
[2026-08-05 09:08:53] status[load]: 다운로드… 57.1% 14.85MiB/s
[2026-08-05 09:08:53] status[load]: 다운로드… 57.1% 153.26KiB/s
[2026-08-05 09:08:53] status[load]: 다운로드… 57.1% 398.69KiB/s
[2026-08-05 09:08:53] status[load]: 다운로드… 57.1% 930.27KiB/s
[2026-08-05 09:08:53] status[load]: 다운로드… 57.1% 1.95MiB/s
[2026-08-05 09:08:53] status[load]: 다운로드… 57.1% 3.55MiB/s
[2026-08-05 09:08:53] status[load]: 다운로드… 57.1% 2.65MiB/s
[2026-08-05 09:08:53] status[load]: 다운로드… 57.1% 4.38MiB/s
[2026-08-05 09:08:53] status[load]: 다운로드… 57.1% 2.74MiB/s
[2026-08-05 09:08:53] status[load]: 다운로드… 57.1% 3.71MiB/s
[2026-08-05 09:08:53] status[load]: 다운로드… 57.2% 5.52MiB/s
[2026-08-05 09:08:53] status[load]: 다운로드… 57.2% 6.97MiB/s
[2026-08-05 09:08:53] status[load]: 다운로드… 57.4% 9.76MiB/s
[2026-08-05 09:08:54] status[load]: 다운로드… 57.6% 12.09MiB/s
[2026-08-05 09:08:54] status[load]: 다운로드… 57.7% 11.94MiB/s
[2026-08-05 09:08:54] status[load]: 다운로드… 57.7% 142.73KiB/s
[2026-08-05 09:08:54] status[load]: 다운로드… 57.7% 374.67KiB/s
[2026-08-05 09:08:54] status[load]: 다운로드… 57.7% 777.46KiB/s
[2026-08-05 09:08:54] status[load]: 다운로드… 57.8% 1.46MiB/s
[2026-08-05 09:08:54] status[load]: 다운로드… 57.8% 2.75MiB/s
[2026-08-05 09:08:54] status[load]: 다운로드… 57.8% 4.10MiB/s
[2026-08-05 09:08:54] status[load]: 다운로드… 57.8% 5.90MiB/s
[2026-08-05 09:08:54] status[load]: 다운로드… 57.8% 6.86MiB/s
[2026-08-05 09:08:54] status[load]: 다운로드… 57.8% 8.14MiB/s
[2026-08-05 09:08:54] status[load]: 다운로드… 57.8% 9.12MiB/s
[2026-08-05 09:08:54] status[load]: 다운로드… 57.9% 9.00MiB/s
[2026-08-05 09:08:54] status[load]: 다운로드… 58.0% 11.20MiB/s
[2026-08-05 09:08:55] status[load]: 다운로드… 58.3% 12.93MiB/s
[2026-08-05 09:08:55] status[load]: 다운로드… 58.4% 12.89MiB/s
[2026-08-05 09:08:55] status[load]: 다운로드… 58.4% 34.39KiB/s
[2026-08-05 09:08:55] status[load]: 다운로드… 58.4% 99.75KiB/s
[2026-08-05 09:08:55] status[load]: 다운로드… 58.4% 225.26KiB/s
[2026-08-05 09:08:55] status[load]: 다운로드… 58.4% 467.66KiB/s
[2026-08-05 09:08:55] status[load]: 다운로드… 58.4% 937.25KiB/s
[2026-08-05 09:08:55] status[load]: 다운로드… 58.4% 1.43MiB/s
[2026-08-05 09:08:55] status[load]: 다운로드… 58.4% 2.03MiB/s
[2026-08-05 09:08:55] status[load]: 다운로드… 58.4% 3.61MiB/s
[2026-08-05 09:08:55] status[load]: 다운로드… 58.4% 6.31MiB/s
[2026-08-05 09:08:55] status[load]: 다운로드… 58.5% 9.33MiB/s
[2026-08-05 09:08:55] status[load]: 다운로드… 58.5% 12.45MiB/s
[2026-08-05 09:08:55] status[load]: 다운로드… 58.7% 14.28MiB/s
[2026-08-05 09:08:55] status[load]: 다운로드… 59.0% 14.54MiB/s
[2026-08-05 09:08:55] status[load]: 다운로드… 59.1% 15.18MiB/s
[2026-08-05 09:08:55] status[load]: 다운로드… 59.1% 37.99KiB/s
[2026-08-05 09:08:55] status[load]: 다운로드… 59.1% 109.77KiB/s
[2026-08-05 09:08:55] status[load]: 다운로드… 59.1% 247.06KiB/s
[2026-08-05 09:08:55] status[load]: 다운로드… 59.1% 529.41KiB/s
[2026-08-05 09:08:55] status[load]: 다운로드… 59.1% 1.03MiB/s
[2026-08-05 09:08:55] status[load]: 다운로드… 59.1% 1.96MiB/s
[2026-08-05 09:08:55] status[load]: 다운로드… 59.1% 2.93MiB/s
[2026-08-05 09:08:55] status[load]: 다운로드… 59.1% 5.20MiB/s
[2026-08-05 09:08:55] status[load]: 다운로드… 59.1% 7.94MiB/s
[2026-08-05 09:08:56] status[load]: 다운로드… 59.1% 9.81MiB/s
[2026-08-05 09:08:56] status[load]: 다운로드… 59.2% 12.62MiB/s
[2026-08-05 09:08:56] status[load]: 다운로드… 59.3% 14.97MiB/s
[2026-08-05 09:08:56] status[load]: 다운로드… 59.6% 14.20MiB/s
[2026-08-05 09:08:56] status[load]: 다운로드… 59.7% 13.73MiB/s
[2026-08-05 09:08:56] status[load]: 다운로드… 59.7% 166.67KiB/s
[2026-08-05 09:08:56] status[load]: 다운로드… 59.7% 428.59KiB/s
[2026-08-05 09:08:56] status[load]: 다운로드… 59.7% 875.56KiB/s
[2026-08-05 09:08:56] status[load]: 다운로드… 59.7% 1.63MiB/s
[2026-08-05 09:08:56] status[load]: 다운로드… 59.7% 3.37MiB/s
[2026-08-05 09:08:56] status[load]: 다운로드… 59.7% 4.73MiB/s
[2026-08-05 09:08:56] status[load]: 다운로드… 59.7% 6.13MiB/s
[2026-08-05 09:08:56] status[load]: 다운로드… 59.7% 8.77MiB/s
[2026-08-05 09:08:56] status[load]: 다운로드… 59.8% 10.55MiB/s
[2026-08-05 09:08:56] status[load]: 다운로드… 59.8% 12.06MiB/s
[2026-08-05 09:08:56] status[load]: 다운로드… 59.9% 13.73MiB/s
[2026-08-05 09:08:56] status[load]: 다운로드… 60.0% 16.31MiB/s
[2026-08-05 09:08:57] status[load]: 다운로드… 60.3% 16.07MiB/s
[2026-08-05 09:08:57] status[load]: 다운로드… 60.4% 13.73MiB/s
[2026-08-05 09:08:57] status[load]: 다운로드… 60.4% 24.77KiB/s
[2026-08-05 09:08:57] status[load]: 다운로드… 60.4% 74.32KiB/s
[2026-08-05 09:08:57] status[load]: 다운로드… 60.4% 168.17KiB/s
[2026-08-05 09:08:57] status[load]: 다운로드… 60.4% 360.37KiB/s
[2026-08-05 09:08:57] status[load]: 다운로드… 60.4% 723.75KiB/s
[2026-08-05 09:08:57] status[load]: 다운로드… 60.4% 1.11MiB/s
[2026-08-05 09:08:57] status[load]: 다운로드… 60.4% 1.78MiB/s
[2026-08-05 09:08:57] status[load]: 다운로드… 60.4% 2.48MiB/s
[2026-08-05 09:08:57] status[load]: 다운로드… 60.4% 3.28MiB/s
[2026-08-05 09:08:58] status[load]: 다운로드… 60.5% 4.22MiB/s
[2026-08-05 09:08:58] status[load]: 다운로드… 60.5% 6.43MiB/s
[2026-08-05 09:08:58] status[load]: 다운로드… 60.7% 9.01MiB/s
[2026-08-05 09:08:58] status[load]: 다운로드… 60.9% 11.62MiB/s
[2026-08-05 09:08:58] status[load]: 다운로드… 61.1% 11.78MiB/s
[2026-08-05 09:08:58] status[load]: 다운로드… 61.1% 30.74KiB/s
[2026-08-05 09:08:58] status[load]: 다운로드… 61.1% 92.23KiB/s
[2026-08-05 09:08:58] status[load]: 다운로드… 61.1% 208.80KiB/s
[2026-08-05 09:08:58] status[load]: 다운로드… 61.1% 447.44KiB/s
[2026-08-05 09:08:58] status[load]: 다운로드… 61.1% 897.82KiB/s
[2026-08-05 09:08:58] status[load]: 다운로드… 61.1% 1.45MiB/s
[2026-08-05 09:08:58] status[load]: 다운로드… 61.1% 2.32MiB/s
[2026-08-05 09:08:58] status[load]: 다운로드… 61.1% 3.69MiB/s
[2026-08-05 09:08:58] status[load]: 다운로드… 61.1% 5.97MiB/s
[2026-08-05 09:08:58] status[load]: 다운로드… 61.1% 9.12MiB/s
[2026-08-05 09:08:58] status[load]: 다운로드… 61.2% 11.97MiB/s
[2026-08-05 09:08:58] status[load]: 다운로드… 61.3% 15.14MiB/s
[2026-08-05 09:08:59] status[load]: 다운로드… 61.6% 15.97MiB/s
[2026-08-05 09:08:59] status[load]: 다운로드… 61.7% 15.56MiB/s
[2026-08-05 09:08:59] status[load]: 다운로드… 61.7% 30.03KiB/s
[2026-08-05 09:08:59] status[load]: 다운로드… 61.7% 87.46KiB/s
[2026-08-05 09:08:59] status[load]: 다운로드… 61.7% 204.08KiB/s
[2026-08-05 09:08:59] status[load]: 다운로드… 61.7% 424.93KiB/s
[2026-08-05 09:08:59] status[load]: 다운로드… 61.7% 853.97KiB/s
[2026-08-05 09:08:59] status[load]: 다운로드… 61.7% 1.57MiB/s
[2026-08-05 09:08:59] status[load]: 다운로드… 61.7% 2.68MiB/s
[2026-08-05 09:08:59] status[load]: 다운로드… 61.7% 4.54MiB/s
[2026-08-05 09:08:59] status[load]: 다운로드… 61.8% 6.54MiB/s
[2026-08-05 09:08:59] status[load]: 다운로드… 61.8% 9.35MiB/s
[2026-08-05 09:08:59] status[load]: 다운로드… 61.9% 11.45MiB/s
[2026-08-05 09:08:59] status[load]: 다운로드… 62.0% 13.52MiB/s
[2026-08-05 09:08:59] status[load]: 다운로드… 62.3% 14.80MiB/s
[2026-08-05 09:09:00] status[load]: 다운로드… 62.4% 15.12MiB/s
[2026-08-05 09:09:00] status[load]: 다운로드… 62.4% 111.17KiB/s
[2026-08-05 09:09:00] status[load]: 다운로드… 62.4% 300.09KiB/s
[2026-08-05 09:09:00] status[load]: 다운로드… 62.4% 636.38KiB/s
[2026-08-05 09:09:00] status[load]: 다운로드… 62.4% 1.33MiB/s
[2026-08-05 09:09:00] status[load]: 다운로드… 62.4% 2.52MiB/s
[2026-08-05 09:09:00] status[load]: 다운로드… 62.4% 2.80MiB/s
[2026-08-05 09:09:00] status[load]: 다운로드… 62.4% 3.42MiB/s
[2026-08-05 09:09:00] status[load]: 다운로드… 62.4% 4.52MiB/s
[2026-08-05 09:09:00] status[load]: 다운로드… 62.4% 6.30MiB/s
[2026-08-05 09:09:00] status[load]: 다운로드… 62.4% 7.26MiB/s
[2026-08-05 09:09:00] status[load]: 다운로드… 62.5% 9.31MiB/s
[2026-08-05 09:09:00] status[load]: 다운로드… 62.6% 10.22MiB/s
[2026-08-05 09:09:00] status[load]: 다운로드… 62.9% 12.30MiB/s
[2026-08-05 09:09:00] status[load]: 다운로드… 63.0% 12.45MiB/s
[2026-08-05 09:09:01] status[load]: 다운로드… 63.0% 58.83KiB/s
[2026-08-05 09:09:01] status[load]: 다운로드… 63.0% 166.68KiB/s
[2026-08-05 09:09:01] status[load]: 다운로드… 63.0% 368.44KiB/s
[2026-08-05 09:09:01] status[load]: 다운로드… 63.0% 750.08KiB/s
[2026-08-05 09:09:01] status[load]: 다운로드… 63.0% 1.44MiB/s
[2026-08-05 09:09:01] status[load]: 다운로드… 63.0% 2.56MiB/s
[2026-08-05 09:09:01] status[load]: 다운로드… 63.0% 4.13MiB/s
[2026-08-05 09:09:01] status[load]: 다운로드… 63.1% 5.47MiB/s
[2026-08-05 09:09:01] status[load]: 다운로드… 63.1% 8.53MiB/s
[2026-08-05 09:09:01] status[load]: 다운로드… 63.1% 11.00MiB/s
[2026-08-05 09:09:01] status[load]: 다운로드… 63.2% 13.11MiB/s
[2026-08-05 09:09:01] status[load]: 다운로드… 63.3% 15.38MiB/s
[2026-08-05 09:09:01] status[load]: 다운로드… 63.6% 16.41MiB/s
[2026-08-05 09:09:01] status[load]: 다운로드… 63.7% 15.32MiB/s
[2026-08-05 09:09:01] status[load]: 다운로드… 63.7% 111.18KiB/s
[2026-08-05 09:09:01] status[load]: 다운로드… 63.7% 333.53KiB/s
[2026-08-05 09:09:01] status[load]: 다운로드… 63.7% 700.32KiB/s
[2026-08-05 09:09:01] status[load]: 다운로드… 63.7% 1.33MiB/s
[2026-08-05 09:09:01] status[load]: 다운로드… 63.7% 2.52MiB/s
[2026-08-05 09:09:01] status[load]: 다운로드… 63.7% 2.35MiB/s
[2026-08-05 09:09:01] status[load]: 다운로드… 63.7% 3.73MiB/s
[2026-08-05 09:09:01] status[load]: 다운로드… 63.7% 5.33MiB/s
[2026-08-05 09:09:01] status[load]: 다운로드… 63.7% 7.64MiB/s
[2026-08-05 09:09:01] status[load]: 다운로드… 63.8% 10.27MiB/s
[2026-08-05 09:09:01] status[load]: 다운로드… 63.8% 13.42MiB/s
[2026-08-05 09:09:01] status[load]: 다운로드… 64.0% 16.04MiB/s
[2026-08-05 09:09:02] status[load]: 다운로드… 64.2% 6.58MiB/s
[2026-08-05 09:09:03] status[load]: 다운로드… 64.4% 5.80MiB/s
[2026-08-05 09:09:03] status[load]: 다운로드… 64.4% 51.15KiB/s
[2026-08-05 09:09:03] status[load]: 다운로드… 64.4% 146.00KiB/s
[2026-08-05 09:09:03] status[load]: 다운로드… 64.4% 340.67KiB/s
[2026-08-05 09:09:03] status[load]: 다운로드… 64.4% 696.10KiB/s
[2026-08-05 09:09:03] status[load]: 다운로드… 64.4% 1.34MiB/s
[2026-08-05 09:09:03] status[load]: 다운로드… 64.4% 1.93MiB/s
[2026-08-05 09:09:03] status[load]: 다운로드… 64.4% 3.19MiB/s
[2026-08-05 09:09:03] status[load]: 다운로드… 64.4% 5.09MiB/s
[2026-08-05 09:09:03] status[load]: 다운로드… 64.4% 7.57MiB/s
[2026-08-05 09:09:03] status[load]: 다운로드… 64.4% 10.31MiB/s
[2026-08-05 09:09:03] status[load]: 다운로드… 64.5% 11.90MiB/s
[2026-08-05 09:09:03] status[load]: 다운로드… 64.6% 13.64MiB/s
[2026-08-05 09:09:05] status[load]: 다운로드… 64.9% 4.96MiB/s
[2026-08-05 09:09:05] status[load]: 다운로드… 65.0% 5.22MiB/s
[2026-08-05 09:09:05] status[load]: 다운로드… 65.0% 124.99KiB/s
[2026-08-05 09:09:05] status[load]: 다운로드… 65.0% 321.29KiB/s
[2026-08-05 09:09:05] status[load]: 다운로드… 65.0% 675.91KiB/s
[2026-08-05 09:09:05] status[load]: 다운로드… 65.0% 1.29MiB/s
[2026-08-05 09:09:05] status[load]: 다운로드… 65.0% 2.67MiB/s
[2026-08-05 09:09:05] status[load]: 다운로드… 65.0% 3.54MiB/s
[2026-08-05 09:09:05] status[load]: 다운로드… 65.0% 5.13MiB/s
[2026-08-05 09:09:05] status[load]: 다운로드… 65.1% 7.19MiB/s
[2026-08-05 09:09:05] status[load]: 다운로드… 65.1% 9.20MiB/s
[2026-08-05 09:09:05] status[load]: 다운로드… 65.1% 11.18MiB/s
[2026-08-05 09:09:05] status[load]: 다운로드… 65.2% 12.97MiB/s
[2026-08-05 09:09:05] status[load]: 다운로드… 65.3% 14.98MiB/s
[2026-08-05 09:09:07] status[load]: 다운로드… 65.6% 3.98MiB/s
[2026-08-05 09:09:08] status[load]: 다운로드… 65.7% 3.99MiB/s
[2026-08-05 09:09:08] status[load]: 다운로드… 65.7% 83.14KiB/s
[2026-08-05 09:09:08] status[load]: 다운로드… 65.7% 213.88KiB/s
[2026-08-05 09:09:08] status[load]: 다운로드… 65.7% 499.06KiB/s
[2026-08-05 09:09:08] status[load]: 다운로드… 65.7% 998.30KiB/s
[2026-08-05 09:09:08] status[load]: 다운로드… 65.7% 1.89MiB/s
[2026-08-05 09:09:08] status[load]: 다운로드… 65.7% 2.51MiB/s
[2026-08-05 09:09:08] status[load]: 다운로드… 65.7% 3.19MiB/s
[2026-08-05 09:09:08] status[load]: 다운로드… 65.7% 4.86MiB/s
[2026-08-05 09:09:08] status[load]: 다운로드… 65.7% 7.18MiB/s
[2026-08-05 09:09:08] status[load]: 다운로드… 65.8% 10.57MiB/s
[2026-08-05 09:09:08] status[load]: 다운로드… 65.8% 13.32MiB/s
[2026-08-05 09:09:08] status[load]: 다운로드… 66.0% 16.63MiB/s
[2026-08-05 09:09:09] status[load]: 다운로드… 66.3% 5.70MiB/s
[2026-08-05 09:09:11] status[load]: 다운로드… 66.4% 3.06MiB/s
[2026-08-05 09:09:11] status[load]: 다운로드… 66.4% 43.17KiB/s
[2026-08-05 09:09:11] status[load]: 다운로드… 66.4% 124.16KiB/s
[2026-08-05 09:09:11] status[load]: 다운로드… 66.4% 278.17KiB/s
[2026-08-05 09:09:11] status[load]: 다운로드… 66.4% 522.94KiB/s
[2026-08-05 09:09:11] status[load]: 다운로드… 66.4% 1010.11KiB/s
[2026-08-05 09:09:11] status[load]: 다운로드… 66.4% 930.22KiB/s
[2026-08-05 09:09:11] status[load]: 다운로드… 66.4% 1.29MiB/s
[2026-08-05 09:09:11] status[load]: 다운로드… 66.4% 1.49MiB/s
[2026-08-05 09:09:11] status[load]: 다운로드… 66.4% 1.64MiB/s
[2026-08-05 09:09:11] status[load]: 다운로드… 66.4% 2.08MiB/s
[2026-08-05 09:09:12] status[load]: 다운로드… 66.5% 2.60MiB/s
[2026-08-05 09:09:12] status[load]: 다운로드… 66.7% 4.48MiB/s
[2026-08-05 09:09:13] status[load]: 다운로드… 66.9% 3.73MiB/s
[2026-08-05 09:09:13] status[load]: 다운로드… 67.1% 3.90MiB/s
[2026-08-05 09:09:14] status[load]: 다운로드… 67.1% 83.32KiB/s
[2026-08-05 09:09:14] status[load]: 다운로드… 67.1% 230.80KiB/s
[2026-08-05 09:09:14] status[load]: 다운로드… 67.1% 462.24KiB/s
[2026-08-05 09:09:14] status[load]: 다운로드… 67.1% 928.74KiB/s
[2026-08-05 09:09:14] status[load]: 다운로드… 67.1% 1.87MiB/s
[2026-08-05 09:09:14] status[load]: 다운로드… 67.1% 3.05MiB/s
[2026-08-05 09:09:14] status[load]: 다운로드… 67.1% 4.57MiB/s
[2026-08-05 09:09:14] status[load]: 다운로드… 67.1% 6.53MiB/s
[2026-08-05 09:09:14] status[load]: 다운로드… 67.1% 10.07MiB/s
[2026-08-05 09:09:14] status[load]: 다운로드… 67.1% 13.24MiB/s
[2026-08-05 09:09:14] status[load]: 다운로드… 67.2% 15.69MiB/s
[2026-08-05 09:09:14] status[load]: 다운로드… 67.3% 16.81MiB/s
[2026-08-05 09:09:15] status[load]: 다운로드… 67.6% 5.03MiB/s
[2026-08-05 09:09:16] status[load]: 다운로드… 67.7% 4.59MiB/s
[2026-08-05 09:09:16] status[load]: 다운로드… 67.7% 58.86KiB/s
[2026-08-05 09:09:16] status[load]: 다운로드… 67.7% 166.73KiB/s
[2026-08-05 09:09:16] status[load]: 다운로드… 67.7% 368.53KiB/s
[2026-08-05 09:09:16] status[load]: 다운로드… 67.7% 750.32KiB/s
[2026-08-05 09:09:16] status[load]: 다운로드… 67.7% 1.44MiB/s
[2026-08-05 09:09:16] status[load]: 다운로드… 67.7% 1.92MiB/s
[2026-08-05 09:09:16] status[load]: 다운로드… 67.7% 2.87MiB/s
[2026-08-05 09:09:16] status[load]: 다운로드… 67.7% 3.76MiB/s
[2026-08-05 09:09:16] status[load]: 다운로드… 67.8% 4.70MiB/s
[2026-08-05 09:09:16] status[load]: 다운로드… 67.8% 6.35MiB/s
[2026-08-05 09:09:16] status[load]: 다운로드… 67.9% 8.86MiB/s
[2026-08-05 09:09:16] status[load]: 다운로드… 68.0% 11.78MiB/s
[2026-08-05 09:09:17] status[load]: 다운로드… 68.3% 5.02MiB/s
[2026-08-05 09:09:18] status[load]: 다운로드… 68.4% 4.91MiB/s
[2026-08-05 09:09:18] status[load]: 다운로드… 68.4% 69.08KiB/s
[2026-08-05 09:09:18] status[load]: 다운로드… 68.4% 193.86KiB/s
[2026-08-05 09:09:18] status[load]: 다운로드… 68.4% 452.33KiB/s
[2026-08-05 09:09:18] status[load]: 다운로드… 68.4% 910.49KiB/s
[2026-08-05 09:09:18] status[load]: 다운로드… 68.4% 1.70MiB/s
[2026-08-05 09:09:18] status[load]: 다운로드… 68.4% 2.38MiB/s
[2026-08-05 09:09:18] status[load]: 다운로드… 68.4% 3.45MiB/s
[2026-08-05 09:09:18] status[load]: 다운로드… 68.4% 4.34MiB/s
[2026-08-05 09:09:18] status[load]: 다운로드… 68.4% 5.00MiB/s
[2026-08-05 09:09:18] status[load]: 다운로드… 68.5% 6.27MiB/s
[2026-08-05 09:09:18] status[load]: 다운로드… 68.5% 8.63MiB/s
[2026-08-05 09:09:18] status[load]: 다운로드… 68.7% 11.67MiB/s
[2026-08-05 09:09:19] status[load]: 다운로드… 68.9% 4.71MiB/s
[2026-08-05 09:09:20] status[load]: 다운로드… 69.0% 4.49MiB/s
[2026-08-05 09:09:20] status[load]: 다운로드… 69.0% 76.84KiB/s
[2026-08-05 09:09:20] status[load]: 다운로드… 69.0% 230.52KiB/s
[2026-08-05 09:09:20] status[load]: 다운로드… 69.0% 483.01KiB/s
[2026-08-05 09:09:20] status[load]: 다운로드… 69.1% 1.01MiB/s
[2026-08-05 09:09:20] status[load]: 다운로드… 69.1% 1.91MiB/s
[2026-08-05 09:09:20] status[load]: 다운로드… 69.1% 2.06MiB/s
[2026-08-05 09:09:20] status[load]: 다운로드… 69.1% 2.35MiB/s
[2026-08-05 09:09:20] status[load]: 다운로드… 69.1% 3.37MiB/s
[2026-08-05 09:09:20] status[load]: 다운로드… 69.1% 4.90MiB/s
[2026-08-05 09:09:20] status[load]: 다운로드… 69.1% 5.95MiB/s
[2026-08-05 09:09:20] status[load]: 다운로드… 69.2% 8.06MiB/s
[2026-08-05 09:09:20] status[load]: 다운로드… 69.3% 11.25MiB/s
[2026-08-05 09:09:22] status[load]: 다운로드… 69.6% 4.16MiB/s
[2026-08-05 09:09:22] status[load]: 다운로드… 69.7% 4.22MiB/s
[2026-08-05 09:09:23] status[load]: 다운로드… 69.7% 111.16KiB/s
[2026-08-05 09:09:23] status[load]: 다운로드… 69.7% 333.47KiB/s
[2026-08-05 09:09:23] status[load]: 다운로드… 69.7% 677.19KiB/s
[2026-08-05 09:09:23] status[load]: 다운로드… 69.7% 1.29MiB/s
[2026-08-05 09:09:23] status[load]: 다운로드… 69.7% 2.45MiB/s
[2026-08-05 09:09:23] status[load]: 다운로드… 69.7% 4.28MiB/s
[2026-08-05 09:09:23] status[load]: 다운로드… 69.7% 5.95MiB/s
[2026-08-05 09:09:23] status[load]: 다운로드… 69.7% 9.19MiB/s
[2026-08-05 09:09:23] status[load]: 다운로드… 69.7% 10.64MiB/s
[2026-08-05 09:09:23] status[load]: 다운로드… 69.8% 9.99MiB/s
[2026-08-05 09:09:23] status[load]: 다운로드… 69.9% 13.87MiB/s
[2026-08-05 09:09:23] status[load]: 다운로드… 70.0% 15.34MiB/s
[2026-08-05 09:09:24] status[load]: 다운로드… 70.3% 5.71MiB/s
[2026-08-05 09:09:24] status[load]: 다운로드… 70.4% 5.71MiB/s
[2026-08-05 09:09:24] status[load]: 다운로드… 70.4% 124.98KiB/s
[2026-08-05 09:09:24] status[load]: 다운로드… 70.4% 374.95KiB/s
[2026-08-05 09:09:24] status[load]: 다운로드… 70.4% 777.77KiB/s
[2026-08-05 09:09:24] status[load]: 다운로드… 70.4% 1.46MiB/s
[2026-08-05 09:09:24] status[load]: 다운로드… 70.4% 2.75MiB/s
[2026-08-05 09:09:24] status[load]: 다운로드… 70.4% 4.73MiB/s
[2026-08-05 09:09:24] status[load]: 다운로드… 70.4% 5.91MiB/s
[2026-08-05 09:09:24] status[load]: 다운로드… 70.4% 8.03MiB/s
[2026-08-05 09:09:24] status[load]: 다운로드… 70.4% 10.18MiB/s
[2026-08-05 09:09:24] status[load]: 다운로드… 70.5% 11.61MiB/s
[2026-08-05 09:09:25] status[load]: 다운로드… 70.5% 13.83MiB/s
[2026-08-05 09:09:25] status[load]: 다운로드… 70.7% 16.74MiB/s
[2026-08-05 09:09:25] status[load]: 다운로드… 70.9% 7.40MiB/s
[2026-08-05 09:09:26] status[load]: 다운로드… 71.1% 5.49MiB/s
[2026-08-05 09:09:26] status[load]: 다운로드… 71.1% 142.78KiB/s
[2026-08-05 09:09:26] status[load]: 다운로드… 71.1% 333.33KiB/s
[2026-08-05 09:09:26] status[load]: 다운로드… 71.1% 777.77KiB/s
[2026-08-05 09:09:26] status[load]: 다운로드… 71.1% 1.46MiB/s
[2026-08-05 09:09:26] status[load]: 다운로드… 71.1% 2.52MiB/s
[2026-08-05 09:09:26] status[load]: 다운로드… 71.1% 4.10MiB/s
[2026-08-05 09:09:26] status[load]: 다운로드… 71.1% 4.75MiB/s
[2026-08-05 09:09:26] status[load]: 다운로드… 71.1% 6.65MiB/s
[2026-08-05 09:09:26] status[load]: 다운로드… 71.1% 8.08MiB/s
[2026-08-05 09:09:26] status[load]: 다운로드… 71.1% 9.39MiB/s
[2026-08-05 09:09:27] status[load]: 다운로드… 71.2% 10.32MiB/s
[2026-08-05 09:09:27] status[load]: 다운로드… 71.3% 11.08MiB/s
[2026-08-05 09:09:28] status[load]: 다운로드… 71.6% 5.66MiB/s
[2026-08-05 09:09:28] status[load]: 다운로드… 71.7% 5.91MiB/s
[2026-08-05 09:09:28] status[load]: 다운로드… 71.7% 111.08KiB/s
[2026-08-05 09:09:28] status[load]: 다운로드… 71.7% 299.90KiB/s
[2026-08-05 09:09:28] status[load]: 다운로드… 71.7% 636.15KiB/s
[2026-08-05 09:09:28] status[load]: 다운로드… 71.7% 1.22MiB/s
[2026-08-05 09:09:28] status[load]: 다운로드… 71.7% 2.33MiB/s
[2026-08-05 09:09:28] status[load]: 다운로드… 71.7% 3.24MiB/s
[2026-08-05 09:09:28] status[load]: 다운로드… 71.7% 3.44MiB/s
[2026-08-05 09:09:28] status[load]: 다운로드… 71.7% 4.15MiB/s
[2026-08-05 09:09:28] status[load]: 다운로드… 71.8% 5.45MiB/s
[2026-08-05 09:09:28] status[load]: 다운로드… 71.8% 6.38MiB/s
[2026-08-05 09:09:28] status[load]: 다운로드… 71.9% 7.47MiB/s
[2026-08-05 09:09:28] status[load]: 다운로드… 72.0% 9.11MiB/s
[2026-08-05 09:09:30] status[load]: 다운로드… 72.3% 4.58MiB/s
[2026-08-05 09:09:30] status[load]: 다운로드… 72.4% 4.34MiB/s
[2026-08-05 09:09:31] status[load]: 다운로드… 72.4% 71.62KiB/s
[2026-08-05 09:09:31] status[load]: 다운로드… 72.4% 197.71KiB/s
[2026-08-05 09:09:31] status[load]: 다운로드… 72.4% 432.50KiB/s
[2026-08-05 09:09:31] status[load]: 다운로드… 72.4% 856.55KiB/s
[2026-08-05 09:09:31] status[load]: 다운로드… 72.4% 1.63MiB/s
[2026-08-05 09:09:31] status[load]: 다운로드… 72.4% 2.18MiB/s
[2026-08-05 09:09:31] status[load]: 다운로드… 72.4% 3.71MiB/s
[2026-08-05 09:09:31] status[load]: 다운로드… 72.4% 5.43MiB/s
[2026-08-05 09:09:31] status[load]: 다운로드… 72.4% 6.23MiB/s
[2026-08-05 09:09:31] status[load]: 다운로드… 72.5% 7.03MiB/s
[2026-08-05 09:09:31] status[load]: 다운로드… 72.5% 5.35MiB/s
[2026-08-05 09:09:31] status[load]: 다운로드… 72.7% 6.14MiB/s
[2026-08-05 09:09:32] status[load]: 다운로드… 72.9% 4.54MiB/s
[2026-08-05 09:09:33] status[load]: 다운로드… 73.1% 4.64MiB/s
[2026-08-05 09:09:33] status[load]: 다운로드… 73.1% 142.87KiB/s
[2026-08-05 09:09:33] status[load]: 다운로드… 73.1% 375.07KiB/s
[2026-08-05 09:09:33] status[load]: 다운로드… 73.1% 777.83KiB/s
[2026-08-05 09:09:33] status[load]: 다운로드… 73.1% 1.63MiB/s
[2026-08-05 09:09:33] status[load]: 다운로드… 73.1% 3.02MiB/s
[2026-08-05 09:09:33] status[load]: 다운로드… 73.1% 3.52MiB/s
[2026-08-05 09:09:33] status[load]: 다운로드… 73.1% 4.77MiB/s
[2026-08-05 09:09:33] status[load]: 다운로드… 73.1% 6.59MiB/s
[2026-08-05 09:09:33] status[load]: 다운로드… 73.1% 8.24MiB/s
[2026-08-05 09:09:33] status[load]: 다운로드… 73.1% 9.79MiB/s
[2026-08-05 09:09:33] status[load]: 다운로드… 73.2% 10.44MiB/s
[2026-08-05 09:09:33] status[load]: 다운로드… 73.3% 10.85MiB/s
[2026-08-05 09:09:34] status[load]: 다운로드… 73.6% 11.39MiB/s
[2026-08-05 09:09:34] status[load]: 다운로드… 73.7% 10.76MiB/s
[2026-08-05 09:09:34] status[load]: 다운로드… 73.7% 14.59KiB/s
[2026-08-05 09:09:34] status[load]: 다운로드… 73.7% 43.14KiB/s
[2026-08-05 09:09:34] status[load]: 다운로드… 73.7% 100.66KiB/s
[2026-08-05 09:09:34] status[load]: 다운로드… 73.7% 212.50KiB/s
[2026-08-05 09:09:34] status[load]: 다운로드… 73.7% 399.49KiB/s
[2026-08-05 09:09:34] status[load]: 다운로드… 73.7% 727.50KiB/s
[2026-08-05 09:09:34] status[load]: 다운로드… 73.7% 1.23MiB/s
[2026-08-05 09:09:34] status[load]: 다운로드… 73.7% 2.08MiB/s
[2026-08-05 09:09:34] status[load]: 다운로드… 73.8% 2.94MiB/s
[2026-08-05 09:09:34] status[load]: 다운로드… 73.8% 3.47MiB/s
[2026-08-05 09:09:34] status[load]: 다운로드… 73.9% 5.41MiB/s
[2026-08-05 09:09:34] status[load]: 다운로드… 74.0% 7.32MiB/s
[2026-08-05 09:09:35] status[load]: 다운로드… 74.3% 9.21MiB/s
[2026-08-05 09:09:35] status[load]: 다운로드… 74.4% 9.35MiB/s
[2026-08-05 09:09:35] status[load]: 다운로드… 74.4% 16.89KiB/s
[2026-08-05 09:09:35] status[load]: 다운로드… 74.4% 49.48KiB/s
[2026-08-05 09:09:35] status[load]: 다운로드… 74.4% 109.94KiB/s
[2026-08-05 09:09:35] status[load]: 다운로드… 74.4% 228.11KiB/s
[2026-08-05 09:09:35] status[load]: 다운로드… 74.4% 461.41KiB/s
[2026-08-05 09:09:35] status[load]: 다운로드… 74.4% 872.24KiB/s
[2026-08-05 09:09:35] status[load]: 다운로드… 74.4% 1.44MiB/s
[2026-08-05 09:09:35] status[load]: 다운로드… 74.4% 2.44MiB/s
[2026-08-05 09:09:35] status[load]: 다운로드… 74.4% 3.94MiB/s
[2026-08-05 09:09:35] status[load]: 다운로드… 74.4% 5.44MiB/s
[2026-08-05 09:09:35] status[load]: 다운로드… 74.5% 7.21MiB/s
[2026-08-05 09:09:36] status[load]: 다운로드… 74.6% 6.72MiB/s
[2026-08-05 09:09:36] status[load]: 다운로드… 74.9% 6.84MiB/s
[2026-08-05 09:09:36] status[load]: 다운로드… 75.1% 7.19MiB/s
[2026-08-05 09:09:37] status[load]: 다운로드… 75.1% 33.65KiB/s
[2026-08-05 09:09:37] status[load]: 다운로드… 75.1% 97.66KiB/s
[2026-08-05 09:09:37] status[load]: 다운로드… 75.1% 220.68KiB/s
[2026-08-05 09:09:37] status[load]: 다운로드… 75.1% 472.89KiB/s
[2026-08-05 09:09:37] status[load]: 다운로드… 75.1% 919.34KiB/s
[2026-08-05 09:09:37] status[load]: 다운로드… 75.1% 1018.77KiB/s
[2026-08-05 09:09:37] status[load]: 다운로드… 75.1% 1.43MiB/s
[2026-08-05 09:09:37] status[load]: 다운로드… 75.1% 2.31MiB/s
[2026-08-05 09:09:37] status[load]: 다운로드… 75.1% 2.97MiB/s
[2026-08-05 09:09:37] status[load]: 다운로드… 75.1% 2.85MiB/s
[2026-08-05 09:09:37] status[load]: 다운로드… 75.2% 3.35MiB/s
[2026-08-05 09:09:37] status[load]: 다운로드… 75.3% 4.87MiB/s
[2026-08-05 09:09:38] status[load]: 다운로드… 75.6% 6.89MiB/s
[2026-08-05 09:09:38] status[load]: 다운로드… 75.7% 7.26MiB/s
[2026-08-05 09:09:38] status[load]: 다운로드… 75.7% 81.82KiB/s
[2026-08-05 09:09:38] status[load]: 다운로드… 75.7% 226.91KiB/s
[2026-08-05 09:09:38] status[load]: 다운로드… 75.7% 394.51KiB/s
[2026-08-05 09:09:38] status[load]: 다운로드… 75.7% 751.95KiB/s
[2026-08-05 09:09:38] status[load]: 다운로드… 75.7% 1.45MiB/s
[2026-08-05 09:09:38] status[load]: 다운로드… 75.7% 2.15MiB/s
[2026-08-05 09:09:38] status[load]: 다운로드… 75.7% 2.80MiB/s
[2026-08-05 09:09:38] status[load]: 다운로드… 75.7% 1.78MiB/s
[2026-08-05 09:09:38] status[load]: 다운로드… 75.7% 2.10MiB/s
[2026-08-05 09:09:38] status[load]: 다운로드… 75.8% 2.63MiB/s
[2026-08-05 09:09:38] status[load]: 다운로드… 75.8% 3.86MiB/s
[2026-08-05 09:09:39] status[load]: 다운로드… 76.0% 5.86MiB/s
[2026-08-05 09:09:39] status[load]: 다운로드… 76.3% 7.74MiB/s
[2026-08-05 09:09:39] status[load]: 다운로드… 76.4% 8.19MiB/s
[2026-08-05 09:09:39] status[load]: 다운로드… 76.4% 97.39KiB/s
[2026-08-05 09:09:39] status[load]: 다운로드… 76.4% 266.25KiB/s
[2026-08-05 09:09:39] status[load]: 다운로드… 76.4% 570.69KiB/s
[2026-08-05 09:09:39] status[load]: 다운로드… 76.4% 1.03MiB/s
[2026-08-05 09:09:39] status[load]: 다운로드… 76.4% 1.98MiB/s
[2026-08-05 09:09:39] status[load]: 다운로드… 76.4% 2.76MiB/s
[2026-08-05 09:09:39] status[load]: 다운로드… 76.4% 3.75MiB/s
[2026-08-05 09:09:39] status[load]: 다운로드… 76.4% 4.53MiB/s
[2026-08-05 09:09:39] status[load]: 다운로드… 76.4% 3.08MiB/s
[2026-08-05 09:09:39] status[load]: 다운로드… 76.5% 4.34MiB/s
[2026-08-05 09:09:40] status[load]: 다운로드… 76.5% 5.99MiB/s
[2026-08-05 09:09:40] status[load]: 다운로드… 76.7% 7.44MiB/s
[2026-08-05 09:09:40] status[load]: 다운로드… 76.9% 9.48MiB/s
[2026-08-05 09:09:40] status[load]: 다운로드… 77.0% 9.60MiB/s
[2026-08-05 09:09:40] status[load]: 다운로드… 77.0% 52.84KiB/s
[2026-08-05 09:09:40] status[load]: 다운로드… 77.0% 130.23KiB/s
[2026-08-05 09:09:40] status[load]: 다운로드… 77.0% 279.55KiB/s
[2026-08-05 09:09:40] status[load]: 다운로드… 77.0% 507.20KiB/s
[2026-08-05 09:09:40] status[load]: 다운로드… 77.0% 502.98KiB/s
[2026-08-05 09:09:40] status[load]: 다운로드… 77.0% 861.05KiB/s
[2026-08-05 09:09:40] status[load]: 다운로드… 77.0% 1.44MiB/s
[2026-08-05 09:09:41] status[load]: 다운로드… 77.1% 2.14MiB/s
[2026-08-05 09:09:41] status[load]: 다운로드… 77.1% 3.11MiB/s
[2026-08-05 09:09:41] status[load]: 다운로드… 77.1% 4.19MiB/s
[2026-08-05 09:09:41] status[load]: 다운로드… 77.2% 4.73MiB/s
[2026-08-05 09:09:41] status[load]: 다운로드… 77.3% 6.09MiB/s
[2026-08-05 09:09:41] status[load]: 다운로드… 77.6% 8.39MiB/s
[2026-08-05 09:09:41] status[load]: 다운로드… 77.7% 9.25MiB/s
[2026-08-05 09:09:42] status[load]: 다운로드… 77.7% 106.99KiB/s
[2026-08-05 09:09:42] status[load]: 다운로드… 77.7% 289.58KiB/s
[2026-08-05 09:09:42] status[load]: 다운로드… 77.7% 566.40KiB/s
[2026-08-05 09:09:42] status[load]: 다운로드… 77.7% 702.27KiB/s
[2026-08-05 09:09:42] status[load]: 다운로드… 77.7% 1.24MiB/s
[2026-08-05 09:09:42] status[load]: 다운로드… 77.7% 2.17MiB/s
[2026-08-05 09:09:42] status[load]: 다운로드… 77.7% 4.22MiB/s
[2026-08-05 09:09:42] status[load]: 다운로드… 77.7% 5.65MiB/s
[2026-08-05 09:09:42] status[load]: 다운로드… 77.7% 5.42MiB/s
[2026-08-05 09:09:42] status[load]: 다운로드… 77.8% 6.63MiB/s
[2026-08-05 09:09:42] status[load]: 다운로드… 77.8% 8.42MiB/s
[2026-08-05 09:09:42] status[load]: 다운로드… 78.0% 9.59MiB/s
[2026-08-05 09:09:42] status[load]: 다운로드… 78.2% 11.07MiB/s
[2026-08-05 09:09:42] status[load]: 다운로드… 78.4% 11.94MiB/s
[2026-08-05 09:09:42] status[load]: 다운로드… 78.4% 62.21KiB/s
[2026-08-05 09:09:42] status[load]: 다운로드… 78.4% 165.94KiB/s
[2026-08-05 09:09:42] status[load]: 다운로드… 78.4% 366.91KiB/s
[2026-08-05 09:09:42] status[load]: 다운로드… 78.4% 747.15KiB/s
[2026-08-05 09:09:42] status[load]: 다운로드… 78.4% 1.44MiB/s
[2026-08-05 09:09:42] status[load]: 다운로드… 78.4% 2.31MiB/s
[2026-08-05 09:09:43] status[load]: 다운로드… 78.4% 2.85MiB/s
[2026-08-05 09:09:43] status[load]: 다운로드… 78.4% 4.38MiB/s
[2026-08-05 09:09:43] status[load]: 다운로드… 78.4% 5.57MiB/s
[2026-08-05 09:09:43] status[load]: 다운로드… 78.4% 7.04MiB/s
[2026-08-05 09:09:43] status[load]: 다운로드… 78.5% 8.57MiB/s
[2026-08-05 09:09:43] status[load]: 다운로드… 78.6% 10.84MiB/s
[2026-08-05 09:09:43] status[load]: 다운로드… 78.9% 13.25MiB/s
[2026-08-05 09:09:43] status[load]: 다운로드… 79.0% 13.98MiB/s
[2026-08-05 09:09:43] status[load]: 다운로드… 79.0% 29.39KiB/s
[2026-08-05 09:09:43] status[load]: 다운로드… 79.0% 85.65KiB/s
[2026-08-05 09:09:43] status[load]: 다운로드… 79.0% 194.28KiB/s
[2026-08-05 09:09:43] status[load]: 다운로드… 79.0% 405.09KiB/s
[2026-08-05 09:09:43] status[load]: 다운로드… 79.0% 794.11KiB/s
[2026-08-05 09:09:43] status[load]: 다운로드… 79.1% 1.18MiB/s
[2026-08-05 09:09:43] status[load]: 다운로드… 79.1% 1.72MiB/s
[2026-08-05 09:09:43] status[load]: 다운로드… 79.1% 3.00MiB/s
[2026-08-05 09:09:43] status[load]: 다운로드… 79.1% 4.57MiB/s
[2026-08-05 09:09:43] status[load]: 다운로드… 79.1% 6.66MiB/s
[2026-08-05 09:09:43] status[load]: 다운로드… 79.2% 9.19MiB/s
[2026-08-05 09:09:44] status[load]: 다운로드… 79.3% 10.74MiB/s
[2026-08-05 09:09:45] status[load]: 다운로드… 79.6% 5.53MiB/s
[2026-08-05 09:09:45] status[load]: 다운로드… 79.7% 4.81MiB/s
[2026-08-05 09:09:45] status[load]: 다운로드… 79.7% 66.66KiB/s
[2026-08-05 09:09:45] status[load]: 다운로드… 79.7% 187.49KiB/s
[2026-08-05 09:09:45] status[load]: 다운로드… 79.7% 411.67KiB/s
[2026-08-05 09:09:45] status[load]: 다운로드… 79.7% 833.13KiB/s
[2026-08-05 09:09:45] status[load]: 다운로드… 79.7% 1.59MiB/s
[2026-08-05 09:09:45] status[load]: 다운로드… 79.7% 2.42MiB/s
[2026-08-05 09:09:45] status[load]: 다운로드… 79.7% 3.00MiB/s
[2026-08-05 09:09:45] status[load]: 다운로드… 79.7% 4.33MiB/s
[2026-08-05 09:09:45] status[load]: 다운로드… 79.7% 5.70MiB/s
[2026-08-05 09:09:45] status[load]: 다운로드… 79.8% 6.88MiB/s
[2026-08-05 09:09:46] status[load]: 다운로드… 79.8% 9.32MiB/s
[2026-08-05 09:09:46] status[load]: 다운로드… 80.0% 10.27MiB/s
[2026-08-05 09:09:47] status[load]: 다운로드… 80.2% 5.62MiB/s
[2026-08-05 09:09:47] status[load]: 다운로드… 80.4% 5.15MiB/s
[2026-08-05 09:09:47] status[load]: 다운로드… 80.4% 50.34KiB/s
[2026-08-05 09:09:47] status[load]: 다운로드… 80.4% 151.01KiB/s
[2026-08-05 09:09:47] status[load]: 다운로드… 80.4% 332.19KiB/s
[2026-08-05 09:09:47] status[load]: 다운로드… 80.4% 665.78KiB/s
[2026-08-05 09:09:47] status[load]: 다운로드… 80.4% 1.34MiB/s
[2026-08-05 09:09:47] status[load]: 다운로드… 80.4% 2.28MiB/s
[2026-08-05 09:09:47] status[load]: 다운로드… 80.4% 3.61MiB/s
[2026-08-05 09:09:47] status[load]: 다운로드… 80.4% 5.52MiB/s
[2026-08-05 09:09:47] status[load]: 다운로드… 80.4% 7.08MiB/s
[2026-08-05 09:09:47] status[load]: 다운로드… 80.4% 8.90MiB/s
[2026-08-05 09:09:47] status[load]: 다운로드… 80.5% 10.89MiB/s
[2026-08-05 09:09:48] status[load]: 다운로드… 80.6% 13.69MiB/s
[2026-08-05 09:09:49] status[load]: 다운로드… 80.9% 5.10MiB/s
[2026-08-05 09:09:50] status[load]: 다운로드… 81.0% 4.41MiB/s
[2026-08-05 09:09:50] status[load]: 다운로드… 81.0% 75.84KiB/s
[2026-08-05 09:09:50] status[load]: 다운로드… 81.0% 186.20KiB/s
[2026-08-05 09:09:50] status[load]: 다운로드… 81.0% 408.81KiB/s
[2026-08-05 09:09:50] status[load]: 다운로드… 81.0% 827.58KiB/s
[2026-08-05 09:09:50] status[load]: 다운로드… 81.0% 1.58MiB/s
[2026-08-05 09:09:50] status[load]: 다운로드… 81.0% 1.68MiB/s
[2026-08-05 09:09:50] status[load]: 다운로드… 81.0% 2.08MiB/s
[2026-08-05 09:09:50] status[load]: 다운로드… 81.0% 2.01MiB/s
[2026-08-05 09:09:50] status[load]: 다운로드… 81.1% 3.21MiB/s
[2026-08-05 09:09:50] status[load]: 다운로드… 81.1% 4.42MiB/s
[2026-08-05 09:09:50] status[load]: 다운로드… 81.2% 6.00MiB/s
[2026-08-05 09:09:50] status[load]: 다운로드… 81.3% 7.98MiB/s
[2026-08-05 09:09:51] status[load]: 다운로드… 81.6% 9.13MiB/s
[2026-08-05 09:09:51] status[load]: 다운로드… 81.7% 9.41MiB/s
[2026-08-05 09:09:51] status[load]: 다운로드… 81.7% 162.27KiB/s
[2026-08-05 09:09:51] status[load]: 다운로드… 81.7% 278.64KiB/s
[2026-08-05 09:09:51] status[load]: 다운로드… 81.7% 447.34KiB/s
[2026-08-05 09:09:51] status[load]: 다운로드… 81.7% 785.18KiB/s
[2026-08-05 09:09:51] status[load]: 다운로드… 81.7% 1.19MiB/s
[2026-08-05 09:09:51] status[load]: 다운로드… 81.7% 1.40MiB/s
[2026-08-05 09:09:51] status[load]: 다운로드… 81.7% 2.69MiB/s
[2026-08-05 09:09:51] status[load]: 다운로드… 81.7% 4.60MiB/s
[2026-08-05 09:09:51] status[load]: 다운로드… 81.7% 6.51MiB/s
[2026-08-05 09:09:51] status[load]: 다운로드… 81.7% 8.12MiB/s
[2026-08-05 09:09:51] status[load]: 다운로드… 81.8% 10.05MiB/s
[2026-08-05 09:09:51] status[load]: 다운로드… 82.0% 12.14MiB/s
[2026-08-05 09:09:51] status[load]: 다운로드… 82.2% 12.45MiB/s
[2026-08-05 09:09:52] status[load]: 다운로드… 82.3% 12.17MiB/s
[2026-08-05 09:09:52] status[load]: 다운로드… 82.3% 125.04KiB/s
[2026-08-05 09:09:52] status[load]: 다운로드… 82.3% 333.45KiB/s
[2026-08-05 09:09:52] status[load]: 다운로드… 82.3% 466.68KiB/s
[2026-08-05 09:09:52] status[load]: 다운로드… 82.3% 937.67KiB/s
[2026-08-05 09:09:52] status[load]: 다운로드… 82.3% 1.78MiB/s
[2026-08-05 09:09:52] status[load]: 다운로드… 82.3% 2.20MiB/s
[2026-08-05 09:09:52] status[load]: 다운로드… 82.3% 3.41MiB/s
[2026-08-05 09:09:52] status[load]: 다운로드… 82.4% 3.80MiB/s
[2026-08-05 09:09:52] status[load]: 다운로드… 82.4% 4.86MiB/s
[2026-08-05 09:09:52] status[load]: 다운로드… 82.4% 6.37MiB/s
[2026-08-05 09:09:52] status[load]: 다운로드… 82.5% 6.45MiB/s
[2026-08-05 09:09:52] status[load]: 다운로드… 82.6% 7.24MiB/s
[2026-08-05 09:09:52] status[load]: 다운로드… 82.9% 9.61MiB/s
[2026-08-05 09:09:53] status[load]: 다운로드… 83.0% 10.42MiB/s
[2026-08-05 09:09:53] status[load]: 다운로드… 83.0% 99.98KiB/s
[2026-08-05 09:09:53] status[load]: 다운로드… 83.0% 272.75KiB/s
[2026-08-05 09:09:53] status[load]: 다운로드… 83.0% 569.70KiB/s
[2026-08-05 09:09:53] status[load]: 다운로드… 83.0% 1.10MiB/s
[2026-08-05 09:09:53] status[load]: 다운로드… 83.0% 2.12MiB/s
[2026-08-05 09:09:53] status[load]: 다운로드… 83.0% 3.03MiB/s
[2026-08-05 09:09:53] status[load]: 다운로드… 83.0% 4.72MiB/s
[2026-08-05 09:09:53] status[load]: 다운로드… 83.0% 5.89MiB/s
[2026-08-05 09:09:53] status[load]: 다운로드… 83.1% 6.07MiB/s
[2026-08-05 09:09:53] status[load]: 다운로드… 83.1% 7.12MiB/s
[2026-08-05 09:09:53] status[load]: 다운로드… 83.2% 9.24MiB/s
[2026-08-05 09:09:53] status[load]: 다운로드… 83.3% 12.40MiB/s
[2026-08-05 09:09:53] status[load]: 다운로드… 83.6% 13.78MiB/s
[2026-08-05 09:09:53] status[load]: 다운로드… 83.7% 14.19MiB/s
[2026-08-05 09:09:53] status[load]: 다운로드… 83.7% 28.23KiB/s
[2026-08-05 09:09:53] status[load]: 다운로드… 83.7% 81.28KiB/s
[2026-08-05 09:09:53] status[load]: 다운로드… 83.7% 184.61KiB/s
[2026-08-05 09:09:53] status[load]: 다운로드… 83.7% 385.44KiB/s
[2026-08-05 09:09:53] status[load]: 다운로드… 83.7% 776.63KiB/s
[2026-08-05 09:09:53] status[load]: 다운로드… 83.7% 1.34MiB/s
[2026-08-05 09:09:53] status[load]: 다운로드… 83.7% 2.30MiB/s
[2026-08-05 09:09:53] status[load]: 다운로드… 83.7% 4.09MiB/s
[2026-08-05 09:09:53] status[load]: 다운로드… 83.7% 6.83MiB/s
[2026-08-05 09:09:54] status[load]: 다운로드… 83.8% 9.95MiB/s
[2026-08-05 09:09:54] status[load]: 다운로드… 83.8% 14.15MiB/s
[2026-08-05 09:09:54] status[load]: 다운로드… 84.0% 16.93MiB/s
[2026-08-05 09:09:54] status[load]: 다운로드… 84.2% 18.77MiB/s
[2026-08-05 09:09:54] status[load]: 다운로드… 84.3% 18.85MiB/s
[2026-08-05 09:09:54] status[load]: 다운로드… 84.3% 90.89KiB/s
[2026-08-05 09:09:54] status[load]: 다운로드… 84.3% 249.78KiB/s
[2026-08-05 09:09:54] status[load]: 다운로드… 84.3% 582.82KiB/s
[2026-08-05 09:09:54] status[load]: 다운로드… 84.3% 1.13MiB/s
[2026-08-05 09:09:54] status[load]: 다운로드… 84.3% 2.33MiB/s
[2026-08-05 09:09:54] status[load]: 다운로드… 84.3% 3.42MiB/s
[2026-08-05 09:09:54] status[load]: 다운로드… 84.4% 4.88MiB/s
[2026-08-05 09:09:54] status[load]: 다운로드… 84.4% 6.93MiB/s
[2026-08-05 09:09:54] status[load]: 다운로드… 84.4% 11.11MiB/s
[2026-08-05 09:09:54] status[load]: 다운로드… 84.4% 13.54MiB/s
[2026-08-05 09:09:54] status[load]: 다운로드… 84.5% 15.97MiB/s
[2026-08-05 09:09:54] status[load]: 다운로드… 84.6% 17.83MiB/s
[2026-08-05 09:09:54] status[load]: 다운로드… 84.9% 17.80MiB/s
[2026-08-05 09:09:55] status[load]: 다운로드… 85.0% 17.84MiB/s
[2026-08-05 09:09:55] status[load]: 다운로드… 85.0% 110.90KiB/s
[2026-08-05 09:09:55] status[load]: 다운로드… 85.0% 299.03KiB/s
[2026-08-05 09:09:55] status[load]: 다운로드… 85.0% 442.73KiB/s
[2026-08-05 09:09:55] status[load]: 다운로드… 85.0% 948.71KiB/s
[2026-08-05 09:09:55] status[load]: 다운로드… 85.0% 1.80MiB/s
[2026-08-05 09:09:55] status[load]: 다운로드… 85.0% 3.20MiB/s
[2026-08-05 09:09:55] status[load]: 다운로드… 85.0% 5.57MiB/s
[2026-08-05 09:09:55] status[load]: 다운로드… 85.0% 8.23MiB/s
[2026-08-05 09:09:55] status[load]: 다운로드… 85.0% 11.36MiB/s
[2026-08-05 09:09:55] status[load]: 다운로드… 85.1% 14.82MiB/s
[2026-08-05 09:09:55] status[load]: 다운로드… 85.1% 15.73MiB/s
[2026-08-05 09:09:55] status[load]: 다운로드… 85.3% 15.25MiB/s
[2026-08-05 09:09:56] status[load]: 다운로드… 85.5% 4.46MiB/s
[2026-08-05 09:09:57] status[load]: 다운로드… 85.7% 4.39MiB/s
[2026-08-05 09:09:57] status[load]: 다운로드… 85.7% 130.16KiB/s
[2026-08-05 09:09:57] status[load]: 다운로드… 85.7% 390.48KiB/s
[2026-08-05 09:09:57] status[load]: 다운로드… 85.7% 792.21KiB/s
[2026-08-05 09:09:57] status[load]: 다운로드… 85.7% 1.66MiB/s
[2026-08-05 09:09:57] status[load]: 다운로드… 85.7% 3.07MiB/s
[2026-08-05 09:09:57] status[load]: 다운로드… 85.7% 3.88MiB/s
[2026-08-05 09:09:57] status[load]: 다운로드… 85.7% 4.83MiB/s
[2026-08-05 09:09:57] status[load]: 다운로드… 85.7% 6.91MiB/s
[2026-08-05 09:09:57] status[load]: 다운로드… 85.7% 9.37MiB/s
[2026-08-05 09:09:57] status[load]: 다운로드… 85.7% 10.32MiB/s
[2026-08-05 09:09:57] status[load]: 다운로드… 85.8% 10.00MiB/s
[2026-08-05 09:09:57] status[load]: 다운로드… 85.9% 8.41MiB/s
[2026-08-05 09:09:59] status[load]: 다운로드… 86.2% 3.77MiB/s
[2026-08-05 09:10:00] status[load]: 다운로드… 86.3% 3.57MiB/s
[2026-08-05 09:10:00] status[load]: 다운로드… 86.3% 80.91KiB/s
[2026-08-05 09:10:00] status[load]: 다운로드… 86.3% 224.51KiB/s
[2026-08-05 09:10:00] status[load]: 다운로드… 86.3% 427.89KiB/s
[2026-08-05 09:10:00] status[load]: 다운로드… 86.3% 864.08KiB/s
[2026-08-05 09:10:00] status[load]: 다운로드… 86.3% 1.74MiB/s
[2026-08-05 09:10:00] status[load]: 다운로드… 86.3% 2.63MiB/s
[2026-08-05 09:10:00] status[load]: 다운로드… 86.3% 3.28MiB/s
[2026-08-05 09:10:00] status[load]: 다운로드… 86.3% 5.03MiB/s
[2026-08-05 09:10:00] status[load]: 다운로드… 86.4% 7.30MiB/s
[2026-08-05 09:10:00] status[load]: 다운로드… 86.4% 9.83MiB/s
[2026-08-05 09:10:00] status[load]: 다운로드… 86.5% 12.76MiB/s
[2026-08-05 09:10:00] status[load]: 다운로드… 86.6% 13.71MiB/s
[2026-08-05 09:10:01] status[load]: 다운로드… 86.9% 4.69MiB/s
[2026-08-05 09:10:02] status[load]: 다운로드… 87.0% 3.87MiB/s
[2026-08-05 09:10:02] status[load]: 다운로드… 87.0% 97.30KiB/s
[2026-08-05 09:10:02] status[load]: 다운로드… 87.0% 266.07KiB/s
[2026-08-05 09:10:02] status[load]: 다운로드… 87.0% 620.83KiB/s
[2026-08-05 09:10:02] status[load]: 다운로드… 87.0% 1.19MiB/s
[2026-08-05 09:10:02] status[load]: 다운로드… 87.0% 2.47MiB/s
[2026-08-05 09:10:02] status[load]: 다운로드… 87.0% 3.19MiB/s
[2026-08-05 09:10:02] status[load]: 다운로드… 87.0% 4.79MiB/s
[2026-08-05 09:10:02] status[load]: 다운로드… 87.0% 7.14MiB/s
[2026-08-05 09:10:02] status[load]: 다운로드… 87.0% 10.60MiB/s
[2026-08-05 09:10:02] status[load]: 다운로드… 87.0% 11.02MiB/s
[2026-08-05 09:10:02] status[load]: 다운로드… 87.1% 11.80MiB/s
[2026-08-05 09:10:03] status[load]: 다운로드… 87.2% 10.84MiB/s
[2026-08-05 09:10:04] status[load]: 다운로드… 87.5% 5.43MiB/s
[2026-08-05 09:10:04] status[load]: 다운로드… 87.6% 6.02MiB/s
[2026-08-05 09:10:04] status[load]: 다운로드… 87.6% 124.96KiB/s
[2026-08-05 09:10:04] status[load]: 다운로드… 87.6% 333.28KiB/s
[2026-08-05 09:10:04] status[load]: 다운로드… 87.6% 699.95KiB/s
[2026-08-05 09:10:04] status[load]: 다운로드… 87.6% 1.46MiB/s
[2026-08-05 09:10:04] status[load]: 다운로드… 87.6% 3.03MiB/s
[2026-08-05 09:10:04] status[load]: 다운로드… 87.6% 4.10MiB/s
[2026-08-05 09:10:04] status[load]: 다운로드… 87.6% 5.90MiB/s
[2026-08-05 09:10:04] status[load]: 다운로드… 87.7% 8.59MiB/s
[2026-08-05 09:10:04] status[load]: 다운로드… 87.7% 11.09MiB/s
[2026-08-05 09:10:04] status[load]: 다운로드… 87.7% 10.91MiB/s
[2026-08-05 09:10:04] status[load]: 다운로드… 87.8% 11.26MiB/s
[2026-08-05 09:10:05] status[load]: 다운로드… 87.9% 4.74MiB/s
[2026-08-05 09:10:05] status[load]: 다운로드… 88.1% 6.77MiB/s
[2026-08-05 09:10:05] status[load]: 다운로드… 88.3% 7.94MiB/s
[2026-08-05 09:10:05] status[load]: 다운로드… 88.3% 116.93KiB/s
[2026-08-05 09:10:05] status[load]: 다운로드… 88.3% 254.64KiB/s
[2026-08-05 09:10:05] status[load]: 다운로드… 88.3% 468.17KiB/s
[2026-08-05 09:10:05] status[load]: 다운로드… 88.3% 916.33KiB/s
[2026-08-05 09:10:05] status[load]: 다운로드… 88.3% 1.74MiB/s
[2026-08-05 09:10:05] status[load]: 다운로드… 88.3% 2.36MiB/s
[2026-08-05 09:10:05] status[load]: 다운로드… 88.3% 3.30MiB/s
[2026-08-05 09:10:05] status[load]: 다운로드… 88.3% 2.95MiB/s
[2026-08-05 09:10:05] status[load]: 다운로드… 88.3% 5.37MiB/s
[2026-08-05 09:10:05] status[load]: 다운로드… 88.4% 6.70MiB/s
[2026-08-05 09:10:05] status[load]: 다운로드… 88.4% 7.70MiB/s
[2026-08-05 09:10:06] status[load]: 다운로드… 88.6% 9.45MiB/s
[2026-08-05 09:10:06] status[load]: 다운로드… 88.8% 10.53MiB/s
[2026-08-05 09:10:06] status[load]: 다운로드… 88.9% 10.24MiB/s
[2026-08-05 09:10:06] status[load]: 다운로드… 88.9% 40.00KiB/s
[2026-08-05 09:10:06] status[load]: 다운로드… 88.9% 115.32KiB/s
[2026-08-05 09:10:06] status[load]: 다운로드… 88.9% 237.74KiB/s
[2026-08-05 09:10:06] status[load]: 다운로드… 89.0% 509.45KiB/s
[2026-08-05 09:10:06] status[load]: 다운로드… 89.0% 1002.22KiB/s
[2026-08-05 09:10:06] status[load]: 다운로드… 89.0% 1.81MiB/s
[2026-08-05 09:10:06] status[load]: 다운로드… 89.0% 2.92MiB/s
[2026-08-05 09:10:06] status[load]: 다운로드… 89.0% 4.41MiB/s
[2026-08-05 09:10:06] status[load]: 다운로드… 89.0% 6.36MiB/s
[2026-08-05 09:10:06] status[load]: 다운로드… 89.0% 8.34MiB/s
[2026-08-05 09:10:06] status[load]: 다운로드… 89.1% 9.73MiB/s
[2026-08-05 09:10:07] status[load]: 다운로드… 89.2% 10.82MiB/s
[2026-08-05 09:10:07] status[load]: 다운로드… 89.5% 12.19MiB/s
[2026-08-05 09:10:07] status[load]: 다운로드… 89.6% 10.29MiB/s
[2026-08-05 09:10:07] status[load]: 다운로드… 89.6% 111.50KiB/s
[2026-08-05 09:10:07] status[load]: 다운로드… 89.6% 300.98KiB/s
[2026-08-05 09:10:07] status[load]: 다운로드… 89.6% 702.28KiB/s
[2026-08-05 09:10:07] status[load]: 다운로드… 89.6% 1.34MiB/s
[2026-08-05 09:10:07] status[load]: 다운로드… 89.6% 2.76MiB/s
[2026-08-05 09:10:07] status[load]: 다운로드… 89.6% 3.42MiB/s
[2026-08-05 09:10:07] status[load]: 다운로드… 89.6% 5.40MiB/s
[2026-08-05 09:10:07] status[load]: 다운로드… 89.6% 7.33MiB/s
[2026-08-05 09:10:07] status[load]: 다운로드… 89.6% 9.55MiB/s
[2026-08-05 09:10:07] status[load]: 다운로드… 89.7% 11.46MiB/s
[2026-08-05 09:10:07] status[load]: 다운로드… 89.7% 12.28MiB/s
[2026-08-05 09:10:08] status[load]: 다운로드… 89.9% 14.14MiB/s
[2026-08-05 09:10:08] status[load]: 다운로드… 90.2% 15.34MiB/s
[2026-08-05 09:10:08] status[load]: 다운로드… 90.3% 14.60MiB/s
[2026-08-05 09:10:08] status[load]: 다운로드… 90.3% 155.31KiB/s
[2026-08-05 09:10:08] status[load]: 다운로드… 90.3% 402.87KiB/s
[2026-08-05 09:10:08] status[load]: 다운로드… 90.3% 880.28KiB/s
[2026-08-05 09:10:08] status[load]: 다운로드… 90.3% 1.84MiB/s
[2026-08-05 09:10:08] status[load]: 다운로드… 90.3% 3.58MiB/s
[2026-08-05 09:10:08] status[load]: 다운로드… 90.3% 4.51MiB/s
[2026-08-05 09:10:08] status[load]: 다운로드… 90.3% 5.65MiB/s
[2026-08-05 09:10:08] status[load]: 다운로드… 90.3% 6.76MiB/s
[2026-08-05 09:10:08] status[load]: 다운로드… 90.3% 9.93MiB/s
[2026-08-05 09:10:08] status[load]: 다운로드… 90.4% 11.92MiB/s
[2026-08-05 09:10:08] status[load]: 다운로드… 90.4% 11.35MiB/s
[2026-08-05 09:10:08] status[load]: 다운로드… 90.6% 11.48MiB/s
[2026-08-05 09:10:09] status[load]: 다운로드… 90.8% 12.33MiB/s
[2026-08-05 09:10:09] status[load]: 다운로드… 91.0% 11.98MiB/s
[2026-08-05 09:10:09] status[load]: 다운로드… 91.0% 233.21KiB/s
[2026-08-05 09:10:09] status[load]: 다운로드… 91.0% 567.56KiB/s
[2026-08-05 09:10:09] status[load]: 다운로드… 91.0% 1.29MiB/s
[2026-08-05 09:10:09] status[load]: 다운로드… 91.0% 2.77MiB/s
[2026-08-05 09:10:09] status[load]: 다운로드… 91.0% 4.50MiB/s
[2026-08-05 09:10:09] status[load]: 다운로드… 91.0% 5.73MiB/s
[2026-08-05 09:10:09] status[load]: 다운로드… 91.0% 7.72MiB/s
[2026-08-05 09:10:09] status[load]: 다운로드… 91.0% 6.76MiB/s
[2026-08-05 09:10:09] status[load]: 다운로드… 91.0% 5.09MiB/s
[2026-08-05 09:10:09] status[load]: 다운로드… 91.0% 7.23MiB/s
[2026-08-05 09:10:09] status[load]: 다운로드… 91.1% 8.06MiB/s
[2026-08-05 09:10:09] status[load]: 다운로드… 91.2% 8.62MiB/s
[2026-08-05 09:10:10] status[load]: 다운로드… 91.5% 9.93MiB/s
[2026-08-05 09:10:10] status[load]: 다운로드… 91.6% 10.00MiB/s
[2026-08-05 09:10:10] status[load]: 다운로드… 91.6% 125.01KiB/s
[2026-08-05 09:10:10] status[load]: 다운로드… 91.6% 375.04KiB/s
[2026-08-05 09:10:10] status[load]: 다운로드… 91.6% 777.81KiB/s
[2026-08-05 09:10:10] status[load]: 다운로드… 91.6% 1.63MiB/s
[2026-08-05 09:10:10] status[load]: 다운로드… 91.6% 3.03MiB/s
[2026-08-05 09:10:10] status[load]: 다운로드… 91.6% 4.24MiB/s
[2026-08-05 09:10:10] status[load]: 다운로드… 91.6% 6.35MiB/s
[2026-08-05 09:10:10] status[load]: 다운로드… 91.6% 5.59MiB/s
[2026-08-05 09:10:10] status[load]: 다운로드… 91.7% 7.46MiB/s
[2026-08-05 09:10:10] status[load]: 다운로드… 91.7% 8.22MiB/s
[2026-08-05 09:10:10] status[load]: 다운로드… 91.8% 10.01MiB/s
[2026-08-05 09:10:10] status[load]: 다운로드… 91.9% 10.98MiB/s
[2026-08-05 09:10:11] status[load]: 다운로드… 92.2% 11.51MiB/s
[2026-08-05 09:10:11] status[load]: 다운로드… 92.3% 11.14MiB/s
[2026-08-05 09:10:11] status[load]: 다운로드… 92.3% 141.98KiB/s
[2026-08-05 09:10:11] status[load]: 다운로드… 92.3% 372.36KiB/s
[2026-08-05 09:10:11] status[load]: 다운로드… 92.3% 868.85KiB/s
[2026-08-05 09:10:11] status[load]: 다운로드… 92.3% 1.82MiB/s
[2026-08-05 09:10:11] status[load]: 다운로드… 92.3% 3.34MiB/s
[2026-08-05 09:10:11] status[load]: 다운로드… 92.3% 1.78MiB/s
[2026-08-05 09:10:11] status[load]: 다운로드… 92.3% 2.21MiB/s
[2026-08-05 09:10:11] status[load]: 다운로드… 92.3% 2.04MiB/s
[2026-08-05 09:10:11] status[load]: 다운로드… 92.3% 3.45MiB/s
[2026-08-05 09:10:11] status[load]: 다운로드… 92.3% 4.97MiB/s
[2026-08-05 09:10:11] status[load]: 다운로드… 92.4% 7.32MiB/s
[2026-08-05 09:10:11] status[load]: 다운로드… 92.6% 9.59MiB/s
[2026-08-05 09:10:12] status[load]: 다운로드… 92.8% 12.11MiB/s
[2026-08-05 09:10:12] status[load]: 다운로드… 92.9% 11.10MiB/s
[2026-08-05 09:10:12] status[load]: 다운로드… 92.9% 71.42KiB/s
[2026-08-05 09:10:12] status[load]: 다운로드… 92.9% 214.27KiB/s
[2026-08-05 09:10:12] status[load]: 다운로드… 92.9% 499.97KiB/s
[2026-08-05 09:10:12] status[load]: 다운로드… 92.9% 999.95KiB/s
[2026-08-05 09:10:12] status[load]: 다운로드… 92.9% 2.02MiB/s
[2026-08-05 09:10:12] status[load]: 다운로드… 92.9% 3.09MiB/s
[2026-08-05 09:10:12] status[load]: 다운로드… 92.9% 4.01MiB/s
[2026-08-05 09:10:12] status[load]: 다운로드… 92.9% 5.08MiB/s
[2026-08-05 09:10:12] status[load]: 다운로드… 93.0% 7.76MiB/s
[2026-08-05 09:10:12] status[load]: 다운로드… 93.0% 9.85MiB/s
[2026-08-05 09:10:12] status[load]: 다운로드… 93.1% 11.62MiB/s
[2026-08-05 09:10:12] status[load]: 다운로드… 93.2% 14.05MiB/s
[2026-08-05 09:10:13] status[load]: 다운로드… 93.5% 16.31MiB/s
[2026-08-05 09:10:13] status[load]: 다운로드… 93.6% 14.33MiB/s
[2026-08-05 09:10:13] status[load]: 다운로드… 93.6% 199.83KiB/s
[2026-08-05 09:10:13] status[load]: 다운로드… 93.6% 413.48KiB/s
[2026-08-05 09:10:13] status[load]: 다운로드… 93.6% 964.78KiB/s
[2026-08-05 09:10:13] status[load]: 다운로드… 93.6% 1.78MiB/s
[2026-08-05 09:10:13] status[load]: 다운로드… 93.6% 3.67MiB/s
[2026-08-05 09:10:13] status[load]: 다운로드… 93.6% 5.47MiB/s
[2026-08-05 09:10:13] status[load]: 다운로드… 93.6% 6.80MiB/s
[2026-08-05 09:10:13] status[load]: 다운로드… 93.6% 9.43MiB/s
[2026-08-05 09:10:13] status[load]: 다운로드… 93.6% 13.16MiB/s
[2026-08-05 09:10:13] status[load]: 다운로드… 93.7% 13.82MiB/s
[2026-08-05 09:10:13] status[load]: 다운로드… 93.7% 15.86MiB/s
[2026-08-05 09:10:13] status[load]: 다운로드… 93.9% 16.57MiB/s
[2026-08-05 09:10:13] status[load]: 다운로드… 94.2% 14.64MiB/s
[2026-08-05 09:10:14] status[load]: 다운로드… 94.3% 13.89MiB/s
[2026-08-05 09:10:14] status[load]: 다운로드… 94.3% 136.30KiB/s
[2026-08-05 09:10:14] status[load]: 다운로드… 94.3% 408.89KiB/s
[2026-08-05 09:10:14] status[load]: 다운로드… 94.3% 954.09KiB/s
[2026-08-05 09:10:14] status[load]: 다운로드… 94.3% 1.73MiB/s
[2026-08-05 09:10:14] status[load]: 다운로드… 94.3% 3.57MiB/s
[2026-08-05 09:10:14] status[load]: 다운로드… 94.3% 4.25MiB/s
[2026-08-05 09:10:14] status[load]: 다운로드… 94.3% 4.06MiB/s
[2026-08-05 09:10:14] status[load]: 다운로드… 94.3% 5.35MiB/s
[2026-08-05 09:10:14] status[load]: 다운로드… 94.3% 7.86MiB/s
[2026-08-05 09:10:14] status[load]: 다운로드… 94.3% 8.56MiB/s
[2026-08-05 09:10:14] status[load]: 다운로드… 94.4% 9.82MiB/s
[2026-08-05 09:10:14] status[load]: 다운로드… 94.5% 11.49MiB/s
[2026-08-05 09:10:14] status[load]: 다운로드… 94.8% 11.21MiB/s
[2026-08-05 09:10:15] status[load]: 다운로드… 94.9% 11.21MiB/s
[2026-08-05 09:10:15] status[load]: 다운로드… 94.9% 55.53KiB/s
[2026-08-05 09:10:15] status[load]: 다운로드… 94.9% 157.82KiB/s
[2026-08-05 09:10:15] status[load]: 다운로드… 94.9% 349.95KiB/s
[2026-08-05 09:10:15] status[load]: 다운로드… 94.9% 749.89KiB/s
[2026-08-05 09:10:15] status[load]: 다운로드… 94.9% 1.44MiB/s
[2026-08-05 09:10:15] status[load]: 다운로드… 94.9% 2.37MiB/s
[2026-08-05 09:10:15] status[load]: 다운로드… 94.9% 3.70MiB/s
[2026-08-05 09:10:15] status[load]: 다운로드… 94.9% 4.49MiB/s
[2026-08-05 09:10:15] status[load]: 다운로드… 95.0% 5.63MiB/s
[2026-08-05 09:10:15] status[load]: 다운로드… 95.0% 7.45MiB/s
[2026-08-05 09:10:15] status[load]: 다운로드… 95.1% 8.57MiB/s
[2026-08-05 09:10:15] status[load]: 다운로드… 95.2% 9.13MiB/s
[2026-08-05 09:10:15] status[load]: 다운로드… 95.5% 10.42MiB/s
[2026-08-05 09:10:15] status[load]: 다운로드… 95.6% 10.66MiB/s
[2026-08-05 09:10:16] status[load]: 다운로드… 95.6% 99.22KiB/s
[2026-08-05 09:10:16] status[load]: 다운로드… 95.6% 297.66KiB/s
[2026-08-05 09:10:16] status[load]: 다운로드… 95.6% 579.38KiB/s
[2026-08-05 09:10:16] status[load]: 다운로드… 95.6% 1.12MiB/s
[2026-08-05 09:10:16] status[load]: 다운로드… 95.6% 2.15MiB/s
[2026-08-05 09:10:16] status[load]: 다운로드… 95.6% 3.06MiB/s
[2026-08-05 09:10:16] status[load]: 다운로드… 95.6% 3.89MiB/s
[2026-08-05 09:10:16] status[load]: 다운로드… 95.6% 4.29MiB/s
[2026-08-05 09:10:16] status[load]: 다운로드… 95.6% 6.43MiB/s
[2026-08-05 09:10:16] status[load]: 다운로드… 95.6% 8.44MiB/s
[2026-08-05 09:10:16] status[load]: 다운로드… 95.7% 10.44MiB/s
[2026-08-05 09:10:16] status[load]: 다운로드… 95.8% 10.79MiB/s
[2026-08-05 09:10:16] status[load]: 다운로드… 96.1% 12.27MiB/s
[2026-08-05 09:10:16] status[load]: 다운로드… 96.2% 11.90MiB/s
[2026-08-05 09:10:16] status[load]: 다운로드… 96.2% 111.07KiB/s
[2026-08-05 09:10:16] status[load]: 다운로드… 96.2% 299.97KiB/s
[2026-08-05 09:10:16] status[load]: 다운로드… 96.2% 699.93KiB/s
[2026-08-05 09:10:16] status[load]: 다운로드… 96.2% 1.33MiB/s
[2026-08-05 09:10:16] status[load]: 다운로드… 96.2% 2.75MiB/s
[2026-08-05 09:10:16] status[load]: 다운로드… 96.2% 2.93MiB/s
[2026-08-05 09:10:17] status[load]: 다운로드… 96.2% 3.52MiB/s
[2026-08-05 09:10:17] status[load]: 다운로드… 96.3% 4.76MiB/s
[2026-08-05 09:10:17] status[load]: 다운로드… 96.3% 6.46MiB/s
[2026-08-05 09:10:17] status[load]: 다운로드… 96.3% 8.49MiB/s
[2026-08-05 09:10:17] status[load]: 다운로드… 96.4% 8.82MiB/s
[2026-08-05 09:10:17] status[load]: 다운로드… 96.5% 8.99MiB/s
[2026-08-05 09:10:17] status[load]: 다운로드… 96.8% 10.65MiB/s
[2026-08-05 09:10:17] status[load]: 다운로드… 96.9% 11.41MiB/s
[2026-08-05 09:10:17] status[load]: 다운로드… 96.9% 90.39KiB/s
[2026-08-05 09:10:17] status[load]: 다운로드… 96.9% 271.18KiB/s
[2026-08-05 09:10:17] status[load]: 다운로드… 96.9% 580.26KiB/s
[2026-08-05 09:10:17] status[load]: 다운로드… 96.9% 1.21MiB/s
[2026-08-05 09:10:17] status[load]: 다운로드… 96.9% 2.51MiB/s
[2026-08-05 09:10:17] status[load]: 다운로드… 96.9% 3.61MiB/s
[2026-08-05 09:10:17] status[load]: 다운로드… 96.9% 5.15MiB/s
[2026-08-05 09:10:17] status[load]: 다운로드… 96.9% 7.46MiB/s
[2026-08-05 09:10:17] status[load]: 다운로드… 96.9% 9.78MiB/s
[2026-08-05 09:10:17] status[load]: 다운로드… 97.0% 11.36MiB/s
[2026-08-05 09:10:18] status[load]: 다운로드… 97.1% 14.62MiB/s
[2026-08-05 09:10:18] status[load]: 다운로드… 97.2% 16.12MiB/s
[2026-08-05 09:10:18] status[load]: 다운로드… 97.5% 14.38MiB/s
[2026-08-05 09:10:18] status[load]: 다운로드… 97.6% 13.45MiB/s
[2026-08-05 09:10:18] status[load]: 다운로드… 97.6% 125.97KiB/s
[2026-08-05 09:10:18] status[load]: 다운로드… 97.6% 377.90KiB/s
[2026-08-05 09:10:18] status[load]: 다운로드… 97.6% 782.27KiB/s
[2026-08-05 09:10:18] status[load]: 다운로드… 97.6% 1.64MiB/s
[2026-08-05 09:10:18] status[load]: 다운로드… 97.6% 2.34MiB/s
[2026-08-05 09:10:18] status[load]: 다운로드… 97.6% 4.12MiB/s
[2026-08-05 09:10:18] status[load]: 다운로드… 97.6% 5.92MiB/s
[2026-08-05 09:10:18] status[load]: 다운로드… 97.6% 8.04MiB/s
[2026-08-05 09:10:18] status[load]: 다운로드… 97.6% 5.68MiB/s
[2026-08-05 09:10:18] status[load]: 다운로드… 97.7% 7.73MiB/s
[2026-08-05 09:10:18] status[load]: 다운로드… 97.7% 10.41MiB/s
[2026-08-05 09:10:19] status[load]: 다운로드… 97.9% 13.46MiB/s
[2026-08-05 09:10:19] status[load]: 다운로드… 98.1% 15.17MiB/s
[2026-08-05 09:10:19] status[load]: 다운로드… 98.3% 14.63MiB/s
[2026-08-05 09:10:19] status[load]: 다운로드… 98.3% 100.00KiB/s
[2026-08-05 09:10:19] status[load]: 다운로드… 98.3% 300.01KiB/s
[2026-08-05 09:10:19] status[load]: 다운로드… 98.3% 538.32KiB/s
[2026-08-05 09:10:19] status[load]: 다운로드… 98.3% 1.13MiB/s
[2026-08-05 09:10:19] status[load]: 다운로드… 98.3% 2.33MiB/s
[2026-08-05 09:10:19] status[load]: 다운로드… 98.3% 3.86MiB/s
[2026-08-05 09:10:19] status[load]: 다운로드… 98.3% 5.38MiB/s
[2026-08-05 09:10:19] status[load]: 다운로드… 98.3% 7.07MiB/s
[2026-08-05 09:10:19] status[load]: 다운로드… 98.3% 9.20MiB/s
[2026-08-05 09:10:19] status[load]: 다운로드… 98.3% 12.17MiB/s
[2026-08-05 09:10:19] status[load]: 다운로드… 98.4% 13.78MiB/s
[2026-08-05 09:10:19] status[load]: 다운로드… 98.5% 16.20MiB/s
[2026-08-05 09:10:19] status[load]: 다운로드… 98.8% 17.39MiB/s
[2026-08-05 09:10:20] status[load]: 다운로드… 98.9% 14.15MiB/s
[2026-08-05 09:10:20] status[load]: 다운로드… 98.9% 70.47KiB/s
[2026-08-05 09:10:20] status[load]: 다운로드… 98.9% 193.52KiB/s
[2026-08-05 09:10:20] status[load]: 다운로드… 98.9% 423.92KiB/s
[2026-08-05 09:10:20] status[load]: 다운로드… 98.9% 856.59KiB/s
[2026-08-05 09:10:20] status[load]: 다운로드… 98.9% 1.52MiB/s
[2026-08-05 09:10:20] status[load]: 다운로드… 98.9% 2.57MiB/s
[2026-08-05 09:10:20] status[load]: 다운로드… 98.9% 4.09MiB/s
[2026-08-05 09:10:20] status[load]: 다운로드… 98.9% 5.47MiB/s
[2026-08-05 09:10:20] status[load]: 다운로드… 99.0% 8.74MiB/s
[2026-08-05 09:10:20] status[load]: 다운로드… 99.0% 13.50MiB/s
[2026-08-05 09:10:20] status[load]: 다운로드… 99.1% 15.80MiB/s
[2026-08-05 09:10:20] status[load]: 다운로드… 99.2% 18.43MiB/s
[2026-08-05 09:10:20] status[load]: 다운로드… 99.5% 18.68MiB/s
[2026-08-05 09:10:20] status[load]: 다운로드… 99.6% 17.13MiB/s
[2026-08-05 09:10:20] status[load]: 다운로드… 99.6% 102.41KiB/s
[2026-08-05 09:10:20] status[load]: 다운로드… 99.6% 307.22KiB/s
[2026-08-05 09:10:20] status[load]: 다운로드… 99.6% 650.01KiB/s
[2026-08-05 09:10:20] status[load]: 다운로드… 99.6% 1.36MiB/s
[2026-08-05 09:10:20] status[load]: 다운로드… 99.6% 2.57MiB/s
[2026-08-05 09:10:20] status[load]: 다운로드… 99.6% 3.90MiB/s
[2026-08-05 09:10:20] status[load]: 다운로드… 99.6% 5.70MiB/s
[2026-08-05 09:10:20] status[load]: 다운로드… 99.6% 7.74MiB/s
[2026-08-05 09:10:20] status[load]: 다운로드… 99.6% 9.71MiB/s
[2026-08-05 09:10:21] status[load]: 다운로드… 99.7% 12.12MiB/s
[2026-08-05 09:10:21] status[load]: 다운로드… 99.7% 14.99MiB/s
[2026-08-05 09:10:21] status[load]: 다운로드… 99.9% 15.88MiB/s
[2026-08-05 09:10:21] status[load]: 다운로드… 100.0% 16.82MiB/s
[2026-08-05 09:10:21] status[load]: 병합·저장 중…
[2026-08-05 09:10:21] status[load]: 다운로드… 0.0% 57.55KiB/s
[2026-08-05 09:10:21] status[load]: 다운로드… 0.0% 163.22KiB/s
[2026-08-05 09:10:21] status[load]: 다운로드… 0.0% 380.85KiB/s
[2026-08-05 09:10:21] status[load]: 다운로드… 0.1% 816.10KiB/s
[2026-08-05 09:10:21] status[load]: 다운로드… 0.2% 1.56MiB/s
[2026-08-05 09:10:21] status[load]: 다운로드… 0.4% 2.25MiB/s
[2026-08-05 09:10:21] status[load]: 다운로드… 0.9% 1.79MiB/s
[2026-08-05 09:10:21] status[load]: 다운로드… 1.7% 2.49MiB/s
[2026-08-05 09:10:21] status[load]: 다운로드… 3.5% 3.17MiB/s
[2026-08-05 09:10:22] status[load]: 다운로드… 7.0% 2.50MiB/s
[2026-08-05 09:10:22] status[load]: 다운로드… 14.0% 3.85MiB/s
[2026-08-05 09:10:22] status[load]: 다운로드… 28.1% 6.17MiB/s
[2026-08-05 09:10:22] status[load]: 다운로드… 56.2% 8.70MiB/s
[2026-08-05 09:10:23] status[load]: 다운로드… 70.0% 6.79MiB/s
[2026-08-05 09:10:23] status[load]: 다운로드… 70.0% 108.27KiB/s
[2026-08-05 09:10:23] status[load]: 다운로드… 70.1% 324.81KiB/s
[2026-08-05 09:10:23] status[load]: 다운로드… 70.1% 757.90KiB/s
[2026-08-05 09:10:23] status[load]: 다운로드… 70.1% 1.43MiB/s
[2026-08-05 09:10:23] status[load]: 다운로드… 70.2% 2.96MiB/s
[2026-08-05 09:10:23] status[load]: 다운로드… 70.5% 3.79MiB/s
[2026-08-05 09:10:23] status[load]: 다운로드… 70.9% 4.04MiB/s
[2026-08-05 09:10:23] status[load]: 다운로드… 71.8% 4.44MiB/s
[2026-08-05 09:10:23] status[load]: 다운로드… 73.5% 6.53MiB/s
[2026-08-05 09:10:23] status[load]: 다운로드… 77.1% 8.04MiB/s
[2026-08-05 09:10:23] status[load]: 다운로드… 84.1% 10.46MiB/s
[2026-08-05 09:10:24] status[load]: 다운로드… 98.1% 3.56MiB/s
[2026-08-05 09:10:24] status[load]: 다운로드… 100.0% 3.72MiB/s
[2026-08-05 09:10:24] status[load]: 병합·저장 중…
[2026-08-05 09:10:32] load youtube full ok path=C:\udoc\유럽에고만고만한나라가많은이유\mp4\KOCo26IBhyw.mp4 dur=922.691338 3840x2160 token=1
[2026-08-05 09:10:32] timeline thumbs start count=24 token=1
[2026-08-05 09:11:12] timeline thumbs FAIL token=1: 프레임 추출 실패
[2026-08-05 09:11:12] Traceback (most recent call last):
  File "C:\cursor\videt\7_2_mp4Edit\mp4_edit\gui_app.py", line 461, in work
    extract_timeline_frame(
  File "C:\cursor\videt\7_2_mp4Edit\mp4_edit\ffmpeg_util.py", line 504, in extract_timeline_frame
    return extract_frame_png(path, time_sec, dest)
           ^^^^^^^^^^^^^^^^^^^^^^^^^^^^^^^^^^^^^^^
  File "C:\cursor\videt\7_2_mp4Edit\mp4_edit\ffmpeg_util.py", line 190, in extract_frame_png
    raise RuntimeError(err)
RuntimeError: 프레임 추출 실패
