[21:05:42] 탭로그 ON — 브라우저 열기·생성 · 씬 136개 · reopen=True
[21:05:46] ChromeDebug 재시작 slot=0 port=9242 user_data=C:\ChromeDebug_2_5_slot0 reused=0
[21:07:45] 브라우저 열기·생성 오류: Page.wait_for_timeout: Target page, context or browser has been closed
[21:07:47] 탭로그 ON — 브라우저 열기·생성 · 씬 136개 · reopen=True · 한도대기ON
[21:07:51] ChromeDebug 재시작 slot=0 port=9242 user_data=C:\ChromeDebug_2_5_slot0 reused=0
[21:10:16] 모델 이미 Pro: Nano Banana Pro
[21:10:16] 세션 준비 — login=확인 model=Nano Banana Pro auto=True
[21:10:16] ensure_page cur_sc=10 prefer_sc=10 cur=https://www.genspark.ai/ai_image prefer=https://www.genspark.ai/ai_image
[21:10:17] fill OK(clip) follow=False chars=81933
[21:10:17] 입력창 붙여넣기 — 프롬프트 45379자 + SRT 36511자 = 합계 81933자
  prompt=C:\Users\PC\AppData\Local\Temp\_MEI220202\md\image.wuxiz.txt
  srt=C:\cursor\wuxia\무협극장\검신귀환록\2부\15장\mp3\new.srt
[21:10:18] ensure_page cur_sc=10 prefer_sc=10 cur=https://www.genspark.ai/ai_image prefer=https://www.genspark.ai/ai_image
[21:10:19] 동일 입력창에 명령 추가(미실행): ===== CHARACTER LOOK (SRT_000) =====
State keys: Jin≈19|base; Seo|base
Jin Muhan, approximately nineteen years old, East-Asian young swordsman, sharp narrow phoenix eyes, high stra…
[21:10:19] 상태키 SRT_000 · Baek|base; Jin≈19|base
[21:10:19] run_scene 시작 SRT_000 · seen_files=0 · last_saved=
[21:10:19] ensure_page cur_sc=10 prefer_sc=10 cur=https://www.genspark.ai/ai_image prefer=https://www.genspark.ai/ai_image
[21:10:19] 모델 선택 시작 현재=(없음)
[21:10:20] 모델 선택 결과 ok=False 칩=(없음) picked=
[21:10:20] ⏱ 준비 SRT_000 0.1s · chars=2603
[21:10:20] submit 시작 composer=2603 url=https://www.genspark.ai/ai_image
[21:10:20] submit geo 실패 hit=no-btn
[21:10:20] submit 시도 method=geo geo=False
[21:10:20] submit 미확인 method=geo generating=False composer=2603
[21:10:20] submit geo 실패 hit=no-btn
[21:10:20] submit 시도 method=send send=False
[21:10:21] submit 미확인 method=send generating=False composer=2603
[21:10:21] submit 시도 method=ctrl
[21:10:22] submit 미확인 method=ctrl generating=False composer=2605
[21:10:22] submit 시도 method=enter
[21:10:23] submit 미확인 method=enter generating=False composer=2605
[21:10:23] submit geo 실패 hit=no-btn
[21:10:23] submit 시도 method=geo2 geo=False
[21:10:23] submit 미확인 method=geo2 generating=False composer=2605
[21:10:25] submit geo 실패 hit=no-editor
[21:10:25] submit 시도 method=send2 send=False
[21:10:26] submit 확인 method=send2 generating=False composer=0
[21:10:26] ⏱ 입력창전송 SRT_000 6.2s
[21:10:26] 제출 후 last_saved=
[21:10:26] ⏱ 생성대기 시작 SRT_000 max=120s
[21:10:27] SRT 근접 이미지 탐색 실패: Page.evaluate: TypeError: Failed to execute 'createTreeWalker' on 'Document': parameter 1 is not of type 'Node'.
    at eval (eval at evaluate (:302:30), <anonymous>:39:39)
    at UtilityScript.evaluate (<anonymous>:309:18)
    at UtilityScript.<anonymous> (<anonymous>:1:44)
[21:10:41] ⏱ 생성대기 진행 15.0s SRT_000 busy=False url_ok=False src=
[21:10:56] ⏱ 생성대기 진행 30.1s SRT_000 busy=True url_ok=False src=
[21:11:11] ⏱ 생성대기 진행 45.3s SRT_000 busy=False url_ok=False src=
[21:11:26] ⏱ 생성대기 진행 60.3s SRT_000 busy=False url_ok=False src=
[21:11:41] ⏱ 생성대기 진행 75.3s SRT_000 busy=False url_ok=False src=
[21:11:42] 생성대기 예외(closed): Page.wait_for_timeout: Target page, context or browser has been closed
[21:11:42] 생성대기: 작업탭 닫힘 → 복구
[21:11:42] run_scene 실패(재시도 없음): 브라우저 탭이 닫혔습니다. 「브라우저 열기」를 다시 눌러 주세요.
[21:11:42] SRT_000 실패 — 다음 씬 계속
브라우저 탭이 닫혔습니다. 「브라우저 열기」를 다시 눌러 주세요.
[21:11:43] 상태키 SRT_020 · Baek|base; Jin≈19|base
[21:11:43] SRT_020 실패(한도 추정 streak=2) — 브라우저 종료 후 대기·재오픈
브라우저 탭이 닫혔습니다. 「브라우저 열기」를 다시 눌러 주세요.
[21:11:45] 한도 대기 전 ChromeDebug 종료
[21:11:45] 한도 대기 60분(probe1h) 시작 — SRT_020 한도 · 1h시험생성
[21:11:57] 탭로그 ON — 브라우저 열기·생성 · 씬 136개 · reopen=True · 한도대기ON
[21:12:01] ChromeDebug 재시작 slot=0 port=9242 user_data=C:\ChromeDebug_2_5_slot0 reused=0
[21:12:04] 모델 선택 시작 현재=(없음)
[21:12:04] 모델 선택 결과 ok=False 칩=(없음) picked=
[21:12:04] 세션 준비 — login=OK model=Nano Banana Pro auto=False
[21:12:04] ensure_page cur_sc=10 prefer_sc=10 cur=https://www.genspark.ai/ai_image prefer=https://www.genspark.ai/ai_image
[21:12:04] 모델 선택 시작 현재=(없음)
[21:12:04] 모델 선택 결과 ok=False 칩=(없음) picked=
[21:12:05] fill OK(clip) follow=False chars=81933
[21:12:05] 입력창 붙여넣기 — 프롬프트 45379자 + SRT 36511자 = 합계 81933자
  prompt=C:\Users\PC\AppData\Local\Temp\_MEI249922\md\image.wuxiz.txt
  srt=C:\cursor\wuxia\무협극장\검신귀환록\2부\15장\mp3\new.srt
[21:12:06] ensure_page cur_sc=10 prefer_sc=10 cur=https://www.genspark.ai/ai_image prefer=https://www.genspark.ai/ai_image
[21:12:07] 동일 입력창에 명령 추가(미실행): ===== CHARACTER LOOK (SRT_000) =====
State keys: Jin≈19|base; Seo|base
Jin Muhan, approximately nineteen years old, East-Asian young swordsman, sharp narrow phoenix eyes, high stra…
[21:12:08] 상태키 SRT_000 · Baek|base; Jin≈19|base
[21:12:08] run_scene 시작 SRT_000 · seen_files=0 · last_saved=
[21:12:08] ensure_page cur_sc=10 prefer_sc=10 cur=https://www.genspark.ai/ai_image prefer=https://www.genspark.ai/ai_image
[21:12:08] 모델 선택 시작 현재=(없음)
[21:12:08] 모델 선택 결과 ok=False 칩=(없음) picked=
[21:12:08] ⏱ 준비 SRT_000 0.0s · chars=2603
[21:12:08] submit 시작 composer=2603 url=https://www.genspark.ai/ai_image
[21:12:08] submit geo 실패 hit=no-btn
[21:12:08] submit 시도 method=geo geo=False
[21:12:08] submit 미확인 method=geo generating=False composer=2603
[21:12:09] submit geo 실패 hit=no-btn
[21:12:09] submit 시도 method=send send=False
[21:12:09] submit 미확인 method=send generating=False composer=2603
[21:12:09] submit 시도 method=ctrl
[21:12:10] submit 미확인 method=ctrl generating=False composer=2605
[21:12:10] submit 시도 method=enter
[21:12:11] submit 확인 method=enter generating=False composer=0
[21:12:11] ⏱ 입력창전송 SRT_000 3.3s
[21:12:11] 제출 후 last_saved=https://www.genspark.ai/api/files/s/z2sczxc9
[21:12:11] ⏱ 생성대기 시작 SRT_000 max=120s
[21:12:26] ⏱ 생성대기 진행 15.0s SRT_000 busy=False url_ok=False src=
[21:12:31] ⏱ 생성대기 완료 19.8s SRT_000 https://www.genspark.ai/api/files/s/b0he3vbd
[21:12:31] ⏱ 생성대기구간 SRT_000 19.8s · ok=True
[21:12:31] SRT_000 근접 이미지 https://www.genspark.ai/api/files/s/b0he3vbd
[21:12:31] 다운로드 files URL=https://www.genspark.ai/api/files/s/b0he3vbd → SRT_000.png
[21:12:32] ⏱ 다운로드 직접 0.7s size=554596 SRT_000.png
[21:12:32] ⏱ 다운로드구간 SRT_000 0.7s · SRT_000.png
[21:12:33] ⏱ 다운로드후유휴 SRT_000 1.1s · idle=True
[21:12:33] ⏱ 씬합계 SRT_000 25.1s · https://www.genspark.ai/api/files/s/b0he3vbd
[21:12:33] SRT_000 생성·다운로드 완료
C:\cursor\wuxia\무협극장\검신귀환록\2부\15장\png\SRT_000.png
[21:12:33] 상태키 SRT_020 · Baek|base; Jin≈19|base
[21:12:33] run_scene 시작 SRT_020 · seen_files=1 · last_saved=https://www.genspark.ai/api/files/s/b0he3vbd
[21:12:33] ⏱ 준비 SRT_020 0.0s · chars=2632
[21:12:34] ⏱ 다음명령유휴 SRT_020 1.0s · idle=True
[21:12:37] fill 실패: 후보 1개
[21:12:37] run_scene 실패(재시도 없음): 이어쓰기 입력란을 찾지 못했습니다.
[21:12:37] SRT_020 실패 — 다음 씬 계속
이어쓰기 입력란을 찾지 못했습니다.
[21:12:37] 상태키 SRT_040 · Baek|base; Jin≈19|base
[21:12:37] 늦은이미지 회수 실패 SRT_020: SRT_020 요청 아래 새 이미지가 없습니다.
[21:12:37] run_scene 시작 SRT_040 · seen_files=1 · last_saved=https://www.genspark.ai/api/files/s/b0he3vbd
[21:12:37] ⏱ 준비 SRT_040 0.0s · chars=3158
[21:12:38] ⏱ 다음명령유휴 SRT_040 1.1s · idle=True
[21:12:41] fill OK(clip) follow=True chars=3158
[21:12:41] submit 시작 composer=3158 url=https://www.genspark.ai/agents?id=b8cb1be8-fe74-43ba-8873-1ca1a712c179
[21:12:41] submit geo 실패 hit=no-btn
[21:12:41] submit 시도 method=geo geo=False
[21:12:42] submit 미확인 method=geo generating=False composer=3158
[21:12:42] submit geo 실패 hit=no-btn
[21:12:42] submit 시도 method=send send=False
[21:12:43] submit 미확인 method=send generating=False composer=3158
[21:12:43] submit 시도 method=ctrl
[21:12:44] submit 미확인 method=ctrl generating=False composer=3160
[21:12:44] submit 시도 method=enter
[21:12:44] submit 확인 method=enter generating=False composer=0
[21:12:44] ⏱ 입력·전송 SRT_040 6.0s · chars=3158
[21:12:44] 제출 후 last_saved=https://www.genspark.ai/api/files/s/b0he3vbd
[21:12:45] ⏱ 생성대기 시작 SRT_040 max=120s
[21:12:46] ⏱ 생성대기 완료(busy무시) 1.1s SRT_040 https://www.genspark.ai/api/files/s/nvpdhkda
[21:12:46] ⏱ 생성대기구간 SRT_040 1.1s · ok=True
[21:12:46] SRT_040 근접 이미지 https://www.genspark.ai/api/files/s/nvpdhkda
[21:12:46] 다운로드 files URL=https://www.genspark.ai/api/files/s/nvpdhkda → SRT_040.png
[21:12:47] ⏱ 다운로드 직접 1.7s size=216164 SRT_040.png
[21:12:47] ⏱ 다운로드구간 SRT_040 1.7s · SRT_040.png
[21:12:49] ⏱ 다운로드후유휴 SRT_040 1.6s · idle=True
[21:12:49] ⏱ 씬합계 SRT_040 11.6s · https://www.genspark.ai/api/files/s/nvpdhkda
[21:12:49] SRT_040 생성·다운로드 완료
C:\cursor\wuxia\무협극장\검신귀환록\2부\15장\png\SRT_040.png
[21:12:49] 상태키 SRT_060 · Baek|base; Jin≈19|base
[21:12:49] 늦은이미지 회수 실패 SRT_020: SRT_020 요청 아래 새 이미지가 없습니다.
[21:12:49] run_scene 시작 SRT_060 · seen_files=2 · last_saved=https://www.genspark.ai/api/files/s/nvpdhkda
[21:12:49] ⏱ 준비 SRT_060 0.0s · chars=2059
[21:12:50] ⏱ 다음명령유휴 SRT_060 1.1s · idle=True
[21:12:51] fill OK(clip) follow=True chars=2059
[21:12:51] submit 시작 composer=2059 url=https://www.genspark.ai/agents?id=b8cb1be8-fe74-43ba-8873-1ca1a712c179
[21:12:51] submit geo 실패 hit=no-btn
[21:12:51] submit 시도 method=geo geo=False
[21:12:51] submit 미확인 method=geo generating=False composer=2059
[21:12:51] submit geo 실패 hit=no-btn
[21:12:51] submit 시도 method=send send=False
[21:12:52] submit 미확인 method=send generating=False composer=2059
[21:12:52] submit 시도 method=ctrl
[21:12:53] submit 미확인 method=ctrl generating=False composer=2061
[21:12:53] submit 시도 method=enter
[21:12:54] submit 미확인 method=enter generating=False composer=2061
[21:12:54] submit geo 실패 hit=no-btn
[21:12:54] submit 시도 method=geo2 geo=False
[21:12:54] submit 미확인 method=geo2 generating=False composer=2061
[21:12:54] submit geo 실패 hit=no-btn
[21:12:54] submit 시도 method=send2 send=False
[21:12:55] submit 미확인 method=send2 generating=False composer=2061
[21:12:55] submit 시도 method=ctrl2
[21:12:56] submit 미확인 method=ctrl2 generating=False composer=2063
[21:12:56] submit 실패 composer잔존=2063
[21:12:56] submit 재시도 2/3
[21:12:56] submit 시작 composer=2063 url=https://www.genspark.ai/agents?id=b8cb1be8-fe74-43ba-8873-1ca1a712c179
[21:12:56] submit geo 실패 hit=no-btn
[21:12:56] submit 시도 method=geo geo=False
[21:12:57] submit 미확인 method=geo generating=False composer=2063
[21:12:57] submit geo 실패 hit=no-btn
[21:12:57] submit 시도 method=send send=False
[21:12:58] submit 미확인 method=send generating=True composer=2063
[21:12:58] submit 시도 method=ctrl
[21:12:59] submit 미확인 method=ctrl generating=False composer=2065
[21:12:59] submit 시도 method=enter
[21:12:59] submit 확인 method=enter generating=False composer=0
[21:12:59] ⏱ 입력·전송 SRT_060 9.2s · chars=2059
[21:12:59] 제출 후 last_saved=https://www.genspark.ai/api/files/s/nvpdhkda
[21:13:00] ⏱ 생성대기 시작 SRT_060 max=120s
[21:13:01] ⏱ 생성대기 완료(busy무시) 1.1s SRT_060 https://www.genspark.ai/api/files/s/33ata7jb
[21:13:01] ⏱ 생성대기구간 SRT_060 1.1s · ok=True
[21:13:01] SRT_060 근접 이미지 https://www.genspark.ai/api/files/s/33ata7jb
[21:13:01] 다운로드 files URL=https://www.genspark.ai/api/files/s/33ata7jb → SRT_060.png
[21:13:02] ⏱ 다운로드 직접 1.5s size=280464 SRT_060.png
[21:13:02] ⏱ 다운로드구간 SRT_060 1.5s · SRT_060.png
[21:13:03] ⏱ 다운로드후유휴 SRT_060 1.0s · idle=True
[21:13:03] ⏱ 씬합계 SRT_060 14.1s · https://www.genspark.ai/api/files/s/33ata7jb
[21:13:03] SRT_060 생성·다운로드 완료
C:\cursor\wuxia\무협극장\검신귀환록\2부\15장\png\SRT_060.png
[21:13:03] 상태키 SRT_080 · Baek|base; Jin≈19|base
[21:13:03] 늦은이미지 회수 실패 SRT_020: SRT_020 요청 아래 새 이미지가 없습니다.
[21:13:03] run_scene 시작 SRT_080 · seen_files=3 · last_saved=https://www.genspark.ai/api/files/s/33ata7jb
[21:13:03] ⏱ 준비 SRT_080 0.0s · chars=2639
[21:13:04] ⏱ 다음명령유휴 SRT_080 1.1s · idle=True
[21:13:05] fill OK(clip) follow=True chars=2639
[21:13:05] submit 시작 composer=2639 url=https://www.genspark.ai/agents?id=b8cb1be8-fe74-43ba-8873-1ca1a712c179
[21:13:05] submit geo 실패 hit=no-btn
[21:13:05] submit 시도 method=geo geo=False
[21:13:06] submit 미확인 method=geo generating=False composer=2639
[21:13:06] submit geo 실패 hit=no-btn
[21:13:06] submit 시도 method=send send=False
[21:13:06] submit 미확인 method=send generating=False composer=2639
[21:13:07] submit 시도 method=ctrl
[21:13:07] submit 미확인 method=ctrl generating=False composer=2641
[21:13:07] submit 시도 method=enter
[21:13:08] submit 미확인 method=enter generating=False composer=2641
[21:13:08] submit geo 실패 hit=no-btn
[21:13:08] submit 시도 method=geo2 geo=False
[21:13:08] submit 미확인 method=geo2 generating=False composer=2641
[21:13:09] submit geo 실패 hit=no-btn
[21:13:09] submit 시도 method=send2 send=False
[21:13:09] submit 미확인 method=send2 generating=False composer=2641
[21:13:09] submit 시도 method=ctrl2
[21:13:10] submit 미확인 method=ctrl2 generating=False composer=2643
[21:13:10] submit 실패 composer잔존=2643
[21:13:10] submit 재시도 2/3
[21:13:11] submit 시작 composer=2643 url=https://www.genspark.ai/agents?id=b8cb1be8-fe74-43ba-8873-1ca1a712c179
[21:13:11] submit geo 실패 hit=no-btn
[21:13:11] submit 시도 method=geo geo=False
[21:13:11] submit 미확인 method=geo generating=True composer=2643
[21:13:11] submit geo 실패 hit=no-btn
[21:13:11] submit 시도 method=send send=False
[21:13:12] submit 미확인 method=send generating=False composer=2643
[21:13:12] submit 시도 method=ctrl
[21:13:13] submit 미확인 method=ctrl generating=False composer=2645
[21:13:13] submit 시도 method=enter
[21:13:14] submit 확인 method=enter generating=False composer=0
[21:13:14] ⏱ 입력·전송 SRT_080 9.2s · chars=2639
[21:13:14] 제출 후 last_saved=https://www.genspark.ai/api/files/s/33ata7jb
[21:13:14] ⏱ 생성대기 시작 SRT_080 max=120s
[21:13:15] ⏱ 생성대기 완료(busy무시) 1.0s SRT_080 https://www.genspark.ai/api/files/s/up6lawyv
[21:13:15] ⏱ 생성대기구간 SRT_080 1.0s · ok=True
[21:13:15] SRT_080 근접 이미지 https://www.genspark.ai/api/files/s/up6lawyv
[21:13:15] 다운로드 files URL=https://www.genspark.ai/api/files/s/up6lawyv → SRT_080.png
[21:13:16] ⏱ 다운로드 직접 1.5s size=259980 SRT_080.png
[21:13:16] ⏱ 다운로드구간 SRT_080 1.5s · SRT_080.png
[21:13:19] ⏱ 다운로드후유휴 SRT_080 2.6s · idle=True
[21:13:19] ⏱ 씬합계 SRT_080 15.6s · https://www.genspark.ai/api/files/s/up6lawyv
[21:13:19] SRT_080 생성·다운로드 완료
C:\cursor\wuxia\무협극장\검신귀환록\2부\15장\png\SRT_080.png
[21:13:19] 상태키 SRT_100 · Baek|base; Jin≈19|base
[21:13:19] 늦은이미지 회수 실패 SRT_020: SRT_020 요청 아래 새 이미지가 없습니다.
[21:13:19] run_scene 시작 SRT_100 · seen_files=4 · last_saved=https://www.genspark.ai/api/files/s/up6lawyv
[21:13:19] ⏱ 준비 SRT_100 0.0s · chars=1532
[21:13:20] ⏱ 다음명령유휴 SRT_100 1.1s · idle=True
[21:13:21] fill OK(clip) follow=True chars=1532
[21:13:21] submit 시작 composer=1532 url=https://www.genspark.ai/agents?id=b8cb1be8-fe74-43ba-8873-1ca1a712c179
[21:13:21] submit geo 실패 hit=no-btn
[21:13:21] submit 시도 method=geo geo=False
[21:13:21] submit 미확인 method=geo generating=False composer=1532
[21:13:21] submit geo 실패 hit=no-btn
[21:13:21] submit 시도 method=send send=False
[21:13:22] submit 미확인 method=send generating=False composer=1532
[21:13:22] submit 시도 method=ctrl
[21:13:23] submit 미확인 method=ctrl generating=False composer=1534
[21:13:23] submit 시도 method=enter
[21:13:24] submit 미확인 method=enter generating=False composer=1534
[21:13:24] submit geo 실패 hit=no-btn
[21:13:24] submit 시도 method=geo2 geo=False
[21:13:24] submit 미확인 method=geo2 generating=False composer=1534
[21:13:24] submit geo 실패 hit=no-btn
[21:13:24] submit 시도 method=send2 send=False
[21:13:25] submit 미확인 method=send2 generating=False composer=1534
[21:13:25] submit 시도 method=ctrl2
[21:13:26] submit 미확인 method=ctrl2 generating=False composer=1536
[21:13:26] submit 실패 composer잔존=1536
[21:13:26] submit 재시도 2/3
[21:13:26] submit 시작 composer=1536 url=https://www.genspark.ai/agents?id=b8cb1be8-fe74-43ba-8873-1ca1a712c179
[21:13:27] submit geo 실패 hit=no-btn
[21:13:27] submit 시도 method=geo geo=False
[21:13:27] submit 미확인 method=geo generating=False composer=1536
[21:13:27] submit geo 실패 hit=no-btn
[21:13:27] submit 시도 method=send send=False
[21:13:28] submit 미확인 method=send generating=False composer=1536
[21:13:28] submit 시도 method=ctrl
[21:13:29] submit 미확인 method=ctrl generating=True composer=1538
[21:13:29] submit 시도 method=enter
[21:13:29] submit 미확인 method=enter generating=False composer=1538
[21:13:29] submit geo 실패 hit=no-btn
[21:13:29] submit 시도 method=geo2 geo=False
[21:13:30] submit 미확인 method=geo2 generating=False composer=1538
[21:13:30] submit geo 실패 hit=no-btn
[21:13:30] submit 시도 method=send2 send=False
[21:13:31] submit 미확인 method=send2 generating=False composer=1538
[21:13:31] submit 시도 method=ctrl2
[21:13:31] submit 미확인 method=ctrl2 generating=False composer=1540
[21:13:31] submit 실패 composer잔존=1540
[21:13:31] submit 재시도 3/3
[21:13:32] submit 시작 composer=1540 url=https://www.genspark.ai/agents?id=b8cb1be8-fe74-43ba-8873-1ca1a712c179
[21:13:32] submit geo 실패 hit=no-btn
[21:13:32] submit 시도 method=geo geo=False
[21:13:33] submit 미확인 method=geo generating=False composer=1540
[21:13:33] submit geo 실패 hit=no-btn
[21:13:33] submit 시도 method=send send=False
[21:13:33] submit 미확인 method=send generating=False composer=1540
[21:13:34] submit 시도 method=ctrl
[21:13:34] submit 미확인 method=ctrl generating=False composer=1542
[21:13:35] submit 시도 method=enter
[21:13:35] submit 확인 method=enter generating=False composer=0
[21:13:35] ⏱ 입력·전송 SRT_100 14.9s · chars=1532
[21:13:35] 제출 후 last_saved=https://www.genspark.ai/api/files/s/up6lawyv
[21:13:35] ⏱ 생성대기 시작 SRT_100 max=120s
[21:13:36] ⏱ 생성대기 완료 0.9s SRT_100 https://www.genspark.ai/api/files/s/gfwwos5s
[21:13:36] ⏱ 생성대기구간 SRT_100 0.9s · ok=True
[21:13:36] SRT_100 근접 이미지 https://www.genspark.ai/api/files/s/gfwwos5s
[21:13:36] 다운로드 files URL=https://www.genspark.ai/api/files/s/gfwwos5s → SRT_100.png
[21:13:38] ⏱ 다운로드 직접 1.4s size=206642 SRT_100.png
[21:13:38] ⏱ 다운로드구간 SRT_100 1.4s · SRT_100.png
[21:13:41] ⏱ 다운로드후유휴 SRT_100 3.6s · idle=True
[21:13:41] ⏱ 씬합계 SRT_100 22.0s · https://www.genspark.ai/api/files/s/gfwwos5s
[21:13:41] SRT_100 생성·다운로드 완료
C:\cursor\wuxia\무협극장\검신귀환록\2부\15장\png\SRT_100.png
[21:13:41] 상태키 SRT_120 · Baek|base; Jin≈19|base
[21:13:41] 늦은이미지 회수 실패 SRT_020: SRT_020 요청 아래 새 이미지가 없습니다.
[21:13:41] run_scene 시작 SRT_120 · seen_files=5 · last_saved=https://www.genspark.ai/api/files/s/gfwwos5s
[21:13:41] ⏱ 준비 SRT_120 0.0s · chars=1551
[21:13:42] ⏱ 다음명령유휴 SRT_120 1.0s · idle=True
[21:13:43] fill OK(clip) follow=True chars=1551
[21:13:43] submit 시작 composer=1551 url=https://www.genspark.ai/agents?id=b8cb1be8-fe74-43ba-8873-1ca1a712c179
[21:13:43] submit geo 실패 hit=no-btn
[21:13:43] submit 시도 method=geo geo=False
[21:13:44] submit 미확인 method=geo generating=False composer=1551
[21:13:44] submit geo 실패 hit=no-btn
[21:13:44] submit 시도 method=send send=False
[21:13:44] submit 미확인 method=send generating=False composer=1551
[21:13:44] submit 시도 method=ctrl
[21:13:45] submit 미확인 method=ctrl generating=False composer=1553
[21:13:45] submit 시도 method=enter
[21:13:46] submit 미확인 method=enter generating=False composer=1553
[21:13:46] submit geo 실패 hit=no-btn
[21:13:46] submit 시도 method=geo2 geo=False
[21:13:46] submit 미확인 method=geo2 generating=False composer=1553
[21:13:47] submit geo 실패 hit=no-btn
[21:13:47] submit 시도 method=send2 send=False
[21:13:47] submit 미확인 method=send2 generating=False composer=1553
[21:13:47] submit 시도 method=ctrl2
[21:13:48] submit 미확인 method=ctrl2 generating=False composer=1555
[21:13:48] submit 실패 composer잔존=1555
[21:13:48] submit 재시도 2/3
[21:13:49] submit 시작 composer=1555 url=https://www.genspark.ai/agents?id=b8cb1be8-fe74-43ba-8873-1ca1a712c179
[21:13:49] submit geo 실패 hit=no-btn
[21:13:49] submit 시도 method=geo geo=False
[21:13:49] submit 미확인 method=geo generating=False composer=1555
[21:13:49] submit geo 실패 hit=no-btn
[21:13:49] submit 시도 method=send send=False
[21:13:50] submit 미확인 method=send generating=True composer=1555
[21:13:50] submit 시도 method=ctrl
[21:13:51] submit 미확인 method=ctrl generating=False composer=1557
[21:13:51] submit 시도 method=enter
[21:13:52] submit 미확인 method=enter generating=False composer=1557
[21:13:52] submit geo 실패 hit=no-btn
[21:13:52] submit 시도 method=geo2 geo=False
[21:13:52] submit 미확인 method=geo2 generating=False composer=1557
[21:13:52] submit geo 실패 hit=no-btn
[21:13:52] submit 시도 method=send2 send=False
[21:13:53] submit 미확인 method=send2 generating=False composer=1557
[21:13:53] submit 시도 method=ctrl2
[21:13:54] submit 미확인 method=ctrl2 generating=False composer=1559
[21:13:54] submit 실패 composer잔존=1559
[21:13:54] submit 재시도 3/3
[21:13:54] submit 시작 composer=1559 url=https://www.genspark.ai/agents?id=b8cb1be8-fe74-43ba-8873-1ca1a712c179
[21:13:54] submit geo 실패 hit=no-btn
[21:13:54] submit 시도 method=geo geo=False
[21:13:55] submit 미확인 method=geo generating=False composer=1559
[21:13:55] submit geo 실패 hit=no-btn
[21:13:55] submit 시도 method=send send=False
[21:13:56] submit 미확인 method=send generating=False composer=1559
[21:13:56] submit 시도 method=ctrl
[21:13:56] submit 미확인 method=ctrl generating=False composer=1561
[21:13:57] submit 시도 method=enter
[21:13:57] submit 확인 method=enter generating=False composer=0
[21:13:57] ⏱ 입력·전송 SRT_120 14.9s · chars=1551
[21:13:57] 제출 후 last_saved=https://www.genspark.ai/api/files/s/gfwwos5s
[21:13:57] ⏱ 생성대기 시작 SRT_120 max=120s
[21:13:59] ⏱ 생성대기 완료(busy무시) 1.0s SRT_120 https://www.genspark.ai/api/files/s/r38foyub
[21:13:59] ⏱ 생성대기구간 SRT_120 1.0s · ok=True
[21:13:59] SRT_120 근접 이미지 https://www.genspark.ai/api/files/s/r38foyub
[21:13:59] 다운로드 files URL=https://www.genspark.ai/api/files/s/r38foyub → SRT_120.png
[21:14:00] ⏱ 다운로드 직접 1.5s size=145960 SRT_120.png
[21:14:00] ⏱ 다운로드구간 SRT_120 1.5s · SRT_120.png
[21:14:01] ⏱ 다운로드후유휴 SRT_120 1.0s · idle=True
[21:14:01] ⏱ 씬합계 SRT_120 19.6s · https://www.genspark.ai/api/files/s/r38foyub
[21:14:01] SRT_120 생성·다운로드 완료
C:\cursor\wuxia\무협극장\검신귀환록\2부\15장\png\SRT_120.png
[21:14:01] 상태키 SRT_140 · Baek|base; Jin≈19|base
[21:14:01] 늦은이미지 회수 실패 SRT_020: SRT_020 요청 아래 새 이미지가 없습니다.
[21:14:01] run_scene 시작 SRT_140 · seen_files=6 · last_saved=https://www.genspark.ai/api/files/s/r38foyub
[21:14:01] ⏱ 준비 SRT_140 0.0s · chars=2932
[21:14:02] ⏱ 다음명령유휴 SRT_140 1.0s · idle=True
[21:14:03] fill OK(clip) follow=True chars=2932
[21:14:03] submit 시작 composer=2932 url=https://www.genspark.ai/agents?id=b8cb1be8-fe74-43ba-8873-1ca1a712c179
[21:14:03] submit geo 실패 hit=no-btn
[21:14:03] submit 시도 method=geo geo=False
[21:14:03] submit 미확인 method=geo generating=False composer=2932
[21:14:04] submit geo 실패 hit=no-btn
[21:14:04] submit 시도 method=send send=False
[21:14:04] submit 미확인 method=send generating=False composer=2932
[21:14:04] submit 시도 method=ctrl
[21:14:05] submit 미확인 method=ctrl generating=False composer=2934
[21:14:05] submit 시도 method=enter
[21:14:06] submit 미확인 method=enter generating=False composer=2934
[21:14:06] submit geo 실패 hit=no-btn
[21:14:06] submit 시도 method=geo2 geo=False
[21:14:06] submit 미확인 method=geo2 generating=False composer=2934
[21:14:06] submit geo 실패 hit=no-btn
[21:14:06] submit 시도 method=send2 send=False
[21:14:07] submit 미확인 method=send2 generating=False composer=2934
[21:14:07] submit 시도 method=ctrl2
[21:14:08] submit 미확인 method=ctrl2 generating=False composer=2936
[21:14:08] submit 실패 composer잔존=2936
[21:14:08] submit 재시도 2/3
[21:14:08] submit 시작 composer=2936 url=https://www.genspark.ai/agents?id=b8cb1be8-fe74-43ba-8873-1ca1a712c179
[21:14:09] submit geo 실패 hit=no-btn
[21:14:09] submit 시도 method=geo geo=False
[21:14:09] submit 미확인 method=geo generating=False composer=2936
[21:14:09] submit geo 실패 hit=no-btn
[21:14:09] submit 시도 method=send send=False
[21:14:10] submit 미확인 method=send generating=True composer=2936
[21:14:10] submit 시도 method=ctrl
[21:14:11] submit 미확인 method=ctrl generating=True composer=2938
[21:14:11] submit 시도 method=enter
[21:14:11] submit 미확인 method=enter generating=False composer=2938
[21:14:11] submit geo 실패 hit=no-btn
[21:14:11] submit 시도 method=geo2 geo=False
[21:14:12] submit 미확인 method=geo2 generating=False composer=2938
[21:14:12] submit geo 실패 hit=no-btn
[21:14:12] submit 시도 method=send2 send=False
[21:14:13] submit 미확인 method=send2 generating=False composer=2938
[21:14:13] submit 시도 method=ctrl2
[21:14:14] submit 미확인 method=ctrl2 generating=False composer=2940
[21:14:14] submit 실패 composer잔존=2940
[21:14:14] submit 재시도 3/3
[21:14:14] submit 시작 composer=2940 url=https://www.genspark.ai/agents?id=b8cb1be8-fe74-43ba-8873-1ca1a712c179
[21:14:14] submit geo 실패 hit=no-btn
[21:14:14] submit 시도 method=geo geo=False
[21:14:15] submit 미확인 method=geo generating=False composer=2940
[21:14:15] submit geo 실패 hit=no-btn
[21:14:15] submit 시도 method=send send=False
[21:14:16] submit 미확인 method=send generating=False composer=2940
[21:14:16] submit 시도 method=ctrl
[21:14:16] submit 미확인 method=ctrl generating=False composer=2942
[21:14:17] submit 시도 method=enter
[21:14:17] submit 확인 method=enter generating=False composer=0
[21:14:17] ⏱ 입력·전송 SRT_140 15.0s · chars=2932
[21:14:17] 제출 후 last_saved=https://www.genspark.ai/api/files/s/r38foyub
[21:14:17] ⏱ 생성대기 시작 SRT_140 max=120s
[21:14:18] ⏱ 생성대기 완료(busy무시) 1.0s SRT_140 https://www.genspark.ai/api/files/s/lsbsalmb
[21:14:18] ⏱ 생성대기구간 SRT_140 1.0s · ok=True
[21:14:18] SRT_140 근접 이미지 https://www.genspark.ai/api/files/s/lsbsalmb
[21:14:18] 다운로드 files URL=https://www.genspark.ai/api/files/s/lsbsalmb → SRT_140.png
[21:14:20] ⏱ 다운로드 직접 1.3s size=168160 SRT_140.png
[21:14:20] ⏱ 다운로드구간 SRT_140 1.3s · SRT_140.png
[21:14:21] ⏱ 다운로드후유휴 SRT_140 1.0s · idle=True
[21:14:21] ⏱ 씬합계 SRT_140 19.6s · https://www.genspark.ai/api/files/s/lsbsalmb
[21:14:21] SRT_140 생성·다운로드 완료
C:\cursor\wuxia\무협극장\검신귀환록\2부\15장\png\SRT_140.png
[21:14:21] 상태키 SRT_160 · Baek|base; Jin≈19|base
[21:14:21] 늦은이미지 회수 실패 SRT_020: SRT_020 요청 아래 새 이미지가 없습니다.
[21:14:21] run_scene 시작 SRT_160 · seen_files=7 · last_saved=https://www.genspark.ai/api/files/s/lsbsalmb
[21:14:21] ⏱ 준비 SRT_160 0.0s · chars=3013
[21:14:22] ⏱ 다음명령유휴 SRT_160 1.0s · idle=True
[21:14:22] fill OK(clip) follow=True chars=3013
[21:14:22] submit 시작 composer=3013 url=https://www.genspark.ai/agents?id=b8cb1be8-fe74-43ba-8873-1ca1a712c179
[21:14:23] submit geo 실패 hit=no-btn
[21:14:23] submit 시도 method=geo geo=False
[21:14:23] submit 미확인 method=geo generating=False composer=3013
[21:14:23] submit geo 실패 hit=no-btn
[21:14:23] submit 시도 method=send send=False
[21:14:24] submit 미확인 method=send generating=False composer=3013
[21:14:24] submit 시도 method=ctrl
[21:14:25] submit 미확인 method=ctrl generating=False composer=3015
[21:14:25] submit 시도 method=enter
[21:14:25] submit 미확인 method=enter generating=False composer=3015
[21:14:25] submit geo 실패 hit=no-btn
[21:14:25] submit 시도 method=geo2 geo=False
[21:14:26] submit 미확인 method=geo2 generating=False composer=3015
[21:14:26] submit geo 실패 hit=no-btn
[21:14:26] submit 시도 method=send2 send=False
[21:14:27] submit 미확인 method=send2 generating=False composer=3015
[21:14:27] submit 시도 method=ctrl2
[21:14:28] submit 미확인 method=ctrl2 generating=False composer=3017
[21:14:28] submit 실패 composer잔존=3017
[21:14:28] submit 재시도 2/3
[21:14:28] submit 시작 composer=3017 url=https://www.genspark.ai/agents?id=b8cb1be8-fe74-43ba-8873-1ca1a712c179
[21:14:28] submit geo 실패 hit=no-btn
[21:14:28] submit 시도 method=geo geo=False
[21:14:29] submit 미확인 method=geo generating=False composer=3017
[21:14:29] submit geo 실패 hit=no-btn
[21:14:29] submit 시도 method=send send=False
[21:14:30] submit 미확인 method=send generating=False composer=3017
[21:14:30] submit 시도 method=ctrl
[21:14:30] submit 미확인 method=ctrl generating=False composer=3019
[21:14:31] submit 시도 method=enter
[21:14:31] submit 미확인 method=enter generating=False composer=3019
[21:14:31] submit geo 실패 hit=no-btn
[21:14:31] submit 시도 method=geo2 geo=False
[21:14:32] submit 미확인 method=geo2 generating=False composer=3019
[21:14:32] submit geo 실패 hit=no-btn
[21:14:32] submit 시도 method=send2 send=False
[21:14:32] submit 미확인 method=send2 generating=False composer=3019
[21:14:33] submit 시도 method=ctrl2
[21:14:33] submit 미확인 method=ctrl2 generating=True composer=3021
[21:14:33] submit 실패 composer잔존=3021
[21:14:33] submit 재시도 3/3
[21:14:34] submit 시작 composer=3021 url=https://www.genspark.ai/agents?id=b8cb1be8-fe74-43ba-8873-1ca1a712c179
[21:14:34] submit geo 실패 hit=no-btn
[21:14:34] submit 시도 method=geo geo=False
[21:14:35] submit 미확인 method=geo generating=False composer=3021
[21:14:35] submit geo 실패 hit=no-btn
[21:14:35] submit 시도 method=send send=False
[21:14:35] submit 미확인 method=send generating=False composer=3021
[21:14:36] submit 시도 method=ctrl
[21:14:36] submit 미확인 method=ctrl generating=False composer=3023
[21:14:36] submit 시도 method=enter
[21:14:37] submit 확인 method=enter generating=False composer=0
[21:14:37] ⏱ 입력·전송 SRT_160 14.9s · chars=3013
[21:14:37] 제출 후 last_saved=https://www.genspark.ai/api/files/s/lsbsalmb
[21:14:37] ⏱ 생성대기 시작 SRT_160 max=120s
[21:14:38] ⏱ 생성대기 완료(busy무시) 1.0s SRT_160 https://www.genspark.ai/api/files/s/uaqafyvu
[21:14:38] ⏱ 생성대기구간 SRT_160 1.0s · ok=True
[21:14:38] SRT_160 근접 이미지 https://www.genspark.ai/api/files/s/uaqafyvu
[21:14:38] 다운로드 files URL=https://www.genspark.ai/api/files/s/uaqafyvu → SRT_160.png
[21:14:39] ⏱ 다운로드 직접 1.3s size=191271 SRT_160.png
[21:14:39] ⏱ 다운로드구간 SRT_160 1.3s · SRT_160.png
[21:14:41] ⏱ 다운로드후유휴 SRT_160 1.6s · idle=True
[21:14:41] ⏱ 씬합계 SRT_160 20.0s · https://www.genspark.ai/api/files/s/uaqafyvu
[21:14:41] SRT_160 생성·다운로드 완료
C:\cursor\wuxia\무협극장\검신귀환록\2부\15장\png\SRT_160.png
[21:14:41] 상태키 SRT_180 · Baek|base; Jin≈19|base
[21:14:41] 늦은이미지 회수 실패 SRT_020: SRT_020 요청 아래 새 이미지가 없습니다.
[21:14:41] run_scene 시작 SRT_180 · seen_files=8 · last_saved=https://www.genspark.ai/api/files/s/uaqafyvu
[21:14:41] ⏱ 준비 SRT_180 0.0s · chars=3491
[21:14:42] ⏱ 다음명령유휴 SRT_180 1.1s · idle=True
[21:14:43] fill OK(clip) follow=True chars=3491
[21:14:43] submit 시작 composer=3491 url=https://www.genspark.ai/agents?id=b8cb1be8-fe74-43ba-8873-1ca1a712c179
[21:14:43] submit geo 실패 hit=no-btn
[21:14:43] submit 시도 method=geo geo=False
[21:14:43] submit 미확인 method=geo generating=False composer=3491
[21:14:44] submit geo 실패 hit=no-btn
[21:14:44] submit 시도 method=send send=False
[21:14:44] submit 미확인 method=send generating=False composer=3491
[21:14:44] submit 시도 method=ctrl
[21:14:45] submit 미확인 method=ctrl generating=False composer=3493
[21:14:45] submit 시도 method=enter
[21:14:46] submit 미확인 method=enter generating=False composer=3493
[21:14:46] submit geo 실패 hit=no-btn
[21:14:46] submit 시도 method=geo2 geo=False
[21:14:46] submit 미확인 method=geo2 generating=False composer=3493
[21:14:46] submit geo 실패 hit=no-btn
[21:14:46] submit 시도 method=send2 send=False
[21:14:47] submit 미확인 method=send2 generating=False composer=3493
[21:14:47] submit 시도 method=ctrl2
[21:14:48] submit 미확인 method=ctrl2 generating=False composer=3495
[21:14:48] submit 실패 composer잔존=3495
[21:14:48] submit 재시도 2/3
[21:14:48] submit 시작 composer=3495 url=https://www.genspark.ai/agents?id=b8cb1be8-fe74-43ba-8873-1ca1a712c179
[21:14:49] submit geo 실패 hit=no-btn
[21:14:49] submit 시도 method=geo geo=False
[21:14:49] submit 미확인 method=geo generating=False composer=3495
[21:14:49] submit geo 실패 hit=no-btn
[21:14:49] submit 시도 method=send send=False
[21:14:50] submit 미확인 method=send generating=False composer=3495
[21:14:50] submit 시도 method=ctrl
[21:14:51] submit 미확인 method=ctrl generating=True composer=3497
[21:14:51] submit 시도 method=enter
[21:14:51] submit 미확인 method=enter generating=False composer=3497
[21:14:51] submit geo 실패 hit=no-btn
[21:14:51] submit 시도 method=geo2 geo=False
[21:14:52] submit 미확인 method=geo2 generating=False composer=3497
[21:14:52] submit geo 실패 hit=no-btn
[21:14:52] submit 시도 method=send2 send=False
[21:14:53] submit 미확인 method=send2 generating=False composer=3497
[21:14:53] submit 시도 method=ctrl2
[21:14:53] submit 미확인 method=ctrl2 generating=False composer=3499
[21:14:53] submit 실패 composer잔존=3499
[21:14:53] submit 재시도 3/3
[21:14:54] submit 시작 composer=3499 url=https://www.genspark.ai/agents?id=b8cb1be8-fe74-43ba-8873-1ca1a712c179
[21:14:54] submit geo 실패 hit=no-btn
[21:14:54] submit 시도 method=geo geo=False
[21:14:55] submit 미확인 method=geo generating=False composer=3499
[21:14:55] submit geo 실패 hit=no-btn
[21:14:55] submit 시도 method=send send=False
[21:14:56] submit 미확인 method=send generating=False composer=3499
[21:14:56] submit 시도 method=ctrl
[21:14:56] submit 미확인 method=ctrl generating=False composer=3501
[21:14:57] submit 시도 method=enter
[21:14:57] submit 확인 method=enter generating=False composer=0
[21:14:57] ⏱ 입력·전송 SRT_180 14.9s · chars=3491
[21:14:57] 제출 후 last_saved=https://www.genspark.ai/api/files/s/uaqafyvu
[21:14:57] ⏱ 생성대기 시작 SRT_180 max=120s
[21:14:58] ⏱ 생성대기 완료(busy무시) 1.0s SRT_180 https://www.genspark.ai/api/files/s/v3dlwf8f
[21:14:58] ⏱ 생성대기구간 SRT_180 1.0s · ok=True
[21:14:58] SRT_180 근접 이미지 https://www.genspark.ai/api/files/s/v3dlwf8f
[21:14:58] 다운로드 files URL=https://www.genspark.ai/api/files/s/v3dlwf8f → SRT_180.png
[21:15:00] ⏱ 다운로드 직접 1.5s size=274233 SRT_180.png
[21:15:00] ⏱ 다운로드구간 SRT_180 1.5s · SRT_180.png
[21:15:01] ⏱ 다운로드후유휴 SRT_180 1.0s · idle=True
[21:15:01] ⏱ 씬합계 SRT_180 19.8s · https://www.genspark.ai/api/files/s/v3dlwf8f
[21:15:01] SRT_180 생성·다운로드 완료
C:\cursor\wuxia\무협극장\검신귀환록\2부\15장\png\SRT_180.png
[21:15:01] 상태키 SRT_200 · Baek|base; Jin≈19|base
[21:15:01] 늦은이미지 회수 실패 SRT_020: SRT_020 요청 아래 새 이미지가 없습니다.
[21:15:01] run_scene 시작 SRT_200 · seen_files=9 · last_saved=https://www.genspark.ai/api/files/s/v3dlwf8f
[21:15:01] ⏱ 준비 SRT_200 0.0s · chars=1854
[21:15:02] ⏱ 다음명령유휴 SRT_200 1.0s · idle=True
[21:15:03] fill OK(clip) follow=True chars=1854
[21:15:03] submit 시작 composer=1854 url=https://www.genspark.ai/agents?id=b8cb1be8-fe74-43ba-8873-1ca1a712c179
[21:15:03] submit geo 실패 hit=no-btn
[21:15:03] submit 시도 method=geo geo=False
[21:15:03] submit 미확인 method=geo generating=False composer=1854
[21:15:03] submit geo 실패 hit=no-btn
[21:15:03] submit 시도 method=send send=False
[21:15:04] submit 미확인 method=send generating=False composer=1854
[21:15:04] submit 시도 method=ctrl
[21:15:05] submit 미확인 method=ctrl generating=False composer=1856
[21:15:05] submit 시도 method=enter
[21:15:06] submit 미확인 method=enter generating=False composer=1856
[21:15:06] submit geo 실패 hit=no-btn
[21:15:06] submit 시도 method=geo2 geo=False
[21:15:06] submit 미확인 method=geo2 generating=False composer=1856
[21:15:06] submit geo 실패 hit=no-btn
[21:15:06] submit 시도 method=send2 send=False
[21:15:07] submit 미확인 method=send2 generating=False composer=1856
[21:15:07] submit 시도 method=ctrl2
[21:15:08] submit 미확인 method=ctrl2 generating=False composer=1858
[21:15:08] submit 실패 composer잔존=1858
[21:15:08] submit 재시도 2/3
[21:15:08] submit 시작 composer=1858 url=https://www.genspark.ai/agents?id=b8cb1be8-fe74-43ba-8873-1ca1a712c179
[21:15:08] submit geo 실패 hit=no-btn
[21:15:08] submit 시도 method=geo geo=False
[21:15:09] submit 미확인 method=geo generating=True composer=1858
[21:15:09] submit geo 실패 hit=no-btn
[21:15:09] submit 시도 method=send send=False
[21:15:10] submit 미확인 method=send generating=True composer=1858
[21:15:10] submit 시도 method=ctrl
[21:15:10] submit 미확인 method=ctrl generating=False composer=1860
[21:15:11] submit 시도 method=enter
[21:15:11] submit 확인 method=enter generating=False composer=0
[21:15:11] ⏱ 입력·전송 SRT_200 9.1s · chars=1854
[21:15:11] 제출 후 last_saved=https://www.genspark.ai/api/files/s/v3dlwf8f
[21:15:11] ⏱ 생성대기 시작 SRT_200 max=120s
[21:15:12] ⏱ 생성대기 완료 0.9s SRT_200 https://www.genspark.ai/api/files/s/al0fd57i
[21:15:12] ⏱ 생성대기구간 SRT_200 0.9s · ok=True
[21:15:12] SRT_200 근접 이미지 https://www.genspark.ai/api/files/s/al0fd57i
[21:15:12] 다운로드 files URL=https://www.genspark.ai/api/files/s/al0fd57i → SRT_200.png
[21:15:14] ⏱ 다운로드 직접 1.5s size=203598 SRT_200.png
[21:15:14] ⏱ 다운로드구간 SRT_200 1.5s · SRT_200.png
[21:15:15] ⏱ 다운로드후유휴 SRT_200 1.0s · idle=True
[21:15:15] ⏱ 씬합계 SRT_200 13.8s · https://www.genspark.ai/api/files/s/al0fd57i
[21:15:15] SRT_200 생성·다운로드 완료
C:\cursor\wuxia\무협극장\검신귀환록\2부\15장\png\SRT_200.png
[21:15:15] 상태키 SRT_220 · Baek|base; Jin≈19|base
[21:15:15] 늦은이미지 회수 실패 SRT_020: SRT_020 요청 아래 새 이미지가 없습니다.
[21:15:15] run_scene 시작 SRT_220 · seen_files=10 · last_saved=https://www.genspark.ai/api/files/s/al0fd57i
[21:15:15] ⏱ 준비 SRT_220 0.0s · chars=2959
[21:15:16] ⏱ 다음명령유휴 SRT_220 1.0s · idle=True
[21:15:17] fill OK(clip) follow=True chars=2959
[21:15:17] submit 시작 composer=2959 url=https://www.genspark.ai/agents?id=b8cb1be8-fe74-43ba-8873-1ca1a712c179
[21:15:17] submit geo 실패 hit=no-btn
[21:15:17] submit 시도 method=geo geo=False
[21:15:17] submit 미확인 method=geo generating=False composer=2959
[21:15:17] submit geo 실패 hit=no-btn
[21:15:17] submit 시도 method=send send=False
[21:15:18] submit 미확인 method=send generating=False composer=2959
[21:15:18] submit 시도 method=ctrl
[21:15:19] submit 미확인 method=ctrl generating=False composer=2961
[21:15:19] submit 시도 method=enter
[21:15:20] submit 미확인 method=enter generating=False composer=2961
[21:15:20] submit geo 실패 hit=no-btn
[21:15:20] submit 시도 method=geo2 geo=False
[21:15:20] submit 미확인 method=geo2 generating=False composer=2961
[21:15:20] submit geo 실패 hit=no-btn
[21:15:20] submit 시도 method=send2 send=False
[21:15:21] submit 미확인 method=send2 generating=False composer=2961
[21:15:21] submit 시도 method=ctrl2
[21:15:22] submit 미확인 method=ctrl2 generating=False composer=2963
[21:15:22] submit 실패 composer잔존=2963
[21:15:22] submit 재시도 2/3
[21:15:22] submit 시작 composer=2963 url=https://www.genspark.ai/agents?id=b8cb1be8-fe74-43ba-8873-1ca1a712c179
[21:15:22] submit geo 실패 hit=no-btn
[21:15:22] submit 시도 method=geo geo=False
[21:15:23] submit 미확인 method=geo generating=False composer=2963
[21:15:23] submit geo 실패 hit=no-btn
[21:15:23] submit 시도 method=send send=False
[21:15:24] submit 미확인 method=send generating=True composer=2963
[21:15:24] submit 시도 method=ctrl
[21:15:25] submit 미확인 method=ctrl generating=False composer=2965
[21:15:25] submit 시도 method=enter
[21:15:25] submit 미확인 method=enter generating=False composer=2965
[21:15:25] submit geo 실패 hit=no-btn
[21:15:25] submit 시도 method=geo2 geo=False
[21:15:26] submit 미확인 method=geo2 generating=False composer=2965
[21:15:26] submit geo 실패 hit=no-btn
[21:15:26] submit 시도 method=send2 send=False
[21:15:27] submit 미확인 method=send2 generating=False composer=2965
[21:15:27] submit 시도 method=ctrl2
[21:15:27] submit 미확인 method=ctrl2 generating=False composer=2967
[21:15:27] submit 실패 composer잔존=2967
[21:15:27] submit 재시도 3/3
[21:15:28] submit 시작 composer=2967 url=https://www.genspark.ai/agents?id=b8cb1be8-fe74-43ba-8873-1ca1a712c179
[21:15:28] submit geo 실패 hit=no-btn
[21:15:28] submit 시도 method=geo geo=False
[21:15:29] submit 미확인 method=geo generating=False composer=2967
[21:15:29] submit geo 실패 hit=no-btn
[21:15:29] submit 시도 method=send send=False
[21:15:29] submit 미확인 method=send generating=False composer=2967
[21:15:30] submit 시도 method=ctrl
[21:15:30] submit 미확인 method=ctrl generating=False composer=2969
[21:15:30] submit 시도 method=enter
[21:15:31] submit 확인 method=enter generating=False composer=0
[21:15:31] ⏱ 입력·전송 SRT_220 14.9s · chars=2959
[21:15:31] 제출 후 last_saved=https://www.genspark.ai/api/files/s/al0fd57i
[21:15:31] ⏱ 생성대기 시작 SRT_220 max=120s
[21:15:32] ⏱ 생성대기 완료(busy무시) 1.0s SRT_220 https://www.genspark.ai/api/files/s/i12xwgyt
[21:15:32] ⏱ 생성대기구간 SRT_220 1.0s · ok=True
[21:15:32] SRT_220 근접 이미지 https://www.genspark.ai/api/files/s/i12xwgyt
[21:15:32] 다운로드 files URL=https://www.genspark.ai/api/files/s/i12xwgyt → SRT_220.png
[21:15:33] ⏱ 다운로드 직접 0.7s size=425180 SRT_220.png
[21:15:33] ⏱ 다운로드구간 SRT_220 0.7s · SRT_220.png
[21:15:35] ⏱ 다운로드후유휴 SRT_220 1.6s · idle=True
[21:15:35] ⏱ 씬합계 SRT_220 19.4s · https://www.genspark.ai/api/files/s/i12xwgyt
[21:15:35] SRT_220 생성·다운로드 완료
C:\cursor\wuxia\무협극장\검신귀환록\2부\15장\png\SRT_220.png
[21:15:35] 상태키 SRT_240 · Baek|base; Jin≈19|base
[21:15:35] 늦은이미지 회수 실패 SRT_020: SRT_020 요청 아래 새 이미지가 없습니다.
[21:15:35] run_scene 시작 SRT_240 · seen_files=11 · last_saved=https://www.genspark.ai/api/files/s/i12xwgyt
[21:15:35] ⏱ 준비 SRT_240 0.0s · chars=1888
[21:15:36] ⏱ 다음명령유휴 SRT_240 1.0s · idle=True
[21:15:36] fill OK(clip) follow=True chars=1888
[21:15:36] submit 시작 composer=1888 url=https://www.genspark.ai/agents?id=b8cb1be8-fe74-43ba-8873-1ca1a712c179
[21:15:36] submit geo 실패 hit=no-btn
[21:15:36] submit 시도 method=geo geo=False
[21:15:37] submit 미확인 method=geo generating=False composer=1888
[21:15:37] submit geo 실패 hit=no-btn
[21:15:37] submit 시도 method=send send=False
[21:15:38] submit 미확인 method=send generating=False composer=1888
[21:15:38] submit 시도 method=ctrl
[21:15:38] submit 미확인 method=ctrl generating=False composer=1890
[21:15:39] submit 시도 method=enter
[21:15:39] submit 미확인 method=enter generating=False composer=1890
[21:15:39] submit geo 실패 hit=no-btn
[21:15:39] submit 시도 method=geo2 geo=False
[21:15:40] submit 미확인 method=geo2 generating=False composer=1890
[21:15:40] submit geo 실패 hit=no-btn
[21:15:40] submit 시도 method=send2 send=False
[21:15:41] submit 미확인 method=send2 generating=False composer=1890
[21:15:41] submit 시도 method=ctrl2
[21:15:41] submit 미확인 method=ctrl2 generating=False composer=1892
[21:15:41] submit 실패 composer잔존=1892
[21:15:41] submit 재시도 2/3
[21:15:42] submit 시작 composer=1892 url=https://www.genspark.ai/agents?id=b8cb1be8-fe74-43ba-8873-1ca1a712c179
[21:15:42] submit geo 실패 hit=no-btn
[21:15:42] submit 시도 method=geo geo=False
[21:15:43] submit 미확인 method=geo generating=False composer=1892
[21:15:43] submit geo 실패 hit=no-btn
[21:15:43] submit 시도 method=send send=False
[21:15:43] submit 미확인 method=send generating=True composer=1892
[21:15:44] submit 시도 method=ctrl
[21:15:44] submit 미확인 method=ctrl generating=False composer=1894
[21:15:44] submit 시도 method=enter
[21:15:45] submit 미확인 method=enter generating=False composer=1894
[21:15:45] submit geo 실패 hit=no-btn
[21:15:45] submit 시도 method=geo2 geo=False
[21:15:46] submit 미확인 method=geo2 generating=False composer=1894
[21:15:46] submit geo 실패 hit=no-btn
[21:15:46] submit 시도 method=send2 send=False
[21:15:46] submit 미확인 method=send2 generating=False composer=1894
[21:15:46] submit 시도 method=ctrl2
[21:15:47] submit 미확인 method=ctrl2 generating=False composer=1896
[21:15:47] submit 실패 composer잔존=1896
[21:15:47] submit 재시도 3/3
[21:15:48] submit 시작 composer=1896 url=https://www.genspark.ai/agents?id=b8cb1be8-fe74-43ba-8873-1ca1a712c179
[21:15:48] submit geo 실패 hit=no-btn
[21:15:48] submit 시도 method=geo geo=False
[21:15:48] submit 미확인 method=geo generating=False composer=1896
[21:15:48] submit geo 실패 hit=no-btn
[21:15:48] submit 시도 method=send send=False
[21:15:49] submit 미확인 method=send generating=False composer=1896
[21:15:49] submit 시도 method=ctrl
[21:15:50] submit 미확인 method=ctrl generating=False composer=1898
[21:15:50] submit 시도 method=enter
[21:15:51] submit 확인 method=enter generating=False composer=0
[21:15:51] ⏱ 입력·전송 SRT_240 14.9s · chars=1888
[21:15:51] 제출 후 last_saved=https://www.genspark.ai/api/files/s/i12xwgyt
[21:15:51] ⏱ 생성대기 시작 SRT_240 max=120s
[21:15:52] ⏱ 생성대기 완료 0.9s SRT_240 https://www.genspark.ai/api/files/s/xfg08rkt
[21:15:52] ⏱ 생성대기구간 SRT_240 0.9s · ok=True
[21:15:52] SRT_240 근접 이미지 https://www.genspark.ai/api/files/s/xfg08rkt
[21:15:52] 다운로드 files URL=https://www.genspark.ai/api/files/s/xfg08rkt → SRT_240.png
[21:15:53] ⏱ 다운로드 직접 1.4s size=183379 SRT_240.png
[21:15:53] ⏱ 다운로드구간 SRT_240 1.4s · SRT_240.png
[21:15:56] ⏱ 다운로드후유휴 SRT_240 3.1s · idle=True
[21:15:56] ⏱ 씬합계 SRT_240 21.5s · https://www.genspark.ai/api/files/s/xfg08rkt
[21:15:56] SRT_240 생성·다운로드 완료
C:\cursor\wuxia\무협극장\검신귀환록\2부\15장\png\SRT_240.png
[21:15:56] 상태키 SRT_260 · Baek|base; Jin≈19|base
[21:15:56] 늦은이미지 회수 실패 SRT_020: SRT_020 요청 아래 새 이미지가 없습니다.
[21:15:56] run_scene 시작 SRT_260 · seen_files=12 · last_saved=https://www.genspark.ai/api/files/s/xfg08rkt
[21:15:56] ⏱ 준비 SRT_260 0.0s · chars=1884
[21:15:57] ⏱ 다음명령유휴 SRT_260 1.0s · idle=True
[21:15:58] fill OK(clip) follow=True chars=1884
[21:15:58] submit 시작 composer=1884 url=https://www.genspark.ai/agents?id=b8cb1be8-fe74-43ba-8873-1ca1a712c179
[21:15:58] submit geo 실패 hit=no-btn
[21:15:58] submit 시도 method=geo geo=False
[21:15:59] submit 미확인 method=geo generating=False composer=1884
[21:15:59] submit geo 실패 hit=no-btn
[21:15:59] submit 시도 method=send send=False
[21:15:59] submit 미확인 method=send generating=False composer=1884
[21:16:00] submit 시도 method=ctrl
[21:16:00] submit 미확인 method=ctrl generating=False composer=1886
[21:16:00] submit 시도 method=enter
[21:16:01] submit 미확인 method=enter generating=False composer=1886
[21:16:01] submit geo 실패 hit=no-btn
[21:16:01] submit 시도 method=geo2 geo=False
[21:16:01] submit 미확인 method=geo2 generating=False composer=1886
[21:16:02] submit geo 실패 hit=no-btn
[21:16:02] submit 시도 method=send2 send=False
[21:16:02] submit 미확인 method=send2 generating=False composer=1886
[21:16:02] submit 시도 method=ctrl2
[21:16:03] submit 미확인 method=ctrl2 generating=False composer=1888
[21:16:03] submit 실패 composer잔존=1888
[21:16:03] submit 재시도 2/3
[21:16:04] submit 시작 composer=1888 url=https://www.genspark.ai/agents?id=b8cb1be8-fe74-43ba-8873-1ca1a712c179
[21:16:04] submit geo 실패 hit=no-btn
[21:16:04] submit 시도 method=geo geo=False
[21:16:04] submit 미확인 method=geo generating=False composer=1888
[21:16:04] submit geo 실패 hit=no-btn
[21:16:04] submit 시도 method=send send=False
[21:16:05] submit 미확인 method=send generating=True composer=1888
[21:16:05] submit 시도 method=ctrl
[21:16:06] submit 미확인 method=ctrl generating=False composer=1890
[21:16:06] submit 시도 method=enter
[21:16:07] submit 미확인 method=enter generating=False composer=1890
[21:16:07] submit geo 실패 hit=no-btn
[21:16:07] submit 시도 method=geo2 geo=False
[21:16:07] submit 미확인 method=geo2 generating=False composer=1890
[21:16:07] submit geo 실패 hit=no-btn
[21:16:07] submit 시도 method=send2 send=False
[21:16:08] submit 미확인 method=send2 generating=False composer=1890
[21:16:08] submit 시도 method=ctrl2
[21:16:09] submit 미확인 method=ctrl2 generating=False composer=1892
[21:16:09] submit 실패 composer잔존=1892
[21:16:09] submit 재시도 3/3
[21:16:09] submit 시작 composer=1892 url=https://www.genspark.ai/agents?id=b8cb1be8-fe74-43ba-8873-1ca1a712c179
[21:16:09] submit geo 실패 hit=no-btn
[21:16:09] submit 시도 method=geo geo=False
[21:16:10] submit 미확인 method=geo generating=False composer=1892
[21:16:10] submit geo 실패 hit=no-btn
[21:16:10] submit 시도 method=send send=False
[21:16:11] submit 미확인 method=send generating=False composer=1892
[21:16:11] submit 시도 method=ctrl
[21:16:11] submit 미확인 method=ctrl generating=False composer=1894
[21:16:12] submit 시도 method=enter
[21:16:12] submit 확인 method=enter generating=False composer=0
[21:16:12] ⏱ 입력·전송 SRT_260 14.8s · chars=1884
[21:16:12] 제출 후 last_saved=https://www.genspark.ai/api/files/s/xfg08rkt
[21:16:12] ⏱ 생성대기 시작 SRT_260 max=120s
[21:16:14] ⏱ 생성대기 완료(busy무시) 1.0s SRT_260 https://www.genspark.ai/api/files/s/anvd3q9y
[21:16:14] ⏱ 생성대기구간 SRT_260 1.0s · ok=True
[21:16:14] SRT_260 근접 이미지 https://www.genspark.ai/api/files/s/anvd3q9y
[21:16:14] 다운로드 files URL=https://www.genspark.ai/api/files/s/anvd3q9y → SRT_260.png
[21:16:15] ⏱ 다운로드 직접 1.3s size=155865 SRT_260.png
[21:16:15] ⏱ 다운로드구간 SRT_260 1.3s · SRT_260.png
[21:16:18] ⏱ 다운로드후유휴 SRT_260 3.6s · idle=True
[21:16:18] ⏱ 씬합계 SRT_260 22.0s · https://www.genspark.ai/api/files/s/anvd3q9y
[21:16:18] SRT_260 생성·다운로드 완료
C:\cursor\wuxia\무협극장\검신귀환록\2부\15장\png\SRT_260.png
[21:16:19] 상태키 SRT_280 · Baek|base; Jin≈19|base
[21:16:19] 늦은이미지 회수 실패 SRT_020: SRT_020 요청 아래 새 이미지가 없습니다.
[21:16:19] run_scene 시작 SRT_280 · seen_files=13 · last_saved=https://www.genspark.ai/api/files/s/anvd3q9y
[21:16:19] ⏱ 준비 SRT_280 0.0s · chars=1859
[21:16:20] ⏱ 다음명령유휴 SRT_280 1.0s · idle=True
[21:16:20] fill OK(clip) follow=True chars=1859
[21:16:20] submit 시작 composer=1859 url=https://www.genspark.ai/agents?id=b8cb1be8-fe74-43ba-8873-1ca1a712c179
[21:16:20] submit geo 실패 hit=no-btn
[21:16:20] submit 시도 method=geo geo=False
[21:16:21] submit 미확인 method=geo generating=False composer=1859
[21:16:21] submit geo 실패 hit=no-btn
[21:16:21] submit 시도 method=send send=False
[21:16:21] submit 미확인 method=send generating=False composer=1859
[21:16:22] submit 시도 method=ctrl
[21:16:22] submit 미확인 method=ctrl generating=False composer=1861
[21:16:22] submit 시도 method=enter
[21:16:23] submit 미확인 method=enter generating=False composer=1861
[21:16:23] submit geo 실패 hit=no-btn
[21:16:23] submit 시도 method=geo2 geo=False
[21:16:24] submit 미확인 method=geo2 generating=False composer=1861
[21:16:24] submit geo 실패 hit=no-btn
[21:16:24] submit 시도 method=send2 send=False
[21:16:24] submit 미확인 method=send2 generating=False composer=1861
[21:16:25] submit 시도 method=ctrl2
[21:16:25] submit 미확인 method=ctrl2 generating=False composer=1863
[21:16:25] submit 실패 composer잔존=1863
[21:16:25] submit 재시도 2/3
[21:16:26] submit 시작 composer=1863 url=https://www.genspark.ai/agents?id=b8cb1be8-fe74-43ba-8873-1ca1a712c179
[21:16:26] submit geo 실패 hit=no-btn
[21:16:26] submit 시도 method=geo geo=False
[21:16:26] submit 미확인 method=geo generating=False composer=1863
[21:16:27] submit geo 실패 hit=no-btn
[21:16:27] submit 시도 method=send send=False
[21:16:27] submit 미확인 method=send generating=False composer=1863
[21:16:27] submit 시도 method=ctrl
[21:16:28] submit 미확인 method=ctrl generating=True composer=1865
[21:16:28] submit 시도 method=enter
[21:16:29] submit 미확인 method=enter generating=True composer=1865
[21:16:29] submit geo 실패 hit=no-btn
[21:16:29] submit 시도 method=geo2 geo=False
[21:16:29] submit 미확인 method=geo2 generating=True composer=1865
[21:16:29] submit geo 실패 hit=no-btn
[21:16:29] submit 시도 method=send2 send=False
[21:16:30] submit 미확인 method=send2 generating=True composer=1865
[21:16:30] submit 시도 method=ctrl2
[21:16:31] submit 미확인 method=ctrl2 generating=False composer=1867
[21:16:31] submit 실패 composer잔존=1867
[21:16:31] submit 재시도 3/3
[21:16:31] submit 시작 composer=1867 url=https://www.genspark.ai/agents?id=b8cb1be8-fe74-43ba-8873-1ca1a712c179
[21:16:32] submit geo 실패 hit=no-btn
[21:16:32] submit 시도 method=geo geo=False
[21:16:32] submit 미확인 method=geo generating=False composer=1867
[21:16:32] submit geo 실패 hit=no-btn
[21:16:32] submit 시도 method=send send=False
[21:16:33] submit 미확인 method=send generating=False composer=1867
[21:16:33] submit 시도 method=ctrl
[21:16:34] submit 미확인 method=ctrl generating=False composer=1869
[21:16:34] submit 시도 method=enter
[21:16:34] submit 확인 method=enter generating=False composer=0
[21:16:34] ⏱ 입력·전송 SRT_280 14.8s · chars=1859
[21:16:34] 제출 후 last_saved=https://www.genspark.ai/api/files/s/anvd3q9y
[21:16:35] ⏱ 생성대기 시작 SRT_280 max=120s
[21:16:36] ⏱ 생성대기 완료 0.9s SRT_280 https://www.genspark.ai/api/files/s/rn1dxfx4
[21:16:36] ⏱ 생성대기구간 SRT_280 0.9s · ok=True
[21:16:36] SRT_280 근접 이미지 https://www.genspark.ai/api/files/s/rn1dxfx4
[21:16:36] 다운로드 files URL=https://www.genspark.ai/api/files/s/rn1dxfx4 → SRT_280.png
[21:16:37] ⏱ 다운로드 직접 1.4s size=175655 SRT_280.png
[21:16:37] ⏱ 다운로드구간 SRT_280 1.4s · SRT_280.png
[21:16:38] ⏱ 다운로드후유휴 SRT_280 1.5s · idle=True
[21:16:38] ⏱ 씬합계 SRT_280 19.8s · https://www.genspark.ai/api/files/s/rn1dxfx4
[21:16:38] SRT_280 생성·다운로드 완료
C:\cursor\wuxia\무협극장\검신귀환록\2부\15장\png\SRT_280.png
[21:16:39] 상태키 SRT_300 · Baek|base; Jin≈19|base
[21:16:39] 늦은이미지 회수 실패 SRT_020: SRT_020 요청 아래 새 이미지가 없습니다.
[21:16:39] run_scene 시작 SRT_300 · seen_files=14 · last_saved=https://www.genspark.ai/api/files/s/rn1dxfx4
[21:16:39] ⏱ 준비 SRT_300 0.0s · chars=2457
[21:16:40] ⏱ 다음명령유휴 SRT_300 1.0s · idle=True
[21:16:40] fill OK(clip) follow=True chars=2457
[21:16:40] submit 시작 composer=2457 url=https://www.genspark.ai/agents?id=b8cb1be8-fe74-43ba-8873-1ca1a712c179
[21:16:40] submit geo 실패 hit=no-btn
[21:16:40] submit 시도 method=geo geo=False
[21:16:41] submit 미확인 method=geo generating=False composer=2457
[21:16:41] submit geo 실패 hit=no-btn
[21:16:41] submit 시도 method=send send=False
[21:16:41] submit 미확인 method=send generating=False composer=2457
[21:16:42] submit 시도 method=ctrl
[21:16:42] submit 미확인 method=ctrl generating=False composer=2459
[21:16:42] submit 시도 method=enter
[21:16:43] submit 미확인 method=enter generating=False composer=2459
[21:16:43] submit geo 실패 hit=no-btn
[21:16:43] submit 시도 method=geo2 geo=False
[21:16:44] submit 미확인 method=geo2 generating=False composer=2459
[21:16:44] submit geo 실패 hit=no-btn
[21:16:44] submit 시도 method=send2 send=False
[21:16:44] submit 미확인 method=send2 generating=False composer=2459
[21:16:45] submit 시도 method=ctrl2
[21:16:45] submit 미확인 method=ctrl2 generating=False composer=2461
[21:16:45] submit 실패 composer잔존=2461
[21:16:45] submit 재시도 2/3
[21:16:46] submit 시작 composer=2461 url=https://www.genspark.ai/agents?id=b8cb1be8-fe74-43ba-8873-1ca1a712c179
[21:16:46] submit geo 실패 hit=no-btn
[21:16:46] submit 시도 method=geo geo=False
[21:16:46] submit 미확인 method=geo generating=False composer=2461
[21:16:47] submit geo 실패 hit=no-btn
[21:16:47] submit 시도 method=send send=False
[21:16:47] submit 미확인 method=send generating=False composer=2461
[21:16:47] submit 시도 method=ctrl
[21:16:48] submit 미확인 method=ctrl generating=True composer=2463
[21:16:48] submit 시도 method=enter
[21:16:49] submit 미확인 method=enter generating=False composer=2463
[21:16:49] submit geo 실패 hit=no-btn
[21:16:49] submit 시도 method=geo2 geo=False
[21:16:49] submit 미확인 method=geo2 generating=False composer=2463
[21:16:49] submit geo 실패 hit=no-btn
[21:16:49] submit 시도 method=send2 send=False
[21:16:50] submit 미확인 method=send2 generating=False composer=2463
[21:16:50] submit 시도 method=ctrl2
[21:16:51] submit 미확인 method=ctrl2 generating=False composer=2465
[21:16:51] submit 실패 composer잔존=2465
[21:16:51] submit 재시도 3/3
[21:16:51] submit 시작 composer=2465 url=https://www.genspark.ai/agents?id=b8cb1be8-fe74-43ba-8873-1ca1a712c179
[21:16:52] submit geo 실패 hit=no-btn
[21:16:52] submit 시도 method=geo geo=False
[21:16:52] submit 미확인 method=geo generating=False composer=2465
[21:16:52] submit geo 실패 hit=no-btn
[21:16:52] submit 시도 method=send send=False
[21:16:53] submit 미확인 method=send generating=False composer=2465
[21:16:53] submit 시도 method=ctrl
[21:16:54] submit 미확인 method=ctrl generating=False composer=2467
[21:16:54] submit 시도 method=enter
[21:16:54] submit 확인 method=enter generating=False composer=0
[21:16:54] ⏱ 입력·전송 SRT_300 14.8s · chars=2457
[21:16:54] 제출 후 last_saved=https://www.genspark.ai/api/files/s/rn1dxfx4
[21:16:55] ⏱ 생성대기 시작 SRT_300 max=120s
[21:16:56] ⏱ 생성대기 완료 0.9s SRT_300 https://www.genspark.ai/api/files/s/dsrdm8kn
[21:16:56] ⏱ 생성대기구간 SRT_300 0.9s · ok=True
[21:16:56] SRT_300 근접 이미지 https://www.genspark.ai/api/files/s/dsrdm8kn
[21:16:56] 다운로드 files URL=https://www.genspark.ai/api/files/s/dsrdm8kn → SRT_300.png
[21:16:57] ⏱ 다운로드 직접 1.1s size=155364 SRT_300.png
[21:16:57] ⏱ 다운로드구간 SRT_300 1.1s · SRT_300.png
[21:16:59] ⏱ 다운로드후유휴 SRT_300 2.1s · idle=True
[21:16:59] ⏱ 씬합계 SRT_300 20.1s · https://www.genspark.ai/api/files/s/dsrdm8kn
[21:16:59] SRT_300 생성·다운로드 완료
C:\cursor\wuxia\무협극장\검신귀환록\2부\15장\png\SRT_300.png
[21:16:59] 상태키 SRT_320 · Baek|base; Jin≈19|base
[21:16:59] 늦은이미지 회수 실패 SRT_020: SRT_020 요청 아래 새 이미지가 없습니다.
[21:16:59] run_scene 시작 SRT_320 · seen_files=15 · last_saved=https://www.genspark.ai/api/files/s/dsrdm8kn
[21:16:59] ⏱ 준비 SRT_320 0.0s · chars=3342
[21:17:00] ⏱ 다음명령유휴 SRT_320 1.0s · idle=True
[21:17:00] fill OK(clip) follow=True chars=3342
[21:17:00] submit 시작 composer=3342 url=https://www.genspark.ai/agents?id=b8cb1be8-fe74-43ba-8873-1ca1a712c179
[21:17:00] submit geo 실패 hit=no-btn
[21:17:00] submit 시도 method=geo geo=False
[21:17:01] submit 미확인 method=geo generating=False composer=3342
[21:17:01] submit geo 실패 hit=no-btn
[21:17:01] submit 시도 method=send send=False
[21:17:02] submit 미확인 method=send generating=False composer=3342
[21:17:02] submit 시도 method=ctrl
[21:17:03] submit 미확인 method=ctrl generating=False composer=3344
[21:17:03] submit 시도 method=enter
[21:17:03] submit 미확인 method=enter generating=False composer=3344
[21:17:03] submit geo 실패 hit=no-btn
[21:17:03] submit 시도 method=geo2 geo=False
[21:17:04] submit 미확인 method=geo2 generating=False composer=3344
[21:17:04] submit geo 실패 hit=no-btn
[21:17:04] submit 시도 method=send2 send=False
[21:17:05] submit 미확인 method=send2 generating=False composer=3344
[21:17:05] submit 시도 method=ctrl2
[21:17:05] submit 미확인 method=ctrl2 generating=False composer=3346
[21:17:05] submit 실패 composer잔존=3346
[21:17:05] submit 재시도 2/3
[21:17:06] submit 시작 composer=3346 url=https://www.genspark.ai/agents?id=b8cb1be8-fe74-43ba-8873-1ca1a712c179
[21:17:06] submit geo 실패 hit=no-btn
[21:17:06] submit 시도 method=geo geo=False
[21:17:07] submit 미확인 method=geo generating=False composer=3346
[21:17:07] submit geo 실패 hit=no-btn
[21:17:07] submit 시도 method=send send=False
[21:17:07] submit 미확인 method=send generating=True composer=3346
[21:17:08] submit 시도 method=ctrl
[21:17:08] submit 미확인 method=ctrl generating=True composer=3348
[21:17:09] submit 시도 method=enter
[21:17:09] submit 미확인 method=enter generating=False composer=3348
[21:17:09] submit geo 실패 hit=no-btn
[21:17:09] submit 시도 method=geo2 geo=False
[21:17:10] submit 미확인 method=geo2 generating=False composer=3348
[21:17:10] submit geo 실패 hit=no-btn
[21:17:10] submit 시도 method=send2 send=False
[21:17:10] submit 미확인 method=send2 generating=False composer=3348
[21:17:11] submit 시도 method=ctrl2
[21:17:11] submit 미확인 method=ctrl2 generating=False composer=3350
[21:17:11] submit 실패 composer잔존=3350
[21:17:11] submit 재시도 3/3
[21:17:12] submit 시작 composer=3350 url=https://www.genspark.ai/agents?id=b8cb1be8-fe74-43ba-8873-1ca1a712c179
[21:17:12] submit geo 실패 hit=no-btn
[21:17:12] submit 시도 method=geo geo=False
[21:17:13] submit 미확인 method=geo generating=False composer=3350
[21:17:13] submit geo 실패 hit=no-btn
[21:17:13] submit 시도 method=send send=False
[21:17:13] submit 미확인 method=send generating=False composer=3350
[21:17:13] submit 시도 method=ctrl
[21:17:14] submit 미확인 method=ctrl generating=False composer=3352
[21:17:14] submit 시도 method=enter
[21:17:15] submit 확인 method=enter generating=False composer=0
[21:17:15] ⏱ 입력·전송 SRT_320 14.9s · chars=3342
[21:17:15] 제출 후 last_saved=https://www.genspark.ai/api/files/s/dsrdm8kn
[21:17:15] ⏱ 생성대기 시작 SRT_320 max=120s
[21:17:16] ⏱ 생성대기 완료(busy무시) 1.1s SRT_320 https://www.genspark.ai/api/files/s/vq5xxreo
[21:17:16] ⏱ 생성대기구간 SRT_320 1.1s · ok=True
[21:17:16] SRT_320 근접 이미지 https://www.genspark.ai/api/files/s/vq5xxreo
[21:17:16] 다운로드 files URL=https://www.genspark.ai/api/files/s/vq5xxreo → SRT_320.png
[21:17:17] ⏱ 다운로드 직접 0.7s size=170439 SRT_320.png
[21:17:17] ⏱ 다운로드구간 SRT_320 0.7s · SRT_320.png
[21:17:19] ⏱ 다운로드후유휴 SRT_320 2.0s · idle=True
[21:17:19] ⏱ 씬합계 SRT_320 20.0s · https://www.genspark.ai/api/files/s/vq5xxreo
[21:17:19] SRT_320 생성·다운로드 완료
C:\cursor\wuxia\무협극장\검신귀환록\2부\15장\png\SRT_320.png
[21:17:19] 상태키 SRT_340 · Baek|base; Jin≈19|base
[21:17:19] 늦은이미지 회수 실패 SRT_020: SRT_020 요청 아래 새 이미지가 없습니다.
[21:17:19] run_scene 시작 SRT_340 · seen_files=16 · last_saved=https://www.genspark.ai/api/files/s/vq5xxreo
[21:17:19] ⏱ 준비 SRT_340 0.0s · chars=3012
[21:17:20] ⏱ 다음명령유휴 SRT_340 1.0s · idle=True
[21:17:20] fill OK(clip) follow=True chars=3012
[21:17:20] submit 시작 composer=3012 url=https://www.genspark.ai/agents?id=b8cb1be8-fe74-43ba-8873-1ca1a712c179
[21:17:21] submit geo 실패 hit=no-btn
[21:17:21] submit 시도 method=geo geo=False
[21:17:21] submit 미확인 method=geo generating=False composer=3012
[21:17:21] submit geo 실패 hit=no-btn
[21:17:21] submit 시도 method=send send=False
[21:17:22] submit 미확인 method=send generating=False composer=3012
[21:17:22] submit 시도 method=ctrl
[21:17:23] submit 미확인 method=ctrl generating=False composer=3014
[21:17:23] submit 시도 method=enter
[21:17:23] submit 미확인 method=enter generating=False composer=3014
[21:17:23] submit geo 실패 hit=no-btn
[21:17:23] submit 시도 method=geo2 geo=False
[21:17:24] submit 미확인 method=geo2 generating=False composer=3014
[21:17:24] submit geo 실패 hit=no-btn
[21:17:24] submit 시도 method=send2 send=False
[21:17:25] submit 미확인 method=send2 generating=False composer=3014
[21:17:25] submit 시도 method=ctrl2
[21:17:26] submit 미확인 method=ctrl2 generating=False composer=3016
[21:17:26] submit 실패 composer잔존=3016
[21:17:26] submit 재시도 2/3
[21:17:26] submit 시작 composer=3016 url=https://www.genspark.ai/agents?id=b8cb1be8-fe74-43ba-8873-1ca1a712c179
[21:17:26] submit geo 실패 hit=no-btn
[21:17:26] submit 시도 method=geo geo=False
[21:17:27] submit 미확인 method=geo generating=False composer=3016
[21:17:27] submit geo 실패 hit=no-btn
[21:17:27] submit 시도 method=send send=False
[21:17:28] submit 미확인 method=send generating=False composer=3016
[21:17:28] submit 시도 method=ctrl
[21:17:28] submit 미확인 method=ctrl generating=False composer=3018
[21:17:29] submit 시도 method=enter
[21:17:29] submit 미확인 method=enter generating=True composer=3018
[21:17:29] submit geo 실패 hit=no-btn
[21:17:29] submit 시도 method=geo2 geo=False
[21:17:30] submit 미확인 method=geo2 generating=True composer=3018
[21:17:30] submit geo 실패 hit=no-btn
[21:17:30] submit 시도 method=send2 send=False
[21:17:30] submit 미확인 method=send2 generating=False composer=3018
[21:17:31] submit 시도 method=ctrl2
[21:17:31] submit 미확인 method=ctrl2 generating=False composer=3020
[21:17:31] submit 실패 composer잔존=3020
[21:17:31] submit 재시도 3/3
[21:17:32] submit 시작 composer=3020 url=https://www.genspark.ai/agents?id=b8cb1be8-fe74-43ba-8873-1ca1a712c179
[21:17:32] submit geo 실패 hit=no-btn
[21:17:32] submit 시도 method=geo geo=False
[21:17:33] submit 미확인 method=geo generating=False composer=3020
[21:17:33] submit geo 실패 hit=no-btn
[21:17:33] submit 시도 method=send send=False
[21:17:33] submit 미확인 method=send generating=False composer=3020
[21:17:34] submit 시도 method=ctrl
[21:17:34] submit 미확인 method=ctrl generating=False composer=3022
[21:17:34] submit 시도 method=enter
[21:17:35] submit 확인 method=enter generating=False composer=0
[21:17:35] ⏱ 입력·전송 SRT_340 14.8s · chars=3012
[21:17:35] 제출 후 last_saved=https://www.genspark.ai/api/files/s/vq5xxreo
[21:17:35] ⏱ 생성대기 시작 SRT_340 max=120s
[21:17:36] ⏱ 생성대기 완료 0.9s SRT_340 https://www.genspark.ai/api/files/s/m58bio20
[21:17:36] ⏱ 생성대기구간 SRT_340 0.9s · ok=True
[21:17:36] SRT_340 근접 이미지 https://www.genspark.ai/api/files/s/m58bio20
[21:17:36] 다운로드 files URL=https://www.genspark.ai/api/files/s/m58bio20 → SRT_340.png
[21:17:37] ⏱ 다운로드 직접 1.3s size=200277 SRT_340.png
[21:17:37] ⏱ 다운로드구간 SRT_340 1.4s · SRT_340.png
[21:17:39] ⏱ 다운로드후유휴 SRT_340 1.5s · idle=True
[21:17:39] ⏱ 씬합계 SRT_340 19.9s · https://www.genspark.ai/api/files/s/m58bio20
[21:17:39] SRT_340 생성·다운로드 완료
C:\cursor\wuxia\무협극장\검신귀환록\2부\15장\png\SRT_340.png
[21:17:39] 상태키 SRT_360 · Baek|base; Jin≈19|base
[21:17:39] 늦은이미지 회수 실패 SRT_020: SRT_020 요청 아래 새 이미지가 없습니다.
[21:17:39] run_scene 시작 SRT_360 · seen_files=17 · last_saved=https://www.genspark.ai/api/files/s/m58bio20
[21:17:39] ⏱ 준비 SRT_360 0.0s · chars=3305
[21:17:40] ⏱ 다음명령유휴 SRT_360 1.0s · idle=True
[21:17:40] fill OK(clip) follow=True chars=3305
[21:17:40] submit 시작 composer=3305 url=https://www.genspark.ai/agents?id=b8cb1be8-fe74-43ba-8873-1ca1a712c179
[21:17:41] submit geo 실패 hit=no-btn
[21:17:41] submit 시도 method=geo geo=False
[21:17:41] submit 미확인 method=geo generating=False composer=3305
[21:17:41] submit geo 실패 hit=no-btn
[21:17:41] submit 시도 method=send send=False
[21:17:42] submit 미확인 method=send generating=False composer=3305
[21:17:42] submit 시도 method=ctrl
[21:17:43] submit 미확인 method=ctrl generating=False composer=3307
[21:17:43] submit 시도 method=enter
[21:17:43] submit 미확인 method=enter generating=False composer=3307
[21:17:43] submit geo 실패 hit=no-btn
[21:17:43] submit 시도 method=geo2 geo=False
[21:17:44] submit 미확인 method=geo2 generating=False composer=3307
[21:17:44] submit geo 실패 hit=no-btn
[21:17:44] submit 시도 method=send2 send=False
[21:17:45] submit 미확인 method=send2 generating=False composer=3307
[21:17:45] submit 시도 method=ctrl2
[21:17:46] submit 미확인 method=ctrl2 generating=False composer=3309
[21:17:46] submit 실패 composer잔존=3309
[21:17:46] submit 재시도 2/3
[21:17:46] submit 시작 composer=3309 url=https://www.genspark.ai/agents?id=b8cb1be8-fe74-43ba-8873-1ca1a712c179
[21:17:46] submit geo 실패 hit=no-btn
[21:17:46] submit 시도 method=geo geo=False
[21:17:47] submit 미확인 method=geo generating=False composer=3309
[21:17:47] submit geo 실패 hit=no-btn
[21:17:47] submit 시도 method=send send=False
[21:17:48] submit 미확인 method=send generating=False composer=3309
[21:17:48] submit 시도 method=ctrl
[21:17:48] submit 미확인 method=ctrl generating=True composer=3311
[21:17:49] submit 시도 method=enter
[21:17:49] submit 미확인 method=enter generating=True composer=3311
[21:17:49] submit geo 실패 hit=no-btn
[21:17:49] submit 시도 method=geo2 geo=False
[21:17:50] submit 미확인 method=geo2 generating=True composer=3311
[21:17:50] submit geo 실패 hit=no-btn
[21:17:50] submit 시도 method=send2 send=False
[21:17:50] submit 미확인 method=send2 generating=True composer=3311
[21:17:51] submit 시도 method=ctrl2
[21:17:51] submit 미확인 method=ctrl2 generating=True composer=3313
[21:17:51] submit 실패 composer잔존=3313
[21:17:51] submit 재시도 3/3
[21:17:52] submit 시작 composer=3313 url=https://www.genspark.ai/agents?id=b8cb1be8-fe74-43ba-8873-1ca1a712c179
[21:17:52] submit geo 실패 hit=no-btn
[21:17:52] submit 시도 method=geo geo=False
[21:17:53] submit 미확인 method=geo generating=False composer=3313
[21:17:53] submit geo 실패 hit=no-btn
[21:17:53] submit 시도 method=send send=False
[21:17:53] submit 미확인 method=send generating=False composer=3313
[21:17:54] submit 시도 method=ctrl
[21:17:54] submit 미확인 method=ctrl generating=False composer=3315
[21:17:54] submit 시도 method=enter
[21:17:55] submit 확인 method=enter generating=False composer=0
[21:17:55] ⏱ 입력·전송 SRT_360 14.9s · chars=3305
[21:17:55] 제출 후 last_saved=https://www.genspark.ai/api/files/s/m58bio20
[21:17:55] ⏱ 생성대기 시작 SRT_360 max=120s
[21:17:56] ⏱ 생성대기 완료(busy무시) 1.0s SRT_360 https://www.genspark.ai/api/files/s/9vhy57sc
[21:17:56] ⏱ 생성대기구간 SRT_360 1.0s · ok=True
[21:17:56] SRT_360 근접 이미지 https://www.genspark.ai/api/files/s/9vhy57sc
[21:17:56] 다운로드 files URL=https://www.genspark.ai/api/files/s/9vhy57sc → SRT_360.png
[21:17:58] ⏱ 다운로드 직접 1.4s size=311673 SRT_360.png
[21:17:58] ⏱ 다운로드구간 SRT_360 1.4s · SRT_360.png
[21:17:59] ⏱ 다운로드후유휴 SRT_360 1.5s · idle=True
[21:17:59] ⏱ 씬합계 SRT_360 20.1s · https://www.genspark.ai/api/files/s/9vhy57sc
[21:17:59] SRT_360 생성·다운로드 완료
C:\cursor\wuxia\무협극장\검신귀환록\2부\15장\png\SRT_360.png
[21:17:59] 상태키 SRT_380 · Baek|base; Jin≈19|base
[21:17:59] 늦은이미지 회수 실패 SRT_020: SRT_020 요청 아래 새 이미지가 없습니다.
[21:17:59] run_scene 시작 SRT_380 · seen_files=18 · last_saved=https://www.genspark.ai/api/files/s/9vhy57sc
[21:17:59] ⏱ 준비 SRT_380 0.0s · chars=2470
[21:18:00] ⏱ 다음명령유휴 SRT_380 1.0s · idle=True
[21:18:01] fill OK(clip) follow=True chars=2470
[21:18:01] submit 시작 composer=2470 url=https://www.genspark.ai/agents?id=b8cb1be8-fe74-43ba-8873-1ca1a712c179
[21:18:01] submit geo 실패 hit=no-btn
[21:18:01] submit 시도 method=geo geo=False
[21:18:01] submit 미확인 method=geo generating=False composer=2470
[21:18:02] submit geo 실패 hit=no-btn
[21:18:02] submit 시도 method=send send=False
[21:18:02] submit 미확인 method=send generating=False composer=2470
[21:18:02] submit 시도 method=ctrl
[21:18:03] submit 미확인 method=ctrl generating=False composer=2472
[21:18:03] submit 시도 method=enter
[21:18:04] submit 미확인 method=enter generating=False composer=2472
[21:18:04] submit geo 실패 hit=no-btn
[21:18:04] submit 시도 method=geo2 geo=False
[21:18:04] submit 미확인 method=geo2 generating=False composer=2472
[21:18:04] submit geo 실패 hit=no-btn
[21:18:04] submit 시도 method=send2 send=False
[21:18:05] submit 미확인 method=send2 generating=False composer=2472
[21:18:05] submit 시도 method=ctrl2
[21:18:06] submit 미확인 method=ctrl2 generating=False composer=2474
[21:18:06] submit 실패 composer잔존=2474
[21:18:06] submit 재시도 2/3
[21:18:06] submit 시작 composer=2474 url=https://www.genspark.ai/agents?id=b8cb1be8-fe74-43ba-8873-1ca1a712c179
[21:18:07] submit geo 실패 hit=no-btn
[21:18:07] submit 시도 method=geo geo=False
[21:18:07] submit 미확인 method=geo generating=False composer=2474
[21:18:07] submit geo 실패 hit=no-btn
[21:18:07] submit 시도 method=send send=False
[21:18:08] submit 미확인 method=send generating=False composer=2474
[21:18:08] submit 시도 method=ctrl
[21:18:09] submit 미확인 method=ctrl generating=False composer=2476
[21:18:09] submit 시도 method=enter
[21:18:09] submit 미확인 method=enter generating=True composer=2476
[21:18:09] submit geo 실패 hit=no-btn
[21:18:09] submit 시도 method=geo2 geo=False
[21:18:10] submit 미확인 method=geo2 generating=True composer=2476
[21:18:10] submit geo 실패 hit=no-btn
[21:18:10] submit 시도 method=send2 send=False
[21:18:11] submit 미확인 method=send2 generating=False composer=2476
[21:18:11] submit 시도 method=ctrl2
[21:18:12] submit 미확인 method=ctrl2 generating=False composer=2478
[21:18:12] submit 실패 composer잔존=2478
[21:18:12] submit 재시도 3/3
[21:18:12] submit 시작 composer=2478 url=https://www.genspark.ai/agents?id=b8cb1be8-fe74-43ba-8873-1ca1a712c179
[21:18:12] submit geo 실패 hit=no-btn
[21:18:12] submit 시도 method=geo geo=False
[21:18:13] submit 미확인 method=geo generating=False composer=2478
[21:18:13] submit geo 실패 hit=no-btn
[21:18:13] submit 시도 method=send send=False
[21:18:14] submit 미확인 method=send generating=False composer=2478
[21:18:14] submit 시도 method=ctrl
[21:18:14] submit 미확인 method=ctrl generating=False composer=2480
[21:18:15] submit 시도 method=enter
[21:18:15] submit 확인 method=enter generating=False composer=0
[21:18:15] ⏱ 입력·전송 SRT_380 14.8s · chars=2470
[21:18:15] 제출 후 last_saved=https://www.genspark.ai/api/files/s/9vhy57sc
[21:18:15] ⏱ 생성대기 시작 SRT_380 max=120s
[21:18:16] ⏱ 생성대기 완료 0.9s SRT_380 https://www.genspark.ai/api/files/s/fofm8heb
[21:18:16] ⏱ 생성대기구간 SRT_380 0.9s · ok=True
[21:18:16] SRT_380 근접 이미지 https://www.genspark.ai/api/files/s/fofm8heb
[21:18:16] 다운로드 files URL=https://www.genspark.ai/api/files/s/fofm8heb → SRT_380.png
[21:18:18] ⏱ 다운로드 직접 1.5s size=280002 SRT_380.png
[21:18:18] ⏱ 다운로드구간 SRT_380 1.5s · SRT_380.png
[21:18:19] ⏱ 다운로드후유휴 SRT_380 1.0s · idle=True
[21:18:19] ⏱ 씬합계 SRT_380 19.5s · https://www.genspark.ai/api/files/s/fofm8heb
[21:18:19] SRT_380 생성·다운로드 완료
C:\cursor\wuxia\무협극장\검신귀환록\2부\15장\png\SRT_380.png
[21:18:19] 상태키 SRT_400 · Baek|base; Jin≈19|base
[21:18:19] 늦은이미지 회수 실패 SRT_020: SRT_020 요청 아래 새 이미지가 없습니다.
[21:18:19] run_scene 시작 SRT_400 · seen_files=19 · last_saved=https://www.genspark.ai/api/files/s/fofm8heb
[21:18:19] ⏱ 준비 SRT_400 0.0s · chars=2504
[21:18:20] ⏱ 다음명령유휴 SRT_400 1.0s · idle=True
[21:18:20] fill OK(clip) follow=True chars=2504
[21:18:20] submit 시작 composer=2504 url=https://www.genspark.ai/agents?id=b8cb1be8-fe74-43ba-8873-1ca1a712c179
[21:18:21] submit geo 실패 hit=no-btn
[21:18:21] submit 시도 method=geo geo=False
[21:18:21] submit 미확인 method=geo generating=False composer=2504
[21:18:21] submit geo 실패 hit=no-btn
[21:18:21] submit 시도 method=send send=False
[21:18:22] submit 미확인 method=send generating=False composer=2504
[21:18:22] submit 시도 method=ctrl
[21:18:23] submit 미확인 method=ctrl generating=False composer=2506
[21:18:23] submit 시도 method=enter
[21:18:23] submit 미확인 method=enter generating=False composer=2506
[21:18:23] submit geo 실패 hit=no-btn
[21:18:23] submit 시도 method=geo2 geo=False
[21:18:24] submit 미확인 method=geo2 generating=False composer=2506
[21:18:24] submit geo 실패 hit=no-btn
[21:18:24] submit 시도 method=send2 send=False
[21:18:25] submit 미확인 method=send2 generating=False composer=2506
[21:18:25] submit 시도 method=ctrl2
[21:18:25] submit 미확인 method=ctrl2 generating=False composer=2508
[21:18:25] submit 실패 composer잔존=2508
[21:18:25] submit 재시도 2/3
[21:18:26] submit 시작 composer=2508 url=https://www.genspark.ai/agents?id=b8cb1be8-fe74-43ba-8873-1ca1a712c179
[21:18:26] submit geo 실패 hit=no-btn
[21:18:26] submit 시도 method=geo geo=False
[21:18:27] submit 미확인 method=geo generating=False composer=2508
[21:18:27] submit geo 실패 hit=no-btn
[21:18:27] submit 시도 method=send send=False
[21:18:28] submit 미확인 method=send generating=True composer=2508
[21:18:28] submit 시도 method=ctrl
[21:18:28] submit 미확인 method=ctrl generating=True composer=2510
[21:18:29] submit 시도 method=enter
[21:18:29] submit 미확인 method=enter generating=True composer=2510
[21:18:29] submit geo 실패 hit=no-btn
[21:18:29] submit 시도 method=geo2 geo=False
[21:18:30] submit 미확인 method=geo2 generating=False composer=2510
[21:18:30] submit geo 실패 hit=no-btn
[21:18:30] submit 시도 method=send2 send=False
[21:18:30] submit 미확인 method=send2 generating=False composer=2510
[21:18:31] submit 시도 method=ctrl2
[21:18:31] submit 미확인 method=ctrl2 generating=False composer=2512
[21:18:31] submit 실패 composer잔존=2512
[21:18:31] submit 재시도 3/3
[21:18:32] submit 시작 composer=2512 url=https://www.genspark.ai/agents?id=b8cb1be8-fe74-43ba-8873-1ca1a712c179
[21:18:32] submit geo 실패 hit=no-btn
[21:18:32] submit 시도 method=geo geo=False
[21:18:33] submit 미확인 method=geo generating=False composer=2512
[21:18:33] submit geo 실패 hit=no-btn
[21:18:33] submit 시도 method=send send=False
[21:18:33] submit 미확인 method=send generating=False composer=2512
[21:18:33] submit 시도 method=ctrl
[21:18:34] submit 미확인 method=ctrl generating=False composer=2514
[21:18:34] submit 시도 method=enter
[21:18:35] submit 확인 method=enter generating=False composer=0
[21:18:35] ⏱ 입력·전송 SRT_400 14.9s · chars=2504
[21:18:35] 제출 후 last_saved=https://www.genspark.ai/api/files/s/fofm8heb
[21:18:35] ⏱ 생성대기 시작 SRT_400 max=120s
[21:18:36] ⏱ 생성대기 완료 0.9s SRT_400 https://www.genspark.ai/api/files/s/tzn38skx
[21:18:36] ⏱ 생성대기구간 SRT_400 0.9s · ok=True
[21:18:36] SRT_400 근접 이미지 https://www.genspark.ai/api/files/s/tzn38skx
[21:18:36] 다운로드 files URL=https://www.genspark.ai/api/files/s/tzn38skx → SRT_400.png
[21:18:37] ⏱ 다운로드 직접 1.5s size=329734 SRT_400.png
[21:18:37] ⏱ 다운로드구간 SRT_400 1.5s · SRT_400.png
[21:18:40] ⏱ 다운로드후유휴 SRT_400 2.6s · idle=True
[21:18:40] ⏱ 씬합계 SRT_400 21.1s · https://www.genspark.ai/api/files/s/tzn38skx
[21:18:40] SRT_400 생성·다운로드 완료
C:\cursor\wuxia\무협극장\검신귀환록\2부\15장\png\SRT_400.png
[21:18:40] 상태키 SRT_420 · Baek|base; Jin≈19|base
[21:18:40] 늦은이미지 회수 실패 SRT_020: SRT_020 요청 아래 새 이미지가 없습니다.
[21:18:40] run_scene 시작 SRT_420 · seen_files=20 · last_saved=https://www.genspark.ai/api/files/s/tzn38skx
[21:18:40] ⏱ 준비 SRT_420 0.0s · chars=1379
[21:18:41] ⏱ 다음명령유휴 SRT_420 1.0s · idle=True
[21:18:42] fill OK(clip) follow=True chars=1379
[21:18:42] submit 시작 composer=1379 url=https://www.genspark.ai/agents?id=b8cb1be8-fe74-43ba-8873-1ca1a712c179
[21:18:42] submit geo 실패 hit=no-btn
[21:18:42] submit 시도 method=geo geo=False
[21:18:42] submit 미확인 method=geo generating=False composer=1379
[21:18:42] submit geo 실패 hit=no-btn
[21:18:42] submit 시도 method=send send=False
[21:18:43] submit 미확인 method=send generating=False composer=1379
[21:18:43] submit 시도 method=ctrl
[21:18:44] submit 미확인 method=ctrl generating=False composer=1381
[21:18:44] submit 시도 method=enter
[21:18:45] submit 미확인 method=enter generating=False composer=1381
[21:18:45] submit geo 실패 hit=no-btn
[21:18:45] submit 시도 method=geo2 geo=False
[21:18:45] submit 미확인 method=geo2 generating=False composer=1381
[21:18:45] submit geo 실패 hit=no-btn
[21:18:45] submit 시도 method=send2 send=False
[21:18:46] submit 미확인 method=send2 generating=False composer=1381
[21:18:46] submit 시도 method=ctrl2
[21:18:47] submit 미확인 method=ctrl2 generating=False composer=1383
[21:18:47] submit 실패 composer잔존=1383
[21:18:47] submit 재시도 2/3
[21:18:47] submit 시작 composer=1383 url=https://www.genspark.ai/agents?id=b8cb1be8-fe74-43ba-8873-1ca1a712c179
[21:18:48] submit geo 실패 hit=no-btn
[21:18:48] submit 시도 method=geo geo=False
[21:18:48] submit 미확인 method=geo generating=False composer=1383
[21:18:48] submit geo 실패 hit=no-btn
[21:18:48] submit 시도 method=send send=False
[21:18:49] submit 미확인 method=send generating=False composer=1383
[21:18:49] submit 시도 method=ctrl
[21:18:50] submit 미확인 method=ctrl generating=False composer=1385
[21:18:50] submit 시도 method=enter
[21:18:50] submit 미확인 method=enter generating=False composer=1385
[21:18:50] submit geo 실패 hit=no-btn
[21:18:50] submit 시도 method=geo2 geo=False
[21:18:51] submit 미확인 method=geo2 generating=False composer=1385
[21:18:51] submit geo 실패 hit=no-btn
[21:18:51] submit 시도 method=send2 send=False
[21:18:52] submit 미확인 method=send2 generating=False composer=1385
[21:18:52] submit 시도 method=ctrl2
[21:18:52] submit 미확인 method=ctrl2 generating=True composer=1387
[21:18:52] submit 실패 composer잔존=1387
[21:18:52] submit 재시도 3/3
[21:18:53] submit 시작 composer=1387 url=https://www.genspark.ai/agents?id=b8cb1be8-fe74-43ba-8873-1ca1a712c179
[21:18:53] submit geo 실패 hit=no-btn
[21:18:53] submit 시도 method=geo geo=False
[21:18:54] submit 미확인 method=geo generating=False composer=1387
[21:18:54] submit geo 실패 hit=no-btn
[21:18:54] submit 시도 method=send send=False
[21:18:55] submit 미확인 method=send generating=False composer=1387
[21:18:55] submit 시도 method=ctrl
[21:18:55] submit 미확인 method=ctrl generating=False composer=1389
[21:18:56] submit 시도 method=enter
[21:18:56] submit 확인 method=enter generating=False composer=0
[21:18:56] ⏱ 입력·전송 SRT_420 15.0s · chars=1379
[21:18:56] 제출 후 last_saved=https://www.genspark.ai/api/files/s/tzn38skx
[21:18:56] ⏱ 생성대기 시작 SRT_420 max=120s
[21:18:57] ⏱ 생성대기 완료(busy무시) 1.0s SRT_420 https://www.genspark.ai/api/files/s/tkkbittb
[21:18:57] ⏱ 생성대기구간 SRT_420 1.0s · ok=True
[21:18:57] SRT_420 근접 이미지 https://www.genspark.ai/api/files/s/tkkbittb
[21:18:57] 다운로드 files URL=https://www.genspark.ai/api/files/s/tkkbittb → SRT_420.png
[21:18:59] ⏱ 다운로드 직접 1.6s size=306907 SRT_420.png
[21:18:59] ⏱ 다운로드구간 SRT_420 1.6s · SRT_420.png
[21:19:00] ⏱ 다운로드후유휴 SRT_420 1.0s · idle=True
[21:19:00] ⏱ 씬합계 SRT_420 19.9s · https://www.genspark.ai/api/files/s/tkkbittb
[21:19:00] SRT_420 생성·다운로드 완료
C:\cursor\wuxia\무협극장\검신귀환록\2부\15장\png\SRT_420.png
[21:19:00] 상태키 SRT_440 · Baek|base; Jin≈19|base
[21:19:00] 늦은이미지 회수 실패 SRT_020: SRT_020 요청 아래 새 이미지가 없습니다.
[21:19:00] run_scene 시작 SRT_440 · seen_files=21 · last_saved=https://www.genspark.ai/api/files/s/tkkbittb
[21:19:00] ⏱ 준비 SRT_440 0.0s · chars=2982
[21:19:01] ⏱ 다음명령유휴 SRT_440 1.0s · idle=True
[21:19:02] fill OK(clip) follow=True chars=2982
[21:19:02] submit 시작 composer=2982 url=https://www.genspark.ai/agents?id=b8cb1be8-fe74-43ba-8873-1ca1a712c179
[21:19:02] submit geo 실패 hit=no-btn
[21:19:02] submit 시도 method=geo geo=False
[21:19:02] submit 미확인 method=geo generating=False composer=2982
[21:19:03] submit geo 실패 hit=no-btn
[21:19:03] submit 시도 method=send send=False
[21:19:03] submit 미확인 method=send generating=False composer=2982
[21:19:03] submit 시도 method=ctrl
[21:19:04] submit 미확인 method=ctrl generating=False composer=2984
[21:19:04] submit 시도 method=enter
[21:19:05] submit 미확인 method=enter generating=False composer=2984
[21:19:05] submit geo 실패 hit=no-btn
[21:19:05] submit 시도 method=geo2 geo=False
[21:19:05] submit 미확인 method=geo2 generating=False composer=2984
[21:19:05] submit geo 실패 hit=no-btn
[21:19:05] submit 시도 method=send2 send=False
[21:19:06] submit 미확인 method=send2 generating=False composer=2984
[21:19:06] submit 시도 method=ctrl2
[21:19:07] submit 미확인 method=ctrl2 generating=False composer=2986
[21:19:07] submit 실패 composer잔존=2986
[21:19:07] submit 재시도 2/3
[21:19:07] submit 시작 composer=2986 url=https://www.genspark.ai/agents?id=b8cb1be8-fe74-43ba-8873-1ca1a712c179
[21:19:08] submit geo 실패 hit=no-btn
[21:19:08] submit 시도 method=geo geo=False
[21:19:08] submit 미확인 method=geo generating=False composer=2986
[21:19:08] submit geo 실패 hit=no-btn
[21:19:08] submit 시도 method=send send=False
[21:19:09] submit 미확인 method=send generating=True composer=2986
[21:19:09] submit 시도 method=ctrl
[21:19:10] submit 미확인 method=ctrl generating=True composer=2988
[21:19:10] submit 시도 method=enter
[21:19:10] submit 미확인 method=enter generating=False composer=2988
[21:19:10] submit geo 실패 hit=no-btn
[21:19:10] submit 시도 method=geo2 geo=False
[21:19:11] submit 미확인 method=geo2 generating=False composer=2988
[21:19:11] submit geo 실패 hit=no-btn
[21:19:11] submit 시도 method=send2 send=False
[21:19:12] submit 미확인 method=send2 generating=False composer=2988
[21:19:12] submit 시도 method=ctrl2
[21:19:13] submit 미확인 method=ctrl2 generating=False composer=2990
[21:19:13] submit 실패 composer잔존=2990
[21:19:13] submit 재시도 3/3
[21:19:13] submit 시작 composer=2990 url=https://www.genspark.ai/agents?id=b8cb1be8-fe74-43ba-8873-1ca1a712c179
[21:19:13] submit geo 실패 hit=no-btn
[21:19:13] submit 시도 method=geo geo=False
[21:19:14] submit 미확인 method=geo generating=False composer=2990
[21:19:14] submit geo 실패 hit=no-btn
[21:19:14] submit 시도 method=send send=False
[21:19:15] submit 미확인 method=send generating=False composer=2990
[21:19:15] submit 시도 method=ctrl
[21:19:15] submit 미확인 method=ctrl generating=False composer=2992
[21:19:16] submit 시도 method=enter
[21:19:16] submit 확인 method=enter generating=False composer=0
[21:19:16] ⏱ 입력·전송 SRT_440 14.9s · chars=2982
[21:19:16] 제출 후 last_saved=https://www.genspark.ai/api/files/s/tkkbittb
[21:19:16] ⏱ 생성대기 시작 SRT_440 max=120s
[21:19:18] ⏱ 생성대기 완료(busy무시) 1.1s SRT_440 https://www.genspark.ai/api/files/s/luwprlu1
[21:19:18] ⏱ 생성대기구간 SRT_440 1.1s · ok=True
[21:19:18] SRT_440 근접 이미지 https://www.genspark.ai/api/files/s/luwprlu1
[21:19:18] 다운로드 files URL=https://www.genspark.ai/api/files/s/luwprlu1 → SRT_440.png
[21:19:19] ⏱ 다운로드 직접 1.5s size=304671 SRT_440.png
[21:19:19] ⏱ 다운로드구간 SRT_440 1.5s · SRT_440.png
[21:19:20] ⏱ 다운로드후유휴 SRT_440 1.0s · idle=True
[21:19:20] ⏱ 씬합계 SRT_440 19.8s · https://www.genspark.ai/api/files/s/luwprlu1
[21:19:20] SRT_440 생성·다운로드 완료
C:\cursor\wuxia\무협극장\검신귀환록\2부\15장\png\SRT_440.png
[21:19:20] 상태키 SRT_460 · Baek|base; Jin≈19|base
[21:19:20] 늦은이미지 회수 실패 SRT_020: SRT_020 요청 아래 새 이미지가 없습니다.
[21:19:20] run_scene 시작 SRT_460 · seen_files=22 · last_saved=https://www.genspark.ai/api/files/s/luwprlu1
[21:19:20] ⏱ 준비 SRT_460 0.0s · chars=1910
[21:19:21] ⏱ 다음명령유휴 SRT_460 1.0s · idle=True
[21:19:22] fill OK(clip) follow=True chars=1910
[21:19:22] submit 시작 composer=1910 url=https://www.genspark.ai/agents?id=b8cb1be8-fe74-43ba-8873-1ca1a712c179
[21:19:22] submit geo 실패 hit=no-btn
[21:19:22] submit 시도 method=geo geo=False
[21:19:22] submit 미확인 method=geo generating=False composer=1910
[21:19:22] submit geo 실패 hit=no-btn
[21:19:22] submit 시도 method=send send=False
[21:19:23] submit 미확인 method=send generating=False composer=1910
[21:19:23] submit 시도 method=ctrl
[21:19:24] submit 미확인 method=ctrl generating=False composer=1912
[21:19:24] submit 시도 method=enter
[21:19:25] submit 미확인 method=enter generating=False composer=1912
[21:19:25] submit geo 실패 hit=no-btn
[21:19:25] submit 시도 method=geo2 geo=False
[21:19:25] submit 미확인 method=geo2 generating=False composer=1912
[21:19:25] submit geo 실패 hit=no-btn
[21:19:25] submit 시도 method=send2 send=False
[21:19:26] submit 미확인 method=send2 generating=False composer=1912
[21:19:26] submit 시도 method=ctrl2
[21:19:27] submit 미확인 method=ctrl2 generating=False composer=1914
[21:19:27] submit 실패 composer잔존=1914
[21:19:27] submit 재시도 2/3
[21:19:27] submit 시작 composer=1914 url=https://www.genspark.ai/agents?id=b8cb1be8-fe74-43ba-8873-1ca1a712c179
[21:19:28] submit geo 실패 hit=no-btn
[21:19:28] submit 시도 method=geo geo=False
[21:19:28] submit 미확인 method=geo generating=False composer=1914
[21:19:28] submit geo 실패 hit=no-btn
[21:19:28] submit 시도 method=send send=False
[21:19:29] submit 미확인 method=send generating=False composer=1914
[21:19:29] submit 시도 method=ctrl
[21:19:30] submit 미확인 method=ctrl generating=True composer=1916
[21:19:30] submit 시도 method=enter
[21:19:30] submit 미확인 method=enter generating=True composer=1916
[21:19:30] submit geo 실패 hit=no-btn
[21:19:30] submit 시도 method=geo2 geo=False
[21:19:31] submit 미확인 method=geo2 generating=True composer=1916
[21:19:31] submit geo 실패 hit=no-btn
[21:19:31] submit 시도 method=send2 send=False
[21:19:32] submit 미확인 method=send2 generating=False composer=1916
[21:19:32] submit 시도 method=ctrl2
[21:19:32] submit 미확인 method=ctrl2 generating=False composer=1918
[21:19:32] submit 실패 composer잔존=1918
[21:19:32] submit 재시도 3/3
[21:19:33] submit 시작 composer=1918 url=https://www.genspark.ai/agents?id=b8cb1be8-fe74-43ba-8873-1ca1a712c179
[21:19:33] submit geo 실패 hit=no-btn
[21:19:33] submit 시도 method=geo geo=False
[21:19:34] submit 미확인 method=geo generating=False composer=1918
[21:19:34] submit geo 실패 hit=no-btn
[21:19:34] submit 시도 method=send send=False
[21:19:34] submit 미확인 method=send generating=False composer=1918
[21:19:35] submit 시도 method=ctrl
[21:19:35] submit 미확인 method=ctrl generating=False composer=1920
[21:19:36] submit 시도 method=enter
[21:19:36] submit 확인 method=enter generating=False composer=0
[21:19:36] ⏱ 입력·전송 SRT_460 14.9s · chars=1910
[21:19:36] 제출 후 last_saved=https://www.genspark.ai/api/files/s/luwprlu1
[21:19:36] ⏱ 생성대기 시작 SRT_460 max=120s
[21:19:37] ⏱ 생성대기 완료(busy무시) 1.1s SRT_460 https://www.genspark.ai/api/files/s/ueo5ddet
[21:19:37] ⏱ 생성대기구간 SRT_460 1.1s · ok=True
[21:19:37] SRT_460 근접 이미지 https://www.genspark.ai/api/files/s/ueo5ddet
[21:19:37] 다운로드 files URL=https://www.genspark.ai/api/files/s/ueo5ddet → SRT_460.png
[21:19:39] ⏱ 다운로드 직접 1.8s size=271395 SRT_460.png
[21:19:39] ⏱ 다운로드구간 SRT_460 1.8s · SRT_460.png
[21:19:40] ⏱ 다운로드후유휴 SRT_460 1.0s · idle=True
[21:19:40] ⏱ 씬합계 SRT_460 20.0s · https://www.genspark.ai/api/files/s/ueo5ddet
[21:19:40] SRT_460 생성·다운로드 완료
C:\cursor\wuxia\무협극장\검신귀환록\2부\15장\png\SRT_460.png
[21:19:40] 상태키 SRT_480 · Baek|base; Jin≈19|base
[21:19:40] 늦은이미지 회수 실패 SRT_020: SRT_020 요청 아래 새 이미지가 없습니다.
[21:19:40] run_scene 시작 SRT_480 · seen_files=23 · last_saved=https://www.genspark.ai/api/files/s/ueo5ddet
[21:19:40] ⏱ 준비 SRT_480 0.0s · chars=2455
[21:19:41] ⏱ 다음명령유휴 SRT_480 1.0s · idle=True
[21:19:42] fill OK(clip) follow=True chars=2455
[21:19:42] submit 시작 composer=2455 url=https://www.genspark.ai/agents?id=b8cb1be8-fe74-43ba-8873-1ca1a712c179
[21:19:42] submit geo 실패 hit=no-btn
[21:19:42] submit 시도 method=geo geo=False
[21:19:43] submit 미확인 method=geo generating=False composer=2455
[21:19:43] submit geo 실패 hit=no-btn
[21:19:43] submit 시도 method=send send=False
[21:19:43] submit 미확인 method=send generating=False composer=2455
[21:19:44] submit 시도 method=ctrl
[21:19:44] submit 미확인 method=ctrl generating=False composer=2457
[21:19:44] submit 시도 method=enter
[21:19:45] submit 미확인 method=enter generating=False composer=2457
[21:19:45] submit geo 실패 hit=no-btn
[21:19:45] submit 시도 method=geo2 geo=False
[21:19:45] submit 미확인 method=geo2 generating=False composer=2457
[21:19:46] submit geo 실패 hit=no-btn
[21:19:46] submit 시도 method=send2 send=False
[21:19:46] submit 미확인 method=send2 generating=False composer=2457
[21:19:46] submit 시도 method=ctrl2
[21:19:47] submit 미확인 method=ctrl2 generating=False composer=2459
[21:19:47] submit 실패 composer잔존=2459
[21:19:47] submit 재시도 2/3
[21:19:48] submit 시작 composer=2459 url=https://www.genspark.ai/agents?id=b8cb1be8-fe74-43ba-8873-1ca1a712c179
[21:19:48] submit geo 실패 hit=no-btn
[21:19:48] submit 시도 method=geo geo=False
[21:19:48] submit 미확인 method=geo generating=False composer=2459
[21:19:48] submit geo 실패 hit=no-btn
[21:19:48] submit 시도 method=send send=False
[21:19:49] submit 미확인 method=send generating=False composer=2459
[21:19:49] submit 시도 method=ctrl
[21:19:50] submit 미확인 method=ctrl generating=False composer=2461
[21:19:50] submit 시도 method=enter
[21:19:51] submit 미확인 method=enter generating=False composer=2461
[21:19:51] submit geo 실패 hit=no-btn
[21:19:51] submit 시도 method=geo2 geo=False
[21:19:51] submit 미확인 method=geo2 generating=False composer=2461
[21:19:51] submit geo 실패 hit=no-btn
[21:19:51] submit 시도 method=send2 send=False
[21:19:52] submit 미확인 method=send2 generating=True composer=2461
[21:19:52] submit 시도 method=ctrl2
[21:19:53] submit 미확인 method=ctrl2 generating=True composer=2463
[21:19:53] submit 실패 composer잔존=2463
[21:19:53] submit 재시도 3/3
[21:19:53] submit 시작 composer=2463 url=https://www.genspark.ai/agents?id=b8cb1be8-fe74-43ba-8873-1ca1a712c179
[21:19:54] submit geo 실패 hit=no-btn
[21:19:54] submit 시도 method=geo geo=False
[21:19:54] submit 미확인 method=geo generating=False composer=2463
[21:19:54] submit geo 실패 hit=no-btn
[21:19:54] submit 시도 method=send send=False
[21:19:55] submit 미확인 method=send generating=False composer=2463
[21:19:55] submit 시도 method=ctrl
[21:19:56] submit 미확인 method=ctrl generating=False composer=2465
[21:19:56] submit 시도 method=enter
[21:19:56] submit 확인 method=enter generating=False composer=0
[21:19:56] ⏱ 입력·전송 SRT_480 15.0s · chars=2455
[21:19:56] 제출 후 last_saved=https://www.genspark.ai/api/files/s/ueo5ddet
[21:19:57] ⏱ 생성대기 시작 SRT_480 max=120s
[21:19:58] ⏱ 생성대기 완료 0.9s SRT_480 https://www.genspark.ai/api/files/s/tfphi7hu
[21:19:58] ⏱ 생성대기구간 SRT_480 0.9s · ok=True
[21:19:58] SRT_480 근접 이미지 https://www.genspark.ai/api/files/s/tfphi7hu
[21:19:58] 다운로드 files URL=https://www.genspark.ai/api/files/s/tfphi7hu → SRT_480.png
[21:19:59] ⏱ 다운로드 직접 1.3s size=261191 SRT_480.png
[21:19:59] ⏱ 다운로드구간 SRT_480 1.3s · SRT_480.png
[21:20:00] ⏱ 다운로드후유휴 SRT_480 1.5s · idle=True
[21:20:00] ⏱ 씬합계 SRT_480 20.1s · https://www.genspark.ai/api/files/s/tfphi7hu
[21:20:00] SRT_480 생성·다운로드 완료
C:\cursor\wuxia\무협극장\검신귀환록\2부\15장\png\SRT_480.png
[21:20:01] 상태키 SRT_500 · Baek|base; Jin≈19|base
[21:20:01] 늦은이미지 회수 실패 SRT_020: SRT_020 요청 아래 새 이미지가 없습니다.
[21:20:01] run_scene 시작 SRT_500 · seen_files=24 · last_saved=https://www.genspark.ai/api/files/s/tfphi7hu
[21:20:01] ⏱ 준비 SRT_500 0.0s · chars=1417
[21:20:02] ⏱ 다음명령유휴 SRT_500 1.0s · idle=True
[21:20:02] fill OK(clip) follow=True chars=1417
[21:20:02] submit 시작 composer=1417 url=https://www.genspark.ai/agents?id=b8cb1be8-fe74-43ba-8873-1ca1a712c179
[21:20:02] submit geo 실패 hit=no-btn
[21:20:02] submit 시도 method=geo geo=False
[21:20:03] submit 미확인 method=geo generating=False composer=1417
[21:20:03] submit geo 실패 hit=no-btn
[21:20:03] submit 시도 method=send send=False
[21:20:04] submit 미확인 method=send generating=False composer=1417
[21:20:04] submit 시도 method=ctrl
[21:20:04] submit 미확인 method=ctrl generating=False composer=1419
[21:20:05] submit 시도 method=enter
[21:20:05] submit 미확인 method=enter generating=False composer=1419
[21:20:05] submit geo 실패 hit=no-btn
[21:20:05] submit 시도 method=geo2 geo=False
[21:20:06] submit 미확인 method=geo2 generating=False composer=1419
[21:20:06] submit geo 실패 hit=no-btn
[21:20:06] submit 시도 method=send2 send=False
[21:20:06] submit 미확인 method=send2 generating=False composer=1419
[21:20:07] submit 시도 method=ctrl2
[21:20:07] submit 미확인 method=ctrl2 generating=False composer=1421
[21:20:07] submit 실패 composer잔존=1421
[21:20:07] submit 재시도 2/3
[21:20:08] submit 시작 composer=1421 url=https://www.genspark.ai/agents?id=b8cb1be8-fe74-43ba-8873-1ca1a712c179
[21:20:08] submit geo 실패 hit=no-btn
[21:20:08] submit 시도 method=geo geo=False
[21:20:09] submit 미확인 method=geo generating=False composer=1421
[21:20:09] submit geo 실패 hit=no-btn
[21:20:09] submit 시도 method=send send=False
[21:20:09] submit 미확인 method=send generating=False composer=1421
[21:20:10] submit 시도 method=ctrl
[21:20:10] submit 미확인 method=ctrl generating=False composer=1423
[21:20:10] submit 시도 method=enter
[21:20:11] submit 미확인 method=enter generating=True composer=1423
[21:20:11] submit geo 실패 hit=no-btn
[21:20:11] submit 시도 method=geo2 geo=False
[21:20:11] submit 미확인 method=geo2 generating=True composer=1423
[21:20:12] submit geo 실패 hit=no-btn
[21:20:12] submit 시도 method=send2 send=False
[21:20:12] submit 미확인 method=send2 generating=True composer=1423
[21:20:12] submit 시도 method=ctrl2
[21:20:13] submit 미확인 method=ctrl2 generating=True composer=1425
[21:20:13] submit 실패 composer잔존=1425
[21:20:13] submit 재시도 3/3
[21:20:14] submit 시작 composer=1425 url=https://www.genspark.ai/agents?id=b8cb1be8-fe74-43ba-8873-1ca1a712c179
[21:20:14] submit geo 실패 hit=no-btn
[21:20:14] submit 시도 method=geo geo=False
[21:20:14] submit 미확인 method=geo generating=False composer=1425
[21:20:14] submit geo 실패 hit=no-btn
[21:20:14] submit 시도 method=send send=False
[21:20:15] submit 미확인 method=send generating=False composer=1425
[21:20:15] submit 시도 method=ctrl
[21:20:16] submit 미확인 method=ctrl generating=False composer=1427
[21:20:16] submit 시도 method=enter
[21:20:17] submit 확인 method=enter generating=False composer=0
[21:20:17] ⏱ 입력·전송 SRT_500 15.0s · chars=1417
[21:20:17] 제출 후 last_saved=https://www.genspark.ai/api/files/s/tfphi7hu
[21:20:17] ⏱ 생성대기 시작 SRT_500 max=120s
[21:20:18] ⏱ 생성대기 완료 0.9s SRT_500 https://www.genspark.ai/api/files/s/oheowndo
[21:20:18] ⏱ 생성대기구간 SRT_500 0.9s · ok=True
[21:20:18] SRT_500 근접 이미지 https://www.genspark.ai/api/files/s/oheowndo
[21:20:18] 다운로드 files URL=https://www.genspark.ai/api/files/s/oheowndo → SRT_500.png
[21:20:19] ⏱ 다운로드 직접 1.4s size=288766 SRT_500.png
[21:20:19] ⏱ 다운로드구간 SRT_500 1.5s · SRT_500.png
[21:20:21] ⏱ 다운로드후유휴 SRT_500 2.0s · idle=True
[21:20:21] ⏱ 씬합계 SRT_500 20.7s · https://www.genspark.ai/api/files/s/oheowndo
[21:20:21] SRT_500 생성·다운로드 완료
C:\cursor\wuxia\무협극장\검신귀환록\2부\15장\png\SRT_500.png
[21:20:21] 상태키 SRT_520 · Baek|base; Jin≈19|base
[21:20:21] 늦은이미지 회수 실패 SRT_020: SRT_020 요청 아래 새 이미지가 없습니다.
[21:20:21] run_scene 시작 SRT_520 · seen_files=25 · last_saved=https://www.genspark.ai/api/files/s/oheowndo
[21:20:21] ⏱ 준비 SRT_520 0.0s · chars=2448
[21:20:23] ⏱ 다음명령유휴 SRT_520 1.0s · idle=True
[21:20:23] fill OK(clip) follow=True chars=2448
[21:20:23] submit 시작 composer=2448 url=https://www.genspark.ai/agents?id=b8cb1be8-fe74-43ba-8873-1ca1a712c179
[21:20:23] submit geo 실패 hit=no-btn
[21:20:23] submit 시도 method=geo geo=False
[21:20:24] submit 미확인 method=geo generating=False composer=2448
[21:20:24] submit geo 실패 hit=no-btn
[21:20:24] submit 시도 method=send send=False
[21:20:24] submit 미확인 method=send generating=True composer=2448
[21:20:25] submit 시도 method=ctrl
[21:20:25] submit 미확인 method=ctrl generating=True composer=2450
[21:20:25] submit 시도 method=enter
[21:20:26] submit 미확인 method=enter generating=True composer=2450
[21:20:26] submit geo 실패 hit=no-btn
[21:20:26] submit 시도 method=geo2 geo=False
[21:20:27] submit 미확인 method=geo2 generating=False composer=2450
[21:20:27] submit geo 실패 hit=no-btn
[21:20:27] submit 시도 method=send2 send=False
[21:20:27] submit 미확인 method=send2 generating=False composer=2450
[21:20:27] submit 시도 method=ctrl2
[21:20:28] submit 미확인 method=ctrl2 generating=False composer=2452
[21:20:28] submit 실패 composer잔존=2452
[21:20:28] submit 재시도 2/3
[21:20:29] submit 시작 composer=2452 url=https://www.genspark.ai/agents?id=b8cb1be8-fe74-43ba-8873-1ca1a712c179
[21:20:29] submit geo 실패 hit=no-btn
[21:20:29] submit 시도 method=geo geo=False
[21:20:29] submit 미확인 method=geo generating=False composer=2452
[21:20:30] submit geo 실패 hit=no-btn
[21:20:30] submit 시도 method=send send=False
[21:20:30] submit 미확인 method=send generating=False composer=2452
[21:20:30] submit 시도 method=ctrl
[21:20:31] submit 미확인 method=ctrl generating=False composer=2454
[21:20:31] submit 시도 method=enter
[21:20:32] submit 확인 method=enter generating=False composer=0
[21:20:32] ⏱ 입력·전송 SRT_520 9.2s · chars=2448
[21:20:32] 제출 후 last_saved=https://www.genspark.ai/api/files/s/oheowndo
[21:20:32] ⏱ 생성대기 시작 SRT_520 max=120s
[21:20:33] ⏱ 생성대기 완료 0.9s SRT_520 https://www.genspark.ai/api/files/s/ibu79ivj
[21:20:33] ⏱ 생성대기구간 SRT_520 0.9s · ok=True
[21:20:33] SRT_520 근접 이미지 https://www.genspark.ai/api/files/s/ibu79ivj
[21:20:33] 다운로드 files URL=https://www.genspark.ai/api/files/s/ibu79ivj → SRT_520.png
[21:20:34] ⏱ 다운로드 직접 0.7s size=643623 SRT_520.png
[21:20:34] ⏱ 다운로드구간 SRT_520 0.7s · SRT_520.png
[21:20:36] ⏱ 다운로드후유휴 SRT_520 2.6s · idle=True
[21:20:36] ⏱ 씬합계 SRT_520 14.6s · https://www.genspark.ai/api/files/s/ibu79ivj
[21:20:36] SRT_520 생성·다운로드 완료
C:\cursor\wuxia\무협극장\검신귀환록\2부\15장\png\SRT_520.png
[21:20:36] 상태키 SRT_540 · Baek|base; Jin≈19|base
[21:20:36] 늦은이미지 회수 실패 SRT_020: SRT_020 요청 아래 새 이미지가 없습니다.
[21:20:36] run_scene 시작 SRT_540 · seen_files=26 · last_saved=https://www.genspark.ai/api/files/s/ibu79ivj
[21:20:36] ⏱ 준비 SRT_540 0.0s · chars=2659
[21:20:37] ⏱ 다음명령유휴 SRT_540 1.0s · idle=True
[21:20:38] fill OK(clip) follow=True chars=2659
[21:20:38] submit 시작 composer=2659 url=https://www.genspark.ai/agents?id=b8cb1be8-fe74-43ba-8873-1ca1a712c179
[21:20:38] submit geo 실패 hit=no-btn
[21:20:38] submit 시도 method=geo geo=False
[21:20:39] submit 미확인 method=geo generating=False composer=2659
[21:20:39] submit geo 실패 hit=no-btn
[21:20:39] submit 시도 method=send send=False
[21:20:39] submit 미확인 method=send generating=True composer=2659
[21:20:39] submit 시도 method=ctrl
[21:20:40] submit 미확인 method=ctrl generating=True composer=2661
[21:20:40] submit 시도 method=enter
[21:20:41] submit 미확인 method=enter generating=True composer=2661
[21:20:41] submit geo 실패 hit=no-btn
[21:20:41] submit 시도 method=geo2 geo=False
[21:20:41] submit 미확인 method=geo2 generating=False composer=2661
[21:20:42] submit geo 실패 hit=no-btn
[21:20:42] submit 시도 method=send2 send=False
[21:20:42] submit 미확인 method=send2 generating=False composer=2661
[21:20:42] submit 시도 method=ctrl2
[21:20:43] submit 미확인 method=ctrl2 generating=False composer=2663
[21:20:43] submit 실패 composer잔존=2663
[21:20:43] submit 재시도 2/3
[21:20:44] submit 시작 composer=2663 url=https://www.genspark.ai/agents?id=b8cb1be8-fe74-43ba-8873-1ca1a712c179
[21:20:44] submit geo 실패 hit=no-btn
[21:20:44] submit 시도 method=geo geo=False
[21:20:44] submit 미확인 method=geo generating=False composer=2663
[21:20:44] submit geo 실패 hit=no-btn
[21:20:44] submit 시도 method=send send=False
[21:20:45] submit 미확인 method=send generating=False composer=2663
[21:20:45] submit 시도 method=ctrl
[21:20:46] submit 미확인 method=ctrl generating=False composer=2665
[21:20:46] submit 시도 method=enter
[21:20:47] submit 확인 method=enter generating=False composer=0
[21:20:47] ⏱ 입력·전송 SRT_540 9.2s · chars=2659
[21:20:47] 제출 후 last_saved=https://www.genspark.ai/api/files/s/ibu79ivj
[21:20:47] ⏱ 생성대기 시작 SRT_540 max=120s
[21:20:48] ⏱ 생성대기 완료 0.9s SRT_540 https://www.genspark.ai/api/files/s/dqyelleu
[21:20:48] ⏱ 생성대기구간 SRT_540 0.9s · ok=True
[21:20:48] SRT_540 근접 이미지 https://www.genspark.ai/api/files/s/dqyelleu
[21:20:48] 다운로드 files URL=https://www.genspark.ai/api/files/s/dqyelleu → SRT_540.png
[21:20:48] ⏱ 다운로드 직접 0.7s size=747143 SRT_540.png
[21:20:48] ⏱ 다운로드구간 SRT_540 0.7s · SRT_540.png
[21:20:50] ⏱ 다운로드후유휴 SRT_540 1.6s · idle=True
[21:20:50] ⏱ 씬합계 SRT_540 13.6s · https://www.genspark.ai/api/files/s/dqyelleu
[21:20:50] SRT_540 생성·다운로드 완료
C:\cursor\wuxia\무협극장\검신귀환록\2부\15장\png\SRT_540.png
[21:20:50] 상태키 SRT_560 · Baek|base; Jin≈19|base
[21:20:50] 늦은이미지 회수 실패 SRT_020: SRT_020 요청 아래 새 이미지가 없습니다.
[21:20:50] run_scene 시작 SRT_560 · seen_files=27 · last_saved=https://www.genspark.ai/api/files/s/dqyelleu
[21:20:50] ⏱ 준비 SRT_560 0.0s · chars=2681
[21:20:51] ⏱ 다음명령유휴 SRT_560 1.0s · idle=True
[21:20:52] fill OK(clip) follow=True chars=2681
[21:20:52] submit 시작 composer=2681 url=https://www.genspark.ai/agents?id=b8cb1be8-fe74-43ba-8873-1ca1a712c179
[21:20:52] submit geo 실패 hit=no-btn
[21:20:52] submit 시도 method=geo geo=False
[21:20:52] submit 미확인 method=geo generating=False composer=2681
[21:20:52] submit geo 실패 hit=no-btn
[21:20:52] submit 시도 method=send send=False
[21:20:53] submit 미확인 method=send generating=False composer=2681
[21:20:53] submit 시도 method=ctrl
[21:20:54] submit 미확인 method=ctrl generating=False composer=2683
[21:20:54] submit 시도 method=enter
[21:20:55] submit 미확인 method=enter generating=True composer=2683
[21:20:55] submit geo 실패 hit=no-btn
[21:20:55] submit 시도 method=geo2 geo=False
[21:20:55] submit 미확인 method=geo2 generating=True composer=2683
[21:20:55] submit geo 실패 hit=no-btn
[21:20:55] submit 시도 method=send2 send=False
[21:20:56] submit 미확인 method=send2 generating=True composer=2683
[21:20:56] submit 시도 method=ctrl2
[21:20:57] submit 미확인 method=ctrl2 generating=False composer=2685
[21:20:57] submit 실패 composer잔존=2685
[21:20:57] submit 재시도 2/3
[21:20:57] submit 시작 composer=2685 url=https://www.genspark.ai/agents?id=b8cb1be8-fe74-43ba-8873-1ca1a712c179
[21:20:58] submit geo 실패 hit=no-btn
[21:20:58] submit 시도 method=geo geo=False
[21:20:58] submit 미확인 method=geo generating=False composer=2685
[21:20:58] submit geo 실패 hit=no-btn
[21:20:58] submit 시도 method=send send=False
[21:20:59] submit 미확인 method=send generating=False composer=2685
[21:20:59] submit 시도 method=ctrl
[21:21:00] submit 미확인 method=ctrl generating=False composer=2687
[21:21:00] submit 시도 method=enter
[21:21:00] submit 확인 method=enter generating=False composer=0
[21:21:00] ⏱ 입력·전송 SRT_560 9.3s · chars=2681
[21:21:00] 제출 후 last_saved=https://www.genspark.ai/api/files/s/dqyelleu
[21:21:01] ⏱ 생성대기 시작 SRT_560 max=120s
[21:21:02] ⏱ 생성대기 완료 0.9s SRT_560 https://www.genspark.ai/api/files/s/a11rrwko
[21:21:02] ⏱ 생성대기구간 SRT_560 0.9s · ok=True
[21:21:02] SRT_560 근접 이미지 https://www.genspark.ai/api/files/s/a11rrwko
[21:21:02] 다운로드 files URL=https://www.genspark.ai/api/files/s/a11rrwko → SRT_560.png
[21:21:02] ⏱ 다운로드 직접 0.8s size=601342 SRT_560.png
[21:21:02] ⏱ 다운로드구간 SRT_560 0.8s · SRT_560.png
[21:21:04] ⏱ 다운로드후유휴 SRT_560 2.1s · idle=True
[21:21:04] ⏱ 씬합계 SRT_560 14.4s · https://www.genspark.ai/api/files/s/a11rrwko
[21:21:04] SRT_560 생성·다운로드 완료
C:\cursor\wuxia\무협극장\검신귀환록\2부\15장\png\SRT_560.png
[21:21:05] 상태키 SRT_580 · Baek|base; Jin≈19|base
[21:21:05] 늦은이미지 회수 실패 SRT_020: SRT_020 요청 아래 새 이미지가 없습니다.
[21:21:05] run_scene 시작 SRT_580 · seen_files=28 · last_saved=https://www.genspark.ai/api/files/s/a11rrwko
[21:21:05] ⏱ 준비 SRT_580 0.0s · chars=3189
[21:21:06] ⏱ 다음명령유휴 SRT_580 1.0s · idle=True
[21:21:06] fill OK(clip) follow=True chars=3189
[21:21:06] submit 시작 composer=3189 url=https://www.genspark.ai/agents?id=b8cb1be8-fe74-43ba-8873-1ca1a712c179
[21:21:06] submit geo 실패 hit=no-btn
[21:21:06] submit 시도 method=geo geo=False
[21:21:07] submit 미확인 method=geo generating=False composer=3189
[21:21:07] submit geo 실패 hit=no-btn
[21:21:07] submit 시도 method=send send=False
[21:21:07] submit 미확인 method=send generating=False composer=3189
[21:21:08] submit 시도 method=ctrl
[21:21:08] submit 미확인 method=ctrl generating=False composer=3191
[21:21:09] submit 시도 method=enter
[21:21:09] submit 미확인 method=enter generating=False composer=3191
[21:21:09] submit geo 실패 hit=no-btn
[21:21:09] submit 시도 method=geo2 geo=False
[21:21:10] submit 미확인 method=geo2 generating=False composer=3191
[21:21:10] submit geo 실패 hit=no-btn
[21:21:10] submit 시도 method=send2 send=False
[21:21:10] submit 미확인 method=send2 generating=False composer=3191
[21:21:11] submit 시도 method=ctrl2
[21:21:11] submit 미확인 method=ctrl2 generating=False composer=3193
[21:21:11] submit 실패 composer잔존=3193
[21:21:11] submit 재시도 2/3
[21:21:12] submit 시작 composer=3193 url=https://www.genspark.ai/agents?id=b8cb1be8-fe74-43ba-8873-1ca1a712c179
[21:21:12] submit geo 실패 hit=no-btn
[21:21:12] submit 시도 method=geo geo=False
[21:21:13] submit 미확인 method=geo generating=False composer=3193
[21:21:13] submit geo 실패 hit=no-btn
[21:21:13] submit 시도 method=send send=False
[21:21:13] submit 미확인 method=send generating=False composer=3193
[21:21:14] submit 시도 method=ctrl
[21:21:14] submit 미확인 method=ctrl generating=False composer=3195
[21:21:14] submit 시도 method=enter
[21:21:15] submit 미확인 method=enter generating=True composer=3195
[21:21:15] submit geo 실패 hit=no-btn
[21:21:15] submit 시도 method=geo2 geo=False
[21:21:15] submit 미확인 method=geo2 generating=True composer=3195
[21:21:16] submit geo 실패 hit=no-btn
[21:21:16] submit 시도 method=send2 send=False
[21:21:16] submit 미확인 method=send2 generating=False composer=3195
[21:21:16] submit 시도 method=ctrl2
[21:21:17] submit 미확인 method=ctrl2 generating=False composer=3197
[21:21:17] submit 실패 composer잔존=3197
[21:21:17] submit 재시도 3/3
[21:21:18] submit 시작 composer=3197 url=https://www.genspark.ai/agents?id=b8cb1be8-fe74-43ba-8873-1ca1a712c179
[21:21:18] submit geo 실패 hit=no-btn
[21:21:18] submit 시도 method=geo geo=False
[21:21:18] submit 미확인 method=geo generating=False composer=3197
[21:21:19] submit geo 실패 hit=no-btn
[21:21:19] submit 시도 method=send send=False
[21:21:19] submit 미확인 method=send generating=False composer=3197
[21:21:19] submit 시도 method=ctrl
[21:21:20] submit 미확인 method=ctrl generating=False composer=3199
[21:21:20] submit 시도 method=enter
[21:21:21] submit 확인 method=enter generating=False composer=0
[21:21:21] ⏱ 입력·전송 SRT_580 15.1s · chars=3189
[21:21:21] 제출 후 last_saved=https://www.genspark.ai/api/files/s/a11rrwko
[21:21:21] ⏱ 생성대기 시작 SRT_580 max=120s
[21:21:22] ⏱ 생성대기 완료 0.9s SRT_580 https://www.genspark.ai/api/files/s/ftv4835z
[21:21:22] ⏱ 생성대기구간 SRT_580 0.9s · ok=True
[21:21:22] SRT_580 근접 이미지 https://www.genspark.ai/api/files/s/ftv4835z
[21:21:22] 다운로드 files URL=https://www.genspark.ai/api/files/s/ftv4835z → SRT_580.png
[21:21:23] ⏱ 다운로드 직접 1.2s size=240058 SRT_580.png
[21:21:23] ⏱ 다운로드구간 SRT_580 1.2s · SRT_580.png
[21:21:27] ⏱ 다운로드후유휴 SRT_580 3.6s · idle=True
[21:21:27] ⏱ 씬합계 SRT_580 22.1s · https://www.genspark.ai/api/files/s/ftv4835z
[21:21:27] SRT_580 생성·다운로드 완료
C:\cursor\wuxia\무협극장\검신귀환록\2부\15장\png\SRT_580.png
[21:21:27] 상태키 SRT_600 · Baek|base; Jin≈19|base
[21:21:27] 늦은이미지 회수 실패 SRT_020: SRT_020 요청 아래 새 이미지가 없습니다.
[21:21:27] run_scene 시작 SRT_600 · seen_files=29 · last_saved=https://www.genspark.ai/api/files/s/ftv4835z
[21:21:27] ⏱ 준비 SRT_600 0.0s · chars=2658
[21:21:28] ⏱ 다음명령유휴 SRT_600 1.1s · idle=True
[21:21:28] fill OK(clip) follow=True chars=2658
[21:21:28] submit 시작 composer=2658 url=https://www.genspark.ai/agents?id=b8cb1be8-fe74-43ba-8873-1ca1a712c179
[21:21:29] submit geo 실패 hit=no-btn
[21:21:29] submit 시도 method=geo geo=False
[21:21:29] submit 미확인 method=geo generating=False composer=2658
[21:21:29] submit geo 실패 hit=no-btn
[21:21:29] submit 시도 method=send send=False
[21:21:30] submit 미확인 method=send generating=False composer=2658
[21:21:30] submit 시도 method=ctrl
[21:21:31] submit 미확인 method=ctrl generating=False composer=2660
[21:21:31] submit 시도 method=enter
[21:21:31] submit 미확인 method=enter generating=False composer=2660
[21:21:31] submit geo 실패 hit=no-btn
[21:21:31] submit 시도 method=geo2 geo=False
[21:21:32] submit 미확인 method=geo2 generating=False composer=2660
[21:21:32] submit geo 실패 hit=no-btn
[21:21:32] submit 시도 method=send2 send=False
[21:21:33] submit 미확인 method=send2 generating=False composer=2660
[21:21:33] submit 시도 method=ctrl2
[21:21:34] submit 미확인 method=ctrl2 generating=False composer=2662
[21:21:34] submit 실패 composer잔존=2662
[21:21:34] submit 재시도 2/3
[21:21:34] submit 시작 composer=2662 url=https://www.genspark.ai/agents?id=b8cb1be8-fe74-43ba-8873-1ca1a712c179
[21:21:34] submit geo 실패 hit=no-btn
[21:21:34] submit 시도 method=geo geo=False
[21:21:35] submit 미확인 method=geo generating=False composer=2662
[21:21:35] submit geo 실패 hit=no-btn
[21:21:35] submit 시도 method=send send=False
[21:21:36] submit 미확인 method=send generating=False composer=2662
[21:21:36] submit 시도 method=ctrl
[21:21:36] submit 미확인 method=ctrl generating=False composer=2664
[21:21:37] submit 시도 method=enter
[21:21:37] submit 미확인 method=enter generating=False composer=2664
[21:21:37] submit geo 실패 hit=no-btn
[21:21:37] submit 시도 method=geo2 geo=False
[21:21:38] submit 미확인 method=geo2 generating=True composer=2664
[21:21:38] submit geo 실패 hit=no-btn
[21:21:38] submit 시도 method=send2 send=False
[21:21:39] submit 미확인 method=send2 generating=True composer=2664
[21:21:39] submit 시도 method=ctrl2
[21:21:39] submit 미확인 method=ctrl2 generating=False composer=2666
[21:21:39] submit 실패 composer잔존=2666
[21:21:39] submit 재시도 3/3
[21:21:40] submit 시작 composer=2666 url=https://www.genspark.ai/agents?id=b8cb1be8-fe74-43ba-8873-1ca1a712c179
[21:21:40] submit geo 실패 hit=no-btn
[21:21:40] submit 시도 method=geo geo=False
[21:21:41] submit 미확인 method=geo generating=False composer=2666
[21:21:41] submit geo 실패 hit=no-btn
[21:21:41] submit 시도 method=send send=False
[21:21:41] submit 미확인 method=send generating=False composer=2666
[21:21:42] submit 시도 method=ctrl
[21:21:42] submit 미확인 method=ctrl generating=False composer=2668
[21:21:43] submit 시도 method=enter
[21:21:43] submit 확인 method=enter generating=False composer=0
[21:21:43] ⏱ 입력·전송 SRT_600 15.1s · chars=2658
[21:21:43] 제출 후 last_saved=https://www.genspark.ai/api/files/s/ftv4835z
[21:21:43] ⏱ 생성대기 시작 SRT_600 max=120s
[21:21:44] ⏱ 생성대기 완료 0.9s SRT_600 https://www.genspark.ai/api/files/s/elorrfyc
[21:21:44] ⏱ 생성대기구간 SRT_600 0.9s · ok=True
[21:21:44] SRT_600 근접 이미지 https://www.genspark.ai/api/files/s/elorrfyc
[21:21:44] 다운로드 files URL=https://www.genspark.ai/api/files/s/elorrfyc → SRT_600.png
[21:21:45] ⏱ 다운로드 직접 0.8s size=215295 SRT_600.png
[21:21:45] ⏱ 다운로드구간 SRT_600 0.8s · SRT_600.png
[21:21:47] ⏱ 다운로드후유휴 SRT_600 2.1s · idle=True
[21:21:47] ⏱ 씬합계 SRT_600 20.3s · https://www.genspark.ai/api/files/s/elorrfyc
[21:21:47] SRT_600 생성·다운로드 완료
C:\cursor\wuxia\무협극장\검신귀환록\2부\15장\png\SRT_600.png
[21:21:47] 상태키 SRT_620 · Baek|base; Jin≈19|base
[21:21:47] 늦은이미지 회수 실패 SRT_020: SRT_020 요청 아래 새 이미지가 없습니다.
[21:21:47] run_scene 시작 SRT_620 · seen_files=30 · last_saved=https://www.genspark.ai/api/files/s/elorrfyc
[21:21:47] ⏱ 준비 SRT_620 0.0s · chars=2677
[21:21:48] ⏱ 다음명령유휴 SRT_620 1.0s · idle=True
[21:21:49] fill OK(clip) follow=True chars=2677
[21:21:49] submit 시작 composer=2677 url=https://www.genspark.ai/agents?id=b8cb1be8-fe74-43ba-8873-1ca1a712c179
[21:21:49] submit geo 실패 hit=no-btn
[21:21:49] submit 시도 method=geo geo=False
[21:21:50] submit 미확인 method=geo generating=False composer=2677
[21:21:50] submit geo 실패 hit=no-btn
[21:21:50] submit 시도 method=send send=False
[21:21:50] submit 미확인 method=send generating=False composer=2677
[21:21:51] submit 시도 method=ctrl
[21:21:51] submit 미확인 method=ctrl generating=False composer=2679
[21:21:51] submit 시도 method=enter
[21:21:52] submit 미확인 method=enter generating=True composer=2679
[21:21:52] submit geo 실패 hit=no-btn
[21:21:52] submit 시도 method=geo2 geo=False
[21:21:52] submit 미확인 method=geo2 generating=False composer=2679
[21:21:53] submit geo 실패 hit=no-btn
[21:21:53] submit 시도 method=send2 send=False
[21:21:53] submit 미확인 method=send2 generating=False composer=2679
[21:21:54] submit 시도 method=ctrl2
[21:21:54] submit 미확인 method=ctrl2 generating=False composer=2681
[21:21:54] submit 실패 composer잔존=2681
[21:21:54] submit 재시도 2/3
[21:21:55] submit 시작 composer=2681 url=https://www.genspark.ai/agents?id=b8cb1be8-fe74-43ba-8873-1ca1a712c179
[21:21:55] submit geo 실패 hit=no-btn
[21:21:55] submit 시도 method=geo geo=False
[21:21:55] submit 미확인 method=geo generating=False composer=2681
[21:21:56] submit geo 실패 hit=no-btn
[21:21:56] submit 시도 method=send send=False
[21:21:56] submit 미확인 method=send generating=False composer=2681
[21:21:56] submit 시도 method=ctrl
[21:21:57] submit 미확인 method=ctrl generating=False composer=2683
[21:21:57] submit 시도 method=enter
[21:21:58] submit 확인 method=enter generating=False composer=0
[21:21:58] ⏱ 입력·전송 SRT_620 9.6s · chars=2677
[21:21:58] 제출 후 last_saved=https://www.genspark.ai/api/files/s/elorrfyc
[21:21:58] ⏱ 생성대기 시작 SRT_620 max=120s
[21:21:59] ⏱ 생성대기 완료 0.9s SRT_620 https://www.genspark.ai/api/files/s/lelgkoj0
[21:21:59] ⏱ 생성대기구간 SRT_620 0.9s · ok=True
[21:21:59] SRT_620 근접 이미지 https://www.genspark.ai/api/files/s/lelgkoj0
[21:21:59] 다운로드 files URL=https://www.genspark.ai/api/files/s/lelgkoj0 → SRT_620.png
[21:22:00] ⏱ 다운로드 직접 1.1s size=502670 SRT_620.png
[21:22:00] ⏱ 다운로드구간 SRT_620 1.1s · SRT_620.png
[21:22:03] ⏱ 다운로드후유휴 SRT_620 3.2s · idle=True
[21:22:03] ⏱ 씬합계 SRT_620 16.0s · https://www.genspark.ai/api/files/s/lelgkoj0
[21:22:03] SRT_620 생성·다운로드 완료
C:\cursor\wuxia\무협극장\검신귀환록\2부\15장\png\SRT_620.png
[21:22:03] 상태키 SRT_640 · Baek|blood_robe; Jin≈19|blood_robe
[21:22:04] 늦은이미지 회수 실패 SRT_020: SRT_020 요청 아래 새 이미지가 없습니다.
[21:22:04] run_scene 시작 SRT_640 · seen_files=31 · last_saved=https://www.genspark.ai/api/files/s/lelgkoj0
[21:22:04] ⏱ 준비 SRT_640 0.0s · chars=2580
[21:22:05] ⏱ 다음명령유휴 SRT_640 1.1s · idle=True
[21:22:05] fill OK(clip) follow=True chars=2580
[21:22:05] submit 시작 composer=2580 url=https://www.genspark.ai/agents?id=b8cb1be8-fe74-43ba-8873-1ca1a712c179
[21:22:05] submit geo 실패 hit=no-btn
[21:22:05] submit 시도 method=geo geo=False
[21:22:06] submit 미확인 method=geo generating=False composer=2580
[21:22:06] submit geo 실패 hit=no-btn
[21:22:06] submit 시도 method=send send=False
[21:22:07] submit 미확인 method=send generating=False composer=2580
[21:22:07] submit 시도 method=ctrl
[21:22:07] submit 미확인 method=ctrl generating=False composer=2582
[21:22:08] submit 시도 method=enter
[21:22:08] submit 미확인 method=enter generating=True composer=2582
[21:22:08] submit geo 실패 hit=no-btn
[21:22:08] submit 시도 method=geo2 geo=False
[21:22:09] submit 미확인 method=geo2 generating=False composer=2582
[21:22:09] submit geo 실패 hit=no-btn
[21:22:09] submit 시도 method=send2 send=False
[21:22:10] submit 미확인 method=send2 generating=False composer=2582
[21:22:10] submit 시도 method=ctrl2
[21:22:11] submit 미확인 method=ctrl2 generating=False composer=2584
[21:22:11] submit 실패 composer잔존=2584
[21:22:11] submit 재시도 2/3
[21:22:11] submit 시작 composer=2584 url=https://www.genspark.ai/agents?id=b8cb1be8-fe74-43ba-8873-1ca1a712c179
[21:22:11] submit geo 실패 hit=no-btn
[21:22:11] submit 시도 method=geo geo=False
[21:22:12] submit 미확인 method=geo generating=False composer=2584
[21:22:12] submit geo 실패 hit=no-btn
[21:22:12] submit 시도 method=send send=False
[21:22:13] submit 미확인 method=send generating=False composer=2584
[21:22:13] submit 시도 method=ctrl
[21:22:13] submit 미확인 method=ctrl generating=False composer=2586
[21:22:14] submit 시도 method=enter
[21:22:14] submit 확인 method=enter generating=False composer=0
[21:22:14] ⏱ 입력·전송 SRT_640 9.7s · chars=2580
[21:22:14] 제출 후 last_saved=https://www.genspark.ai/api/files/s/lelgkoj0
[21:22:14] ⏱ 생성대기 시작 SRT_640 max=120s
[21:22:15] ⏱ 생성대기 완료 0.9s SRT_640 https://www.genspark.ai/api/files/s/lkmemz0d
[21:22:15] ⏱ 생성대기구간 SRT_640 0.9s · ok=True
[21:22:15] SRT_640 근접 이미지 https://www.genspark.ai/api/files/s/lkmemz0d
[21:22:15] 다운로드 files URL=https://www.genspark.ai/api/files/s/lkmemz0d → SRT_640.png
[21:22:16] ⏱ 다운로드 직접 0.7s size=705272 SRT_640.png
[21:22:16] ⏱ 다운로드구간 SRT_640 0.7s · SRT_640.png
[21:22:22] ⏱ 다운로드후유휴 SRT_640 5.7s · idle=True
[21:22:22] ⏱ 씬합계 SRT_640 18.2s · https://www.genspark.ai/api/files/s/lkmemz0d
[21:22:22] SRT_640 생성·다운로드 완료
C:\cursor\wuxia\무협극장\검신귀환록\2부\15장\png\SRT_640.png
[21:22:22] 상태키 SRT_660 · Baek|blood_robe; Jin≈19|blood_robe
[21:22:22] 늦은이미지 회수 실패 SRT_020: SRT_020 요청 아래 새 이미지가 없습니다.
[21:22:22] run_scene 시작 SRT_660 · seen_files=32 · last_saved=https://www.genspark.ai/api/files/s/lkmemz0d
[21:22:22] ⏱ 준비 SRT_660 0.0s · chars=2148
[21:22:23] ⏱ 다음명령유휴 SRT_660 1.1s · idle=True
[21:22:23] fill OK(clip) follow=True chars=2148
[21:22:23] submit 시작 composer=2148 url=https://www.genspark.ai/agents?id=b8cb1be8-fe74-43ba-8873-1ca1a712c179
[21:22:24] submit geo 실패 hit=no-btn
[21:22:24] submit 시도 method=geo geo=False
[21:22:24] submit 미확인 method=geo generating=False composer=2148
[21:22:24] submit geo 실패 hit=no-btn
[21:22:24] submit 시도 method=send send=False
[21:22:25] submit 미확인 method=send generating=False composer=2148
[21:22:25] submit 시도 method=ctrl
[21:22:26] submit 미확인 method=ctrl generating=False composer=2150
[21:22:26] submit 시도 method=enter
[21:22:26] submit 미확인 method=enter generating=False composer=2150
[21:22:26] submit geo 실패 hit=no-btn
[21:22:26] submit 시도 method=geo2 geo=False
[21:22:27] submit 미확인 method=geo2 generating=True composer=2150
[21:22:27] submit geo 실패 hit=no-btn
[21:22:27] submit 시도 method=send2 send=False
[21:22:28] submit 미확인 method=send2 generating=True composer=2150
[21:22:28] submit 시도 method=ctrl2
[21:22:29] submit 미확인 method=ctrl2 generating=True composer=2152
[21:22:29] submit 실패 composer잔존=2152
[21:22:29] submit 재시도 2/3
[21:22:29] submit 시작 composer=2152 url=https://www.genspark.ai/agents?id=b8cb1be8-fe74-43ba-8873-1ca1a712c179
[21:22:29] submit geo 실패 hit=no-btn
[21:22:29] submit 시도 method=geo geo=False
[21:22:30] submit 미확인 method=geo generating=False composer=2152
[21:22:30] submit geo 실패 hit=no-btn
[21:22:30] submit 시도 method=send send=False
[21:22:31] submit 미확인 method=send generating=False composer=2152
[21:22:31] submit 시도 method=ctrl
[21:22:32] submit 미확인 method=ctrl generating=False composer=2154
[21:22:32] submit 시도 method=enter
[21:22:32] submit 확인 method=enter generating=False composer=0
[21:22:32] ⏱ 입력·전송 SRT_660 9.4s · chars=2148
[21:22:32] 제출 후 last_saved=https://www.genspark.ai/api/files/s/lkmemz0d
[21:22:33] ⏱ 생성대기 시작 SRT_660 max=120s
[21:22:33] ⏱ 생성대기 완료 0.9s SRT_660 https://www.genspark.ai/api/files/s/nxgjp3ok
[21:22:33] ⏱ 생성대기구간 SRT_660 0.9s · ok=True
[21:22:34] SRT_660 근접 이미지 https://www.genspark.ai/api/files/s/nxgjp3ok
[21:22:34] 다운로드 files URL=https://www.genspark.ai/api/files/s/nxgjp3ok → SRT_660.png
[21:22:34] ⏱ 다운로드 직접 0.7s size=675028 SRT_660.png
[21:22:34] ⏱ 다운로드구간 SRT_660 0.7s · SRT_660.png
[21:22:37] ⏱ 다운로드후유휴 SRT_660 2.6s · idle=True
[21:22:37] ⏱ 씬합계 SRT_660 14.9s · https://www.genspark.ai/api/files/s/nxgjp3ok
[21:22:37] SRT_660 생성·다운로드 완료
C:\cursor\wuxia\무협극장\검신귀환록\2부\15장\png\SRT_660.png
[21:22:37] 상태키 SRT_680 · Baek|blood_robe; Jin≈19|blood_robe
[21:22:37] 늦은이미지 회수 실패 SRT_020: SRT_020 요청 아래 새 이미지가 없습니다.
[21:22:37] run_scene 시작 SRT_680 · seen_files=33 · last_saved=https://www.genspark.ai/api/files/s/nxgjp3ok
[21:22:37] ⏱ 준비 SRT_680 0.0s · chars=2012
[21:22:38] ⏱ 다음명령유휴 SRT_680 1.1s · idle=True
[21:22:39] fill OK(clip) follow=True chars=2012
[21:22:39] submit 시작 composer=2012 url=https://www.genspark.ai/agents?id=b8cb1be8-fe74-43ba-8873-1ca1a712c179
[21:22:39] submit geo 실패 hit=no-btn
[21:22:39] submit 시도 method=geo geo=False
[21:22:39] submit 미확인 method=geo generating=False composer=2012
[21:22:39] submit geo 실패 hit=no-btn
[21:22:39] submit 시도 method=send send=False
[21:22:40] submit 미확인 method=send generating=False composer=2012
[21:22:40] submit 시도 method=ctrl
[21:22:41] submit 미확인 method=ctrl generating=True composer=2014
[21:22:41] submit 시도 method=enter
[21:22:42] submit 미확인 method=enter generating=True composer=2014
[21:22:42] submit geo 실패 hit=no-btn
[21:22:42] submit 시도 method=geo2 geo=False
[21:22:42] submit 미확인 method=geo2 generating=False composer=2014
[21:22:42] submit geo 실패 hit=no-btn
[21:22:42] submit 시도 method=send2 send=False
[21:22:43] submit 미확인 method=send2 generating=False composer=2014
[21:22:43] submit 시도 method=ctrl2
[21:22:44] submit 미확인 method=ctrl2 generating=False composer=2016
[21:22:44] submit 실패 composer잔존=2016
[21:22:44] submit 재시도 2/3
[21:22:44] submit 시작 composer=2016 url=https://www.genspark.ai/agents?id=b8cb1be8-fe74-43ba-8873-1ca1a712c179
[21:22:44] submit geo 실패 hit=no-btn
[21:22:44] submit 시도 method=geo geo=False
[21:22:45] submit 미확인 method=geo generating=False composer=2016
[21:22:45] submit geo 실패 hit=no-btn
[21:22:45] submit 시도 method=send send=False
[21:22:46] submit 미확인 method=send generating=False composer=2016
[21:22:46] submit 시도 method=ctrl
[21:22:47] submit 미확인 method=ctrl generating=False composer=2018
[21:22:47] submit 시도 method=enter
[21:22:47] submit 확인 method=enter generating=False composer=0
[21:22:47] ⏱ 입력·전송 SRT_680 9.4s · chars=2012
[21:22:47] 제출 후 last_saved=https://www.genspark.ai/api/files/s/nxgjp3ok
[21:22:48] ⏱ 생성대기 시작 SRT_680 max=120s
[21:22:49] ⏱ 생성대기 완료 0.9s SRT_680 https://www.genspark.ai/api/files/s/dzxrv9gd
[21:22:49] ⏱ 생성대기구간 SRT_680 0.9s · ok=True
[21:22:49] SRT_680 근접 이미지 https://www.genspark.ai/api/files/s/dzxrv9gd
[21:22:49] 다운로드 files URL=https://www.genspark.ai/api/files/s/dzxrv9gd → SRT_680.png
[21:22:49] ⏱ 다운로드 직접 0.7s size=600277 SRT_680.png
[21:22:49] ⏱ 다운로드구간 SRT_680 0.7s · SRT_680.png
[21:22:52] ⏱ 다운로드후유휴 SRT_680 2.7s · idle=True
[21:22:52] ⏱ 씬합계 SRT_680 14.9s · https://www.genspark.ai/api/files/s/dzxrv9gd
[21:22:52] SRT_680 생성·다운로드 완료
C:\cursor\wuxia\무협극장\검신귀환록\2부\15장\png\SRT_680.png
[21:22:52] 상태키 SRT_700 · Baek|blood_robe; Jin≈19|blood_robe
[21:22:52] 늦은이미지 회수 실패 SRT_020: SRT_020 요청 아래 새 이미지가 없습니다.
[21:22:52] run_scene 시작 SRT_700 · seen_files=34 · last_saved=https://www.genspark.ai/api/files/s/dzxrv9gd
[21:22:52] ⏱ 준비 SRT_700 0.0s · chars=2476
[21:22:53] ⏱ 다음명령유휴 SRT_700 1.1s · idle=True
[21:22:54] fill OK(clip) follow=True chars=2476
[21:22:54] submit 시작 composer=2476 url=https://www.genspark.ai/agents?id=b8cb1be8-fe74-43ba-8873-1ca1a712c179
[21:22:54] submit geo 실패 hit=no-btn
[21:22:54] submit 시도 method=geo geo=False
[21:22:54] submit 미확인 method=geo generating=False composer=2476
[21:22:55] submit geo 실패 hit=no-btn
[21:22:55] submit 시도 method=send send=False
[21:22:55] submit 미확인 method=send generating=False composer=2476
[21:22:55] submit 시도 method=ctrl
[21:22:56] submit 미확인 method=ctrl generating=False composer=2478
[21:22:56] submit 시도 method=enter
[21:22:57] submit 미확인 method=enter generating=True composer=2478
[21:22:57] submit geo 실패 hit=no-btn
[21:22:57] submit 시도 method=geo2 geo=False
[21:22:57] submit 미확인 method=geo2 generating=True composer=2478
[21:22:58] submit geo 실패 hit=no-btn
[21:22:58] submit 시도 method=send2 send=False
[21:22:58] submit 미확인 method=send2 generating=True composer=2478
[21:22:58] submit 시도 method=ctrl2
[21:22:59] submit 미확인 method=ctrl2 generating=True composer=2480
[21:22:59] submit 실패 composer잔존=2480
[21:22:59] submit 재시도 2/3
[21:23:00] submit 시작 composer=2480 url=https://www.genspark.ai/agents?id=b8cb1be8-fe74-43ba-8873-1ca1a712c179
[21:23:00] submit geo 실패 hit=no-btn
[21:23:00] submit 시도 method=geo geo=False
[21:23:00] submit 미확인 method=geo generating=True composer=2480
[21:23:01] submit geo 실패 hit=no-btn
[21:23:01] submit 시도 method=send send=False
[21:23:01] submit 미확인 method=send generating=False composer=2480
[21:23:01] submit 시도 method=ctrl
[21:23:02] submit 미확인 method=ctrl generating=False composer=2482
[21:23:02] submit 시도 method=enter
[21:23:03] submit 확인 method=enter generating=False composer=0
[21:23:03] ⏱ 입력·전송 SRT_700 9.7s · chars=2476
[21:23:03] 제출 후 last_saved=https://www.genspark.ai/api/files/s/dzxrv9gd
[21:23:03] ⏱ 생성대기 시작 SRT_700 max=120s
[21:23:04] ⏱ 생성대기 완료 0.9s SRT_700 https://www.genspark.ai/api/files/s/j1rihb8f
[21:23:04] ⏱ 생성대기구간 SRT_700 0.9s · ok=True
[21:23:04] SRT_700 근접 이미지 https://www.genspark.ai/api/files/s/j1rihb8f
[21:23:04] 다운로드 files URL=https://www.genspark.ai/api/files/s/j1rihb8f → SRT_700.png
[21:23:06] ⏱ 다운로드 직접 2.0s size=510607 SRT_700.png
[21:23:06] ⏱ 다운로드구간 SRT_700 2.1s · SRT_700.png
[21:23:08] ⏱ 다운로드후유휴 SRT_700 2.1s · idle=True
[21:23:08] ⏱ 씬합계 SRT_700 16.0s · https://www.genspark.ai/api/files/s/j1rihb8f
[21:23:08] SRT_700 생성·다운로드 완료
C:\cursor\wuxia\무협극장\검신귀환록\2부\15장\png\SRT_700.png
[21:23:08] 상태키 SRT_720 · Baek|blood_robe; Jin≈19|blood_robe
[21:23:08] 늦은이미지 회수 실패 SRT_020: SRT_020 요청 아래 새 이미지가 없습니다.
[21:23:08] run_scene 시작 SRT_720 · seen_files=35 · last_saved=https://www.genspark.ai/api/files/s/j1rihb8f
[21:23:08] ⏱ 준비 SRT_720 0.0s · chars=1359
[21:23:09] ⏱ 다음명령유휴 SRT_720 1.0s · idle=True
[21:23:10] fill OK(clip) follow=True chars=1359
[21:23:10] submit 시작 composer=1359 url=https://www.genspark.ai/agents?id=b8cb1be8-fe74-43ba-8873-1ca1a712c179
[21:23:10] submit geo 실패 hit=no-btn
[21:23:10] submit 시도 method=geo geo=False
[21:23:10] submit 미확인 method=geo generating=False composer=1359
[21:23:11] submit geo 실패 hit=no-btn
[21:23:11] submit 시도 method=send send=False
[21:23:11] submit 미확인 method=send generating=False composer=1359
[21:23:11] submit 시도 method=ctrl
[21:23:12] submit 미확인 method=ctrl generating=False composer=1361
[21:23:12] submit 시도 method=enter
[21:23:13] submit 미확인 method=enter generating=True composer=1361
[21:23:13] submit geo 실패 hit=no-btn
[21:23:13] submit 시도 method=geo2 geo=False
[21:23:13] submit 미확인 method=geo2 generating=True composer=1361
[21:23:14] submit geo 실패 hit=no-btn
[21:23:14] submit 시도 method=send2 send=False
[21:23:14] submit 미확인 method=send2 generating=True composer=1361
[21:23:14] submit 시도 method=ctrl2
[21:23:15] submit 미확인 method=ctrl2 generating=True composer=1363
[21:23:15] submit 실패 composer잔존=1363
[21:23:15] submit 재시도 2/3
[21:23:16] submit 시작 composer=1363 url=https://www.genspark.ai/agents?id=b8cb1be8-fe74-43ba-8873-1ca1a712c179
[21:23:16] submit geo 실패 hit=no-btn
[21:23:16] submit 시도 method=geo geo=False
[21:23:16] submit 미확인 method=geo generating=False composer=1363
[21:23:16] submit geo 실패 hit=no-btn
[21:23:16] submit 시도 method=send send=False
[21:23:17] submit 미확인 method=send generating=False composer=1363
[21:23:17] submit 시도 method=ctrl
[21:23:18] submit 미확인 method=ctrl generating=False composer=1365
[21:23:18] submit 시도 method=enter
[21:23:19] submit 확인 method=enter generating=False composer=0
[21:23:19] ⏱ 입력·전송 SRT_720 9.3s · chars=1359
[21:23:19] 제출 후 last_saved=https://www.genspark.ai/api/files/s/j1rihb8f
[21:23:19] ⏱ 생성대기 시작 SRT_720 max=120s
[21:23:20] ⏱ 생성대기 완료 0.9s SRT_720 https://www.genspark.ai/api/files/s/jaqjxlph
[21:23:20] ⏱ 생성대기구간 SRT_720 0.9s · ok=True
[21:23:20] SRT_720 근접 이미지 https://www.genspark.ai/api/files/s/jaqjxlph
[21:23:20] 다운로드 files URL=https://www.genspark.ai/api/files/s/jaqjxlph → SRT_720.png
[21:23:20] ⏱ 다운로드 직접 0.7s size=598047 SRT_720.png
[21:23:20] ⏱ 다운로드구간 SRT_720 0.7s · SRT_720.png
[21:23:25] ⏱ 다운로드후유휴 SRT_720 4.1s · idle=True
[21:23:25] ⏱ 씬합계 SRT_720 16.4s · https://www.genspark.ai/api/files/s/jaqjxlph
[21:23:25] SRT_720 생성·다운로드 완료
C:\cursor\wuxia\무협극장\검신귀환록\2부\15장\png\SRT_720.png
[21:23:25] 상태키 SRT_740 · Baek|blood_robe; Jin≈19|blood_robe
[21:23:25] 늦은이미지 회수 실패 SRT_020: SRT_020 요청 아래 새 이미지가 없습니다.
[21:23:25] run_scene 시작 SRT_740 · seen_files=36 · last_saved=https://www.genspark.ai/api/files/s/jaqjxlph
[21:23:25] ⏱ 준비 SRT_740 0.0s · chars=1567
[21:23:26] ⏱ 다음명령유휴 SRT_740 1.1s · idle=True
[21:23:26] fill OK(clip) follow=True chars=1567
[21:23:26] submit 시작 composer=1567 url=https://www.genspark.ai/agents?id=b8cb1be8-fe74-43ba-8873-1ca1a712c179
[21:23:27] submit geo 실패 hit=no-btn
[21:23:27] submit 시도 method=geo geo=False
[21:23:27] submit 미확인 method=geo generating=False composer=1567
[21:23:27] submit geo 실패 hit=no-btn
[21:23:27] submit 시도 method=send send=False
[21:23:28] submit 미확인 method=send generating=False composer=1567
[21:23:28] submit 시도 method=ctrl
[21:23:29] submit 미확인 method=ctrl generating=False composer=1569
[21:23:29] submit 시도 method=enter
[21:23:29] submit 미확인 method=enter generating=False composer=1569
[21:23:29] submit geo 실패 hit=no-btn
[21:23:29] submit 시도 method=geo2 geo=False
[21:23:30] submit 미확인 method=geo2 generating=False composer=1569
[21:23:30] submit geo 실패 hit=no-btn
[21:23:30] submit 시도 method=send2 send=False
[21:23:31] submit 미확인 method=send2 generating=False composer=1569
[21:23:31] submit 시도 method=ctrl2
[21:23:32] submit 미확인 method=ctrl2 generating=False composer=1571
[21:23:32] submit 실패 composer잔존=1571
[21:23:32] submit 재시도 2/3
[21:23:32] submit 시작 composer=1571 url=https://www.genspark.ai/agents?id=b8cb1be8-fe74-43ba-8873-1ca1a712c179
[21:23:32] submit geo 실패 hit=no-btn
[21:23:32] submit 시도 method=geo geo=False
[21:23:33] submit 미확인 method=geo generating=False composer=1571
[21:23:33] submit geo 실패 hit=no-btn
[21:23:33] submit 시도 method=send send=False
[21:23:34] submit 미확인 method=send generating=False composer=1571
[21:23:34] submit 시도 method=ctrl
[21:23:34] submit 미확인 method=ctrl generating=True composer=1573
[21:23:35] submit 시도 method=enter
[21:23:35] submit 미확인 method=enter generating=True composer=1573
[21:23:35] submit geo 실패 hit=no-btn
[21:23:35] submit 시도 method=geo2 geo=False
[21:23:36] submit 미확인 method=geo2 generating=False composer=1573
[21:23:36] submit geo 실패 hit=no-btn
[21:23:36] submit 시도 method=send2 send=False
[21:23:37] submit 미확인 method=send2 generating=False composer=1573
[21:23:37] submit 시도 method=ctrl2
[21:23:37] submit 미확인 method=ctrl2 generating=False composer=1575
[21:23:37] submit 실패 composer잔존=1575
[21:23:37] submit 재시도 3/3
[21:23:38] submit 시작 composer=1575 url=https://www.genspark.ai/agents?id=b8cb1be8-fe74-43ba-8873-1ca1a712c179
[21:23:38] submit geo 실패 hit=no-btn
[21:23:38] submit 시도 method=geo geo=False
[21:23:39] submit 미확인 method=geo generating=False composer=1575
[21:23:39] submit geo 실패 hit=no-btn
[21:23:39] submit 시도 method=send send=False
[21:23:39] submit 미확인 method=send generating=False composer=1575
[21:23:40] submit 시도 method=ctrl
[21:23:40] submit 미확인 method=ctrl generating=False composer=1577
[21:23:41] submit 시도 method=enter
[21:23:41] submit 확인 method=enter generating=False composer=0
[21:23:41] ⏱ 입력·전송 SRT_740 15.2s · chars=1567
[21:23:41] 제출 후 last_saved=https://www.genspark.ai/api/files/s/jaqjxlph
[21:23:41] ⏱ 생성대기 시작 SRT_740 max=120s
[21:23:42] ⏱ 생성대기 완료 0.9s SRT_740 https://www.genspark.ai/api/files/s/g2vnu8fe
[21:23:42] ⏱ 생성대기구간 SRT_740 0.9s · ok=True
[21:23:42] SRT_740 근접 이미지 https://www.genspark.ai/api/files/s/g2vnu8fe
[21:23:42] 다운로드 files URL=https://www.genspark.ai/api/files/s/g2vnu8fe → SRT_740.png
[21:23:44] ⏱ 다운로드 직접 1.5s size=182279 SRT_740.png
[21:23:44] ⏱ 다운로드구간 SRT_740 1.5s · SRT_740.png
[21:23:46] ⏱ 다운로드후유휴 SRT_740 2.1s · idle=True
[21:23:46] ⏱ 씬합계 SRT_740 21.0s · https://www.genspark.ai/api/files/s/g2vnu8fe
[21:23:46] SRT_740 생성·다운로드 완료
C:\cursor\wuxia\무협극장\검신귀환록\2부\15장\png\SRT_740.png
[21:23:46] 상태키 SRT_760 · Baek|blood_robe; Jin≈19|blood_robe
[21:23:46] 늦은이미지 회수 실패 SRT_020: SRT_020 요청 아래 새 이미지가 없습니다.
[21:23:46] run_scene 시작 SRT_760 · seen_files=37 · last_saved=https://www.genspark.ai/api/files/s/g2vnu8fe
[21:23:46] ⏱ 준비 SRT_760 0.0s · chars=1552
[21:23:47] ⏱ 다음명령유휴 SRT_760 1.1s · idle=True
[21:23:48] fill OK(clip) follow=True chars=1552
[21:23:48] submit 시작 composer=1552 url=https://www.genspark.ai/agents?id=b8cb1be8-fe74-43ba-8873-1ca1a712c179
[21:23:48] submit geo 실패 hit=no-btn
[21:23:48] submit 시도 method=geo geo=False
[21:23:48] submit 미확인 method=geo generating=False composer=1552
[21:23:48] submit geo 실패 hit=no-btn
[21:23:48] submit 시도 method=send send=False
[21:23:49] submit 미확인 method=send generating=False composer=1552
[21:23:49] submit 시도 method=ctrl
[21:23:50] submit 미확인 method=ctrl generating=False composer=1554
[21:23:50] submit 시도 method=enter
[21:23:51] submit 미확인 method=enter generating=False composer=1554
[21:23:51] submit geo 실패 hit=no-btn
[21:23:51] submit 시도 method=geo2 geo=False
[21:23:51] submit 미확인 method=geo2 generating=False composer=1554
[21:23:51] submit geo 실패 hit=no-btn
[21:23:51] submit 시도 method=send2 send=False
[21:23:52] submit 미확인 method=send2 generating=False composer=1554
[21:23:52] submit 시도 method=ctrl2
[21:23:53] submit 미확인 method=ctrl2 generating=False composer=1556
[21:23:53] submit 실패 composer잔존=1556
[21:23:53] submit 재시도 2/3
[21:23:53] submit 시작 composer=1556 url=https://www.genspark.ai/agents?id=b8cb1be8-fe74-43ba-8873-1ca1a712c179
[21:23:54] submit geo 실패 hit=no-btn
[21:23:54] submit 시도 method=geo geo=False
[21:23:54] submit 미확인 method=geo generating=False composer=1556
[21:23:54] submit geo 실패 hit=no-btn
[21:23:54] submit 시도 method=send send=False
[21:23:55] submit 미확인 method=send generating=False composer=1556
[21:23:55] submit 시도 method=ctrl
[21:23:56] submit 미확인 method=ctrl generating=False composer=1558
[21:23:56] submit 시도 method=enter
[21:23:56] submit 미확인 method=enter generating=False composer=1558
[21:23:56] submit geo 실패 hit=no-btn
[21:23:56] submit 시도 method=geo2 geo=False
[21:23:57] submit 미확인 method=geo2 generating=False composer=1558
[21:23:57] submit geo 실패 hit=no-btn
[21:23:57] submit 시도 method=send2 send=False
[21:23:58] submit 미확인 method=send2 generating=False composer=1558
[21:23:58] submit 시도 method=ctrl2
[21:23:59] submit 미확인 method=ctrl2 generating=True composer=1560
[21:23:59] submit 실패 composer잔존=1560
[21:23:59] submit 재시도 3/3
[21:23:59] submit 시작 composer=1560 url=https://www.genspark.ai/agents?id=b8cb1be8-fe74-43ba-8873-1ca1a712c179
[21:23:59] submit geo 실패 hit=no-btn
[21:23:59] submit 시도 method=geo geo=False
[21:24:00] submit 미확인 method=geo generating=True composer=1560
[21:24:00] submit geo 실패 hit=no-btn
[21:24:00] submit 시도 method=send send=False
[21:24:01] submit 미확인 method=send generating=True composer=1560
[21:24:01] submit 시도 method=ctrl
[21:24:02] submit 미확인 method=ctrl generating=False composer=1562
[21:24:02] submit 시도 method=enter
[21:24:02] submit 미확인 method=enter generating=False composer=1562
[21:24:02] submit geo 실패 hit=no-btn
[21:24:02] submit 시도 method=geo2 geo=False
[21:24:03] submit 미확인 method=geo2 generating=False composer=1562
[21:24:03] submit geo 실패 hit=no-btn
[21:24:03] submit 시도 method=send2 send=False
[21:24:04] submit 미확인 method=send2 generating=False composer=1562
[21:24:04] submit 시도 method=ctrl2
[21:24:04] submit 미확인 method=ctrl2 generating=False composer=1564
[21:24:04] submit 실패 composer잔존=1564
[21:24:04] submit 재시도 4/3
[21:24:05] run_scene 실패(재시도 없음): 이어쓰기 전송 실패 — 입력창에 명령이 1564자 남아 있습니다.
[21:24:05] SRT_760 실패 — 다음 씬 계속
이어쓰기 전송 실패 — 입력창에 명령이 1564자 남아 있습니다.
[21:24:05] 상태키 SRT_780 · Baek|blood_robe; Jin≈19|blood_robe
[21:24:05] 늦은이미지 회수 실패 SRT_020: SRT_020 요청 아래 새 이미지가 없습니다.
[21:24:05] 늦은이미지 회수 실패 SRT_760: SRT_760 요청 아래 새 이미지가 없습니다.
[21:24:05] run_scene 시작 SRT_780 · seen_files=37 · last_saved=https://www.genspark.ai/api/files/s/g2vnu8fe
[21:24:05] ⏱ 준비 SRT_780 0.0s · chars=2605
[21:24:06] ⏱ 다음명령유휴 SRT_780 1.0s · idle=True
[21:24:07] fill OK(clip) follow=True chars=2605
[21:24:07] submit 시작 composer=2605 url=https://www.genspark.ai/agents?id=b8cb1be8-fe74-43ba-8873-1ca1a712c179
[21:24:07] submit geo 실패 hit=no-btn
[21:24:07] submit 시도 method=geo geo=False
[21:24:08] submit 미확인 method=geo generating=False composer=2605
[21:24:08] submit geo 실패 hit=no-btn
[21:24:08] submit 시도 method=send send=False
[21:24:08] submit 미확인 method=send generating=False composer=2605
[21:24:09] submit 시도 method=ctrl
[21:24:09] submit 미확인 method=ctrl generating=False composer=2607
[21:24:09] submit 시도 method=enter
[21:24:10] submit 확인 method=enter generating=False composer=0
[21:24:10] ⏱ 입력·전송 SRT_780 3.6s · chars=2605
[21:24:10] 제출 후 last_saved=https://www.genspark.ai/api/files/s/g2vnu8fe
[21:24:10] ⏱ 생성대기 시작 SRT_780 max=120s
[21:24:11] ⏱ 생성대기 완료 0.9s SRT_780 https://www.genspark.ai/api/files/s/13p8uq9c
[21:24:11] ⏱ 생성대기구간 SRT_780 0.9s · ok=True
[21:24:11] SRT_780 근접 이미지 https://www.genspark.ai/api/files/s/13p8uq9c
[21:24:11] 다운로드 files URL=https://www.genspark.ai/api/files/s/13p8uq9c → SRT_780.png
[21:24:12] ⏱ 다운로드 직접 1.3s size=231978 SRT_780.png
[21:24:12] ⏱ 다운로드구간 SRT_780 1.3s · SRT_780.png
[21:24:15] ⏱ 다운로드후유휴 SRT_780 2.1s · idle=True
[21:24:15] ⏱ 씬합계 SRT_780 9.2s · https://www.genspark.ai/api/files/s/13p8uq9c
[21:24:15] SRT_780 생성·다운로드 완료
C:\cursor\wuxia\무협극장\검신귀환록\2부\15장\png\SRT_780.png
[21:24:15] 상태키 SRT_800 · Baek|blood_robe; Jin≈19|blood_robe
[21:24:15] 늦은이미지 회수 실패 SRT_020: SRT_020 요청 아래 새 이미지가 없습니다.
[21:24:15] 늦은이미지 회수 실패 SRT_760: SRT_760 요청 아래 새 이미지가 없습니다.
[21:24:15] run_scene 시작 SRT_800 · seen_files=38 · last_saved=https://www.genspark.ai/api/files/s/13p8uq9c
[21:24:15] ⏱ 준비 SRT_800 0.0s · chars=2598
[21:24:16] ⏱ 다음명령유휴 SRT_800 1.1s · idle=True
[21:24:16] fill OK(clip) follow=True chars=2598
[21:24:16] submit 시작 composer=2598 url=https://www.genspark.ai/agents?id=b8cb1be8-fe74-43ba-8873-1ca1a712c179
[21:24:16] submit geo 실패 hit=no-btn
[21:24:16] submit 시도 method=geo geo=False
[21:24:17] submit 미확인 method=geo generating=False composer=2598
[21:24:17] submit geo 실패 hit=no-btn
[21:24:17] submit 시도 method=send send=False
[21:24:18] submit 미확인 method=send generating=False composer=2598
[21:24:18] submit 시도 method=ctrl
[21:24:19] submit 미확인 method=ctrl generating=False composer=2600
[21:24:19] submit 시도 method=enter
[21:24:19] submit 미확인 method=enter generating=True composer=2600
[21:24:19] submit geo 실패 hit=no-btn
[21:24:19] submit 시도 method=geo2 geo=False
[21:24:20] submit 미확인 method=geo2 generating=True composer=2600
[21:24:20] submit geo 실패 hit=no-btn
[21:24:20] submit 시도 method=send2 send=False
[21:24:21] submit 미확인 method=send2 generating=True composer=2600
[21:24:21] submit 시도 method=ctrl2
[21:24:21] submit 미확인 method=ctrl2 generating=False composer=2602
[21:24:21] submit 실패 composer잔존=2602
[21:24:21] submit 재시도 2/3
[21:24:22] submit 시작 composer=2602 url=https://www.genspark.ai/agents?id=b8cb1be8-fe74-43ba-8873-1ca1a712c179
[21:24:22] submit geo 실패 hit=no-btn
[21:24:22] submit 시도 method=geo geo=False
[21:24:23] submit 미확인 method=geo generating=False composer=2602
[21:24:23] submit geo 실패 hit=no-btn
[21:24:23] submit 시도 method=send send=False
[21:24:24] submit 미확인 method=send generating=False composer=2602
[21:24:24] submit 시도 method=ctrl
[21:24:24] submit 미확인 method=ctrl generating=False composer=2604
[21:24:25] submit 시도 method=enter
[21:24:25] submit 확인 method=enter generating=False composer=0
[21:24:25] ⏱ 입력·전송 SRT_800 9.4s · chars=2598
[21:24:25] 제출 후 last_saved=https://www.genspark.ai/api/files/s/13p8uq9c
[21:24:25] ⏱ 생성대기 시작 SRT_800 max=120s
[21:24:26] ⏱ 생성대기 완료 0.9s SRT_800 https://www.genspark.ai/api/files/s/boj1okos
[21:24:26] ⏱ 생성대기구간 SRT_800 0.9s · ok=True
[21:24:26] SRT_800 근접 이미지 https://www.genspark.ai/api/files/s/boj1okos
[21:24:26] 다운로드 files URL=https://www.genspark.ai/api/files/s/boj1okos → SRT_800.png
[21:24:27] ⏱ 다운로드 직접 0.8s size=563125 SRT_800.png
[21:24:27] ⏱ 다운로드구간 SRT_800 0.8s · SRT_800.png
[21:24:30] ⏱ 다운로드후유휴 SRT_800 2.6s · idle=True
[21:24:30] ⏱ 씬합계 SRT_800 15.0s · https://www.genspark.ai/api/files/s/boj1okos
[21:24:30] SRT_800 생성·다운로드 완료
C:\cursor\wuxia\무협극장\검신귀환록\2부\15장\png\SRT_800.png
[21:24:30] 상태키 SRT_820 · Baek|blood_robe; Jin≈19|blood_robe
[21:24:30] 늦은이미지 회수 실패 SRT_020: SRT_020 요청 아래 새 이미지가 없습니다.
[21:24:30] 늦은이미지 회수 실패 SRT_760: SRT_760 요청 아래 새 이미지가 없습니다.
[21:24:30] run_scene 시작 SRT_820 · seen_files=39 · last_saved=https://www.genspark.ai/api/files/s/boj1okos
[21:24:30] ⏱ 준비 SRT_820 0.0s · chars=2144
[21:24:31] ⏱ 다음명령유휴 SRT_820 1.0s · idle=True
[21:24:31] fill OK(clip) follow=True chars=2144
[21:24:31] submit 시작 composer=2144 url=https://www.genspark.ai/agents?id=b8cb1be8-fe74-43ba-8873-1ca1a712c179
[21:24:32] submit geo 실패 hit=no-btn
[21:24:32] submit 시도 method=geo geo=False
[21:24:32] submit 미확인 method=geo generating=False composer=2144
[21:24:32] submit geo 실패 hit=no-btn
[21:24:32] submit 시도 method=send send=False
[21:24:33] submit 미확인 method=send generating=False composer=2144
[21:24:33] submit 시도 method=ctrl
[21:24:34] submit 미확인 method=ctrl generating=False composer=2146
[21:24:34] submit 시도 method=enter
[21:24:34] submit 미확인 method=enter generating=False composer=2146
[21:24:34] submit geo 실패 hit=no-btn
[21:24:34] submit 시도 method=geo2 geo=False
[21:24:35] submit 미확인 method=geo2 generating=False composer=2146
[21:24:35] submit geo 실패 hit=no-btn
[21:24:35] submit 시도 method=send2 send=False
[21:24:36] submit 미확인 method=send2 generating=False composer=2146
[21:24:36] submit 시도 method=ctrl2
[21:24:37] submit 미확인 method=ctrl2 generating=False composer=2148
[21:24:37] submit 실패 composer잔존=2148
[21:24:37] submit 재시도 2/3
[21:24:37] submit 시작 composer=2148 url=https://www.genspark.ai/agents?id=b8cb1be8-fe74-43ba-8873-1ca1a712c179
[21:24:37] submit geo 실패 hit=no-btn
[21:24:37] submit 시도 method=geo geo=False
[21:24:38] submit 미확인 method=geo generating=False composer=2148
[21:24:38] submit geo 실패 hit=no-btn
[21:24:38] submit 시도 method=send send=False
[21:24:39] submit 미확인 method=send generating=False composer=2148
[21:24:39] submit 시도 method=ctrl
[21:24:39] submit 미확인 method=ctrl generating=True composer=2150
[21:24:40] submit 시도 method=enter
[21:24:40] submit 미확인 method=enter generating=True composer=2150
[21:24:40] submit geo 실패 hit=no-btn
[21:24:40] submit 시도 method=geo2 geo=False
[21:24:41] submit 미확인 method=geo2 generating=True composer=2150
[21:24:41] submit geo 실패 hit=no-btn
[21:24:41] submit 시도 method=send2 send=False
[21:24:42] submit 미확인 method=send2 generating=False composer=2150
[21:24:42] submit 시도 method=ctrl2
[21:24:42] submit 미확인 method=ctrl2 generating=False composer=2152
[21:24:42] submit 실패 composer잔존=2152
[21:24:42] submit 재시도 3/3
[21:24:43] submit 시작 composer=2152 url=https://www.genspark.ai/agents?id=b8cb1be8-fe74-43ba-8873-1ca1a712c179
[21:24:43] submit geo 실패 hit=no-btn
[21:24:43] submit 시도 method=geo geo=False
[21:24:44] submit 미확인 method=geo generating=False composer=2152
[21:24:44] submit geo 실패 hit=no-btn
[21:24:44] submit 시도 method=send send=False
[21:24:45] submit 미확인 method=send generating=False composer=2152
[21:24:45] submit 시도 method=ctrl
[21:24:45] submit 미확인 method=ctrl generating=False composer=2154
[21:24:46] submit 시도 method=enter
[21:24:46] submit 확인 method=enter generating=False composer=0
[21:24:46] ⏱ 입력·전송 SRT_820 15.3s · chars=2144
[21:24:46] 제출 후 last_saved=https://www.genspark.ai/api/files/s/boj1okos
[21:24:46] ⏱ 생성대기 시작 SRT_820 max=120s
[21:24:47] ⏱ 생성대기 완료 0.9s SRT_820 https://www.genspark.ai/api/files/s/biy6u7ng
[21:24:47] ⏱ 생성대기구간 SRT_820 0.9s · ok=True
[21:24:47] SRT_820 근접 이미지 https://www.genspark.ai/api/files/s/biy6u7ng
[21:24:47] 다운로드 files URL=https://www.genspark.ai/api/files/s/biy6u7ng → SRT_820.png
[21:24:49] ⏱ 다운로드 직접 1.4s size=199126 SRT_820.png
[21:24:49] ⏱ 다운로드구간 SRT_820 1.4s · SRT_820.png
[21:24:51] ⏱ 다운로드후유휴 SRT_820 2.1s · idle=True
[21:24:51] ⏱ 씬합계 SRT_820 21.0s · https://www.genspark.ai/api/files/s/biy6u7ng
[21:24:51] SRT_820 생성·다운로드 완료
C:\cursor\wuxia\무협극장\검신귀환록\2부\15장\png\SRT_820.png
[21:24:51] 상태키 SRT_840 · Baek|blood_robe; Jin≈19|blood_robe
[21:24:51] 늦은이미지 회수 실패 SRT_020: SRT_020 요청 아래 새 이미지가 없습니다.
[21:24:51] 늦은이미지 회수 실패 SRT_760: SRT_760 요청 아래 새 이미지가 없습니다.
[21:24:51] run_scene 시작 SRT_840 · seen_files=40 · last_saved=https://www.genspark.ai/api/files/s/biy6u7ng
[21:24:51] ⏱ 준비 SRT_840 0.0s · chars=2126
[21:24:52] ⏱ 다음명령유휴 SRT_840 1.1s · idle=True
[21:24:53] fill OK(clip) follow=True chars=2126
[21:24:53] submit 시작 composer=2126 url=https://www.genspark.ai/agents?id=b8cb1be8-fe74-43ba-8873-1ca1a712c179
[21:24:53] submit geo 실패 hit=no-btn
[21:24:53] submit 시도 method=geo geo=False
[21:24:53] submit 미확인 method=geo generating=False composer=2126
[21:24:53] submit geo 실패 hit=no-btn
[21:24:53] submit 시도 method=send send=False
[21:24:54] submit 미확인 method=send generating=False composer=2126
[21:24:54] submit 시도 method=ctrl
[21:24:55] submit 미확인 method=ctrl generating=True composer=2128
[21:24:55] submit 시도 method=enter
[21:24:56] submit 미확인 method=enter generating=True composer=2128
[21:24:56] submit geo 실패 hit=no-btn
[21:24:56] submit 시도 method=geo2 geo=False
[21:24:56] submit 미확인 method=geo2 generating=True composer=2128
[21:24:56] submit geo 실패 hit=no-btn
[21:24:56] submit 시도 method=send2 send=False
[21:24:57] submit 미확인 method=send2 generating=True composer=2128
[21:24:57] submit 시도 method=ctrl2
[21:24:58] submit 미확인 method=ctrl2 generating=False composer=2130
[21:24:58] submit 실패 composer잔존=2130
[21:24:58] submit 재시도 2/3
[21:24:58] submit 시작 composer=2130 url=https://www.genspark.ai/agents?id=b8cb1be8-fe74-43ba-8873-1ca1a712c179
[21:24:59] submit geo 실패 hit=no-btn
[21:24:59] submit 시도 method=geo geo=False
[21:24:59] submit 미확인 method=geo generating=False composer=2130
[21:24:59] submit geo 실패 hit=no-btn
[21:24:59] submit 시도 method=send send=False
[21:25:00] submit 미확인 method=send generating=False composer=2130
[21:25:00] submit 시도 method=ctrl
[21:25:01] submit 미확인 method=ctrl generating=False composer=2132
[21:25:01] submit 시도 method=enter
[21:25:02] submit 확인 method=enter generating=False composer=0
[21:25:02] ⏱ 입력·전송 SRT_840 9.4s · chars=2126
[21:25:02] 제출 후 last_saved=https://www.genspark.ai/api/files/s/biy6u7ng
[21:25:02] ⏱ 생성대기 시작 SRT_840 max=120s
[21:25:03] ⏱ 생성대기 완료 0.9s SRT_840 https://www.genspark.ai/api/files/s/eew3htnd
[21:25:03] ⏱ 생성대기구간 SRT_840 0.9s · ok=True
[21:25:03] SRT_840 근접 이미지 https://www.genspark.ai/api/files/s/eew3htnd
[21:25:03] 다운로드 files URL=https://www.genspark.ai/api/files/s/eew3htnd → SRT_840.png
[21:25:03] ⏱ 다운로드 직접 0.7s size=600980 SRT_840.png
[21:25:03] ⏱ 다운로드구간 SRT_840 0.7s · SRT_840.png
[21:25:07] ⏱ 다운로드후유휴 SRT_840 3.2s · idle=True
[21:25:07] ⏱ 씬합계 SRT_840 15.5s · https://www.genspark.ai/api/files/s/eew3htnd
[21:25:07] SRT_840 생성·다운로드 완료
C:\cursor\wuxia\무협극장\검신귀환록\2부\15장\png\SRT_840.png
[21:25:07] 상태키 SRT_860 · Baek|blood_robe; Jin≈19|blood_robe
[21:25:07] 늦은이미지 회수 실패 SRT_020: SRT_020 요청 아래 새 이미지가 없습니다.
[21:25:07] 늦은이미지 회수 실패 SRT_760: SRT_760 요청 아래 새 이미지가 없습니다.
[21:25:07] run_scene 시작 SRT_860 · seen_files=41 · last_saved=https://www.genspark.ai/api/files/s/eew3htnd
[21:25:07] ⏱ 준비 SRT_860 0.0s · chars=2633
[21:25:08] ⏱ 다음명령유휴 SRT_860 1.1s · idle=True
[21:25:08] fill OK(clip) follow=True chars=2633
[21:25:08] submit 시작 composer=2633 url=https://www.genspark.ai/agents?id=b8cb1be8-fe74-43ba-8873-1ca1a712c179
[21:25:08] submit geo 실패 hit=no-btn
[21:25:08] submit 시도 method=geo geo=False
[21:25:09] submit 미확인 method=geo generating=False composer=2633
[21:25:09] submit geo 실패 hit=no-btn
[21:25:09] submit 시도 method=send send=False
[21:25:10] submit 미확인 method=send generating=False composer=2633
[21:25:10] submit 시도 method=ctrl
[21:25:10] submit 미확인 method=ctrl generating=False composer=2635
[21:25:11] submit 시도 method=enter
[21:25:11] submit 미확인 method=enter generating=False composer=2635
[21:25:11] submit geo 실패 hit=no-btn
[21:25:11] submit 시도 method=geo2 geo=False
[21:25:12] submit 미확인 method=geo2 generating=False composer=2635
[21:25:12] submit geo 실패 hit=no-btn
[21:25:12] submit 시도 method=send2 send=False
[21:25:13] submit 미확인 method=send2 generating=False composer=2635
[21:25:13] submit 시도 method=ctrl2
[21:25:13] submit 미확인 method=ctrl2 generating=False composer=2637
[21:25:13] submit 실패 composer잔존=2637
[21:25:13] submit 재시도 2/3
[21:25:14] submit 시작 composer=2637 url=https://www.genspark.ai/agents?id=b8cb1be8-fe74-43ba-8873-1ca1a712c179
[21:25:14] submit geo 실패 hit=no-btn
[21:25:14] submit 시도 method=geo geo=False
[21:25:15] submit 미확인 method=geo generating=False composer=2637
[21:25:15] submit geo 실패 hit=no-btn
[21:25:15] submit 시도 method=send send=False
[21:25:15] submit 미확인 method=send generating=False composer=2637
[21:25:16] submit 시도 method=ctrl
[21:25:16] submit 미확인 method=ctrl generating=False composer=2639
[21:25:17] submit 시도 method=enter
[21:25:17] submit 미확인 method=enter generating=False composer=2639
[21:25:17] submit geo 실패 hit=no-btn
[21:25:17] submit 시도 method=geo2 geo=False
[21:25:18] submit 미확인 method=geo2 generating=False composer=2639
[21:25:18] submit geo 실패 hit=no-btn
[21:25:18] submit 시도 method=send2 send=False
[21:25:18] submit 미확인 method=send2 generating=True composer=2639
[21:25:19] submit 시도 method=ctrl2
[21:25:19] submit 미확인 method=ctrl2 generating=False composer=2641
[21:25:19] submit 실패 composer잔존=2641
[21:25:19] submit 재시도 3/3
[21:25:20] submit 시작 composer=2641 url=https://www.genspark.ai/agents?id=b8cb1be8-fe74-43ba-8873-1ca1a712c179
[21:25:20] submit geo 실패 hit=no-btn
[21:25:20] submit 시도 method=geo geo=False
[21:25:21] submit 미확인 method=geo generating=False composer=2641
[21:25:21] submit geo 실패 hit=no-btn
[21:25:21] submit 시도 method=send send=False
[21:25:21] submit 미확인 method=send generating=False composer=2641
[21:25:22] submit 시도 method=ctrl
[21:25:22] submit 미확인 method=ctrl generating=False composer=2643
[21:25:22] submit 시도 method=enter
[21:25:23] submit 확인 method=enter generating=False composer=0
[21:25:23] ⏱ 입력·전송 SRT_860 15.3s · chars=2633
[21:25:23] 제출 후 last_saved=https://www.genspark.ai/api/files/s/eew3htnd
[21:25:23] ⏱ 생성대기 시작 SRT_860 max=120s
[21:25:24] ⏱ 생성대기 완료 0.9s SRT_860 https://www.genspark.ai/api/files/s/lyjlru5b
[21:25:24] ⏱ 생성대기구간 SRT_860 0.9s · ok=True
[21:25:24] SRT_860 근접 이미지 https://www.genspark.ai/api/files/s/lyjlru5b
[21:25:24] 다운로드 files URL=https://www.genspark.ai/api/files/s/lyjlru5b → SRT_860.png
[21:25:26] ⏱ 다운로드 직접 1.4s size=183831 SRT_860.png
[21:25:26] ⏱ 다운로드구간 SRT_860 1.4s · SRT_860.png
[21:25:28] ⏱ 다운로드후유휴 SRT_860 2.1s · idle=True
[21:25:28] ⏱ 씬합계 SRT_860 21.0s · https://www.genspark.ai/api/files/s/lyjlru5b
[21:25:28] SRT_860 생성·다운로드 완료
C:\cursor\wuxia\무협극장\검신귀환록\2부\15장\png\SRT_860.png
[21:25:28] 상태키 SRT_880 · Baek|blood_robe; Jin≈19|blood_robe
[21:25:28] 늦은이미지 회수 실패 SRT_020: SRT_020 요청 아래 새 이미지가 없습니다.
[21:25:28] 늦은이미지 회수 실패 SRT_760: SRT_760 요청 아래 새 이미지가 없습니다.
[21:25:28] run_scene 시작 SRT_880 · seen_files=42 · last_saved=https://www.genspark.ai/api/files/s/lyjlru5b
[21:25:28] ⏱ 준비 SRT_880 0.0s · chars=2648
[21:25:29] ⏱ 다음명령유휴 SRT_880 1.0s · idle=True
[21:25:29] fill OK(clip) follow=True chars=2648
[21:25:29] submit 시작 composer=2648 url=https://www.genspark.ai/agents?id=b8cb1be8-fe74-43ba-8873-1ca1a712c179
[21:25:30] submit geo 실패 hit=no-btn
[21:25:30] submit 시도 method=geo geo=False
[21:25:30] submit 미확인 method=geo generating=False composer=2648
[21:25:30] submit geo 실패 hit=no-btn
[21:25:30] submit 시도 method=send send=False
[21:25:31] submit 미확인 method=send generating=False composer=2648
[21:25:31] submit 시도 method=ctrl
[21:25:32] submit 미확인 method=ctrl generating=True composer=2650
[21:25:32] submit 시도 method=enter
[21:25:32] submit 미확인 method=enter generating=True composer=2650
[21:25:32] submit geo 실패 hit=no-btn
[21:25:32] submit 시도 method=geo2 geo=False
[21:25:33] submit 미확인 method=geo2 generating=True composer=2650
[21:25:34] submit geo 실패 hit=no-btn
[21:25:34] submit 시도 method=send2 send=False
[21:25:34] submit 미확인 method=send2 generating=False composer=2650
[21:25:34] submit 시도 method=ctrl2
[21:25:35] submit 미확인 method=ctrl2 generating=False composer=2652
[21:25:35] submit 실패 composer잔존=2652
[21:25:35] submit 재시도 2/3
[21:25:36] submit 시작 composer=2652 url=https://www.genspark.ai/agents?id=b8cb1be8-fe74-43ba-8873-1ca1a712c179
[21:25:36] submit geo 실패 hit=no-btn
[21:25:36] submit 시도 method=geo geo=False
[21:25:36] submit 미확인 method=geo generating=False composer=2652
[21:25:36] submit geo 실패 hit=no-btn
[21:25:36] submit 시도 method=send send=False
[21:25:37] submit 미확인 method=send generating=False composer=2652
[21:25:37] submit 시도 method=ctrl
[21:25:38] submit 미확인 method=ctrl generating=False composer=2654
[21:25:38] submit 시도 method=enter
[21:25:39] submit 확인 method=enter generating=False composer=0
[21:25:39] ⏱ 입력·전송 SRT_880 9.7s · chars=2648
[21:25:39] 제출 후 last_saved=https://www.genspark.ai/api/files/s/lyjlru5b
[21:25:39] ⏱ 생성대기 시작 SRT_880 max=120s
[21:25:40] ⏱ 생성대기 완료 0.9s SRT_880 https://www.genspark.ai/api/files/s/8ududyle
[21:25:40] ⏱ 생성대기구간 SRT_880 0.9s · ok=True
[21:25:40] SRT_880 근접 이미지 https://www.genspark.ai/api/files/s/8ududyle
[21:25:40] 다운로드 files URL=https://www.genspark.ai/api/files/s/8ududyle → SRT_880.png
[21:25:41] ⏱ 다운로드 직접 0.8s size=485211 SRT_880.png
[21:25:41] ⏱ 다운로드구간 SRT_880 0.8s · SRT_880.png
[21:25:43] ⏱ 다운로드후유휴 SRT_880 2.6s · idle=True
[21:25:43] ⏱ 씬합계 SRT_880 15.3s · https://www.genspark.ai/api/files/s/8ududyle
[21:25:43] SRT_880 생성·다운로드 완료
C:\cursor\wuxia\무협극장\검신귀환록\2부\15장\png\SRT_880.png
[21:25:43] 상태키 SRT_900 · Baek|blood_robe; Jin≈19|blood_robe
[21:25:43] 늦은이미지 회수 실패 SRT_020: SRT_020 요청 아래 새 이미지가 없습니다.
[21:25:43] 늦은이미지 회수 실패 SRT_760: SRT_760 요청 아래 새 이미지가 없습니다.
[21:25:43] run_scene 시작 SRT_900 · seen_files=43 · last_saved=https://www.genspark.ai/api/files/s/8ududyle
[21:25:43] ⏱ 준비 SRT_900 0.0s · chars=2104
[21:25:44] ⏱ 다음명령유휴 SRT_900 1.1s · idle=True
[21:25:45] fill OK(clip) follow=True chars=2104
[21:25:45] submit 시작 composer=2104 url=https://www.genspark.ai/agents?id=b8cb1be8-fe74-43ba-8873-1ca1a712c179
[21:25:45] submit geo 실패 hit=no-btn
[21:25:45] submit 시도 method=geo geo=False
[21:25:46] submit 미확인 method=geo generating=False composer=2104
[21:25:46] submit geo 실패 hit=no-btn
[21:25:46] submit 시도 method=send send=False
[21:25:46] submit 미확인 method=send generating=False composer=2104
[21:25:47] submit 시도 method=ctrl
[21:25:47] submit 미확인 method=ctrl generating=False composer=2106
[21:25:47] submit 시도 method=enter
[21:25:48] submit 미확인 method=enter generating=True composer=2106
[21:25:48] submit geo 실패 hit=no-btn
[21:25:48] submit 시도 method=geo2 geo=False
[21:25:49] submit 미확인 method=geo2 generating=True composer=2106
[21:25:49] submit geo 실패 hit=no-btn
[21:25:49] submit 시도 method=send2 send=False
[21:25:49] submit 미확인 method=send2 generating=True composer=2106
[21:25:50] submit 시도 method=ctrl2
[21:25:50] submit 미확인 method=ctrl2 generating=True composer=2108
[21:25:50] submit 실패 composer잔존=2108
[21:25:50] submit 재시도 2/3
[21:25:51] submit 시작 composer=2108 url=https://www.genspark.ai/agents?id=b8cb1be8-fe74-43ba-8873-1ca1a712c179
[21:25:51] submit geo 실패 hit=no-btn
[21:25:51] submit 시도 method=geo geo=False
[21:25:52] submit 미확인 method=geo generating=False composer=2108
[21:25:52] submit geo 실패 hit=no-btn
[21:25:52] submit 시도 method=send send=False
[21:25:52] submit 미확인 method=send generating=False composer=2108
[21:25:53] submit 시도 method=ctrl
[21:25:53] submit 미확인 method=ctrl generating=False composer=2110
[21:25:53] submit 시도 method=enter
[21:25:54] submit 확인 method=enter generating=False composer=0
[21:25:54] ⏱ 입력·전송 SRT_900 9.6s · chars=2104
[21:25:54] 제출 후 last_saved=https://www.genspark.ai/api/files/s/8ududyle
[21:25:54] ⏱ 생성대기 시작 SRT_900 max=120s
[21:25:55] ⏱ 생성대기 완료 0.9s SRT_900 https://www.genspark.ai/api/files/s/rzzmtkjh
[21:25:55] ⏱ 생성대기구간 SRT_900 0.9s · ok=True
[21:25:55] SRT_900 근접 이미지 https://www.genspark.ai/api/files/s/rzzmtkjh
[21:25:55] 다운로드 files URL=https://www.genspark.ai/api/files/s/rzzmtkjh → SRT_900.png
[21:25:56] ⏱ 다운로드 직접 0.7s size=499817 SRT_900.png
[21:25:56] ⏱ 다운로드구간 SRT_900 0.7s · SRT_900.png
[21:25:57] ⏱ 다운로드후유휴 SRT_900 1.2s · idle=True
[21:25:57] ⏱ 씬합계 SRT_900 13.7s · https://www.genspark.ai/api/files/s/rzzmtkjh
[21:25:57] SRT_900 생성·다운로드 완료
C:\cursor\wuxia\무협극장\검신귀환록\2부\15장\png\SRT_900.png
[21:25:57] 상태키 SRT_920 · Baek|blood_robe; Jin≈19|blood_robe
[21:25:57] 늦은이미지 회수 실패 SRT_020: SRT_020 요청 아래 새 이미지가 없습니다.
[21:25:57] 늦은이미지 회수 실패 SRT_760: SRT_760 요청 아래 새 이미지가 없습니다.
[21:25:57] run_scene 시작 SRT_920 · seen_files=44 · last_saved=https://www.genspark.ai/api/files/s/rzzmtkjh
[21:25:57] ⏱ 준비 SRT_920 0.0s · chars=1538
[21:25:58] ⏱ 다음명령유휴 SRT_920 1.1s · idle=True
[21:25:59] fill OK(clip) follow=True chars=1538
[21:25:59] submit 시작 composer=1538 url=https://www.genspark.ai/agents?id=b8cb1be8-fe74-43ba-8873-1ca1a712c179
[21:25:59] submit geo 실패 hit=no-btn
[21:25:59] submit 시도 method=geo geo=False
[21:26:00] submit 미확인 method=geo generating=False composer=1538
[21:26:00] submit geo 실패 hit=no-btn
[21:26:00] submit 시도 method=send send=False
[21:26:00] submit 미확인 method=send generating=False composer=1538
[21:26:01] submit 시도 method=ctrl
[21:26:01] submit 미확인 method=ctrl generating=False composer=1540
[21:26:01] submit 시도 method=enter
[21:26:02] submit 미확인 method=enter generating=False composer=1540
[21:26:02] submit geo 실패 hit=no-btn
[21:26:02] submit 시도 method=geo2 geo=False
[21:26:03] submit 미확인 method=geo2 generating=False composer=1540
[21:26:03] submit geo 실패 hit=no-btn
[21:26:03] submit 시도 method=send2 send=False
[21:26:03] submit 미확인 method=send2 generating=False composer=1540
[21:26:04] submit 시도 method=ctrl2
[21:26:04] submit 미확인 method=ctrl2 generating=False composer=1542
[21:26:04] submit 실패 composer잔존=1542
[21:26:04] submit 재시도 2/3
[21:26:05] submit 시작 composer=1542 url=https://www.genspark.ai/agents?id=b8cb1be8-fe74-43ba-8873-1ca1a712c179
[21:26:05] submit geo 실패 hit=no-btn
[21:26:05] submit 시도 method=geo geo=False
[21:26:06] submit 미확인 method=geo generating=False composer=1542
[21:26:06] submit geo 실패 hit=no-btn
[21:26:06] submit 시도 method=send send=False
[21:26:06] submit 미확인 method=send generating=False composer=1542
[21:26:07] submit 시도 method=ctrl
[21:26:07] submit 미확인 method=ctrl generating=False composer=1544
[21:26:07] submit 시도 method=enter
[21:26:08] submit 미확인 method=enter generating=False composer=1544
[21:26:08] submit geo 실패 hit=no-btn
[21:26:08] submit 시도 method=geo2 geo=False
[21:26:09] submit 미확인 method=geo2 generating=False composer=1544
[21:26:09] submit geo 실패 hit=no-btn
[21:26:09] submit 시도 method=send2 send=False
[21:26:09] submit 미확인 method=send2 generating=False composer=1544
[21:26:10] submit 시도 method=ctrl2
[21:26:10] submit 미확인 method=ctrl2 generating=False composer=1546
[21:26:10] submit 실패 composer잔존=1546
[21:26:10] submit 재시도 3/3
[21:26:11] submit 시작 composer=1546 url=https://www.genspark.ai/agents?id=b8cb1be8-fe74-43ba-8873-1ca1a712c179
[21:26:11] submit geo 실패 hit=no-btn
[21:26:11] submit 시도 method=geo geo=False
[21:26:12] submit 미확인 method=geo generating=False composer=1546
[21:26:12] submit geo 실패 hit=no-btn
[21:26:12] submit 시도 method=send send=False
[21:26:12] submit 미확인 method=send generating=False composer=1546
[21:26:12] submit 시도 method=ctrl
[21:26:13] submit 미확인 method=ctrl generating=False composer=1548
[21:26:13] submit 시도 method=enter
[21:26:14] submit 확인 method=enter generating=False composer=0
[21:26:14] ⏱ 입력·전송 SRT_920 15.5s · chars=1538
[21:26:14] 제출 후 last_saved=https://www.genspark.ai/api/files/s/rzzmtkjh
[21:26:14] ⏱ 생성대기 시작 SRT_920 max=120s
[21:26:15] ⏱ 생성대기 완료 0.9s SRT_920 https://www.genspark.ai/api/files/s/59re9pud
[21:26:15] ⏱ 생성대기구간 SRT_920 0.9s · ok=True
[21:26:15] SRT_920 근접 이미지 https://www.genspark.ai/api/files/s/59re9pud
[21:26:15] 다운로드 files URL=https://www.genspark.ai/api/files/s/59re9pud → SRT_920.png
[21:26:16] ⏱ 다운로드 직접 0.8s size=500832 SRT_920.png
[21:26:16] ⏱ 다운로드구간 SRT_920 0.8s · SRT_920.png
[21:26:18] ⏱ 다운로드후유휴 SRT_920 2.6s · idle=True
[21:26:18] ⏱ 씬합계 SRT_920 21.2s · https://www.genspark.ai/api/files/s/59re9pud
[21:26:18] SRT_920 생성·다운로드 완료
C:\cursor\wuxia\무협극장\검신귀환록\2부\15장\png\SRT_920.png
[21:26:19] 상태키 SRT_940 · Baek|blood_robe; Jin≈19|blood_robe
[21:26:19] 늦은이미지 회수 실패 SRT_020: SRT_020 요청 아래 새 이미지가 없습니다.
[21:26:19] 늦은이미지 회수 실패 SRT_760: SRT_760 요청 아래 새 이미지가 없습니다.
[21:26:19] run_scene 시작 SRT_940 · seen_files=45 · last_saved=https://www.genspark.ai/api/files/s/59re9pud
[21:26:19] ⏱ 준비 SRT_940 0.0s · chars=1558
[21:26:20] ⏱ 다음명령유휴 SRT_940 1.1s · idle=True
[21:26:20] fill OK(clip) follow=True chars=1558
[21:26:20] submit 시작 composer=1558 url=https://www.genspark.ai/agents?id=b8cb1be8-fe74-43ba-8873-1ca1a712c179
[21:26:20] submit geo 실패 hit=no-btn
[21:26:20] submit 시도 method=geo geo=False
[21:26:21] submit 미확인 method=geo generating=False composer=1558
[21:26:21] submit geo 실패 hit=no-btn
[21:26:21] submit 시도 method=send send=False
[21:26:22] submit 미확인 method=send generating=True composer=1558
[21:26:22] submit 시도 method=ctrl
[21:26:22] submit 미확인 method=ctrl generating=True composer=1560
[21:26:23] submit 시도 method=enter
[21:26:23] submit 미확인 method=enter generating=True composer=1560
[21:26:23] submit geo 실패 hit=no-btn
[21:26:23] submit 시도 method=geo2 geo=False
[21:26:24] submit 미확인 method=geo2 generating=True composer=1560
[21:26:24] submit geo 실패 hit=no-btn
[21:26:24] submit 시도 method=send2 send=False
[21:26:25] submit 미확인 method=send2 generating=False composer=1560
[21:26:25] submit 시도 method=ctrl2
[21:26:26] submit 미확인 method=ctrl2 generating=False composer=1562
[21:26:26] submit 실패 composer잔존=1562
[21:26:26] submit 재시도 2/3
[21:26:27] submit 시작 composer=1562 url=https://www.genspark.ai/agents?id=b8cb1be8-fe74-43ba-8873-1ca1a712c179
[21:26:27] submit geo 실패 hit=no-btn
[21:26:27] submit 시도 method=geo geo=False
[21:26:27] submit 미확인 method=geo generating=False composer=1562
[21:26:27] submit geo 실패 hit=no-btn
[21:26:27] submit 시도 method=send send=False
[21:26:28] submit 미확인 method=send generating=False composer=1562
[21:26:28] submit 시도 method=ctrl
[21:26:29] submit 미확인 method=ctrl generating=False composer=1564
[21:26:29] submit 시도 method=enter
[21:26:30] submit 확인 method=enter generating=False composer=0
[21:26:30] ⏱ 입력·전송 SRT_940 9.9s · chars=1558
[21:26:30] 제출 후 last_saved=https://www.genspark.ai/api/files/s/59re9pud
[21:26:30] ⏱ 생성대기 시작 SRT_940 max=120s
[21:26:31] ⏱ 생성대기 완료 0.9s SRT_940 https://www.genspark.ai/api/files/s/ja6wfsht
[21:26:31] ⏱ 생성대기구간 SRT_940 0.9s · ok=True
[21:26:31] SRT_940 근접 이미지 https://www.genspark.ai/api/files/s/ja6wfsht
[21:26:31] 다운로드 files URL=https://www.genspark.ai/api/files/s/ja6wfsht → SRT_940.png
[21:26:31] ⏱ 다운로드 직접 0.6s size=477394 SRT_940.png
[21:26:31] ⏱ 다운로드구간 SRT_940 0.7s · SRT_940.png
[21:26:33] ⏱ 다운로드후유휴 SRT_940 1.2s · idle=True
[21:26:33] ⏱ 씬합계 SRT_940 13.9s · https://www.genspark.ai/api/files/s/ja6wfsht
[21:26:33] SRT_940 생성·다운로드 완료
C:\cursor\wuxia\무협극장\검신귀환록\2부\15장\png\SRT_940.png
[21:26:33] 상태키 SRT_960 · Baek|blood_robe; Jin≈19|blood_robe
[21:26:33] 늦은이미지 회수 실패 SRT_020: SRT_020 요청 아래 새 이미지가 없습니다.
[21:26:33] 늦은이미지 회수 실패 SRT_760: SRT_760 요청 아래 새 이미지가 없습니다.
[21:26:33] run_scene 시작 SRT_960 · seen_files=46 · last_saved=https://www.genspark.ai/api/files/s/ja6wfsht
[21:26:33] ⏱ 준비 SRT_960 0.0s · chars=1551
[21:26:34] ⏱ 다음명령유휴 SRT_960 1.1s · idle=True
[21:26:34] fill OK(clip) follow=True chars=1551
[21:26:34] submit 시작 composer=1551 url=https://www.genspark.ai/agents?id=b8cb1be8-fe74-43ba-8873-1ca1a712c179
[21:26:35] submit geo 실패 hit=no-btn
[21:26:35] submit 시도 method=geo geo=False
[21:26:35] submit 미확인 method=geo generating=False composer=1551
[21:26:35] submit geo 실패 hit=no-btn
[21:26:35] submit 시도 method=send send=False
[21:26:36] submit 미확인 method=send generating=False composer=1551
[21:26:36] submit 시도 method=ctrl
[21:26:37] submit 미확인 method=ctrl generating=False composer=1553
[21:26:37] submit 시도 method=enter
[21:26:37] submit 미확인 method=enter generating=False composer=1553
[21:26:37] submit geo 실패 hit=no-btn
[21:26:37] submit 시도 method=geo2 geo=False
[21:26:38] submit 미확인 method=geo2 generating=False composer=1553
[21:26:38] submit geo 실패 hit=no-btn
[21:26:38] submit 시도 method=send2 send=False
[21:26:39] submit 미확인 method=send2 generating=False composer=1553
[21:26:39] submit 시도 method=ctrl2
[21:26:40] submit 미확인 method=ctrl2 generating=False composer=1555
[21:26:40] submit 실패 composer잔존=1555
[21:26:40] submit 재시도 2/3
[21:26:40] submit 시작 composer=1555 url=https://www.genspark.ai/agents?id=b8cb1be8-fe74-43ba-8873-1ca1a712c179
[21:26:41] submit geo 실패 hit=no-btn
[21:26:41] submit 시도 method=geo geo=False
[21:26:41] submit 미확인 method=geo generating=False composer=1555
[21:26:41] submit geo 실패 hit=no-btn
[21:26:41] submit 시도 method=send send=False
[21:26:42] submit 미확인 method=send generating=False composer=1555
[21:26:42] submit 시도 method=ctrl
[21:26:43] submit 미확인 method=ctrl generating=False composer=1557
[21:26:43] submit 시도 method=enter
[21:26:44] submit 확인 method=enter generating=False composer=0
[21:26:44] ⏱ 입력·전송 SRT_960 9.7s · chars=1551
[21:26:44] 제출 후 last_saved=https://www.genspark.ai/api/files/s/ja6wfsht
[21:26:44] ⏱ 생성대기 시작 SRT_960 max=120s
[21:26:45] ⏱ 생성대기 완료 0.9s SRT_960 https://www.genspark.ai/api/files/s/wepquhj8
[21:26:45] ⏱ 생성대기구간 SRT_960 0.9s · ok=True
[21:26:45] SRT_960 근접 이미지 https://www.genspark.ai/api/files/s/wepquhj8
[21:26:45] 다운로드 files URL=https://www.genspark.ai/api/files/s/wepquhj8 → SRT_960.png
[21:26:45] ⏱ 다운로드 직접 0.7s size=467653 SRT_960.png
[21:26:45] ⏱ 다운로드구간 SRT_960 0.7s · SRT_960.png
[21:26:47] ⏱ 다운로드후유휴 SRT_960 1.3s · idle=True
[21:26:47] ⏱ 씬합계 SRT_960 13.9s · https://www.genspark.ai/api/files/s/wepquhj8
[21:26:47] SRT_960 생성·다운로드 완료
C:\cursor\wuxia\무협극장\검신귀환록\2부\15장\png\SRT_960.png
[21:26:47] 상태키 SRT_980 · Baek|blood_robe; Jin≈19|blood_robe
[21:26:47] 늦은이미지 회수 실패 SRT_020: SRT_020 요청 아래 새 이미지가 없습니다.
[21:26:47] 늦은이미지 회수 실패 SRT_760: SRT_760 요청 아래 새 이미지가 없습니다.
[21:26:47] run_scene 시작 SRT_980 · seen_files=47 · last_saved=https://www.genspark.ai/api/files/s/wepquhj8
[21:26:47] ⏱ 준비 SRT_980 0.0s · chars=2636
[21:26:48] ⏱ 다음명령유휴 SRT_980 1.1s · idle=True
[21:26:48] fill OK(clip) follow=True chars=2636
[21:26:49] submit 시작 composer=2636 url=https://www.genspark.ai/agents?id=b8cb1be8-fe74-43ba-8873-1ca1a712c179
[21:26:49] submit geo 실패 hit=no-btn
[21:26:49] submit 시도 method=geo geo=False
[21:26:49] submit 미확인 method=geo generating=False composer=2636
[21:26:49] submit geo 실패 hit=no-btn
[21:26:49] submit 시도 method=send send=False
[21:26:50] submit 미확인 method=send generating=False composer=2636
[21:26:50] submit 시도 method=ctrl
[21:26:51] submit 미확인 method=ctrl generating=False composer=2638
[21:26:51] submit 시도 method=enter
[21:26:52] submit 미확인 method=enter generating=False composer=2638
[21:26:52] submit geo 실패 hit=no-btn
[21:26:52] submit 시도 method=geo2 geo=False
[21:26:52] submit 미확인 method=geo2 generating=False composer=2638
[21:26:52] submit geo 실패 hit=no-btn
[21:26:52] submit 시도 method=send2 send=False
[21:26:53] submit 미확인 method=send2 generating=False composer=2638
[21:26:53] submit 시도 method=ctrl2
[21:26:54] submit 미확인 method=ctrl2 generating=False composer=2640
[21:26:54] submit 실패 composer잔존=2640
[21:26:54] submit 재시도 2/3
[21:26:55] submit 시작 composer=2640 url=https://www.genspark.ai/agents?id=b8cb1be8-fe74-43ba-8873-1ca1a712c179
[21:26:55] submit geo 실패 hit=no-btn
[21:26:55] submit 시도 method=geo geo=False
[21:26:55] submit 미확인 method=geo generating=False composer=2640
[21:26:55] submit geo 실패 hit=no-btn
[21:26:55] submit 시도 method=send send=False
[21:26:56] submit 미확인 method=send generating=False composer=2640
[21:26:56] submit 시도 method=ctrl
[21:26:57] submit 미확인 method=ctrl generating=False composer=2642
[21:26:57] submit 시도 method=enter
[21:26:58] submit 확인 method=enter generating=False composer=0
[21:26:58] ⏱ 입력·전송 SRT_980 9.7s · chars=2636
[21:26:58] 제출 후 last_saved=https://www.genspark.ai/api/files/s/wepquhj8
[21:26:58] ⏱ 생성대기 시작 SRT_980 max=120s
[21:26:59] ⏱ 생성대기 완료 0.9s SRT_980 https://www.genspark.ai/api/files/s/io2qrcdb
[21:26:59] ⏱ 생성대기구간 SRT_980 0.9s · ok=True
[21:26:59] SRT_980 근접 이미지 https://www.genspark.ai/api/files/s/io2qrcdb
[21:26:59] 다운로드 files URL=https://www.genspark.ai/api/files/s/io2qrcdb → SRT_980.png
[21:27:00] ⏱ 다운로드 직접 0.7s size=453023 SRT_980.png
[21:27:00] ⏱ 다운로드구간 SRT_980 0.7s · SRT_980.png
[21:27:02] ⏱ 다운로드후유휴 SRT_980 2.6s · idle=True
[21:27:02] ⏱ 씬합계 SRT_980 15.3s · https://www.genspark.ai/api/files/s/io2qrcdb
[21:27:02] SRT_980 생성·다운로드 완료
C:\cursor\wuxia\무협극장\검신귀환록\2부\15장\png\SRT_980.png
[21:27:02] 상태키 SRT_1000 · Baek|blood_robe; Jin≈19|blood_robe
[21:27:02] 늦은이미지 회수 실패 SRT_020: SRT_020 요청 아래 새 이미지가 없습니다.
[21:27:02] 늦은이미지 회수 실패 SRT_760: SRT_760 요청 아래 새 이미지가 없습니다.
[21:27:02] run_scene 시작 SRT_1000 · seen_files=48 · last_saved=https://www.genspark.ai/api/files/s/io2qrcdb
[21:27:02] ⏱ 준비 SRT_1000 0.0s · chars=1560
[21:27:03] ⏱ 다음명령유휴 SRT_1000 1.1s · idle=True
[21:27:04] fill OK(clip) follow=True chars=1560
[21:27:04] submit 시작 composer=1560 url=https://www.genspark.ai/agents?id=b8cb1be8-fe74-43ba-8873-1ca1a712c179
[21:27:04] submit geo 실패 hit=no-btn
[21:27:04] submit 시도 method=geo geo=False
[21:27:05] submit 미확인 method=geo generating=False composer=1560
[21:27:05] submit geo 실패 hit=no-btn
[21:27:05] submit 시도 method=send send=False
[21:27:05] submit 미확인 method=send generating=False composer=1560
[21:27:06] submit 시도 method=ctrl
[21:27:06] submit 미확인 method=ctrl generating=True composer=1562
[21:27:06] submit 시도 method=enter
[21:27:07] submit 미확인 method=enter generating=True composer=1562
[21:27:07] submit geo 실패 hit=no-btn
[21:27:07] submit 시도 method=geo2 geo=False
[21:27:08] submit 미확인 method=geo2 generating=True composer=1562
[21:27:08] submit geo 실패 hit=no-btn
[21:27:08] submit 시도 method=send2 send=False
[21:27:09] submit 미확인 method=send2 generating=False composer=1562
[21:27:09] submit 시도 method=ctrl2
[21:27:10] submit 미확인 method=ctrl2 generating=False composer=1564
[21:27:10] submit 실패 composer잔존=1564
[21:27:10] submit 재시도 2/3
[21:27:10] submit 시작 composer=1564 url=https://www.genspark.ai/agents?id=b8cb1be8-fe74-43ba-8873-1ca1a712c179
[21:27:10] submit geo 실패 hit=no-btn
[21:27:10] submit 시도 method=geo geo=False
[21:27:11] submit 미확인 method=geo generating=False composer=1564
[21:27:11] submit geo 실패 hit=no-btn
[21:27:11] submit 시도 method=send send=False
[21:27:12] submit 미확인 method=send generating=False composer=1564
[21:27:12] submit 시도 method=ctrl
[21:27:13] submit 미확인 method=ctrl generating=False composer=1566
[21:27:13] submit 시도 method=enter
[21:27:13] submit 확인 method=enter generating=False composer=0
[21:27:13] ⏱ 입력·전송 SRT_1000 10.1s · chars=1560
[21:27:13] 제출 후 last_saved=https://www.genspark.ai/api/files/s/io2qrcdb
[21:27:14] ⏱ 생성대기 시작 SRT_1000 max=120s
[21:27:15] ⏱ 생성대기 완료 0.9s SRT_1000 https://www.genspark.ai/api/files/s/1gxdbv8n
[21:27:15] ⏱ 생성대기구간 SRT_1000 0.9s · ok=True
[21:27:15] SRT_1000 근접 이미지 https://www.genspark.ai/api/files/s/1gxdbv8n
[21:27:15] 다운로드 files URL=https://www.genspark.ai/api/files/s/1gxdbv8n → SRT_1000.png
[21:27:15] ⏱ 다운로드 직접 0.8s size=516577 SRT_1000.png
[21:27:15] ⏱ 다운로드구간 SRT_1000 0.8s · SRT_1000.png
[21:27:17] ⏱ 다운로드후유휴 SRT_1000 1.2s · idle=True
[21:27:17] ⏱ 씬합계 SRT_1000 14.2s · https://www.genspark.ai/api/files/s/1gxdbv8n
[21:27:17] SRT_1000 생성·다운로드 완료
C:\cursor\wuxia\무협극장\검신귀환록\2부\15장\png\SRT_1000.png
[21:27:17] 상태키 SRT_1020 · Baek|blood_robe; Jin≈19|blood_robe
[21:27:17] 늦은이미지 회수 실패 SRT_020: SRT_020 요청 아래 새 이미지가 없습니다.
[21:27:17] 늦은이미지 회수 실패 SRT_760: SRT_760 요청 아래 새 이미지가 없습니다.
[21:27:17] run_scene 시작 SRT_1020 · seen_files=49 · last_saved=https://www.genspark.ai/api/files/s/1gxdbv8n
[21:27:17] ⏱ 준비 SRT_1020 0.0s · chars=2623
[21:27:18] ⏱ 다음명령유휴 SRT_1020 1.1s · idle=True
[21:27:18] fill OK(clip) follow=True chars=2623
[21:27:18] submit 시작 composer=2623 url=https://www.genspark.ai/agents?id=b8cb1be8-fe74-43ba-8873-1ca1a712c179
[21:27:18] submit geo 실패 hit=no-btn
[21:27:18] submit 시도 method=geo geo=False
[21:27:19] submit 미확인 method=geo generating=False composer=2623
[21:27:19] submit geo 실패 hit=no-btn
[21:27:19] submit 시도 method=send send=False
[21:27:20] submit 미확인 method=send generating=False composer=2623
[21:27:20] submit 시도 method=ctrl
[21:27:21] submit 미확인 method=ctrl generating=False composer=2625
[21:27:21] submit 시도 method=enter
[21:27:21] submit 미확인 method=enter generating=False composer=2625
[21:27:21] submit geo 실패 hit=no-btn
[21:27:21] submit 시도 method=geo2 geo=False
[21:27:22] submit 미확인 method=geo2 generating=False composer=2625
[21:27:22] submit geo 실패 hit=no-btn
[21:27:22] submit 시도 method=send2 send=False
[21:27:23] submit 미확인 method=send2 generating=False composer=2625
[21:27:23] submit 시도 method=ctrl2
[21:27:24] submit 미확인 method=ctrl2 generating=False composer=2627
[21:27:24] submit 실패 composer잔존=2627
[21:27:24] submit 재시도 2/3
[21:27:24] submit 시작 composer=2627 url=https://www.genspark.ai/agents?id=b8cb1be8-fe74-43ba-8873-1ca1a712c179
[21:27:25] submit geo 실패 hit=no-btn
[21:27:25] submit 시도 method=geo geo=False
[21:27:25] submit 미확인 method=geo generating=False composer=2627
[21:27:25] submit geo 실패 hit=no-btn
[21:27:25] submit 시도 method=send send=False
[21:27:26] submit 미확인 method=send generating=False composer=2627
[21:27:26] submit 시도 method=ctrl
[21:27:27] submit 미확인 method=ctrl generating=False composer=2629
[21:27:27] submit 시도 method=enter
[21:27:28] submit 확인 method=enter generating=False composer=0
[21:27:28] ⏱ 입력·전송 SRT_1020 9.7s · chars=2623
[21:27:28] 제출 후 last_saved=https://www.genspark.ai/api/files/s/1gxdbv8n
[21:27:28] ⏱ 생성대기 시작 SRT_1020 max=120s
[21:27:29] ⏱ 생성대기 완료 0.9s SRT_1020 https://www.genspark.ai/api/files/s/nleguobs
[21:27:29] ⏱ 생성대기구간 SRT_1020 0.9s · ok=True
[21:27:29] SRT_1020 근접 이미지 https://www.genspark.ai/api/files/s/nleguobs
[21:27:29] 다운로드 files URL=https://www.genspark.ai/api/files/s/nleguobs → SRT_1020.png
[21:27:29] ⏱ 다운로드 직접 0.8s size=441762 SRT_1020.png
[21:27:29] ⏱ 다운로드구간 SRT_1020 0.8s · SRT_1020.png
[21:27:33] ⏱ 다운로드후유휴 SRT_1020 3.2s · idle=True
[21:27:33] ⏱ 씬합계 SRT_1020 15.9s · https://www.genspark.ai/api/files/s/nleguobs
[21:27:33] SRT_1020 생성·다운로드 완료
C:\cursor\wuxia\무협극장\검신귀환록\2부\15장\png\SRT_1020.png
[21:27:33] 상태키 SRT_1040 · Baek|blood_robe; Jin≈19|blood_robe
[21:27:33] 늦은이미지 회수 실패 SRT_020: SRT_020 요청 아래 새 이미지가 없습니다.
[21:27:33] 늦은이미지 회수 실패 SRT_760: SRT_760 요청 아래 새 이미지가 없습니다.
[21:27:33] run_scene 시작 SRT_1040 · seen_files=50 · last_saved=https://www.genspark.ai/api/files/s/nleguobs
[21:27:33] ⏱ 준비 SRT_1040 0.0s · chars=3412
[21:27:34] ⏱ 다음명령유휴 SRT_1040 1.1s · idle=True
[21:27:34] fill OK(clip) follow=True chars=3412
[21:27:34] submit 시작 composer=3412 url=https://www.genspark.ai/agents?id=b8cb1be8-fe74-43ba-8873-1ca1a712c179
[21:27:35] submit geo 실패 hit=no-btn
[21:27:35] submit 시도 method=geo geo=False
[21:27:35] submit 미확인 method=geo generating=False composer=3412
[21:27:35] submit geo 실패 hit=no-btn
[21:27:35] submit 시도 method=send send=False
[21:27:36] submit 미확인 method=send generating=False composer=3412
[21:27:36] submit 시도 method=ctrl
[21:27:37] submit 미확인 method=ctrl generating=False composer=3414
[21:27:37] submit 시도 method=enter
[21:27:38] submit 미확인 method=enter generating=True composer=3414
[21:27:38] submit geo 실패 hit=no-btn
[21:27:38] submit 시도 method=geo2 geo=False
[21:27:38] submit 미확인 method=geo2 generating=True composer=3414
[21:27:38] submit geo 실패 hit=no-btn
[21:27:38] submit 시도 method=send2 send=False
[21:27:39] submit 미확인 method=send2 generating=True composer=3414
[21:27:39] submit 시도 method=ctrl2
[21:27:40] submit 미확인 method=ctrl2 generating=True composer=3416
[21:27:40] submit 실패 composer잔존=3416
[21:27:40] submit 재시도 2/3
[21:27:40] submit 시작 composer=3416 url=https://www.genspark.ai/agents?id=b8cb1be8-fe74-43ba-8873-1ca1a712c179
[21:27:41] submit geo 실패 hit=no-btn
[21:27:41] submit 시도 method=geo geo=False
[21:27:41] submit 미확인 method=geo generating=True composer=3416
[21:27:41] submit geo 실패 hit=no-btn
[21:27:41] submit 시도 method=send send=False
[21:27:42] submit 미확인 method=send generating=True composer=3416
[21:27:42] submit 시도 method=ctrl
[21:27:43] submit 미확인 method=ctrl generating=True composer=3418
[21:27:43] submit 시도 method=enter
[21:27:44] submit 미확인 method=enter generating=True composer=3418
[21:27:44] submit geo 실패 hit=no-btn
[21:27:44] submit 시도 method=geo2 geo=False
[21:27:44] submit 미확인 method=geo2 generating=True composer=3418
[21:27:44] submit geo 실패 hit=no-btn
[21:27:44] submit 시도 method=send2 send=False
[21:27:45] submit 미확인 method=send2 generating=True composer=3418
[21:27:45] submit 시도 method=ctrl2
[21:27:46] submit 미확인 method=ctrl2 generating=True composer=3420
[21:27:46] submit 실패 composer잔존=3420
[21:27:46] submit 재시도 3/3
[21:27:47] submit 시작 composer=3420 url=https://www.genspark.ai/agents?id=b8cb1be8-fe74-43ba-8873-1ca1a712c179
[21:27:47] submit geo 실패 hit=no-btn
[21:27:47] submit 시도 method=geo geo=False
[21:27:47] submit 미확인 method=geo generating=False composer=3420
[21:27:49] submit geo 실패 hit=no-btn
[21:27:49] submit 시도 method=send send=False
[21:27:50] submit 미확인 method=send generating=False composer=3420
[21:27:50] submit 시도 method=ctrl
[21:27:50] submit 미확인 method=ctrl generating=False composer=3422
[21:27:51] submit 시도 method=enter
[21:27:51] submit 확인 method=enter generating=False composer=0
[21:27:51] ⏱ 입력·전송 SRT_1040 17.3s · chars=3412
[21:27:51] 제출 후 last_saved=https://www.genspark.ai/api/files/s/nleguobs
[21:27:51] ⏱ 생성대기 시작 SRT_1040 max=120s
[21:27:52] ⏱ 생성대기 완료 0.9s SRT_1040 https://www.genspark.ai/api/files/s/vavegxwq
[21:27:52] ⏱ 생성대기구간 SRT_1040 0.9s · ok=True
[21:27:52] SRT_1040 근접 이미지 https://www.genspark.ai/api/files/s/vavegxwq
[21:27:52] 다운로드 files URL=https://www.genspark.ai/api/files/s/vavegxwq → SRT_1040.png
[21:27:53] ⏱ 다운로드 직접 0.7s size=497168 SRT_1040.png
[21:27:53] ⏱ 다운로드구간 SRT_1040 0.7s · SRT_1040.png
[21:27:55] ⏱ 다운로드후유휴 SRT_1040 2.1s · idle=True
[21:27:55] ⏱ 씬합계 SRT_1040 22.3s · https://www.genspark.ai/api/files/s/vavegxwq
[21:27:55] SRT_1040 생성·다운로드 완료
C:\cursor\wuxia\무협극장\검신귀환록\2부\15장\png\SRT_1040.png
[21:27:55] 상태키 SRT_1060 · Baek|blood_robe; Jin≈19|blood_robe
[21:27:55] 늦은이미지 회수 실패 SRT_020: SRT_020 요청 아래 새 이미지가 없습니다.
[21:27:55] 늦은이미지 회수 실패 SRT_760: SRT_760 요청 아래 새 이미지가 없습니다.
[21:27:55] run_scene 시작 SRT_1060 · seen_files=51 · last_saved=https://www.genspark.ai/api/files/s/vavegxwq
[21:27:55] ⏱ 준비 SRT_1060 0.0s · chars=2637
[21:27:56] ⏱ 다음명령유휴 SRT_1060 1.0s · idle=True
[21:28:00] fill OK(clip) follow=True chars=2637
[21:28:00] submit 시작 composer=2637 url=https://www.genspark.ai/agents?id=b8cb1be8-fe74-43ba-8873-1ca1a712c179
[21:28:00] submit geo 실패 hit=no-btn
[21:28:00] submit 시도 method=geo geo=False
[21:28:01] submit 미확인 method=geo generating=True composer=2637
[21:28:03] submit geo 실패 hit=no-btn
[21:28:03] submit 시도 method=send send=False
[21:28:04] submit 미확인 method=send generating=False composer=2637
[21:28:04] submit 시도 method=ctrl
[21:28:04] submit 미확인 method=ctrl generating=False composer=2639
[21:28:05] submit 시도 method=enter
[21:28:05] submit 확인 method=enter generating=False composer=0
[21:28:05] ⏱ 입력·전송 SRT_1060 9.0s · chars=2637
[21:28:05] 제출 후 last_saved=https://www.genspark.ai/api/files/s/vavegxwq
[21:28:06] ⏱ 생성대기 시작 SRT_1060 max=120s
[21:28:06] ⏱ 생성대기 완료 0.9s SRT_1060 https://www.genspark.ai/api/files/s/kshl8oey
[21:28:06] ⏱ 생성대기구간 SRT_1060 0.9s · ok=True
[21:28:07] SRT_1060 근접 이미지 https://www.genspark.ai/api/files/s/kshl8oey
[21:28:07] 다운로드 files URL=https://www.genspark.ai/api/files/s/kshl8oey → SRT_1060.png
[21:28:07] ⏱ 다운로드 직접 0.7s size=489611 SRT_1060.png
[21:28:07] ⏱ 다운로드구간 SRT_1060 0.7s · SRT_1060.png
[21:28:08] ⏱ 다운로드후유휴 SRT_1060 1.1s · idle=True
[21:28:08] ⏱ 씬합계 SRT_1060 13.0s · https://www.genspark.ai/api/files/s/kshl8oey
[21:28:08] SRT_1060 생성·다운로드 완료
C:\cursor\wuxia\무협극장\검신귀환록\2부\15장\png\SRT_1060.png
[21:28:08] 상태키 SRT_1080 · Baek|blood_robe; Jin≈19|blood_robe
[21:28:09] 늦은이미지 회수 실패 SRT_020: SRT_020 요청 아래 새 이미지가 없습니다.
[21:28:09] 늦은이미지 회수 실패 SRT_760: SRT_760 요청 아래 새 이미지가 없습니다.
[21:28:09] run_scene 시작 SRT_1080 · seen_files=52 · last_saved=https://www.genspark.ai/api/files/s/kshl8oey
[21:28:09] ⏱ 준비 SRT_1080 0.0s · chars=2130
[21:28:10] ⏱ 다음명령유휴 SRT_1080 1.1s · idle=True
[21:28:11] fill OK(clip) follow=True chars=2130
[21:28:11] submit 시작 composer=2130 url=https://www.genspark.ai/agents?id=b8cb1be8-fe74-43ba-8873-1ca1a712c179
[21:28:11] submit geo 실패 hit=no-btn
[21:28:11] submit 시도 method=geo geo=False
[21:28:11] submit 미확인 method=geo generating=False composer=2130
[21:28:11] submit geo 실패 hit=no-btn
[21:28:11] submit 시도 method=send send=False
[21:28:12] submit 미확인 method=send generating=False composer=2130
[21:28:12] submit 시도 method=ctrl
[21:28:13] submit 미확인 method=ctrl generating=False composer=2132
[21:28:13] submit 시도 method=enter
[21:28:14] submit 미확인 method=enter generating=False composer=2132
[21:28:14] submit geo 실패 hit=no-btn
[21:28:14] submit 시도 method=geo2 geo=False
[21:28:14] submit 미확인 method=geo2 generating=False composer=2132
[21:28:14] submit geo 실패 hit=no-btn
[21:28:14] submit 시도 method=send2 send=False
[21:28:15] submit 미확인 method=send2 generating=False composer=2132
[21:28:15] submit 시도 method=ctrl2
[21:28:16] submit 미확인 method=ctrl2 generating=False composer=2134
[21:28:16] submit 실패 composer잔존=2134
[21:28:16] submit 재시도 2/3
[21:28:17] submit 시작 composer=2134 url=https://www.genspark.ai/agents?id=b8cb1be8-fe74-43ba-8873-1ca1a712c179
[21:28:17] submit geo 실패 hit=no-btn
[21:28:17] submit 시도 method=geo geo=False
[21:28:17] submit 미확인 method=geo generating=False composer=2134
[21:28:18] submit geo 실패 hit=no-btn
[21:28:18] submit 시도 method=send send=False
[21:28:18] submit 미확인 method=send generating=False composer=2134
[21:28:18] submit 시도 method=ctrl
[21:28:19] submit 미확인 method=ctrl generating=False composer=2136
[21:28:19] submit 시도 method=enter
[21:28:20] submit 미확인 method=enter generating=False composer=2136
[21:28:20] submit geo 실패 hit=no-btn
[21:28:20] submit 시도 method=geo2 geo=False
[21:28:20] submit 미확인 method=geo2 generating=False composer=2136
[21:28:22] submit geo 실패 hit=no-btn
[21:28:22] submit 시도 method=send2 send=False
[21:28:22] submit 미확인 method=send2 generating=False composer=2136
[21:28:23] submit 시도 method=ctrl2
[21:28:23] submit 미확인 method=ctrl2 generating=False composer=2138
[21:28:23] submit 실패 composer잔존=2138
[21:28:23] submit 재시도 3/3
[21:28:24] submit 시작 composer=2138 url=https://www.genspark.ai/agents?id=b8cb1be8-fe74-43ba-8873-1ca1a712c179
[21:28:24] submit geo 실패 hit=no-btn
[21:28:24] submit 시도 method=geo geo=False
[21:28:25] submit 미확인 method=geo generating=False composer=2138
[21:28:26] submit geo 실패 hit=no-btn
[21:28:26] submit 시도 method=send send=False
[21:28:26] submit 미확인 method=send generating=False composer=2138
[21:28:27] submit 시도 method=ctrl
[21:28:27] submit 미확인 method=ctrl generating=False composer=2140
[21:28:27] submit 시도 method=enter
[21:28:28] submit 확인 method=enter generating=False composer=0
[21:28:28] ⏱ 입력·전송 SRT_1080 18.4s · chars=2130
[21:28:28] 제출 후 last_saved=https://www.genspark.ai/api/files/s/kshl8oey
[21:28:28] ⏱ 생성대기 시작 SRT_1080 max=120s
[21:28:29] ⏱ 생성대기 완료 0.9s SRT_1080 https://www.genspark.ai/api/files/s/tw3gkypu
[21:28:29] ⏱ 생성대기구간 SRT_1080 0.9s · ok=True
[21:28:29] SRT_1080 근접 이미지 https://www.genspark.ai/api/files/s/tw3gkypu
[21:28:29] 다운로드 files URL=https://www.genspark.ai/api/files/s/tw3gkypu → SRT_1080.png
[21:28:30] ⏱ 다운로드 직접 0.8s size=505504 SRT_1080.png
[21:28:30] ⏱ 다운로드구간 SRT_1080 0.9s · SRT_1080.png
[21:28:31] ⏱ 다운로드후유휴 SRT_1080 1.2s · idle=True
[21:28:31] ⏱ 씬합계 SRT_1080 22.7s · https://www.genspark.ai/api/files/s/tw3gkypu
[21:28:31] SRT_1080 생성·다운로드 완료
C:\cursor\wuxia\무협극장\검신귀환록\2부\15장\png\SRT_1080.png
[21:28:31] 상태키 SRT_1100 · Baek|blood_robe; Jin≈19|blood_robe
[21:28:31] 늦은이미지 회수 실패 SRT_020: SRT_020 요청 아래 새 이미지가 없습니다.
[21:28:31] 늦은이미지 회수 실패 SRT_760: SRT_760 요청 아래 새 이미지가 없습니다.
[21:28:31] run_scene 시작 SRT_1100 · seen_files=53 · last_saved=https://www.genspark.ai/api/files/s/tw3gkypu
[21:28:31] ⏱ 준비 SRT_1100 0.0s · chars=2155
[21:28:33] ⏱ 다음명령유휴 SRT_1100 1.1s · idle=True
[21:28:33] fill OK(clip) follow=True chars=2155
[21:28:33] submit 시작 composer=2155 url=https://www.genspark.ai/agents?id=b8cb1be8-fe74-43ba-8873-1ca1a712c179
[21:28:33] submit geo 실패 hit=no-btn
[21:28:33] submit 시도 method=geo geo=False
[21:28:34] submit 미확인 method=geo generating=False composer=2155
[21:28:34] submit geo 실패 hit=no-btn
[21:28:34] submit 시도 method=send send=False
[21:28:34] submit 미확인 method=send generating=False composer=2155
[21:28:35] submit 시도 method=ctrl
[21:28:35] submit 미확인 method=ctrl generating=False composer=2157
[21:28:36] submit 시도 method=enter
[21:28:36] submit 미확인 method=enter generating=False composer=2157
[21:28:36] submit geo 실패 hit=no-btn
[21:28:36] submit 시도 method=geo2 geo=False
[21:28:37] submit 미확인 method=geo2 generating=False composer=2157
[21:28:37] submit geo 실패 hit=no-btn
[21:28:37] submit 시도 method=send2 send=False
[21:28:38] submit 미확인 method=send2 generating=False composer=2157
[21:28:38] submit 시도 method=ctrl2
[21:28:38] submit 미확인 method=ctrl2 generating=False composer=2159
[21:28:38] submit 실패 composer잔존=2159
[21:28:38] submit 재시도 2/3
[21:28:39] submit 시작 composer=2159 url=https://www.genspark.ai/agents?id=b8cb1be8-fe74-43ba-8873-1ca1a712c179
[21:28:39] submit geo 실패 hit=no-btn
[21:28:39] submit 시도 method=geo geo=False
[21:28:40] submit 미확인 method=geo generating=False composer=2159
[21:28:40] submit geo 실패 hit=no-btn
[21:28:40] submit 시도 method=send send=False
[21:28:41] submit 미확인 method=send generating=False composer=2159
[21:28:41] submit 시도 method=ctrl
[21:28:41] submit 미확인 method=ctrl generating=False composer=2161
[21:28:42] submit 시도 method=enter
[21:28:42] submit 확인 method=enter generating=False composer=0
[21:28:42] ⏱ 입력·전송 SRT_1100 9.7s · chars=2155
[21:28:42] 제출 후 last_saved=https://www.genspark.ai/api/files/s/tw3gkypu
[21:28:42] ⏱ 생성대기 시작 SRT_1100 max=120s
[21:28:43] ⏱ 생성대기 완료 0.9s SRT_1100 https://www.genspark.ai/api/files/s/ehpvhnx3
[21:28:43] ⏱ 생성대기구간 SRT_1100 0.9s · ok=True
[21:28:43] SRT_1100 근접 이미지 https://www.genspark.ai/api/files/s/ehpvhnx3
[21:28:43] 다운로드 files URL=https://www.genspark.ai/api/files/s/ehpvhnx3 → SRT_1100.png
[21:28:44] ⏱ 다운로드 직접 0.8s size=496093 SRT_1100.png
[21:28:44] ⏱ 다운로드구간 SRT_1100 0.8s · SRT_1100.png
[21:28:48] ⏱ 다운로드후유휴 SRT_1100 4.2s · idle=True
[21:28:48] ⏱ 씬합계 SRT_1100 17.0s · https://www.genspark.ai/api/files/s/ehpvhnx3
[21:28:48] SRT_1100 생성·다운로드 완료
C:\cursor\wuxia\무협극장\검신귀환록\2부\15장\png\SRT_1100.png
[21:28:49] 상태키 SRT_1120 · Baek|blood_robe; Jin≈19|blood_robe
[21:28:49] 늦은이미지 회수 실패 SRT_020: SRT_020 요청 아래 새 이미지가 없습니다.
[21:28:49] 늦은이미지 회수 실패 SRT_760: SRT_760 요청 아래 새 이미지가 없습니다.
[21:28:49] run_scene 시작 SRT_1120 · seen_files=54 · last_saved=https://www.genspark.ai/api/files/s/ehpvhnx3
[21:28:49] ⏱ 준비 SRT_1120 0.0s · chars=2637
[21:28:50] ⏱ 다음명령유휴 SRT_1120 1.1s · idle=True
[21:28:50] fill OK(clip) follow=True chars=2637
[21:28:50] submit 시작 composer=2637 url=https://www.genspark.ai/agents?id=b8cb1be8-fe74-43ba-8873-1ca1a712c179
[21:28:50] submit geo 실패 hit=no-btn
[21:28:50] submit 시도 method=geo geo=False
[21:28:51] submit 미확인 method=geo generating=False composer=2637
[21:28:51] submit geo 실패 hit=no-btn
[21:28:51] submit 시도 method=send send=False
[21:28:52] submit 미확인 method=send generating=True composer=2637
[21:28:52] submit 시도 method=ctrl
[21:28:52] submit 미확인 method=ctrl generating=True composer=2639
[21:28:53] submit 시도 method=enter
[21:28:53] submit 미확인 method=enter generating=True composer=2639
[21:28:53] submit geo 실패 hit=no-btn
[21:28:53] submit 시도 method=geo2 geo=False
[21:28:54] submit 미확인 method=geo2 generating=True composer=2639
[21:28:54] submit geo 실패 hit=no-btn
[21:28:54] submit 시도 method=send2 send=False
[21:28:55] submit 미확인 method=send2 generating=True composer=2639
[21:28:55] submit 시도 method=ctrl2
[21:28:56] submit 미확인 method=ctrl2 generating=False composer=2641
[21:28:56] submit 실패 composer잔존=2641
[21:28:56] submit 재시도 2/3
[21:28:56] submit 시작 composer=2641 url=https://www.genspark.ai/agents?id=b8cb1be8-fe74-43ba-8873-1ca1a712c179
[21:28:56] submit geo 실패 hit=no-btn
[21:28:56] submit 시도 method=geo geo=False
[21:28:57] submit 미확인 method=geo generating=False composer=2641
[21:28:57] submit geo 실패 hit=no-btn
[21:28:57] submit 시도 method=send send=False
[21:28:58] submit 미확인 method=send generating=False composer=2641
[21:28:58] submit 시도 method=ctrl
[21:28:59] submit 미확인 method=ctrl generating=False composer=2643
[21:28:59] submit 시도 method=enter
[21:28:59] submit 확인 method=enter generating=False composer=0
[21:28:59] ⏱ 입력·전송 SRT_1120 9.7s · chars=2637
[21:28:59] 제출 후 last_saved=https://www.genspark.ai/api/files/s/ehpvhnx3
[21:29:00] ⏱ 생성대기 시작 SRT_1120 max=120s
[21:29:01] ⏱ 생성대기 완료 0.9s SRT_1120 https://www.genspark.ai/api/files/s/ckh2lrxg
[21:29:01] ⏱ 생성대기구간 SRT_1120 0.9s · ok=True
[21:29:01] SRT_1120 근접 이미지 https://www.genspark.ai/api/files/s/ckh2lrxg
[21:29:01] 다운로드 files URL=https://www.genspark.ai/api/files/s/ckh2lrxg → SRT_1120.png
[21:29:01] ⏱ 다운로드 직접 0.7s size=486291 SRT_1120.png
[21:29:01] ⏱ 다운로드구간 SRT_1120 0.7s · SRT_1120.png
[21:29:02] ⏱ 다운로드후유휴 SRT_1120 1.2s · idle=True
[21:29:02] ⏱ 씬합계 SRT_1120 13.9s · https://www.genspark.ai/api/files/s/ckh2lrxg
[21:29:02] SRT_1120 생성·다운로드 완료
C:\cursor\wuxia\무협극장\검신귀환록\2부\15장\png\SRT_1120.png
[21:29:03] 상태키 SRT_1140 · Baek|blood_robe; Jin≈19|blood_robe
[21:29:03] 늦은이미지 회수 실패 SRT_020: SRT_020 요청 아래 새 이미지가 없습니다.
[21:29:03] 늦은이미지 회수 실패 SRT_760: SRT_760 요청 아래 새 이미지가 없습니다.
[21:29:03] run_scene 시작 SRT_1140 · seen_files=55 · last_saved=https://www.genspark.ai/api/files/s/ckh2lrxg
[21:29:03] ⏱ 준비 SRT_1140 0.0s · chars=2613
[21:29:04] ⏱ 다음명령유휴 SRT_1140 1.1s · idle=True
[21:29:04] fill OK(clip) follow=True chars=2613
[21:29:04] submit 시작 composer=2613 url=https://www.genspark.ai/agents?id=b8cb1be8-fe74-43ba-8873-1ca1a712c179
[21:29:04] submit geo 실패 hit=no-btn
[21:29:04] submit 시도 method=geo geo=False
[21:29:05] submit 미확인 method=geo generating=False composer=2613
[21:29:05] submit geo 실패 hit=no-btn
[21:29:05] submit 시도 method=send send=False
[21:29:06] submit 미확인 method=send generating=False composer=2613
[21:29:06] submit 시도 method=ctrl
[21:29:06] submit 미확인 method=ctrl generating=False composer=2615
[21:29:07] submit 시도 method=enter
[21:29:07] submit 미확인 method=enter generating=False composer=2615
[21:29:07] submit geo 실패 hit=no-btn
[21:29:07] submit 시도 method=geo2 geo=False
[21:29:08] submit 미확인 method=geo2 generating=False composer=2615
[21:29:08] submit geo 실패 hit=no-btn
[21:29:08] submit 시도 method=send2 send=False
[21:29:09] submit 미확인 method=send2 generating=False composer=2615
[21:29:09] submit 시도 method=ctrl2
[21:29:09] submit 미확인 method=ctrl2 generating=False composer=2617
[21:29:09] submit 실패 composer잔존=2617
[21:29:09] submit 재시도 2/3
[21:29:10] submit 시작 composer=2617 url=https://www.genspark.ai/agents?id=b8cb1be8-fe74-43ba-8873-1ca1a712c179
[21:29:10] submit geo 실패 hit=no-btn
[21:29:10] submit 시도 method=geo geo=False
[21:29:11] submit 미확인 method=geo generating=False composer=2617
[21:29:12] submit geo 실패 hit=no-btn
[21:29:12] submit 시도 method=send send=False
[21:29:12] submit 미확인 method=send generating=False composer=2617
[21:29:12] submit 시도 method=ctrl
[21:29:13] submit 미확인 method=ctrl generating=False composer=2619
[21:29:13] submit 시도 method=enter
[21:29:14] submit 확인 method=enter generating=False composer=0
[21:29:14] ⏱ 입력·전송 SRT_1140 10.1s · chars=2613
[21:29:14] 제출 후 last_saved=https://www.genspark.ai/api/files/s/ckh2lrxg
[21:29:14] ⏱ 생성대기 시작 SRT_1140 max=120s
[21:29:15] ⏱ 생성대기 완료 0.9s SRT_1140 https://www.genspark.ai/api/files/s/ru9jdoza
[21:29:15] ⏱ 생성대기구간 SRT_1140 0.9s · ok=True
[21:29:15] SRT_1140 근접 이미지 https://www.genspark.ai/api/files/s/ru9jdoza
[21:29:15] 다운로드 files URL=https://www.genspark.ai/api/files/s/ru9jdoza → SRT_1140.png
[21:29:16] ⏱ 다운로드 직접 0.7s size=520849 SRT_1140.png
[21:29:16] ⏱ 다운로드구간 SRT_1140 0.7s · SRT_1140.png
[21:29:17] ⏱ 다운로드후유휴 SRT_1140 1.1s · idle=True
[21:29:17] ⏱ 씬합계 SRT_1140 14.2s · https://www.genspark.ai/api/files/s/ru9jdoza
[21:29:17] SRT_1140 생성·다운로드 완료
C:\cursor\wuxia\무협극장\검신귀환록\2부\15장\png\SRT_1140.png
[21:29:17] 상태키 SRT_1160 · Baek|blood_robe; Jin≈19|blood_robe
[21:29:17] 늦은이미지 회수 실패 SRT_020: SRT_020 요청 아래 새 이미지가 없습니다.
[21:29:17] 늦은이미지 회수 실패 SRT_760: SRT_760 요청 아래 새 이미지가 없습니다.
[21:29:17] run_scene 시작 SRT_1160 · seen_files=56 · last_saved=https://www.genspark.ai/api/files/s/ru9jdoza
[21:29:17] ⏱ 준비 SRT_1160 0.0s · chars=2618
[21:29:18] ⏱ 다음명령유휴 SRT_1160 1.1s · idle=True
[21:29:19] fill OK(clip) follow=True chars=2618
[21:29:19] submit 시작 composer=2618 url=https://www.genspark.ai/agents?id=b8cb1be8-fe74-43ba-8873-1ca1a712c179
[21:29:19] submit geo 실패 hit=no-btn
[21:29:19] submit 시도 method=geo geo=False
[21:29:19] submit 미확인 method=geo generating=False composer=2618
[21:29:20] submit geo 실패 hit=no-btn
[21:29:20] submit 시도 method=send send=False
[21:29:20] submit 미확인 method=send generating=False composer=2618
[21:29:20] submit 시도 method=ctrl
[21:29:21] submit 미확인 method=ctrl generating=False composer=2620
[21:29:21] submit 시도 method=enter
[21:29:22] submit 미확인 method=enter generating=False composer=2620
[21:29:22] submit geo 실패 hit=no-btn
[21:29:22] submit 시도 method=geo2 geo=False
[21:29:22] submit 미확인 method=geo2 generating=False composer=2620
[21:29:23] submit geo 실패 hit=no-btn
[21:29:23] submit 시도 method=send2 send=False
[21:29:23] submit 미확인 method=send2 generating=False composer=2620
[21:29:24] submit 시도 method=ctrl2
[21:29:24] submit 미확인 method=ctrl2 generating=False composer=2622
[21:29:24] submit 실패 composer잔존=2622
[21:29:24] submit 재시도 2/3
[21:29:25] submit 시작 composer=2622 url=https://www.genspark.ai/agents?id=b8cb1be8-fe74-43ba-8873-1ca1a712c179
[21:29:25] submit geo 실패 hit=no-btn
[21:29:25] submit 시도 method=geo geo=False
[21:29:26] submit 미확인 method=geo generating=False composer=2622
[21:29:26] submit geo 실패 hit=no-btn
[21:29:26] submit 시도 method=send send=False
[21:29:26] submit 미확인 method=send generating=False composer=2622
[21:29:27] submit 시도 method=ctrl
[21:29:27] submit 미확인 method=ctrl generating=False composer=2624
[21:29:28] submit 시도 method=enter
[21:29:28] submit 확인 method=enter generating=False composer=0
[21:29:28] ⏱ 입력·전송 SRT_1160 10.0s · chars=2618
[21:29:28] 제출 후 last_saved=https://www.genspark.ai/api/files/s/ru9jdoza
[21:29:28] ⏱ 생성대기 시작 SRT_1160 max=120s
[21:29:29] ⏱ 생성대기 완료 0.9s SRT_1160 https://www.genspark.ai/api/files/s/lg29ehno
[21:29:29] ⏱ 생성대기구간 SRT_1160 0.9s · ok=True
[21:29:29] SRT_1160 근접 이미지 https://www.genspark.ai/api/files/s/lg29ehno
[21:29:29] 다운로드 files URL=https://www.genspark.ai/api/files/s/lg29ehno → SRT_1160.png
[21:29:30] ⏱ 다운로드 직접 0.7s size=475531 SRT_1160.png
[21:29:30] ⏱ 다운로드구간 SRT_1160 0.7s · SRT_1160.png
[21:29:31] ⏱ 다운로드후유휴 SRT_1160 1.5s · idle=True
[21:29:31] ⏱ 씬합계 SRT_1160 14.4s · https://www.genspark.ai/api/files/s/lg29ehno
[21:29:31] SRT_1160 생성·다운로드 완료
C:\cursor\wuxia\무협극장\검신귀환록\2부\15장\png\SRT_1160.png
[21:29:32] 상태키 SRT_1180 · Baek|blood_robe; Jin≈19|blood_robe
[21:29:32] 늦은이미지 회수 실패 SRT_020: SRT_020 요청 아래 새 이미지가 없습니다.
[21:29:32] 늦은이미지 회수 실패 SRT_760: SRT_760 요청 아래 새 이미지가 없습니다.
[21:29:32] run_scene 시작 SRT_1180 · seen_files=57 · last_saved=https://www.genspark.ai/api/files/s/lg29ehno
[21:29:32] ⏱ 준비 SRT_1180 0.0s · chars=2597
[21:29:33] ⏱ 다음명령유휴 SRT_1180 1.3s · idle=True
[21:29:34] fill OK(clip) follow=True chars=2597
[21:29:34] submit 시작 composer=2597 url=https://www.genspark.ai/agents?id=b8cb1be8-fe74-43ba-8873-1ca1a712c179
[21:29:34] submit geo 실패 hit=no-btn
[21:29:34] submit 시도 method=geo geo=False
[21:29:34] submit 미확인 method=geo generating=False composer=2597
[21:29:34] submit geo 실패 hit=no-btn
[21:29:34] submit 시도 method=send send=False
[21:29:35] submit 미확인 method=send generating=False composer=2597
[21:29:35] submit 시도 method=ctrl
[21:29:36] submit 미확인 method=ctrl generating=False composer=2599
[21:29:36] submit 시도 method=enter
[21:29:37] submit 미확인 method=enter generating=False composer=2599
[21:29:37] submit geo 실패 hit=no-btn
[21:29:37] submit 시도 method=geo2 geo=False
[21:29:37] submit 미확인 method=geo2 generating=False composer=2599
[21:29:38] submit geo 실패 hit=no-btn
[21:29:38] submit 시도 method=send2 send=False
[21:29:39] submit 미확인 method=send2 generating=False composer=2599
[21:29:39] submit 시도 method=ctrl2
[21:29:40] submit 미확인 method=ctrl2 generating=False composer=2601
[21:29:40] submit 실패 composer잔존=2601
[21:29:40] submit 재시도 2/3
[21:29:41] submit 시작 composer=2601 url=https://www.genspark.ai/agents?id=b8cb1be8-fe74-43ba-8873-1ca1a712c179
[21:29:41] submit geo 실패 hit=no-btn
[21:29:41] submit 시도 method=geo geo=False
[21:29:42] submit 미확인 method=geo generating=False composer=2601
[21:29:43] submit geo 실패 hit=no-btn
[21:29:43] submit 시도 method=send send=False
[21:29:43] submit 미확인 method=send generating=False composer=2601
[21:29:44] submit 시도 method=ctrl
[21:29:44] submit 미확인 method=ctrl generating=False composer=2603
[21:29:45] submit 시도 method=enter
[21:29:45] submit 미확인 method=enter generating=False composer=2603
[21:29:45] submit geo 실패 hit=no-btn
[21:29:45] submit 시도 method=geo2 geo=False
[21:29:46] submit 미확인 method=geo2 generating=False composer=2603
[21:29:48] submit geo 실패 hit=no-btn
[21:29:48] submit 시도 method=send2 send=False
[21:29:48] submit 미확인 method=send2 generating=False composer=2603
[21:29:48] submit 시도 method=ctrl2
[21:29:49] submit 미확인 method=ctrl2 generating=False composer=2605
[21:29:49] submit 실패 composer잔존=2605
[21:29:49] submit 재시도 3/3
[21:29:50] submit 시작 composer=2605 url=https://www.genspark.ai/agents?id=b8cb1be8-fe74-43ba-8873-1ca1a712c179
[21:29:50] submit geo 실패 hit=no-btn
[21:29:50] submit 시도 method=geo geo=False
[21:29:50] submit 미확인 method=geo generating=False composer=2605
[21:29:51] submit geo 실패 hit=no-btn
[21:29:51] submit 시도 method=send send=False
[21:29:51] submit 미확인 method=send generating=False composer=2605
[21:29:52] submit 시도 method=ctrl
[21:29:52] submit 미확인 method=ctrl generating=False composer=2607
[21:29:53] submit 시도 method=enter
[21:29:54] submit 확인 method=enter generating=False composer=0
[21:29:54] ⏱ 입력·전송 SRT_1180 20.5s · chars=2597
[21:29:54] 제출 후 last_saved=https://www.genspark.ai/api/files/s/lg29ehno
[21:29:54] ⏱ 생성대기 시작 SRT_1180 max=120s
[21:29:55] ⏱ 생성대기 완료 1.0s SRT_1180 https://www.genspark.ai/api/files/s/6lzqbotv
[21:29:55] ⏱ 생성대기구간 SRT_1180 1.0s · ok=True
[21:29:55] SRT_1180 근접 이미지 https://www.genspark.ai/api/files/s/6lzqbotv
[21:29:55] 다운로드 files URL=https://www.genspark.ai/api/files/s/6lzqbotv → SRT_1180.png
[21:29:56] ⏱ 다운로드 직접 0.8s size=593010 SRT_1180.png
[21:29:56] ⏱ 다운로드구간 SRT_1180 0.8s · SRT_1180.png
[21:29:57] ⏱ 다운로드후유휴 SRT_1180 1.6s · idle=True
[21:29:57] ⏱ 씬합계 SRT_1180 25.5s · https://www.genspark.ai/api/files/s/6lzqbotv
[21:29:57] SRT_1180 생성·다운로드 완료
C:\cursor\wuxia\무협극장\검신귀환록\2부\15장\png\SRT_1180.png
[21:29:57] 상태키 SRT_1200 · Baek|blood_robe; Jin≈19|blood_robe
[21:29:57] 늦은이미지 회수 실패 SRT_020: SRT_020 요청 아래 새 이미지가 없습니다.
[21:29:57] 늦은이미지 회수 실패 SRT_760: SRT_760 요청 아래 새 이미지가 없습니다.
[21:29:57] run_scene 시작 SRT_1200 · seen_files=58 · last_saved=https://www.genspark.ai/api/files/s/6lzqbotv
[21:29:57] ⏱ 준비 SRT_1200 0.1s · chars=2086
[21:30:00] ⏱ 다음명령유휴 SRT_1200 2.2s · idle=True
[21:30:00] fill OK(clip) follow=True chars=2086
[21:30:00] submit 시작 composer=2086 url=https://www.genspark.ai/agents?id=b8cb1be8-fe74-43ba-8873-1ca1a712c179
[21:30:00] submit geo 실패 hit=no-btn
[21:30:00] submit 시도 method=geo geo=False
[21:30:01] submit 미확인 method=geo generating=False composer=2086
[21:30:01] submit geo 실패 hit=no-btn
[21:30:01] submit 시도 method=send send=False
[21:30:02] submit 미확인 method=send generating=False composer=2086
[21:30:02] submit 시도 method=ctrl
[21:30:03] submit 미확인 method=ctrl generating=False composer=2088
[21:30:03] submit 시도 method=enter
[21:30:04] submit 미확인 method=enter generating=False composer=2088
[21:30:04] submit geo 실패 hit=no-btn
[21:30:04] submit 시도 method=geo2 geo=False
[21:30:04] submit 미확인 method=geo2 generating=False composer=2088
[21:30:05] submit geo 실패 hit=no-btn
[21:30:05] submit 시도 method=send2 send=False
[21:30:05] submit 미확인 method=send2 generating=False composer=2088
[21:30:05] submit 시도 method=ctrl2
[21:30:06] submit 미확인 method=ctrl2 generating=False composer=2090
[21:30:06] submit 실패 composer잔존=2090
[21:30:06] submit 재시도 2/3
[21:30:07] submit 시작 composer=2090 url=https://www.genspark.ai/agents?id=b8cb1be8-fe74-43ba-8873-1ca1a712c179
[21:30:07] submit geo 실패 hit=no-btn
[21:30:07] submit 시도 method=geo geo=False
[21:30:07] submit 미확인 method=geo generating=False composer=2090
[21:30:08] submit geo 실패 hit=no-btn
[21:30:08] submit 시도 method=send send=False
[21:30:09] submit 미확인 method=send generating=False composer=2090
[21:30:09] submit 시도 method=ctrl
[21:30:10] submit 미확인 method=ctrl generating=False composer=2092
[21:30:10] submit 시도 method=enter
[21:30:10] submit 미확인 method=enter generating=False composer=2092
[21:30:10] submit geo 실패 hit=no-btn
[21:30:10] submit 시도 method=geo2 geo=False
[21:30:11] submit 미확인 method=geo2 generating=False composer=2092
[21:30:12] submit geo 실패 hit=no-btn
[21:30:12] submit 시도 method=send2 send=False
[21:30:12] submit 미확인 method=send2 generating=False composer=2092
[21:30:12] submit 시도 method=ctrl2
[21:30:13] submit 미확인 method=ctrl2 generating=False composer=2094
[21:30:13] submit 실패 composer잔존=2094
[21:30:13] submit 재시도 3/3
[21:30:14] submit 시작 composer=2094 url=https://www.genspark.ai/agents?id=b8cb1be8-fe74-43ba-8873-1ca1a712c179
[21:30:14] submit geo 실패 hit=no-btn
[21:30:14] submit 시도 method=geo geo=False
[21:30:14] submit 미확인 method=geo generating=False composer=2094
[21:30:15] submit geo 실패 hit=no-btn
[21:30:15] submit 시도 method=send send=False
[21:30:15] submit 미확인 method=send generating=False composer=2094
[21:30:16] submit 시도 method=ctrl
[21:30:16] submit 미확인 method=ctrl generating=False composer=2096
[21:30:17] submit 시도 method=enter
[21:30:17] submit 확인 method=enter generating=False composer=0
[21:30:17] ⏱ 입력·전송 SRT_1200 17.5s · chars=2086
[21:30:17] 제출 후 last_saved=https://www.genspark.ai/api/files/s/6lzqbotv
[21:30:17] ⏱ 생성대기 시작 SRT_1200 max=120s
[21:30:18] ⏱ 생성대기 완료 0.9s SRT_1200 https://www.genspark.ai/api/files/s/ab2j9zls
[21:30:18] ⏱ 생성대기구간 SRT_1200 0.9s · ok=True
[21:30:18] SRT_1200 근접 이미지 https://www.genspark.ai/api/files/s/ab2j9zls
[21:30:18] 다운로드 files URL=https://www.genspark.ai/api/files/s/ab2j9zls → SRT_1200.png
[21:30:20] ⏱ 다운로드 직접 1.3s size=251056 SRT_1200.png
[21:30:20] ⏱ 다운로드구간 SRT_1200 1.4s · SRT_1200.png
[21:30:22] ⏱ 다운로드후유휴 SRT_1200 2.8s · idle=True
[21:30:22] ⏱ 씬합계 SRT_1200 25.0s · https://www.genspark.ai/api/files/s/ab2j9zls
[21:30:22] SRT_1200 생성·다운로드 완료
C:\cursor\wuxia\무협극장\검신귀환록\2부\15장\png\SRT_1200.png
[21:30:23] 상태키 SRT_1220 · Baek|blood_robe; Jin≈19|blood_robe
[21:30:23] 늦은이미지 회수 실패 SRT_020: SRT_020 요청 아래 새 이미지가 없습니다.
[21:30:23] 늦은이미지 회수 실패 SRT_760: SRT_760 요청 아래 새 이미지가 없습니다.
[21:30:23] run_scene 시작 SRT_1220 · seen_files=59 · last_saved=https://www.genspark.ai/api/files/s/ab2j9zls
[21:30:23] ⏱ 준비 SRT_1220 0.0s · chars=1644
[21:30:24] ⏱ 다음명령유휴 SRT_1220 1.3s · idle=True
[21:30:24] fill OK(clip) follow=True chars=1644
[21:30:24] submit 시작 composer=1644 url=https://www.genspark.ai/agents?id=b8cb1be8-fe74-43ba-8873-1ca1a712c179
[21:30:25] submit geo 실패 hit=no-btn
[21:30:25] submit 시도 method=geo geo=False
[21:30:25] submit 미확인 method=geo generating=False composer=1644
[21:30:25] submit geo 실패 hit=no-btn
[21:30:25] submit 시도 method=send send=False
[21:30:26] submit 미확인 method=send generating=False composer=1644
[21:30:26] submit 시도 method=ctrl
[21:30:27] submit 미확인 method=ctrl generating=False composer=1646
[21:30:27] submit 시도 method=enter
[21:30:28] submit 미확인 method=enter generating=False composer=1646
[21:30:28] submit geo 실패 hit=no-btn
[21:30:28] submit 시도 method=geo2 geo=False
[21:30:28] submit 미확인 method=geo2 generating=False composer=1646
[21:30:29] submit geo 실패 hit=no-btn
[21:30:29] submit 시도 method=send2 send=False
[21:30:29] submit 미확인 method=send2 generating=False composer=1646
[21:30:29] submit 시도 method=ctrl2
[21:30:30] submit 미확인 method=ctrl2 generating=False composer=1648
[21:30:30] submit 실패 composer잔존=1648
[21:30:30] submit 재시도 2/3
[21:30:31] submit 시작 composer=1648 url=https://www.genspark.ai/agents?id=b8cb1be8-fe74-43ba-8873-1ca1a712c179
[21:30:31] submit geo 실패 hit=no-btn
[21:30:31] submit 시도 method=geo geo=False
[21:30:32] submit 미확인 method=geo generating=True composer=1648
[21:30:32] submit geo 실패 hit=no-btn
[21:30:32] submit 시도 method=send send=False
[21:30:33] submit 미확인 method=send generating=True composer=1648
[21:30:33] submit 시도 method=ctrl
[21:30:34] submit 미확인 method=ctrl generating=False composer=1650
[21:30:34] submit 시도 method=enter
[21:30:35] submit 확인 method=enter generating=False composer=0
[21:30:35] ⏱ 입력·전송 SRT_1220 10.6s · chars=1644
[21:30:35] 제출 후 last_saved=https://www.genspark.ai/api/files/s/ab2j9zls
[21:30:35] ⏱ 생성대기 시작 SRT_1220 max=120s
[21:30:36] ⏱ 생성대기 완료 0.9s SRT_1220 https://www.genspark.ai/api/files/s/ydcu0vla
[21:30:36] ⏱ 생성대기구간 SRT_1220 0.9s · ok=True
[21:30:36] SRT_1220 근접 이미지 https://www.genspark.ai/api/files/s/ydcu0vla
[21:30:36] 다운로드 files URL=https://www.genspark.ai/api/files/s/ydcu0vla → SRT_1220.png
[21:30:36] ⏱ 다운로드 직접 0.7s size=258499 SRT_1220.png
[21:30:36] ⏱ 다운로드구간 SRT_1220 0.8s · SRT_1220.png
[21:30:41] ⏱ 다운로드후유휴 SRT_1220 4.5s · idle=True
[21:30:41] ⏱ 씬합계 SRT_1220 18.4s · https://www.genspark.ai/api/files/s/ydcu0vla
[21:30:41] SRT_1220 생성·다운로드 완료
C:\cursor\wuxia\무협극장\검신귀환록\2부\15장\png\SRT_1220.png
[21:30:41] 상태키 SRT_1240 · Baek|blood_robe; Jin≈19|blood_robe
[21:30:41] 늦은이미지 회수 실패 SRT_020: SRT_020 요청 아래 새 이미지가 없습니다.
[21:30:41] 늦은이미지 회수 실패 SRT_760: SRT_760 요청 아래 새 이미지가 없습니다.
[21:30:41] run_scene 시작 SRT_1240 · seen_files=60 · last_saved=https://www.genspark.ai/api/files/s/ydcu0vla
[21:30:41] ⏱ 준비 SRT_1240 0.0s · chars=2914
[21:30:43] ⏱ 다음명령유휴 SRT_1240 1.5s · idle=True
[21:30:44] fill OK(clip) follow=True chars=2914
[21:30:44] submit 시작 composer=2914 url=https://www.genspark.ai/agents?id=b8cb1be8-fe74-43ba-8873-1ca1a712c179
[21:30:44] submit geo 실패 hit=no-btn
[21:30:44] submit 시도 method=geo geo=False
[21:30:44] submit 미확인 method=geo generating=False composer=2914
[21:30:45] submit geo 실패 hit=no-btn
[21:30:45] submit 시도 method=send send=False
[21:30:45] submit 미확인 method=send generating=False composer=2914
[21:30:46] submit 시도 method=ctrl
[21:30:46] submit 미확인 method=ctrl generating=False composer=2916
[21:30:47] submit 시도 method=enter
[21:30:47] submit 미확인 method=enter generating=False composer=2916
[21:30:47] submit geo 실패 hit=no-btn
[21:30:47] submit 시도 method=geo2 geo=False
[21:30:48] submit 미확인 method=geo2 generating=False composer=2916
[21:30:48] submit geo 실패 hit=no-btn
[21:30:48] submit 시도 method=send2 send=False
[21:30:49] submit 미확인 method=send2 generating=False composer=2916
[21:30:49] submit 시도 method=ctrl2
[21:30:50] submit 미확인 method=ctrl2 generating=False composer=2918
[21:30:50] submit 실패 composer잔존=2918
[21:30:50] submit 재시도 2/3
[21:30:51] submit 시작 composer=2918 url=https://www.genspark.ai/agents?id=b8cb1be8-fe74-43ba-8873-1ca1a712c179
[21:30:51] submit geo 실패 hit=no-btn
[21:30:51] submit 시도 method=geo geo=False
[21:30:51] submit 미확인 method=geo generating=True composer=2918
[21:30:53] submit geo 실패 hit=no-btn
[21:30:53] submit 시도 method=send send=False
[21:30:53] submit 미확인 method=send generating=False composer=2918
[21:30:54] submit 시도 method=ctrl
[21:30:54] submit 미확인 method=ctrl generating=False composer=2920
[21:30:55] submit 시도 method=enter
[21:30:55] submit 확인 method=enter generating=False composer=0
[21:30:55] ⏱ 입력·전송 SRT_1240 12.7s · chars=2914
[21:30:55] 제출 후 last_saved=https://www.genspark.ai/api/files/s/ydcu0vla
[21:30:56] ⏱ 생성대기 시작 SRT_1240 max=120s
[21:30:57] ⏱ 생성대기 완료 1.0s SRT_1240 https://www.genspark.ai/api/files/s/nghwpm9w
[21:30:57] ⏱ 생성대기구간 SRT_1240 1.0s · ok=True
[21:30:57] SRT_1240 근접 이미지 https://www.genspark.ai/api/files/s/nghwpm9w
[21:30:57] 다운로드 files URL=https://www.genspark.ai/api/files/s/nghwpm9w → SRT_1240.png
[21:30:58] ⏱ 다운로드 직접 1.3s size=205746 SRT_1240.png
[21:30:58] ⏱ 다운로드구간 SRT_1240 1.4s · SRT_1240.png
[21:31:08] ⏱ 다운로드후유휴 SRT_1240 9.6s · idle=True
[21:31:08] ⏱ 씬합계 SRT_1240 26.5s · https://www.genspark.ai/api/files/s/nghwpm9w
[21:31:08] SRT_1240 생성·다운로드 완료
C:\cursor\wuxia\무협극장\검신귀환록\2부\15장\png\SRT_1240.png
[21:31:08] 상태키 SRT_1260 · Baek|battle_torn; Jin≈19|battle_torn
[21:31:08] 늦은이미지 회수 실패 SRT_020: SRT_020 요청 아래 새 이미지가 없습니다.
[21:31:08] 늦은이미지 회수 실패 SRT_760: SRT_760 요청 아래 새 이미지가 없습니다.
[21:31:08] run_scene 시작 SRT_1260 · seen_files=61 · last_saved=https://www.genspark.ai/api/files/s/nghwpm9w
[21:31:08] ⏱ 준비 SRT_1260 0.0s · chars=3476
[21:31:10] ⏱ 다음명령유휴 SRT_1260 1.6s · idle=True
[21:31:10] fill OK(clip) follow=True chars=3476
[21:31:10] submit 시작 composer=3476 url=https://www.genspark.ai/agents?id=b8cb1be8-fe74-43ba-8873-1ca1a712c179
[21:31:10] submit geo 실패 hit=no-btn
[21:31:10] submit 시도 method=geo geo=False
[21:31:11] submit 미확인 method=geo generating=False composer=3476
[21:31:14] submit geo 실패 hit=no-btn
[21:31:14] submit 시도 method=send send=False
[21:31:14] submit 미확인 method=send generating=False composer=3476
[21:31:15] submit 시도 method=ctrl
[21:31:15] submit 미확인 method=ctrl generating=False composer=3478
[21:31:15] submit 시도 method=enter
[21:31:16] submit 확인 method=enter generating=False composer=0
[21:31:16] ⏱ 입력·전송 SRT_1260 6.5s · chars=3476
[21:31:16] 제출 후 last_saved=https://www.genspark.ai/api/files/s/nghwpm9w
[21:31:16] ⏱ 생성대기 시작 SRT_1260 max=120s
[21:31:17] ⏱ 생성대기 완료 1.0s SRT_1260 https://www.genspark.ai/api/files/s/wi5ohzw5
[21:31:17] ⏱ 생성대기구간 SRT_1260 1.0s · ok=True
[21:31:17] SRT_1260 근접 이미지 https://www.genspark.ai/api/files/s/wi5ohzw5
[21:31:17] 다운로드 files URL=https://www.genspark.ai/api/files/s/wi5ohzw5 → SRT_1260.png
[21:31:18] ⏱ 다운로드 직접 0.7s size=487653 SRT_1260.png
[21:31:18] ⏱ 다운로드구간 SRT_1260 0.8s · SRT_1260.png
[21:31:25] ⏱ 다운로드후유휴 SRT_1260 7.5s · idle=True
[21:31:25] ⏱ 씬합계 SRT_1260 17.6s · https://www.genspark.ai/api/files/s/wi5ohzw5
[21:31:25] SRT_1260 생성·다운로드 완료
C:\cursor\wuxia\무협극장\검신귀환록\2부\15장\png\SRT_1260.png
[21:31:26] 상태키 SRT_1280 · Baek|battle_torn; Jin≈19|battle_torn
[21:31:26] 늦은이미지 회수 실패 SRT_020: SRT_020 요청 아래 새 이미지가 없습니다.
[21:31:26] 늦은이미지 회수 실패 SRT_760: SRT_760 요청 아래 새 이미지가 없습니다.
[21:31:26] run_scene 시작 SRT_1280 · seen_files=62 · last_saved=https://www.genspark.ai/api/files/s/wi5ohzw5
[21:31:26] ⏱ 준비 SRT_1280 0.0s · chars=2635
[21:31:27] ⏱ 다음명령유휴 SRT_1280 1.5s · idle=True
[21:31:31] fill 실패: 후보 1개
[21:31:31] run_scene 실패(재시도 없음): 이어쓰기 입력란을 찾지 못했습니다.
[21:31:31] SRT_1280 실패 — 다음 씬 계속
이어쓰기 입력란을 찾지 못했습니다.
[21:31:31] 상태키 SRT_1300 · Baek|battle_torn; Jin≈19|battle_torn
[21:31:31] 늦은이미지 회수 실패 SRT_020: SRT_020 요청 아래 새 이미지가 없습니다.
[21:31:31] 늦은이미지 회수 실패 SRT_760: SRT_760 요청 아래 새 이미지가 없습니다.
[21:31:31] 늦은이미지 회수 실패 SRT_1280: SRT_1280 요청 아래 새 이미지가 없습니다.
[21:31:31] run_scene 시작 SRT_1300 · seen_files=62 · last_saved=https://www.genspark.ai/api/files/s/wi5ohzw5
[21:31:31] ⏱ 준비 SRT_1300 0.0s · chars=2645
[21:31:32] ⏱ 다음명령유휴 SRT_1300 1.6s · idle=True
[21:31:36] fill 실패: 후보 1개
[21:31:36] run_scene 실패(재시도 없음): 이어쓰기 입력란을 찾지 못했습니다.
[21:31:36] SRT_1300 실패(한도 추정 streak=2) — 브라우저 종료 후 대기·재오픈
이어쓰기 입력란을 찾지 못했습니다.
[21:31:39] 한도 대기 전 ChromeDebug 종료
[21:31:39] 한도 대기 60분(probe1h) 시작 — SRT_1300 한도 · 1h시험생성
[22:31:40] 한도 대기 종료(probe1h) — 재시도
[22:31:40] 한도 대기 종료 — 브라우저 재오픈 후 SRT_1300 재개
[22:31:45] ChromeDebug 재시작 slot=0 port=9242 user_data=C:\ChromeDebug_2_5_slot0 reused=0
[22:31:48] 모델 이미 Pro: Nano Banana Pro
[22:31:48] 세션 준비 — login=OK model=Nano Banana Pro auto=True
[22:31:48] ensure_page cur_sc=10 prefer_sc=10 cur=https://www.genspark.ai/ai_image prefer=https://www.genspark.ai/ai_image
[22:31:49] fill OK(clip) follow=False chars=81933
[22:31:50] 입력창 붙여넣기 — 프롬프트 45379자 + SRT 36511자 = 합계 81933자
  prompt=C:\Users\PC\AppData\Local\Temp\_MEI249922\md\image.wuxiz.txt
  srt=C:\cursor\wuxia\무협극장\검신귀환록\2부\15장\mp3\new.srt
[22:31:51] ensure_page cur_sc=10 prefer_sc=10 cur=https://www.genspark.ai/ai_image prefer=https://www.genspark.ai/ai_image
[22:31:52] 동일 입력창에 명령 추가(미실행): ===== CHARACTER LOOK (SRT_1300) =====
State keys: Jin≈19|battle_torn; Seo|base
Jin Muhan, approximately nineteen years old, East-Asian young swordsman, sharp narrow phoenix eyes, h…
[22:31:52] 상태키 SRT_1300 · Baek|battle_torn; Jin≈19|battle_torn
[22:31:52] run_scene 시작 SRT_1300 · seen_files=62 · last_saved=https://www.genspark.ai/api/files/s/wi5ohzw5
[22:31:52] ensure_page cur_sc=10 prefer_sc=10 cur=https://www.genspark.ai/ai_image prefer=https://www.genspark.ai/ai_image
[22:31:52] ⏱ 준비 SRT_1300 0.0s · chars=2645
[22:31:52] submit 시작 composer=2645 url=https://www.genspark.ai/ai_image
[22:31:53] submit geo 실패 hit=no-btn
[22:31:53] submit 시도 method=geo geo=False
[22:31:53] submit 미확인 method=geo generating=False composer=2645
[22:31:53] submit geo 실패 hit=no-btn
[22:31:53] submit 시도 method=send send=False
[22:31:54] submit 미확인 method=send generating=False composer=2645
[22:31:54] submit 시도 method=ctrl
[22:31:55] submit 미확인 method=ctrl generating=False composer=2647
[22:31:55] submit 시도 method=enter
[22:31:56] submit 확인 method=enter generating=False composer=0
[22:31:56] ⏱ 입력창전송 SRT_1300 3.7s
[22:31:56] 제출 후 last_saved=https://www.genspark.ai/api/files/s/wi5ohzw5
[22:31:56] ⏱ 생성대기 시작 SRT_1300 max=120s
[22:32:12] ⏱ 생성대기 진행 15.3s SRT_1300 busy=False url_ok=False src=
[22:32:12] ⏱ 생성대기 한도감지 15.4s SRT_1300 · AI Image 한도 - 재설정 2026-08-27 02:12 · AI Image 5시간 제한에 도달했습니다. 8월 27일 오전 2:12에 재설정됩니다 --- 5시간 제한 --- 세션 한도 도달 AI Image 5시간 제한에 도달했습니다. 8월 27일 오전 2:12에 재설정됩니다
[22:32:12] run_scene 실패(재시도 없음): AI Image 한도 - 재설정 2026-08-27 02:12
[22:32:12] SRT_1300 실패(한도 확정 streak=1) — 브라우저 종료 후 대기·재오픈
AI Image 한도 - 재설정 2026-08-27 02:12
[22:32:15] 한도 대기 전 ChromeDebug 종료
[22:32:15] 한도 대기 220분(until_reset) 시작 — SRT_1300 한도 · 재설정 08/27 02:12
[02:12:38] 한도 대기 종료(until_reset) — 재시도
[02:12:38] 한도 대기 종료 — 브라우저 재오픈 후 SRT_1300 재개
[02:12:42] ChromeDebug 재시작 slot=0 port=9242 user_data=C:\ChromeDebug_2_5_slot0 reused=0
[02:12:45] 모델 이미 Pro: Nano Banana Pro
[02:12:45] 세션 준비 — login=OK model=Nano Banana Pro auto=True
[02:12:45] ensure_page cur_sc=10 prefer_sc=10 cur=https://www.genspark.ai/ai_image prefer=https://www.genspark.ai/ai_image
[02:12:46] fill OK(clip) follow=False chars=81933
[02:12:46] 입력창 붙여넣기 — 프롬프트 45379자 + SRT 36511자 = 합계 81933자
  prompt=C:\Users\PC\AppData\Local\Temp\_MEI249922\md\image.wuxiz.txt
  srt=C:\cursor\wuxia\무협극장\검신귀환록\2부\15장\mp3\new.srt
[02:12:48] ensure_page cur_sc=10 prefer_sc=10 cur=https://www.genspark.ai/ai_image prefer=https://www.genspark.ai/ai_image
[02:12:48] 동일 입력창에 명령 추가(미실행): ===== CHARACTER LOOK (SRT_1300) =====
State keys: Jin≈19|battle_torn; Seo|base
Jin Muhan, approximately nineteen years old, East-Asian young swordsman, sharp narrow phoenix eyes, h…
[02:12:49] 상태키 SRT_1300 · Baek|battle_torn; Jin≈19|battle_torn
[02:12:49] run_scene 시작 SRT_1300 · seen_files=62 · last_saved=https://www.genspark.ai/api/files/s/wi5ohzw5
[02:12:49] ensure_page cur_sc=10 prefer_sc=10 cur=https://www.genspark.ai/ai_image prefer=https://www.genspark.ai/ai_image
[02:12:49] ⏱ 준비 SRT_1300 0.0s · chars=2645
[02:12:49] submit 시작 composer=2645 url=https://www.genspark.ai/ai_image
[02:12:49] submit geo 실패 hit=no-btn
[02:12:49] submit 시도 method=geo geo=False
[02:12:50] submit 미확인 method=geo generating=False composer=2645
[02:12:50] submit geo 실패 hit=no-btn
[02:12:50] submit 시도 method=send send=False
[02:12:50] submit 미확인 method=send generating=False composer=2645
[02:12:51] submit 시도 method=ctrl
[02:12:51] submit 미확인 method=ctrl generating=False composer=2647
[02:12:52] submit 시도 method=enter
[02:12:52] submit 확인 method=enter generating=False composer=0
[02:12:52] ⏱ 입력창전송 SRT_1300 3.2s
[02:12:52] 제출 후 last_saved=https://www.genspark.ai/api/files/s/wi5ohzw5
[02:12:52] ⏱ 생성대기 시작 SRT_1300 max=120s
[02:13:08] ⏱ 생성대기 진행 15.1s SRT_1300 busy=False url_ok=False src=
[02:13:10] ⏱ 생성대기 완료 17.1s SRT_1300 https://www.genspark.ai/api/files/s/t3upjub0
[02:13:10] ⏱ 생성대기구간 SRT_1300 17.1s · ok=True
[02:13:10] SRT_1300 근접 이미지 https://www.genspark.ai/api/files/s/t3upjub0
[02:13:10] 다운로드 files URL=https://www.genspark.ai/api/files/s/t3upjub0 → SRT_1300.png
[02:13:10] ⏱ 다운로드 직접 0.7s size=638155 SRT_1300.png
[02:13:10] ⏱ 다운로드구간 SRT_1300 0.7s · SRT_1300.png
[02:13:11] ⏱ 다운로드후유휴 SRT_1300 1.0s · idle=True
[02:13:11] ⏱ 씬합계 SRT_1300 22.2s · https://www.genspark.ai/api/files/s/t3upjub0
[02:13:11] SRT_1300 생성·다운로드 완료
C:\cursor\wuxia\무협극장\검신귀환록\2부\15장\png\SRT_1300.png
[02:13:11] 상태키 SRT_1320 · Baek|battle_torn; Jin≈19|battle_torn
[02:13:11] run_scene 시작 SRT_1320 · seen_files=63 · last_saved=https://www.genspark.ai/api/files/s/t3upjub0
[02:13:11] ⏱ 준비 SRT_1320 0.0s · chars=2638
[02:13:12] ⏱ 다음명령유휴 SRT_1320 1.0s · idle=True
[02:13:13] fill OK(clip) follow=True chars=2638
[02:13:13] submit 시작 composer=2638 url=https://www.genspark.ai/agents?id=eef72c64-0b3a-4a57-a77b-c6bbca0a0502
[02:13:13] submit geo 실패 hit=no-btn
[02:13:13] submit 시도 method=geo geo=False
[02:13:14] submit 미확인 method=geo generating=False composer=2638
[02:13:14] submit geo 실패 hit=no-btn
[02:13:14] submit 시도 method=send send=False
[02:13:14] submit 미확인 method=send generating=False composer=2638
[02:13:14] submit 시도 method=ctrl
[02:13:15] submit 미확인 method=ctrl generating=False composer=2640
[02:13:15] submit 시도 method=enter
[02:13:16] submit 확인 method=enter generating=False composer=0
[02:13:16] ⏱ 입력·전송 SRT_1320 3.5s · chars=2638
[02:13:16] 제출 후 last_saved=https://www.genspark.ai/api/files/s/t3upjub0
[02:13:16] ⏱ 생성대기 시작 SRT_1320 max=120s
[02:13:28] ⏱ 생성대기 완료 11.6s SRT_1320 https://www.genspark.ai/api/files/s/azzpcjka
[02:13:28] ⏱ 생성대기구간 SRT_1320 11.6s · ok=True
[02:13:28] SRT_1320 근접 이미지 https://www.genspark.ai/api/files/s/azzpcjka
[02:13:28] 다운로드 files URL=https://www.genspark.ai/api/files/s/azzpcjka → SRT_1320.png
[02:13:28] ⏱ 다운로드 직접 0.8s size=663870 SRT_1320.png
[02:13:28] ⏱ 다운로드구간 SRT_1320 0.8s · SRT_1320.png
[02:13:29] ⏱ 다운로드후유휴 SRT_1320 1.0s · idle=True
[02:13:29] ⏱ 씬합계 SRT_1320 18.1s · https://www.genspark.ai/api/files/s/azzpcjka
[02:13:29] SRT_1320 생성·다운로드 완료
C:\cursor\wuxia\무협극장\검신귀환록\2부\15장\png\SRT_1320.png
[02:13:30] 상태키 SRT_1340 · Baek|battle_torn; Jin≈19|battle_torn
[02:13:30] run_scene 시작 SRT_1340 · seen_files=64 · last_saved=https://www.genspark.ai/api/files/s/azzpcjka
[02:13:30] ⏱ 준비 SRT_1340 0.0s · chars=2614
[02:13:31] ⏱ 다음명령유휴 SRT_1340 1.0s · idle=True
[02:13:31] fill OK(clip) follow=True chars=2614
[02:13:31] submit 시작 composer=2614 url=https://www.genspark.ai/agents?id=eef72c64-0b3a-4a57-a77b-c6bbca0a0502
[02:13:31] submit geo 실패 hit=no-btn
[02:13:31] submit 시도 method=geo geo=False
[02:13:32] submit 미확인 method=geo generating=False composer=2614
[02:13:32] submit geo 실패 hit=no-btn
[02:13:32] submit 시도 method=send send=False
[02:13:33] submit 미확인 method=send generating=False composer=2614
[02:13:33] submit 시도 method=ctrl
[02:13:33] submit 미확인 method=ctrl generating=False composer=2616
[02:13:34] submit 시도 method=enter
[02:13:34] submit 확인 method=enter generating=False composer=0
[02:13:34] ⏱ 입력·전송 SRT_1340 3.5s · chars=2614
[02:13:34] 제출 후 last_saved=https://www.genspark.ai/api/files/s/azzpcjka
[02:13:34] ⏱ 생성대기 시작 SRT_1340 max=120s
[02:13:46] ⏱ 생성대기 완료 11.5s SRT_1340 https://www.genspark.ai/api/files/s/ttxqvr33
[02:13:46] ⏱ 생성대기구간 SRT_1340 11.5s · ok=True
[02:13:46] SRT_1340 근접 이미지 https://www.genspark.ai/api/files/s/ttxqvr33
[02:13:46] 다운로드 files URL=https://www.genspark.ai/api/files/s/ttxqvr33 → SRT_1340.png
[02:13:47] ⏱ 다운로드 직접 0.7s size=594654 SRT_1340.png
[02:13:47] ⏱ 다운로드구간 SRT_1340 0.7s · SRT_1340.png
[02:13:48] ⏱ 다운로드후유휴 SRT_1340 1.0s · idle=True
[02:13:48] ⏱ 씬합계 SRT_1340 18.0s · https://www.genspark.ai/api/files/s/ttxqvr33
[02:13:48] SRT_1340 생성·다운로드 완료
C:\cursor\wuxia\무협극장\검신귀환록\2부\15장\png\SRT_1340.png
[02:13:48] 상태키 SRT_1360 · Baek|battle_torn; Jin≈19|battle_torn
[02:13:48] run_scene 시작 SRT_1360 · seen_files=65 · last_saved=https://www.genspark.ai/api/files/s/ttxqvr33
[02:13:48] ⏱ 준비 SRT_1360 0.0s · chars=3403
[02:13:49] ⏱ 다음명령유휴 SRT_1360 1.0s · idle=True
[02:13:49] fill OK(clip) follow=True chars=3403
[02:13:49] submit 시작 composer=3403 url=https://www.genspark.ai/agents?id=eef72c64-0b3a-4a57-a77b-c6bbca0a0502
[02:13:49] submit geo 실패 hit=no-btn
[02:13:49] submit 시도 method=geo geo=False
[02:13:50] submit 미확인 method=geo generating=False composer=3403
[02:13:50] submit geo 실패 hit=no-btn
[02:13:50] submit 시도 method=send send=False
[02:13:51] submit 미확인 method=send generating=False composer=3403
[02:13:51] submit 시도 method=ctrl
[02:13:51] submit 미확인 method=ctrl generating=False composer=3405
[02:13:52] submit 시도 method=enter
[02:13:52] submit 확인 method=enter generating=False composer=0
[02:13:52] ⏱ 입력·전송 SRT_1360 3.5s · chars=3403
[02:13:52] 제출 후 last_saved=https://www.genspark.ai/api/files/s/ttxqvr33
[02:13:53] ⏱ 생성대기 시작 SRT_1360 max=120s
[02:14:03] ⏱ 생성대기 완료 10.8s SRT_1360 https://www.genspark.ai/api/files/s/anrdagvb
[02:14:03] ⏱ 생성대기구간 SRT_1360 10.8s · ok=True
[02:14:03] SRT_1360 근접 이미지 https://www.genspark.ai/api/files/s/anrdagvb
[02:14:03] 다운로드 files URL=https://www.genspark.ai/api/files/s/anrdagvb → SRT_1360.png
[02:14:04] ⏱ 다운로드 직접 0.7s size=618175 SRT_1360.png
[02:14:04] ⏱ 다운로드구간 SRT_1360 0.7s · SRT_1360.png
[02:14:05] ⏱ 다운로드후유휴 SRT_1360 1.0s · idle=True
[02:14:05] ⏱ 씬합계 SRT_1360 17.3s · https://www.genspark.ai/api/files/s/anrdagvb
[02:14:05] SRT_1360 생성·다운로드 완료
C:\cursor\wuxia\무협극장\검신귀환록\2부\15장\png\SRT_1360.png
[02:14:05] 상태키 SRT_1380 · Baek|battle_torn; Jin≈19|battle_torn
[02:14:05] run_scene 시작 SRT_1380 · seen_files=66 · last_saved=https://www.genspark.ai/api/files/s/anrdagvb
[02:14:05] ⏱ 준비 SRT_1380 0.0s · chars=2622
[02:14:06] ⏱ 다음명령유휴 SRT_1380 1.0s · idle=True
[02:14:07] fill OK(clip) follow=True chars=2622
[02:14:07] submit 시작 composer=2622 url=https://www.genspark.ai/agents?id=eef72c64-0b3a-4a57-a77b-c6bbca0a0502
[02:14:07] submit geo 실패 hit=no-btn
[02:14:07] submit 시도 method=geo geo=False
[02:14:07] submit 미확인 method=geo generating=False composer=2622
[02:14:08] submit geo 실패 hit=no-btn
[02:14:08] submit 시도 method=send send=False
[02:14:08] submit 미확인 method=send generating=False composer=2622
[02:14:08] submit 시도 method=ctrl
[02:14:09] submit 미확인 method=ctrl generating=False composer=2624
[02:14:09] submit 시도 method=enter
[02:14:10] submit 확인 method=enter generating=False composer=0
[02:14:10] ⏱ 입력·전송 SRT_1380 3.5s · chars=2622
[02:14:10] 제출 후 last_saved=https://www.genspark.ai/api/files/s/anrdagvb
[02:14:10] ⏱ 생성대기 시작 SRT_1380 max=120s
[02:14:20] ⏱ 생성대기 완료 10.3s SRT_1380 https://www.genspark.ai/api/files/s/5mwe0c4y
[02:14:20] ⏱ 생성대기구간 SRT_1380 10.3s · ok=True
[02:14:20] SRT_1380 근접 이미지 https://www.genspark.ai/api/files/s/5mwe0c4y
[02:14:20] 다운로드 files URL=https://www.genspark.ai/api/files/s/5mwe0c4y → SRT_1380.png
[02:14:21] ⏱ 다운로드 직접 0.7s size=515956 SRT_1380.png
[02:14:21] ⏱ 다운로드구간 SRT_1380 0.7s · SRT_1380.png
[02:14:22] ⏱ 다운로드후유휴 SRT_1380 1.1s · idle=True
[02:14:22] ⏱ 씬합계 SRT_1380 16.8s · https://www.genspark.ai/api/files/s/5mwe0c4y
[02:14:22] SRT_1380 생성·다운로드 완료
C:\cursor\wuxia\무협극장\검신귀환록\2부\15장\png\SRT_1380.png
[02:14:22] 상태키 SRT_1400 · Baek|battle_torn; Jin≈19|battle_torn
[02:14:22] run_scene 시작 SRT_1400 · seen_files=67 · last_saved=https://www.genspark.ai/api/files/s/5mwe0c4y
[02:14:22] ⏱ 준비 SRT_1400 0.0s · chars=2018
[02:14:23] ⏱ 다음명령유휴 SRT_1400 1.0s · idle=True
[02:14:24] fill OK(clip) follow=True chars=2018
[02:14:24] submit 시작 composer=2018 url=https://www.genspark.ai/agents?id=eef72c64-0b3a-4a57-a77b-c6bbca0a0502
[02:14:24] submit geo 실패 hit=no-btn
[02:14:24] submit 시도 method=geo geo=False
[02:14:24] submit 미확인 method=geo generating=False composer=2018
[02:14:24] submit geo 실패 hit=no-btn
[02:14:24] submit 시도 method=send send=False
[02:14:25] submit 미확인 method=send generating=False composer=2018
[02:14:25] submit 시도 method=ctrl
[02:14:26] submit 미확인 method=ctrl generating=False composer=2020
[02:14:26] submit 시도 method=enter
[02:14:27] submit 확인 method=enter generating=False composer=0
[02:14:27] ⏱ 입력·전송 SRT_1400 3.5s · chars=2018
[02:14:27] 제출 후 last_saved=https://www.genspark.ai/api/files/s/5mwe0c4y
[02:14:27] ⏱ 생성대기 시작 SRT_1400 max=120s
[02:14:40] ⏱ 생성대기 완료 12.7s SRT_1400 https://www.genspark.ai/api/files/s/89xq5mmk
[02:14:40] ⏱ 생성대기구간 SRT_1400 12.7s · ok=True
[02:14:40] SRT_1400 근접 이미지 https://www.genspark.ai/api/files/s/89xq5mmk
[02:14:40] 다운로드 files URL=https://www.genspark.ai/api/files/s/89xq5mmk → SRT_1400.png
[02:14:40] ⏱ 다운로드 직접 0.7s size=619703 SRT_1400.png
[02:14:40] ⏱ 다운로드구간 SRT_1400 0.7s · SRT_1400.png
[02:14:41] ⏱ 다운로드후유휴 SRT_1400 1.1s · idle=True
[02:14:41] ⏱ 씬합계 SRT_1400 19.1s · https://www.genspark.ai/api/files/s/89xq5mmk
[02:14:41] SRT_1400 생성·다운로드 완료
C:\cursor\wuxia\무협극장\검신귀환록\2부\15장\png\SRT_1400.png
[02:14:41] 상태키 SRT_1420 · Baek|battle_torn; Jin≈19|battle_torn
[02:14:41] run_scene 시작 SRT_1420 · seen_files=68 · last_saved=https://www.genspark.ai/api/files/s/89xq5mmk
[02:14:41] ⏱ 준비 SRT_1420 0.0s · chars=2165
[02:14:43] ⏱ 다음명령유휴 SRT_1420 1.0s · idle=True
[02:14:43] fill OK(clip) follow=True chars=2165
[02:14:43] submit 시작 composer=2165 url=https://www.genspark.ai/agents?id=eef72c64-0b3a-4a57-a77b-c6bbca0a0502
[02:14:43] submit geo 실패 hit=no-btn
[02:14:43] submit 시도 method=geo geo=False
[02:14:44] submit 미확인 method=geo generating=False composer=2165
[02:14:44] submit geo 실패 hit=no-btn
[02:14:44] submit 시도 method=send send=False
[02:14:44] submit 미확인 method=send generating=False composer=2165
[02:14:45] submit 시도 method=ctrl
[02:14:45] submit 미확인 method=ctrl generating=False composer=2167
[02:14:45] submit 시도 method=enter
[02:14:46] submit 확인 method=enter generating=False composer=0
[02:14:46] ⏱ 입력·전송 SRT_1420 3.5s · chars=2165
[02:14:46] 제출 후 last_saved=https://www.genspark.ai/api/files/s/89xq5mmk
[02:14:46] ⏱ 생성대기 시작 SRT_1420 max=120s
[02:14:59] ⏱ 생성대기 완료 12.9s SRT_1420 https://www.genspark.ai/api/files/s/txlaqsd7
[02:14:59] ⏱ 생성대기구간 SRT_1420 12.9s · ok=True
[02:14:59] SRT_1420 근접 이미지 https://www.genspark.ai/api/files/s/txlaqsd7
[02:14:59] 다운로드 files URL=https://www.genspark.ai/api/files/s/txlaqsd7 → SRT_1420.png
[02:15:00] ⏱ 다운로드 직접 0.7s size=597825 SRT_1420.png
[02:15:00] ⏱ 다운로드구간 SRT_1420 0.7s · SRT_1420.png
[02:15:01] ⏱ 다운로드후유휴 SRT_1420 1.1s · idle=True
[02:15:01] ⏱ 씬합계 SRT_1420 19.3s · https://www.genspark.ai/api/files/s/txlaqsd7
[02:15:01] SRT_1420 생성·다운로드 완료
C:\cursor\wuxia\무협극장\검신귀환록\2부\15장\png\SRT_1420.png
[02:15:01] 상태키 SRT_1440 · Baek|battle_torn; Jin≈19|blood_robe
[02:15:01] run_scene 시작 SRT_1440 · seen_files=69 · last_saved=https://www.genspark.ai/api/files/s/txlaqsd7
[02:15:01] ⏱ 준비 SRT_1440 0.0s · chars=1641
[02:15:02] ⏱ 다음명령유휴 SRT_1440 1.0s · idle=True
[02:15:02] fill OK(clip) follow=True chars=1641
[02:15:02] submit 시작 composer=1641 url=https://www.genspark.ai/agents?id=eef72c64-0b3a-4a57-a77b-c6bbca0a0502
[02:15:03] submit geo 실패 hit=no-btn
[02:15:03] submit 시도 method=geo geo=False
[02:15:03] submit 미확인 method=geo generating=False composer=1641
[02:15:03] submit geo 실패 hit=no-btn
[02:15:03] submit 시도 method=send send=False
[02:15:04] submit 미확인 method=send generating=False composer=1641
[02:15:04] submit 시도 method=ctrl
[02:15:05] submit 미확인 method=ctrl generating=False composer=1643
[02:15:05] submit 시도 method=enter
[02:15:06] submit 확인 method=enter generating=False composer=0
[02:15:06] ⏱ 입력·전송 SRT_1440 3.5s · chars=1641
[02:15:06] 제출 후 last_saved=https://www.genspark.ai/api/files/s/txlaqsd7
[02:15:06] ⏱ 생성대기 시작 SRT_1440 max=120s
[02:15:19] ⏱ 생성대기 완료 12.8s SRT_1440 https://www.genspark.ai/api/files/s/aw8hzisf
[02:15:19] ⏱ 생성대기구간 SRT_1440 12.8s · ok=True
[02:15:19] SRT_1440 근접 이미지 https://www.genspark.ai/api/files/s/aw8hzisf
[02:15:19] 다운로드 files URL=https://www.genspark.ai/api/files/s/aw8hzisf → SRT_1440.png
[02:15:19] ⏱ 다운로드 직접 0.7s size=522656 SRT_1440.png
[02:15:19] ⏱ 다운로드구간 SRT_1440 0.7s · SRT_1440.png
[02:15:20] ⏱ 다운로드후유휴 SRT_1440 1.0s · idle=True
[02:15:20] ⏱ 씬합계 SRT_1440 19.3s · https://www.genspark.ai/api/files/s/aw8hzisf
[02:15:20] SRT_1440 생성·다운로드 완료
C:\cursor\wuxia\무협극장\검신귀환록\2부\15장\png\SRT_1440.png
[02:15:20] 상태키 SRT_1460 · Baek|battle_torn; Jin≈19|blood_robe
[02:15:20] run_scene 시작 SRT_1460 · seen_files=70 · last_saved=https://www.genspark.ai/api/files/s/aw8hzisf
[02:15:20] ⏱ 준비 SRT_1460 0.0s · chars=2192
[02:15:21] ⏱ 다음명령유휴 SRT_1460 1.0s · idle=True
[02:15:22] fill OK(clip) follow=True chars=2192
[02:15:22] submit 시작 composer=2192 url=https://www.genspark.ai/agents?id=eef72c64-0b3a-4a57-a77b-c6bbca0a0502
[02:15:22] submit geo 실패 hit=no-btn
[02:15:22] submit 시도 method=geo geo=False
[02:15:23] submit 미확인 method=geo generating=False composer=2192
[02:15:23] submit geo 실패 hit=no-btn
[02:15:23] submit 시도 method=send send=False
[02:15:23] submit 미확인 method=send generating=False composer=2192
[02:15:24] submit 시도 method=ctrl
[02:15:24] submit 미확인 method=ctrl generating=False composer=2194
[02:15:24] submit 시도 method=enter
[02:15:25] submit 확인 method=enter generating=False composer=0
[02:15:25] ⏱ 입력·전송 SRT_1460 3.5s · chars=2192
[02:15:25] 제출 후 last_saved=https://www.genspark.ai/api/files/s/aw8hzisf
[02:15:25] ⏱ 생성대기 시작 SRT_1460 max=120s
[02:15:36] ⏱ 생성대기 완료 11.3s SRT_1460 https://www.genspark.ai/api/files/s/lj2k63z7
[02:15:36] ⏱ 생성대기구간 SRT_1460 11.3s · ok=True
[02:15:36] SRT_1460 근접 이미지 https://www.genspark.ai/api/files/s/lj2k63z7
[02:15:36] 다운로드 files URL=https://www.genspark.ai/api/files/s/lj2k63z7 → SRT_1460.png
[02:15:37] ⏱ 다운로드 직접 0.8s size=566937 SRT_1460.png
[02:15:37] ⏱ 다운로드구간 SRT_1460 0.8s · SRT_1460.png
[02:15:38] ⏱ 다운로드후유휴 SRT_1460 1.0s · idle=True
[02:15:38] ⏱ 씬합계 SRT_1460 17.9s · https://www.genspark.ai/api/files/s/lj2k63z7
[02:15:38] SRT_1460 생성·다운로드 완료
C:\cursor\wuxia\무협극장\검신귀환록\2부\15장\png\SRT_1460.png
[02:15:39] 상태키 SRT_1480 · Baek|battle_torn; Jin≈19|blood_robe
[02:15:39] run_scene 시작 SRT_1480 · seen_files=71 · last_saved=https://www.genspark.ai/api/files/s/lj2k63z7
[02:15:39] ⏱ 준비 SRT_1480 0.0s · chars=2616
[02:15:40] ⏱ 다음명령유휴 SRT_1480 1.0s · idle=True
[02:15:40] fill OK(clip) follow=True chars=2616
[02:15:40] submit 시작 composer=2616 url=https://www.genspark.ai/agents?id=eef72c64-0b3a-4a57-a77b-c6bbca0a0502
[02:15:40] submit geo 실패 hit=no-btn
[02:15:40] submit 시도 method=geo geo=False
[02:15:41] submit 미확인 method=geo generating=False composer=2616
[02:15:41] submit geo 실패 hit=no-btn
[02:15:41] submit 시도 method=send send=False
[02:15:42] submit 미확인 method=send generating=False composer=2616
[02:15:42] submit 시도 method=ctrl
[02:15:42] submit 미확인 method=ctrl generating=False composer=2618
[02:15:43] submit 시도 method=enter
[02:15:43] submit 확인 method=enter generating=False composer=0
[02:15:43] ⏱ 입력·전송 SRT_1480 3.7s · chars=2616
[02:15:43] 제출 후 last_saved=https://www.genspark.ai/api/files/s/lj2k63z7
[02:15:43] ⏱ 생성대기 시작 SRT_1480 max=120s
[02:15:54] ⏱ 생성대기 완료 10.6s SRT_1480 https://www.genspark.ai/api/files/s/aet3zlsl
[02:15:54] ⏱ 생성대기구간 SRT_1480 10.6s · ok=True
[02:15:54] SRT_1480 근접 이미지 https://www.genspark.ai/api/files/s/aet3zlsl
[02:15:54] 다운로드 files URL=https://www.genspark.ai/api/files/s/aet3zlsl → SRT_1480.png
[02:15:55] ⏱ 다운로드 직접 0.7s size=538183 SRT_1480.png
[02:15:55] ⏱ 다운로드구간 SRT_1480 0.7s · SRT_1480.png
[02:15:56] ⏱ 다운로드후유휴 SRT_1480 1.0s · idle=True
[02:15:56] ⏱ 씬합계 SRT_1480 17.3s · https://www.genspark.ai/api/files/s/aet3zlsl
[02:15:56] SRT_1480 생성·다운로드 완료
C:\cursor\wuxia\무협극장\검신귀환록\2부\15장\png\SRT_1480.png
[02:15:56] 상태키 SRT_1500 · Baek|battle_torn; Jin≈19|blood_robe
[02:15:56] run_scene 시작 SRT_1500 · seen_files=72 · last_saved=https://www.genspark.ai/api/files/s/aet3zlsl
[02:15:56] ⏱ 준비 SRT_1500 0.0s · chars=2615
[02:15:57] ⏱ 다음명령유휴 SRT_1500 1.0s · idle=True
[02:15:57] fill OK(clip) follow=True chars=2615
[02:15:57] submit 시작 composer=2615 url=https://www.genspark.ai/agents?id=eef72c64-0b3a-4a57-a77b-c6bbca0a0502
[02:15:58] submit geo 실패 hit=no-btn
[02:15:58] submit 시도 method=geo geo=False
[02:15:58] submit 미확인 method=geo generating=False composer=2615
[02:15:58] submit geo 실패 hit=no-btn
[02:15:58] submit 시도 method=send send=False
[02:15:59] submit 미확인 method=send generating=False composer=2615
[02:15:59] submit 시도 method=ctrl
[02:16:00] submit 미확인 method=ctrl generating=False composer=2617
[02:16:00] submit 시도 method=enter
[02:16:01] submit 확인 method=enter generating=False composer=0
[02:16:01] ⏱ 입력·전송 SRT_1500 3.5s · chars=2615
[02:16:01] 제출 후 last_saved=https://www.genspark.ai/api/files/s/aet3zlsl
[02:16:01] ⏱ 생성대기 시작 SRT_1500 max=120s
[02:16:12] ⏱ 생성대기 완료 10.9s SRT_1500 https://www.genspark.ai/api/files/s/ctvdcnyz
[02:16:12] ⏱ 생성대기구간 SRT_1500 10.9s · ok=True
[02:16:12] SRT_1500 근접 이미지 https://www.genspark.ai/api/files/s/ctvdcnyz
[02:16:12] 다운로드 files URL=https://www.genspark.ai/api/files/s/ctvdcnyz → SRT_1500.png
[02:16:12] ⏱ 다운로드 직접 0.7s size=546074 SRT_1500.png
[02:16:12] ⏱ 다운로드구간 SRT_1500 0.7s · SRT_1500.png
[02:16:13] ⏱ 다운로드후유휴 SRT_1500 1.1s · idle=True
[02:16:13] ⏱ 씬합계 SRT_1500 17.4s · https://www.genspark.ai/api/files/s/ctvdcnyz
[02:16:13] SRT_1500 생성·다운로드 완료
C:\cursor\wuxia\무협극장\검신귀환록\2부\15장\png\SRT_1500.png
[02:16:14] 상태키 SRT_1520 · Baek|battle_torn; Jin≈19|blood_robe
[02:16:14] run_scene 시작 SRT_1520 · seen_files=73 · last_saved=https://www.genspark.ai/api/files/s/ctvdcnyz
[02:16:14] ⏱ 준비 SRT_1520 0.0s · chars=2606
[02:16:15] ⏱ 다음명령유휴 SRT_1520 1.0s · idle=True
[02:16:15] fill OK(clip) follow=True chars=2606
[02:16:15] submit 시작 composer=2606 url=https://www.genspark.ai/agents?id=eef72c64-0b3a-4a57-a77b-c6bbca0a0502
[02:16:15] submit geo 실패 hit=no-btn
[02:16:15] submit 시도 method=geo geo=False
[02:16:16] submit 미확인 method=geo generating=False composer=2606
[02:16:16] submit geo 실패 hit=no-btn
[02:16:16] submit 시도 method=send send=False
[02:16:16] submit 미확인 method=send generating=False composer=2606
[02:16:17] submit 시도 method=ctrl
[02:16:17] submit 미확인 method=ctrl generating=False composer=2608
[02:16:18] submit 시도 method=enter
[02:16:18] submit 확인 method=enter generating=False composer=0
[02:16:18] ⏱ 입력·전송 SRT_1520 3.5s · chars=2606
[02:16:18] 제출 후 last_saved=https://www.genspark.ai/api/files/s/ctvdcnyz
[02:16:18] ⏱ 생성대기 시작 SRT_1520 max=120s
[02:16:31] ⏱ 생성대기 완료 12.7s SRT_1520 https://www.genspark.ai/api/files/s/uqxqwqdu
[02:16:31] ⏱ 생성대기구간 SRT_1520 12.7s · ok=True
[02:16:31] SRT_1520 근접 이미지 https://www.genspark.ai/api/files/s/uqxqwqdu
[02:16:31] 다운로드 files URL=https://www.genspark.ai/api/files/s/uqxqwqdu → SRT_1520.png
[02:16:32] ⏱ 다운로드 직접 0.7s size=541708 SRT_1520.png
[02:16:32] ⏱ 다운로드구간 SRT_1520 0.7s · SRT_1520.png
[02:16:33] ⏱ 다운로드후유휴 SRT_1520 1.0s · idle=True
[02:16:33] ⏱ 씬합계 SRT_1520 19.1s · https://www.genspark.ai/api/files/s/uqxqwqdu
[02:16:33] SRT_1520 생성·다운로드 완료
C:\cursor\wuxia\무협극장\검신귀환록\2부\15장\png\SRT_1520.png
[02:16:33] 상태키 SRT_1540 · Baek|battle_torn; Jin≈19|blood_robe
[02:16:33] run_scene 시작 SRT_1540 · seen_files=74 · last_saved=https://www.genspark.ai/api/files/s/uqxqwqdu
[02:16:33] ⏱ 준비 SRT_1540 0.0s · chars=1547
[02:16:34] ⏱ 다음명령유휴 SRT_1540 1.0s · idle=True
[02:16:34] fill OK(clip) follow=True chars=1547
[02:16:34] submit 시작 composer=1547 url=https://www.genspark.ai/agents?id=eef72c64-0b3a-4a57-a77b-c6bbca0a0502
[02:16:35] submit geo 실패 hit=no-btn
[02:16:35] submit 시도 method=geo geo=False
[02:16:35] submit 미확인 method=geo generating=False composer=1547
[02:16:35] submit geo 실패 hit=no-btn
[02:16:35] submit 시도 method=send send=False
[02:16:36] submit 미확인 method=send generating=False composer=1547
[02:16:36] submit 시도 method=ctrl
[02:16:37] submit 미확인 method=ctrl generating=False composer=1549
[02:16:37] submit 시도 method=enter
[02:16:37] submit 확인 method=enter generating=False composer=0
[02:16:37] ⏱ 입력·전송 SRT_1540 3.5s · chars=1547
[02:16:37] 제출 후 last_saved=https://www.genspark.ai/api/files/s/uqxqwqdu
[02:16:38] ⏱ 생성대기 시작 SRT_1540 max=120s
[02:16:50] ⏱ 생성대기 완료 12.6s SRT_1540 https://www.genspark.ai/api/files/s/ajrfydvg
[02:16:50] ⏱ 생성대기구간 SRT_1540 12.6s · ok=True
[02:16:50] SRT_1540 근접 이미지 https://www.genspark.ai/api/files/s/ajrfydvg
[02:16:50] 다운로드 files URL=https://www.genspark.ai/api/files/s/ajrfydvg → SRT_1540.png
[02:16:51] ⏱ 다운로드 직접 0.6s size=469017 SRT_1540.png
[02:16:51] ⏱ 다운로드구간 SRT_1540 0.7s · SRT_1540.png
[02:16:52] ⏱ 다운로드후유휴 SRT_1540 1.0s · idle=True
[02:16:52] ⏱ 씬합계 SRT_1540 19.1s · https://www.genspark.ai/api/files/s/ajrfydvg
[02:16:52] SRT_1540 생성·다운로드 완료
C:\cursor\wuxia\무협극장\검신귀환록\2부\15장\png\SRT_1540.png
[02:16:52] 상태키 SRT_1560 · Baek|battle_torn; Jin≈19|blood_robe
[02:16:52] run_scene 시작 SRT_1560 · seen_files=75 · last_saved=https://www.genspark.ai/api/files/s/ajrfydvg
[02:16:52] ⏱ 준비 SRT_1560 0.0s · chars=2643
[02:16:53] ⏱ 다음명령유휴 SRT_1560 1.0s · idle=True
[02:16:54] fill OK(clip) follow=True chars=2643
[02:16:54] submit 시작 composer=2643 url=https://www.genspark.ai/agents?id=eef72c64-0b3a-4a57-a77b-c6bbca0a0502
[02:16:54] submit geo 실패 hit=no-btn
[02:16:54] submit 시도 method=geo geo=False
[02:16:54] submit 미확인 method=geo generating=False composer=2643
[02:16:55] submit geo 실패 hit=no-btn
[02:16:55] submit 시도 method=send send=False
[02:16:55] submit 미확인 method=send generating=False composer=2643
[02:16:55] submit 시도 method=ctrl
[02:16:56] submit 미확인 method=ctrl generating=False composer=2645
[02:16:56] submit 시도 method=enter
[02:16:57] submit 확인 method=enter generating=False composer=0
[02:16:57] ⏱ 입력·전송 SRT_1560 3.5s · chars=2643
[02:16:57] 제출 후 last_saved=https://www.genspark.ai/api/files/s/ajrfydvg
[02:16:57] ⏱ 생성대기 시작 SRT_1560 max=120s
[02:17:07] ⏱ 생성대기 완료 10.5s SRT_1560 https://www.genspark.ai/api/files/s/db0lfsxu
[02:17:07] ⏱ 생성대기구간 SRT_1560 10.5s · ok=True
[02:17:07] SRT_1560 근접 이미지 https://www.genspark.ai/api/files/s/db0lfsxu
[02:17:07] 다운로드 files URL=https://www.genspark.ai/api/files/s/db0lfsxu → SRT_1560.png
[02:17:08] ⏱ 다운로드 직접 0.7s size=610029 SRT_1560.png
[02:17:08] ⏱ 다운로드구간 SRT_1560 0.7s · SRT_1560.png
[02:17:09] ⏱ 다운로드후유휴 SRT_1560 1.1s · idle=True
[02:17:09] ⏱ 씬합계 SRT_1560 17.0s · https://www.genspark.ai/api/files/s/db0lfsxu
[02:17:09] SRT_1560 생성·다운로드 완료
C:\cursor\wuxia\무협극장\검신귀환록\2부\15장\png\SRT_1560.png
[02:17:09] 상태키 SRT_1580 · Baek|battle_torn; Jin≈19|wounded_shoulder
[02:17:09] run_scene 시작 SRT_1580 · seen_files=76 · last_saved=https://www.genspark.ai/api/files/s/db0lfsxu
[02:17:09] ⏱ 준비 SRT_1580 0.0s · chars=2105
[02:17:10] ⏱ 다음명령유휴 SRT_1580 1.0s · idle=True
[02:17:11] fill OK(clip) follow=True chars=2105
[02:17:11] submit 시작 composer=2105 url=https://www.genspark.ai/agents?id=eef72c64-0b3a-4a57-a77b-c6bbca0a0502
[02:17:11] submit geo 실패 hit=no-btn
[02:17:11] submit 시도 method=geo geo=False
[02:17:12] submit 미확인 method=geo generating=False composer=2105
[02:17:12] submit geo 실패 hit=no-btn
[02:17:12] submit 시도 method=send send=False
[02:17:12] submit 미확인 method=send generating=False composer=2105
[02:17:12] submit 시도 method=ctrl
[02:17:13] submit 미확인 method=ctrl generating=False composer=2107
[02:17:13] submit 시도 method=enter
[02:17:14] submit 확인 method=enter generating=False composer=0
[02:17:14] ⏱ 입력·전송 SRT_1580 3.5s · chars=2105
[02:17:14] 제출 후 last_saved=https://www.genspark.ai/api/files/s/db0lfsxu
[02:17:14] ⏱ 생성대기 시작 SRT_1580 max=120s
[02:17:27] ⏱ 생성대기 완료 12.5s SRT_1580 https://www.genspark.ai/api/files/s/xapxinw0
[02:17:27] ⏱ 생성대기구간 SRT_1580 12.5s · ok=True
[02:17:27] SRT_1580 근접 이미지 https://www.genspark.ai/api/files/s/xapxinw0
[02:17:27] 다운로드 files URL=https://www.genspark.ai/api/files/s/xapxinw0 → SRT_1580.png
[02:17:27] ⏱ 다운로드 직접 0.6s size=383435 SRT_1580.png
[02:17:27] ⏱ 다운로드구간 SRT_1580 0.6s · SRT_1580.png
[02:17:28] ⏱ 다운로드후유휴 SRT_1580 1.0s · idle=True
[02:17:28] ⏱ 씬합계 SRT_1580 18.9s · https://www.genspark.ai/api/files/s/xapxinw0
[02:17:28] SRT_1580 생성·다운로드 완료
C:\cursor\wuxia\무협극장\검신귀환록\2부\15장\png\SRT_1580.png
[02:17:28] 상태키 SRT_1600 · Baek|battle_torn; Jin≈19|wounded_shoulder
[02:17:28] run_scene 시작 SRT_1600 · seen_files=77 · last_saved=https://www.genspark.ai/api/files/s/xapxinw0
[02:17:28] ⏱ 준비 SRT_1600 0.0s · chars=2108
[02:17:29] ⏱ 다음명령유휴 SRT_1600 1.0s · idle=True
[02:17:30] fill OK(clip) follow=True chars=2108
[02:17:30] submit 시작 composer=2108 url=https://www.genspark.ai/agents?id=eef72c64-0b3a-4a57-a77b-c6bbca0a0502
[02:17:30] submit geo 실패 hit=no-btn
[02:17:30] submit 시도 method=geo geo=False
[02:17:31] submit 미확인 method=geo generating=False composer=2108
[02:17:31] submit geo 실패 hit=no-btn
[02:17:31] submit 시도 method=send send=False
[02:17:31] submit 미확인 method=send generating=False composer=2108
[02:17:32] submit 시도 method=ctrl
[02:17:32] submit 미확인 method=ctrl generating=False composer=2110
[02:17:32] submit 시도 method=enter
[02:17:33] submit 확인 method=enter generating=False composer=0
[02:17:33] ⏱ 입력·전송 SRT_1600 3.5s · chars=2108
[02:17:33] 제출 후 last_saved=https://www.genspark.ai/api/files/s/xapxinw0
[02:17:33] ⏱ 생성대기 시작 SRT_1600 max=120s
[02:17:45] ⏱ 생성대기 완료 11.3s SRT_1600 https://www.genspark.ai/api/files/s/txixnc6q
[02:17:45] ⏱ 생성대기구간 SRT_1600 11.3s · ok=True
[02:17:45] SRT_1600 근접 이미지 https://www.genspark.ai/api/files/s/txixnc6q
[02:17:45] 다운로드 files URL=https://www.genspark.ai/api/files/s/txixnc6q → SRT_1600.png
[02:17:45] ⏱ 다운로드 직접 0.7s size=484075 SRT_1600.png
[02:17:45] ⏱ 다운로드구간 SRT_1600 0.7s · SRT_1600.png
[02:17:46] ⏱ 다운로드후유휴 SRT_1600 1.1s · idle=True
[02:17:46] ⏱ 씬합계 SRT_1600 17.8s · https://www.genspark.ai/api/files/s/txixnc6q
[02:17:46] SRT_1600 생성·다운로드 완료
C:\cursor\wuxia\무협극장\검신귀환록\2부\15장\png\SRT_1600.png
[02:17:46] 상태키 SRT_1620 · Baek|battle_torn; Jin≈19|wounded_shoulder
[02:17:46] run_scene 시작 SRT_1620 · seen_files=78 · last_saved=https://www.genspark.ai/api/files/s/txixnc6q
[02:17:46] ⏱ 준비 SRT_1620 0.0s · chars=2110
[02:17:47] ⏱ 다음명령유휴 SRT_1620 1.0s · idle=True
[02:17:48] fill OK(clip) follow=True chars=2110
[02:17:48] submit 시작 composer=2110 url=https://www.genspark.ai/agents?id=eef72c64-0b3a-4a57-a77b-c6bbca0a0502
[02:17:48] submit geo 실패 hit=no-btn
[02:17:48] submit 시도 method=geo geo=False
[02:17:49] submit 미확인 method=geo generating=False composer=2110
[02:17:49] submit geo 실패 hit=no-btn
[02:17:49] submit 시도 method=send send=False
[02:17:49] submit 미확인 method=send generating=False composer=2110
[02:17:50] submit 시도 method=ctrl
[02:17:50] submit 미확인 method=ctrl generating=False composer=2112
[02:17:50] submit 시도 method=enter
[02:17:51] submit 확인 method=enter generating=False composer=0
[02:17:51] ⏱ 입력·전송 SRT_1620 3.5s · chars=2110
[02:17:51] 제출 후 last_saved=https://www.genspark.ai/api/files/s/txixnc6q
[02:17:51] ⏱ 생성대기 시작 SRT_1620 max=120s
[02:18:04] ⏱ 생성대기 완료 12.9s SRT_1620 https://www.genspark.ai/api/files/s/hu1fk2am
[02:18:04] ⏱ 생성대기구간 SRT_1620 12.9s · ok=True
[02:18:04] SRT_1620 근접 이미지 https://www.genspark.ai/api/files/s/hu1fk2am
[02:18:04] 다운로드 files URL=https://www.genspark.ai/api/files/s/hu1fk2am → SRT_1620.png
[02:18:05] ⏱ 다운로드 직접 0.7s size=660819 SRT_1620.png
[02:18:05] ⏱ 다운로드구간 SRT_1620 0.8s · SRT_1620.png
[02:18:06] ⏱ 다운로드후유휴 SRT_1620 1.1s · idle=True
[02:18:06] ⏱ 씬합계 SRT_1620 19.6s · https://www.genspark.ai/api/files/s/hu1fk2am
[02:18:06] SRT_1620 생성·다운로드 완료
C:\cursor\wuxia\무협극장\검신귀환록\2부\15장\png\SRT_1620.png
[02:18:06] 상태키 SRT_1640 · Baek|battle_torn; Jin≈19|wounded_shoulder
[02:18:06] run_scene 시작 SRT_1640 · seen_files=79 · last_saved=https://www.genspark.ai/api/files/s/hu1fk2am
[02:18:06] ⏱ 준비 SRT_1640 0.0s · chars=2098
[02:18:07] ⏱ 다음명령유휴 SRT_1640 1.0s · idle=True
[02:18:08] fill OK(clip) follow=True chars=2098
[02:18:08] submit 시작 composer=2098 url=https://www.genspark.ai/agents?id=eef72c64-0b3a-4a57-a77b-c6bbca0a0502
[02:18:08] submit geo 실패 hit=no-btn
[02:18:08] submit 시도 method=geo geo=False
[02:18:08] submit 미확인 method=geo generating=False composer=2098
[02:18:08] submit geo 실패 hit=no-btn
[02:18:08] submit 시도 method=send send=False
[02:18:09] submit 미확인 method=send generating=False composer=2098
[02:18:09] submit 시도 method=ctrl
[02:18:10] submit 미확인 method=ctrl generating=False composer=2100
[02:18:10] submit 시도 method=enter
[02:18:11] submit 확인 method=enter generating=False composer=0
[02:18:11] ⏱ 입력·전송 SRT_1640 3.5s · chars=2098
[02:18:11] 제출 후 last_saved=https://www.genspark.ai/api/files/s/hu1fk2am
[02:18:11] ⏱ 생성대기 시작 SRT_1640 max=120s
[02:18:23] ⏱ 생성대기 완료 12.6s SRT_1640 https://www.genspark.ai/api/files/s/wfttgufp
[02:18:23] ⏱ 생성대기구간 SRT_1640 12.6s · ok=True
[02:18:24] SRT_1640 근접 이미지 https://www.genspark.ai/api/files/s/wfttgufp
[02:18:24] 다운로드 files URL=https://www.genspark.ai/api/files/s/wfttgufp → SRT_1640.png
[02:18:24] ⏱ 다운로드 직접 0.7s size=566371 SRT_1640.png
[02:18:24] ⏱ 다운로드구간 SRT_1640 0.7s · SRT_1640.png
[02:18:25] ⏱ 다운로드후유휴 SRT_1640 1.1s · idle=True
[02:18:25] ⏱ 씬합계 SRT_1640 19.1s · https://www.genspark.ai/api/files/s/wfttgufp
[02:18:25] SRT_1640 생성·다운로드 완료
C:\cursor\wuxia\무협극장\검신귀환록\2부\15장\png\SRT_1640.png
[02:18:25] 상태키 SRT_1660 · Baek|battle_torn; Jin≈19|wounded_shoulder
[02:18:25] run_scene 시작 SRT_1660 · seen_files=80 · last_saved=https://www.genspark.ai/api/files/s/wfttgufp
[02:18:25] ⏱ 준비 SRT_1660 0.0s · chars=1536
[02:18:27] ⏱ 다음명령유휴 SRT_1660 1.1s · idle=True
[02:18:27] fill OK(clip) follow=True chars=1536
[02:18:27] submit 시작 composer=1536 url=https://www.genspark.ai/agents?id=eef72c64-0b3a-4a57-a77b-c6bbca0a0502
[02:18:27] submit geo 실패 hit=no-btn
[02:18:27] submit 시도 method=geo geo=False
[02:18:28] submit 미확인 method=geo generating=False composer=1536
[02:18:28] submit geo 실패 hit=no-btn
[02:18:28] submit 시도 method=send send=False
[02:18:28] submit 미확인 method=send generating=False composer=1536
[02:18:29] submit 시도 method=ctrl
[02:18:29] submit 미확인 method=ctrl generating=False composer=1538
[02:18:29] submit 시도 method=enter
[02:18:30] submit 확인 method=enter generating=False composer=0
[02:18:30] ⏱ 입력·전송 SRT_1660 3.5s · chars=1536
[02:18:30] 제출 후 last_saved=https://www.genspark.ai/api/files/s/wfttgufp
[02:18:30] ⏱ 생성대기 시작 SRT_1660 max=120s
[02:18:43] ⏱ 생성대기 완료 12.3s SRT_1660 https://www.genspark.ai/api/files/s/lyt2ti28
[02:18:43] ⏱ 생성대기구간 SRT_1660 12.3s · ok=True
[02:18:43] SRT_1660 근접 이미지 https://www.genspark.ai/api/files/s/lyt2ti28
[02:18:43] 다운로드 files URL=https://www.genspark.ai/api/files/s/lyt2ti28 → SRT_1660.png
[02:18:43] ⏱ 다운로드 직접 0.7s size=611467 SRT_1660.png
[02:18:43] ⏱ 다운로드구간 SRT_1660 0.7s · SRT_1660.png
[02:18:44] ⏱ 다운로드후유휴 SRT_1660 1.0s · idle=True
[02:18:44] ⏱ 씬합계 SRT_1660 18.9s · https://www.genspark.ai/api/files/s/lyt2ti28
[02:18:44] SRT_1660 생성·다운로드 완료
C:\cursor\wuxia\무협극장\검신귀환록\2부\15장\png\SRT_1660.png
[02:18:44] 상태키 SRT_1680 · Baek|battle_torn; Jin≈19|wounded_shoulder
[02:18:44] run_scene 시작 SRT_1680 · seen_files=81 · last_saved=https://www.genspark.ai/api/files/s/lyt2ti28
[02:18:44] ⏱ 준비 SRT_1680 0.0s · chars=2110
[02:18:46] ⏱ 다음명령유휴 SRT_1680 1.0s · idle=True
[02:18:46] fill OK(clip) follow=True chars=2110
[02:18:46] submit 시작 composer=2110 url=https://www.genspark.ai/agents?id=eef72c64-0b3a-4a57-a77b-c6bbca0a0502
[02:18:46] submit geo 실패 hit=no-btn
[02:18:46] submit 시도 method=geo geo=False
[02:18:47] submit 미확인 method=geo generating=False composer=2110
[02:18:47] submit geo 실패 hit=no-btn
[02:18:47] submit 시도 method=send send=False
[02:18:47] submit 미확인 method=send generating=False composer=2110
[02:18:48] submit 시도 method=ctrl
[02:18:48] submit 미확인 method=ctrl generating=False composer=2112
[02:18:48] submit 시도 method=enter
[02:18:49] submit 확인 method=enter generating=False composer=0
[02:18:49] ⏱ 입력·전송 SRT_1680 3.5s · chars=2110
[02:18:49] 제출 후 last_saved=https://www.genspark.ai/api/files/s/lyt2ti28
[02:18:49] ⏱ 생성대기 시작 SRT_1680 max=120s
[02:19:01] ⏱ 생성대기 완료 11.6s SRT_1680 https://www.genspark.ai/api/files/s/gc95vcyq
[02:19:01] ⏱ 생성대기구간 SRT_1680 11.6s · ok=True
[02:19:01] SRT_1680 근접 이미지 https://www.genspark.ai/api/files/s/gc95vcyq
[02:19:01] 다운로드 files URL=https://www.genspark.ai/api/files/s/gc95vcyq → SRT_1680.png
[02:19:02] ⏱ 다운로드 직접 0.7s size=662605 SRT_1680.png
[02:19:02] ⏱ 다운로드구간 SRT_1680 0.7s · SRT_1680.png
[02:19:03] ⏱ 다운로드후유휴 SRT_1680 1.0s · idle=True
[02:19:03] ⏱ 씬합계 SRT_1680 18.1s · https://www.genspark.ai/api/files/s/gc95vcyq
[02:19:03] SRT_1680 생성·다운로드 완료
C:\cursor\wuxia\무협극장\검신귀환록\2부\15장\png\SRT_1680.png
[02:19:03] 상태키 SRT_1700 · Baek|battle_torn; Jin≈19|wounded_shoulder
[02:19:03] run_scene 시작 SRT_1700 · seen_files=82 · last_saved=https://www.genspark.ai/api/files/s/gc95vcyq
[02:19:03] ⏱ 준비 SRT_1700 0.0s · chars=2105
[02:19:04] ⏱ 다음명령유휴 SRT_1700 1.1s · idle=True
[02:19:04] fill OK(clip) follow=True chars=2105
[02:19:04] submit 시작 composer=2105 url=https://www.genspark.ai/agents?id=eef72c64-0b3a-4a57-a77b-c6bbca0a0502
[02:19:04] submit geo 실패 hit=no-btn
[02:19:04] submit 시도 method=geo geo=False
[02:19:05] submit 미확인 method=geo generating=False composer=2105
[02:19:05] submit geo 실패 hit=no-btn
[02:19:05] submit 시도 method=send send=False
[02:19:06] submit 미확인 method=send generating=False composer=2105
[02:19:06] submit 시도 method=ctrl
[02:19:07] submit 미확인 method=ctrl generating=False composer=2107
[02:19:07] submit 시도 method=enter
[02:19:07] submit 확인 method=enter generating=False composer=0
[02:19:07] ⏱ 입력·전송 SRT_1700 3.5s · chars=2105
[02:19:07] 제출 후 last_saved=https://www.genspark.ai/api/files/s/gc95vcyq
[02:19:08] ⏱ 생성대기 시작 SRT_1700 max=120s
[02:19:20] ⏱ 생성대기 완료 12.5s SRT_1700 https://www.genspark.ai/api/files/s/1p4ur3bf
[02:19:20] ⏱ 생성대기구간 SRT_1700 12.5s · ok=True
[02:19:20] SRT_1700 근접 이미지 https://www.genspark.ai/api/files/s/1p4ur3bf
[02:19:20] 다운로드 files URL=https://www.genspark.ai/api/files/s/1p4ur3bf → SRT_1700.png
[02:19:21] ⏱ 다운로드 직접 0.7s size=632325 SRT_1700.png
[02:19:21] ⏱ 다운로드구간 SRT_1700 0.7s · SRT_1700.png
[02:19:22] ⏱ 다운로드후유휴 SRT_1700 1.1s · idle=True
[02:19:22] ⏱ 씬합계 SRT_1700 19.1s · https://www.genspark.ai/api/files/s/1p4ur3bf
[02:19:22] SRT_1700 생성·다운로드 완료
C:\cursor\wuxia\무협극장\검신귀환록\2부\15장\png\SRT_1700.png
[02:19:22] 상태키 SRT_1720 · Baek|battle_torn; Jin≈19|wounded_shoulder
[02:19:22] run_scene 시작 SRT_1720 · seen_files=83 · last_saved=https://www.genspark.ai/api/files/s/1p4ur3bf
[02:19:22] ⏱ 준비 SRT_1720 0.0s · chars=1655
[02:19:23] ⏱ 다음명령유휴 SRT_1720 1.1s · idle=True
[02:19:24] fill OK(clip) follow=True chars=1655
[02:19:24] submit 시작 composer=1655 url=https://www.genspark.ai/agents?id=eef72c64-0b3a-4a57-a77b-c6bbca0a0502
[02:19:24] submit geo 실패 hit=no-btn
[02:19:24] submit 시도 method=geo geo=False
[02:19:24] submit 미확인 method=geo generating=False composer=1655
[02:19:24] submit geo 실패 hit=no-btn
[02:19:24] submit 시도 method=send send=False
[02:19:25] submit 미확인 method=send generating=False composer=1655
[02:19:25] submit 시도 method=ctrl
[02:19:26] submit 미확인 method=ctrl generating=False composer=1657
[02:19:26] submit 시도 method=enter
[02:19:27] submit 확인 method=enter generating=False composer=0
[02:19:27] ⏱ 입력·전송 SRT_1720 3.5s · chars=1655
[02:19:27] 제출 후 last_saved=https://www.genspark.ai/api/files/s/1p4ur3bf
[02:19:27] ⏱ 생성대기 시작 SRT_1720 max=120s
[02:19:42] ⏱ 생성대기 진행 15.0s SRT_1720 busy=False url_ok=True src=https://www.genspark.ai/api/files/s/fmntu9mm
[02:19:42] ⏱ 생성대기 완료 15.3s SRT_1720 https://www.genspark.ai/api/files/s/fmntu9mm
[02:19:42] ⏱ 생성대기구간 SRT_1720 15.3s · ok=True
[02:19:42] SRT_1720 근접 이미지 https://www.genspark.ai/api/files/s/fmntu9mm
[02:19:42] 다운로드 files URL=https://www.genspark.ai/api/files/s/fmntu9mm → SRT_1720.png
[02:19:43] ⏱ 다운로드 직접 0.6s size=504212 SRT_1720.png
[02:19:43] ⏱ 다운로드구간 SRT_1720 0.7s · SRT_1720.png
[02:19:44] ⏱ 다운로드후유휴 SRT_1720 1.1s · idle=True
[02:19:44] ⏱ 씬합계 SRT_1720 21.8s · https://www.genspark.ai/api/files/s/fmntu9mm
[02:19:44] SRT_1720 생성·다운로드 완료
C:\cursor\wuxia\무협극장\검신귀환록\2부\15장\png\SRT_1720.png
[02:19:44] 상태키 SRT_1740 · Baek|battle_torn; Jin≈19|blood_robe
[02:19:44] run_scene 시작 SRT_1740 · seen_files=84 · last_saved=https://www.genspark.ai/api/files/s/fmntu9mm
[02:19:44] ⏱ 준비 SRT_1740 0.0s · chars=2129
[02:19:45] ⏱ 다음명령유휴 SRT_1740 1.0s · idle=True
[02:19:45] fill OK(clip) follow=True chars=2129
[02:19:45] submit 시작 composer=2129 url=https://www.genspark.ai/agents?id=eef72c64-0b3a-4a57-a77b-c6bbca0a0502
[02:19:46] submit geo 실패 hit=no-btn
[02:19:46] submit 시도 method=geo geo=False
[02:19:46] submit 미확인 method=geo generating=False composer=2129
[02:19:46] submit geo 실패 hit=no-btn
[02:19:46] submit 시도 method=send send=False
[02:19:47] submit 미확인 method=send generating=False composer=2129
[02:19:47] submit 시도 method=ctrl
[02:19:48] submit 미확인 method=ctrl generating=False composer=2131
[02:19:48] submit 시도 method=enter
[02:19:49] submit 확인 method=enter generating=False composer=0
[02:19:49] ⏱ 입력·전송 SRT_1740 3.5s · chars=2129
[02:19:49] 제출 후 last_saved=https://www.genspark.ai/api/files/s/fmntu9mm
[02:19:49] ⏱ 생성대기 시작 SRT_1740 max=120s
[02:20:01] ⏱ 생성대기 완료 12.1s SRT_1740 https://www.genspark.ai/api/files/s/vrvxjc6i
[02:20:01] ⏱ 생성대기구간 SRT_1740 12.1s · ok=True
[02:20:01] SRT_1740 근접 이미지 https://www.genspark.ai/api/files/s/vrvxjc6i
[02:20:01] 다운로드 files URL=https://www.genspark.ai/api/files/s/vrvxjc6i → SRT_1740.png
[02:20:02] ⏱ 다운로드 직접 0.7s size=648944 SRT_1740.png
[02:20:02] ⏱ 다운로드구간 SRT_1740 0.7s · SRT_1740.png
[02:20:03] ⏱ 다운로드후유휴 SRT_1740 1.1s · idle=True
[02:20:03] ⏱ 씬합계 SRT_1740 18.7s · https://www.genspark.ai/api/files/s/vrvxjc6i
[02:20:03] SRT_1740 생성·다운로드 완료
C:\cursor\wuxia\무협극장\검신귀환록\2부\15장\png\SRT_1740.png
[02:20:03] 상태키 SRT_1760 · Baek|battle_torn; Jin≈19|blood_robe
[02:20:03] run_scene 시작 SRT_1760 · seen_files=85 · last_saved=https://www.genspark.ai/api/files/s/vrvxjc6i
[02:20:03] ⏱ 준비 SRT_1760 0.0s · chars=2150
[02:20:04] ⏱ 다음명령유휴 SRT_1760 1.1s · idle=True
[02:20:04] fill OK(clip) follow=True chars=2150
[02:20:04] submit 시작 composer=2150 url=https://www.genspark.ai/agents?id=eef72c64-0b3a-4a57-a77b-c6bbca0a0502
[02:20:05] submit geo 실패 hit=no-btn
[02:20:05] submit 시도 method=geo geo=False
[02:20:05] submit 미확인 method=geo generating=False composer=2150
[02:20:05] submit geo 실패 hit=no-btn
[02:20:05] submit 시도 method=send send=False
[02:20:06] submit 미확인 method=send generating=False composer=2150
[02:20:06] submit 시도 method=ctrl
[02:20:07] submit 미확인 method=ctrl generating=False composer=2152
[02:20:07] submit 시도 method=enter
[02:20:07] submit 확인 method=enter generating=False composer=0
[02:20:07] ⏱ 입력·전송 SRT_1760 3.5s · chars=2150
[02:20:07] 제출 후 last_saved=https://www.genspark.ai/api/files/s/vrvxjc6i
[02:20:08] ⏱ 생성대기 시작 SRT_1760 max=120s
[02:20:18] ⏱ 생성대기 완료 10.3s SRT_1760 https://www.genspark.ai/api/files/s/bj5zn0s4
[02:20:18] ⏱ 생성대기구간 SRT_1760 10.3s · ok=True
[02:20:18] SRT_1760 근접 이미지 https://www.genspark.ai/api/files/s/bj5zn0s4
[02:20:18] 다운로드 files URL=https://www.genspark.ai/api/files/s/bj5zn0s4 → SRT_1760.png
[02:20:19] ⏱ 다운로드 직접 0.7s size=719814 SRT_1760.png
[02:20:19] ⏱ 다운로드구간 SRT_1760 0.7s · SRT_1760.png
[02:20:20] ⏱ 다운로드후유휴 SRT_1760 1.1s · idle=True
[02:20:20] ⏱ 씬합계 SRT_1760 17.0s · https://www.genspark.ai/api/files/s/bj5zn0s4
[02:20:20] SRT_1760 생성·다운로드 완료
C:\cursor\wuxia\무협극장\검신귀환록\2부\15장\png\SRT_1760.png
[02:20:20] 상태키 SRT_1780 · Baek|battle_torn; Jin≈19|battle_torn
[02:20:20] run_scene 시작 SRT_1780 · seen_files=86 · last_saved=https://www.genspark.ai/api/files/s/bj5zn0s4
[02:20:20] ⏱ 준비 SRT_1780 0.0s · chars=1666
[02:20:21] ⏱ 다음명령유휴 SRT_1780 1.1s · idle=True
[02:20:22] fill OK(clip) follow=True chars=1666
[02:20:22] submit 시작 composer=1666 url=https://www.genspark.ai/agents?id=eef72c64-0b3a-4a57-a77b-c6bbca0a0502
[02:20:22] submit geo 실패 hit=no-btn
[02:20:22] submit 시도 method=geo geo=False
[02:20:22] submit 미확인 method=geo generating=False composer=1666
[02:20:22] submit geo 실패 hit=no-btn
[02:20:22] submit 시도 method=send send=False
[02:20:23] submit 미확인 method=send generating=False composer=1666
[02:20:23] submit 시도 method=ctrl
[02:20:24] submit 미확인 method=ctrl generating=False composer=1668
[02:20:24] submit 시도 method=enter
[02:20:25] submit 확인 method=enter generating=False composer=0
[02:20:25] ⏱ 입력·전송 SRT_1780 3.5s · chars=1666
[02:20:25] 제출 후 last_saved=https://www.genspark.ai/api/files/s/bj5zn0s4
[02:20:25] ⏱ 생성대기 시작 SRT_1780 max=120s
[02:20:40] ⏱ 생성대기 진행 15.0s SRT_1780 busy=False url_ok=False src=
[02:20:42] ⏱ 생성대기 완료 17.0s SRT_1780 https://www.genspark.ai/api/files/s/ythndlte
[02:20:42] ⏱ 생성대기구간 SRT_1780 17.0s · ok=True
[02:20:42] SRT_1780 근접 이미지 https://www.genspark.ai/api/files/s/ythndlte
[02:20:42] 다운로드 files URL=https://www.genspark.ai/api/files/s/ythndlte → SRT_1780.png
[02:20:43] ⏱ 다운로드 직접 0.8s size=737523 SRT_1780.png
[02:20:43] ⏱ 다운로드구간 SRT_1780 0.8s · SRT_1780.png
[02:20:44] ⏱ 다운로드후유휴 SRT_1780 1.0s · idle=True
[02:20:44] ⏱ 씬합계 SRT_1780 23.7s · https://www.genspark.ai/api/files/s/ythndlte
[02:20:44] SRT_1780 생성·다운로드 완료
C:\cursor\wuxia\무협극장\검신귀환록\2부\15장\png\SRT_1780.png
[02:20:44] 상태키 SRT_1800 · Baek|battle_torn; Jin≈19|blood_robe
[02:20:44] run_scene 시작 SRT_1800 · seen_files=87 · last_saved=https://www.genspark.ai/api/files/s/ythndlte
[02:20:44] ⏱ 준비 SRT_1800 0.0s · chars=2149
[02:20:45] ⏱ 다음명령유휴 SRT_1800 1.1s · idle=True
[02:20:45] fill OK(clip) follow=True chars=2149
[02:20:45] submit 시작 composer=2149 url=https://www.genspark.ai/agents?id=eef72c64-0b3a-4a57-a77b-c6bbca0a0502
[02:20:46] submit geo 실패 hit=no-btn
[02:20:46] submit 시도 method=geo geo=False
[02:20:46] submit 미확인 method=geo generating=False composer=2149
[02:20:46] submit geo 실패 hit=no-btn
[02:20:46] submit 시도 method=send send=False
[02:20:47] submit 미확인 method=send generating=False composer=2149
[02:20:47] submit 시도 method=ctrl
[02:20:48] submit 미확인 method=ctrl generating=False composer=2151
[02:20:48] submit 시도 method=enter
[02:20:49] submit 확인 method=enter generating=False composer=0
[02:20:49] ⏱ 입력·전송 SRT_1800 3.5s · chars=2149
[02:20:49] 제출 후 last_saved=https://www.genspark.ai/api/files/s/ythndlte
[02:20:49] ⏱ 생성대기 시작 SRT_1800 max=120s
[02:21:04] ⏱ 생성대기 완료 14.8s SRT_1800 https://www.genspark.ai/api/files/s/womlcr7s
[02:21:04] ⏱ 생성대기구간 SRT_1800 14.8s · ok=True
[02:21:04] SRT_1800 근접 이미지 https://www.genspark.ai/api/files/s/womlcr7s
[02:21:04] 다운로드 files URL=https://www.genspark.ai/api/files/s/womlcr7s → SRT_1800.png
[02:21:04] ⏱ 다운로드 직접 0.7s size=604099 SRT_1800.png
[02:21:04] ⏱ 다운로드구간 SRT_1800 0.7s · SRT_1800.png
[02:21:05] ⏱ 다운로드후유휴 SRT_1800 1.1s · idle=True
[02:21:05] ⏱ 씬합계 SRT_1800 21.4s · https://www.genspark.ai/api/files/s/womlcr7s
[02:21:05] SRT_1800 생성·다운로드 완료
C:\cursor\wuxia\무협극장\검신귀환록\2부\15장\png\SRT_1800.png
[02:21:05] 상태키 SRT_1820 · Baek|battle_torn; Jin≈19|blood_robe
[02:21:05] run_scene 시작 SRT_1820 · seen_files=88 · last_saved=https://www.genspark.ai/api/files/s/womlcr7s
[02:21:05] ⏱ 준비 SRT_1820 0.0s · chars=2147
[02:21:07] ⏱ 다음명령유휴 SRT_1820 1.1s · idle=True
[02:21:07] fill OK(clip) follow=True chars=2147
[02:21:07] submit 시작 composer=2147 url=https://www.genspark.ai/agents?id=eef72c64-0b3a-4a57-a77b-c6bbca0a0502
[02:21:07] submit geo 실패 hit=no-btn
[02:21:07] submit 시도 method=geo geo=False
[02:21:08] submit 미확인 method=geo generating=False composer=2147
[02:21:08] submit geo 실패 hit=no-btn
[02:21:08] submit 시도 method=send send=False
[02:21:08] submit 미확인 method=send generating=False composer=2147
[02:21:09] submit 시도 method=ctrl
[02:21:09] submit 미확인 method=ctrl generating=False composer=2149
[02:21:10] submit 시도 method=enter
[02:21:10] submit 확인 method=enter generating=False composer=0
[02:21:10] ⏱ 입력·전송 SRT_1820 3.6s · chars=2147
[02:21:10] 제출 후 last_saved=https://www.genspark.ai/api/files/s/womlcr7s
[02:21:10] ⏱ 생성대기 시작 SRT_1820 max=120s
[02:21:24] ⏱ 생성대기 완료 13.9s SRT_1820 https://www.genspark.ai/api/files/s/qvqdhaty
[02:21:24] ⏱ 생성대기구간 SRT_1820 13.9s · ok=True
[02:21:24] SRT_1820 근접 이미지 https://www.genspark.ai/api/files/s/qvqdhaty
[02:21:24] 다운로드 files URL=https://www.genspark.ai/api/files/s/qvqdhaty → SRT_1820.png
[02:21:25] ⏱ 다운로드 직접 0.7s size=664916 SRT_1820.png
[02:21:25] ⏱ 다운로드구간 SRT_1820 0.7s · SRT_1820.png
[02:21:26] ⏱ 다운로드후유휴 SRT_1820 1.1s · idle=True
[02:21:26] ⏱ 씬합계 SRT_1820 20.6s · https://www.genspark.ai/api/files/s/qvqdhaty
[02:21:26] SRT_1820 생성·다운로드 완료
C:\cursor\wuxia\무협극장\검신귀환록\2부\15장\png\SRT_1820.png
[02:21:26] 상태키 SRT_1840 · Baek|battle_torn; Jin≈19|blood_robe
[02:21:26] run_scene 시작 SRT_1840 · seen_files=89 · last_saved=https://www.genspark.ai/api/files/s/qvqdhaty
[02:21:26] ⏱ 준비 SRT_1840 0.0s · chars=2129
[02:21:27] ⏱ 다음명령유휴 SRT_1840 1.1s · idle=True
[02:21:28] fill OK(clip) follow=True chars=2129
[02:21:28] submit 시작 composer=2129 url=https://www.genspark.ai/agents?id=eef72c64-0b3a-4a57-a77b-c6bbca0a0502
[02:21:28] submit geo 실패 hit=no-btn
[02:21:28] submit 시도 method=geo geo=False
[02:21:28] submit 미확인 method=geo generating=False composer=2129
[02:21:29] submit geo 실패 hit=no-btn
[02:21:29] submit 시도 method=send send=False
[02:21:29] submit 미확인 method=send generating=False composer=2129
[02:21:29] submit 시도 method=ctrl
[02:21:30] submit 미확인 method=ctrl generating=False composer=2131
[02:21:30] submit 시도 method=enter
[02:21:31] submit 확인 method=enter generating=False composer=0
[02:21:31] ⏱ 입력·전송 SRT_1840 3.5s · chars=2129
[02:21:31] 제출 후 last_saved=https://www.genspark.ai/api/files/s/qvqdhaty
[02:21:31] ⏱ 생성대기 시작 SRT_1840 max=120s
[02:21:45] ⏱ 생성대기 완료 13.5s SRT_1840 https://www.genspark.ai/api/files/s/tzrmn5jt
[02:21:45] ⏱ 생성대기구간 SRT_1840 13.5s · ok=True
[02:21:45] SRT_1840 근접 이미지 https://www.genspark.ai/api/files/s/tzrmn5jt
[02:21:45] 다운로드 files URL=https://www.genspark.ai/api/files/s/tzrmn5jt → SRT_1840.png
[02:21:45] ⏱ 다운로드 직접 0.7s size=493886 SRT_1840.png
[02:21:45] ⏱ 다운로드구간 SRT_1840 0.7s · SRT_1840.png
[02:21:46] ⏱ 다운로드후유휴 SRT_1840 1.1s · idle=True
[02:21:46] ⏱ 씬합계 SRT_1840 20.1s · https://www.genspark.ai/api/files/s/tzrmn5jt
[02:21:46] SRT_1840 생성·다운로드 완료
C:\cursor\wuxia\무협극장\검신귀환록\2부\15장\png\SRT_1840.png
[02:21:46] 상태키 SRT_1860 · Baek|battle_torn; Jin≈19|blood_robe
[02:21:46] run_scene 시작 SRT_1860 · seen_files=90 · last_saved=https://www.genspark.ai/api/files/s/tzrmn5jt
[02:21:46] ⏱ 준비 SRT_1860 0.0s · chars=1560
[02:21:48] ⏱ 다음명령유휴 SRT_1860 1.1s · idle=True
[02:21:48] fill OK(clip) follow=True chars=1560
[02:21:48] submit 시작 composer=1560 url=https://www.genspark.ai/agents?id=eef72c64-0b3a-4a57-a77b-c6bbca0a0502
[02:21:48] submit geo 실패 hit=no-btn
[02:21:48] submit 시도 method=geo geo=False
[02:21:49] submit 미확인 method=geo generating=False composer=1560
[02:21:49] submit geo 실패 hit=no-btn
[02:21:49] submit 시도 method=send send=False
[02:21:49] submit 미확인 method=send generating=False composer=1560
[02:21:50] submit 시도 method=ctrl
[02:21:50] submit 미확인 method=ctrl generating=False composer=1562
[02:21:51] submit 시도 method=enter
[02:21:51] submit 확인 method=enter generating=False composer=0
[02:21:51] ⏱ 입력·전송 SRT_1860 3.6s · chars=1560
[02:21:51] 제출 후 last_saved=https://www.genspark.ai/api/files/s/tzrmn5jt
[02:21:51] ⏱ 생성대기 시작 SRT_1860 max=120s
[02:22:06] ⏱ 생성대기 완료 14.8s SRT_1860 https://www.genspark.ai/api/files/s/3fyhlim4
[02:22:06] ⏱ 생성대기구간 SRT_1860 14.8s · ok=True
[02:22:06] SRT_1860 근접 이미지 https://www.genspark.ai/api/files/s/3fyhlim4
[02:22:06] 다운로드 files URL=https://www.genspark.ai/api/files/s/3fyhlim4 → SRT_1860.png
[02:22:07] ⏱ 다운로드 직접 0.8s size=620262 SRT_1860.png
[02:22:07] ⏱ 다운로드구간 SRT_1860 0.8s · SRT_1860.png
[02:22:08] ⏱ 다운로드후유휴 SRT_1860 1.1s · idle=True
[02:22:08] ⏱ 씬합계 SRT_1860 21.5s · https://www.genspark.ai/api/files/s/3fyhlim4
[02:22:08] SRT_1860 생성·다운로드 완료
C:\cursor\wuxia\무협극장\검신귀환록\2부\15장\png\SRT_1860.png
[02:22:08] 상태키 SRT_1880 · Baek|blood_robe; Jin≈19|blood_robe
[02:22:08] run_scene 시작 SRT_1880 · seen_files=91 · last_saved=https://www.genspark.ai/api/files/s/3fyhlim4
[02:22:08] ⏱ 준비 SRT_1880 0.0s · chars=2563
[02:22:09] ⏱ 다음명령유휴 SRT_1880 1.0s · idle=True
[02:22:10] fill OK(clip) follow=True chars=2563
[02:22:10] submit 시작 composer=2563 url=https://www.genspark.ai/agents?id=eef72c64-0b3a-4a57-a77b-c6bbca0a0502
[02:22:10] submit geo 실패 hit=no-btn
[02:22:10] submit 시도 method=geo geo=False
[02:22:10] submit 미확인 method=geo generating=False composer=2563
[02:22:11] submit geo 실패 hit=no-btn
[02:22:11] submit 시도 method=send send=False
[02:22:11] submit 미확인 method=send generating=False composer=2563
[02:22:11] submit 시도 method=ctrl
[02:22:12] submit 미확인 method=ctrl generating=False composer=2565
[02:22:12] submit 시도 method=enter
[02:22:13] submit 확인 method=enter generating=False composer=0
[02:22:13] ⏱ 입력·전송 SRT_1880 3.6s · chars=2563
[02:22:13] 제출 후 last_saved=https://www.genspark.ai/api/files/s/3fyhlim4
[02:22:13] ⏱ 생성대기 시작 SRT_1880 max=120s
[02:22:26] ⏱ 생성대기 완료 13.2s SRT_1880 https://www.genspark.ai/api/files/s/jq12bcsg
[02:22:26] ⏱ 생성대기구간 SRT_1880 13.2s · ok=True
[02:22:26] SRT_1880 근접 이미지 https://www.genspark.ai/api/files/s/jq12bcsg
[02:22:26] 다운로드 files URL=https://www.genspark.ai/api/files/s/jq12bcsg → SRT_1880.png
[02:22:27] ⏱ 다운로드 직접 0.7s size=585090 SRT_1880.png
[02:22:27] ⏱ 다운로드구간 SRT_1880 0.7s · SRT_1880.png
[02:22:28] ⏱ 다운로드후유휴 SRT_1880 1.1s · idle=True
[02:22:28] ⏱ 씬합계 SRT_1880 19.9s · https://www.genspark.ai/api/files/s/jq12bcsg
[02:22:28] SRT_1880 생성·다운로드 완료
C:\cursor\wuxia\무협극장\검신귀환록\2부\15장\png\SRT_1880.png
[02:22:28] 상태키 SRT_1900 · Baek|blood_robe; Jin≈19|blood_robe
[02:22:28] run_scene 시작 SRT_1900 · seen_files=92 · last_saved=https://www.genspark.ai/api/files/s/jq12bcsg
[02:22:28] ⏱ 준비 SRT_1900 0.0s · chars=2611
[02:22:29] ⏱ 다음명령유휴 SRT_1900 1.1s · idle=True
[02:22:30] fill OK(clip) follow=True chars=2611
[02:22:30] submit 시작 composer=2611 url=https://www.genspark.ai/agents?id=eef72c64-0b3a-4a57-a77b-c6bbca0a0502
[02:22:30] submit geo 실패 hit=no-btn
[02:22:30] submit 시도 method=geo geo=False
[02:22:30] submit 미확인 method=geo generating=False composer=2611
[02:22:31] submit geo 실패 hit=no-btn
[02:22:31] submit 시도 method=send send=False
[02:22:31] submit 미확인 method=send generating=False composer=2611
[02:22:31] submit 시도 method=ctrl
[02:22:32] submit 미확인 method=ctrl generating=False composer=2613
[02:22:32] submit 시도 method=enter
[02:22:33] submit 확인 method=enter generating=False composer=0
[02:22:33] ⏱ 입력·전송 SRT_1900 3.6s · chars=2611
[02:22:33] 제출 후 last_saved=https://www.genspark.ai/api/files/s/jq12bcsg
[02:22:33] ⏱ 생성대기 시작 SRT_1900 max=120s
[02:22:47] ⏱ 생성대기 완료 13.8s SRT_1900 https://www.genspark.ai/api/files/s/esjqyqbd
[02:22:47] ⏱ 생성대기구간 SRT_1900 13.8s · ok=True
[02:22:47] SRT_1900 근접 이미지 https://www.genspark.ai/api/files/s/esjqyqbd
[02:22:47] 다운로드 files URL=https://www.genspark.ai/api/files/s/esjqyqbd → SRT_1900.png
[02:22:48] ⏱ 다운로드 직접 0.7s size=676107 SRT_1900.png
[02:22:48] ⏱ 다운로드구간 SRT_1900 0.7s · SRT_1900.png
[02:22:49] ⏱ 다운로드후유휴 SRT_1900 1.1s · idle=True
[02:22:49] ⏱ 씬합계 SRT_1900 20.4s · https://www.genspark.ai/api/files/s/esjqyqbd
[02:22:49] SRT_1900 생성·다운로드 완료
C:\cursor\wuxia\무협극장\검신귀환록\2부\15장\png\SRT_1900.png
[02:22:49] 상태키 SRT_1920 · Baek|blood_robe; Jin≈19|blood_robe
[02:22:49] run_scene 시작 SRT_1920 · seen_files=93 · last_saved=https://www.genspark.ai/api/files/s/esjqyqbd
[02:22:49] ⏱ 준비 SRT_1920 0.0s · chars=2630
[02:22:50] ⏱ 다음명령유휴 SRT_1920 1.1s · idle=True
[02:22:50] fill OK(clip) follow=True chars=2630
[02:22:50] submit 시작 composer=2630 url=https://www.genspark.ai/agents?id=eef72c64-0b3a-4a57-a77b-c6bbca0a0502
[02:22:50] submit geo 실패 hit=no-btn
[02:22:50] submit 시도 method=geo geo=False
[02:22:51] submit 미확인 method=geo generating=False composer=2630
[02:22:51] submit geo 실패 hit=no-btn
[02:22:51] submit 시도 method=send send=False
[02:22:52] submit 미확인 method=send generating=False composer=2630
[02:22:52] submit 시도 method=ctrl
[02:22:53] submit 미확인 method=ctrl generating=False composer=2632
[02:22:53] submit 시도 method=enter
[02:22:53] submit 확인 method=enter generating=False composer=0
[02:22:53] ⏱ 입력·전송 SRT_1920 3.6s · chars=2630
[02:22:53] 제출 후 last_saved=https://www.genspark.ai/api/files/s/esjqyqbd
[02:22:54] ⏱ 생성대기 시작 SRT_1920 max=120s
[02:23:08] ⏱ 생성대기 완료 14.5s SRT_1920 https://www.genspark.ai/api/files/s/d1zkg6vn
[02:23:08] ⏱ 생성대기구간 SRT_1920 14.5s · ok=True
[02:23:08] SRT_1920 근접 이미지 https://www.genspark.ai/api/files/s/d1zkg6vn
[02:23:08] 다운로드 files URL=https://www.genspark.ai/api/files/s/d1zkg6vn → SRT_1920.png
[02:23:09] ⏱ 다운로드 직접 0.9s size=684256 SRT_1920.png
[02:23:09] ⏱ 다운로드구간 SRT_1920 0.9s · SRT_1920.png
[02:23:10] ⏱ 다운로드후유휴 SRT_1920 1.1s · idle=True
[02:23:10] ⏱ 씬합계 SRT_1920 21.3s · https://www.genspark.ai/api/files/s/d1zkg6vn
[02:23:10] SRT_1920 생성·다운로드 완료
C:\cursor\wuxia\무협극장\검신귀환록\2부\15장\png\SRT_1920.png
[02:23:10] 상태키 SRT_1940 · Baek|blood_robe; Jin≈19|blood_robe
[02:23:10] run_scene 시작 SRT_1940 · seen_files=94 · last_saved=https://www.genspark.ai/api/files/s/d1zkg6vn
[02:23:10] ⏱ 준비 SRT_1940 0.0s · chars=2148
[02:23:11] ⏱ 다음명령유휴 SRT_1940 1.1s · idle=True
[02:23:12] fill OK(clip) follow=True chars=2148
[02:23:12] submit 시작 composer=2148 url=https://www.genspark.ai/agents?id=eef72c64-0b3a-4a57-a77b-c6bbca0a0502
[02:23:12] submit geo 실패 hit=no-btn
[02:23:12] submit 시도 method=geo geo=False
[02:23:13] submit 미확인 method=geo generating=False composer=2148
[02:23:13] submit geo 실패 hit=no-btn
[02:23:13] submit 시도 method=send send=False
[02:23:13] submit 미확인 method=send generating=False composer=2148
[02:23:13] submit 시도 method=ctrl
[02:23:14] submit 미확인 method=ctrl generating=False composer=2150
[02:23:14] submit 시도 method=enter
[02:23:15] submit 확인 method=enter generating=False composer=0
[02:23:15] ⏱ 입력·전송 SRT_1940 3.6s · chars=2148
[02:23:15] 제출 후 last_saved=https://www.genspark.ai/api/files/s/d1zkg6vn
[02:23:15] ⏱ 생성대기 시작 SRT_1940 max=120s
[02:23:28] ⏱ 생성대기 완료 13.3s SRT_1940 https://www.genspark.ai/api/files/s/abh603qx
[02:23:28] ⏱ 생성대기구간 SRT_1940 13.3s · ok=True
[02:23:28] SRT_1940 근접 이미지 https://www.genspark.ai/api/files/s/abh603qx
[02:23:28] 다운로드 files URL=https://www.genspark.ai/api/files/s/abh603qx → SRT_1940.png
[02:23:29] ⏱ 다운로드 직접 0.7s size=624290 SRT_1940.png
[02:23:29] ⏱ 다운로드구간 SRT_1940 0.8s · SRT_1940.png
[02:23:30] ⏱ 다운로드후유휴 SRT_1940 1.1s · idle=True
[02:23:30] ⏱ 씬합계 SRT_1940 20.1s · https://www.genspark.ai/api/files/s/abh603qx
[02:23:30] SRT_1940 생성·다운로드 완료
C:\cursor\wuxia\무협극장\검신귀환록\2부\15장\png\SRT_1940.png
[02:23:30] 상태키 SRT_1960 · Baek|blood_robe; Jin≈19|blood_robe
[02:23:30] run_scene 시작 SRT_1960 · seen_files=95 · last_saved=https://www.genspark.ai/api/files/s/abh603qx
[02:23:31] ⏱ 준비 SRT_1960 0.0s · chars=2105
[02:23:32] ⏱ 다음명령유휴 SRT_1960 1.1s · idle=True
[02:23:32] fill OK(clip) follow=True chars=2105
[02:23:32] submit 시작 composer=2105 url=https://www.genspark.ai/agents?id=eef72c64-0b3a-4a57-a77b-c6bbca0a0502
[02:23:32] submit geo 실패 hit=no-btn
[02:23:32] submit 시도 method=geo geo=False
[02:23:33] submit 미확인 method=geo generating=False composer=2105
[02:23:33] submit geo 실패 hit=no-btn
[02:23:33] submit 시도 method=send send=False
[02:23:34] submit 미확인 method=send generating=False composer=2105
[02:23:34] submit 시도 method=ctrl
[02:23:34] submit 미확인 method=ctrl generating=False composer=2107
[02:23:35] submit 시도 method=enter
[02:23:35] submit 확인 method=enter generating=False composer=0
[02:23:35] ⏱ 입력·전송 SRT_1960 3.6s · chars=2105
[02:23:35] 제출 후 last_saved=https://www.genspark.ai/api/files/s/abh603qx
[02:23:35] ⏱ 생성대기 시작 SRT_1960 max=120s
[02:23:50] ⏱ 생성대기 완료 14.5s SRT_1960 https://www.genspark.ai/api/files/s/d2t4exkc
[02:23:50] ⏱ 생성대기구간 SRT_1960 14.5s · ok=True
[02:23:50] SRT_1960 근접 이미지 https://www.genspark.ai/api/files/s/d2t4exkc
[02:23:50] 다운로드 files URL=https://www.genspark.ai/api/files/s/d2t4exkc → SRT_1960.png
[02:23:51] ⏱ 다운로드 직접 0.9s size=669441 SRT_1960.png
[02:23:51] ⏱ 다운로드구간 SRT_1960 0.9s · SRT_1960.png
[02:23:52] ⏱ 다운로드후유휴 SRT_1960 1.1s · idle=True
[02:23:52] ⏱ 씬합계 SRT_1960 21.5s · https://www.genspark.ai/api/files/s/d2t4exkc
[02:23:52] SRT_1960 생성·다운로드 완료
C:\cursor\wuxia\무협극장\검신귀환록\2부\15장\png\SRT_1960.png
[02:23:52] 상태키 SRT_1980 · Baek|blood_robe; Jin≈19|blood_robe
[02:23:52] run_scene 시작 SRT_1980 · seen_files=96 · last_saved=https://www.genspark.ai/api/files/s/d2t4exkc
[02:23:52] ⏱ 준비 SRT_1980 0.0s · chars=3093
[02:23:53] ⏱ 다음명령유휴 SRT_1980 1.1s · idle=True
[02:23:54] fill OK(clip) follow=True chars=3093
[02:23:54] submit 시작 composer=3093 url=https://www.genspark.ai/agents?id=eef72c64-0b3a-4a57-a77b-c6bbca0a0502
[02:23:54] submit geo 실패 hit=no-btn
[02:23:54] submit 시도 method=geo geo=False
[02:23:54] submit 미확인 method=geo generating=False composer=3093
[02:23:55] submit geo 실패 hit=no-btn
[02:23:55] submit 시도 method=send send=False
[02:23:55] submit 미확인 method=send generating=False composer=3093
[02:23:55] submit 시도 method=ctrl
[02:23:56] submit 미확인 method=ctrl generating=False composer=3095
[02:23:56] submit 시도 method=enter
[02:23:57] submit 확인 method=enter generating=False composer=0
[02:23:57] ⏱ 입력·전송 SRT_1980 3.6s · chars=3093
[02:23:57] 제출 후 last_saved=https://www.genspark.ai/api/files/s/d2t4exkc
[02:23:57] ⏱ 생성대기 시작 SRT_1980 max=120s
[02:24:11] ⏱ 생성대기 완료 13.6s SRT_1980 https://www.genspark.ai/api/files/s/sho7pxyj
[02:24:11] ⏱ 생성대기구간 SRT_1980 13.6s · ok=True
[02:24:11] SRT_1980 근접 이미지 https://www.genspark.ai/api/files/s/sho7pxyj
[02:24:11] 다운로드 files URL=https://www.genspark.ai/api/files/s/sho7pxyj → SRT_1980.png
[02:24:11] ⏱ 다운로드 직접 0.7s size=790462 SRT_1980.png
[02:24:11] ⏱ 다운로드구간 SRT_1980 0.7s · SRT_1980.png
[02:24:12] ⏱ 다운로드후유휴 SRT_1980 1.1s · idle=True
[02:24:12] ⏱ 씬합계 SRT_1980 20.3s · https://www.genspark.ai/api/files/s/sho7pxyj
[02:24:12] SRT_1980 생성·다운로드 완료
C:\cursor\wuxia\무협극장\검신귀환록\2부\15장\png\SRT_1980.png
[02:24:13] 상태키 SRT_2000 · Baek|blood_robe; Jin≈19|blood_robe
[02:24:13] run_scene 시작 SRT_2000 · seen_files=97 · last_saved=https://www.genspark.ai/api/files/s/sho7pxyj
[02:24:13] ⏱ 준비 SRT_2000 0.0s · chars=2145
[02:24:14] ⏱ 다음명령유휴 SRT_2000 1.1s · idle=True
[02:24:14] fill OK(clip) follow=True chars=2145
[02:24:14] submit 시작 composer=2145 url=https://www.genspark.ai/agents?id=eef72c64-0b3a-4a57-a77b-c6bbca0a0502
[02:24:14] submit geo 실패 hit=no-btn
[02:24:14] submit 시도 method=geo geo=False
[02:24:15] submit 미확인 method=geo generating=False composer=2145
[02:24:15] submit geo 실패 hit=no-btn
[02:24:15] submit 시도 method=send send=False
[02:24:16] submit 미확인 method=send generating=False composer=2145
[02:24:16] submit 시도 method=ctrl
[02:24:16] submit 미확인 method=ctrl generating=False composer=2147
[02:24:17] submit 시도 method=enter
[02:24:17] submit 확인 method=enter generating=False composer=0
[02:24:17] ⏱ 입력·전송 SRT_2000 3.6s · chars=2145
[02:24:17] 제출 후 last_saved=https://www.genspark.ai/api/files/s/sho7pxyj
[02:24:17] ⏱ 생성대기 시작 SRT_2000 max=120s
[02:24:33] ⏱ 생성대기 진행 15.4s SRT_2000 busy=False url_ok=False src=
[02:24:33] ⏱ 생성대기 한도감지 15.4s SRT_2000 · AI Image 한도 - 재설정 2026-08-27 07:12 · AI Image 5시간 제한에 도달했습니다. 8월 27일 오전 7:12에 재설정됩니다 --- 5시간 제한 --- 세션 한도 도달 AI Image 5시간 제한에 도달했습니다. 8월 27일 오전 7:12에 재설정됩니다
[02:24:33] run_scene 실패(재시도 없음): AI Image 한도 - 재설정 2026-08-27 07:12
[02:24:33] SRT_2000 실패(한도 확정 streak=1) — 브라우저 종료 후 대기·재오픈
AI Image 한도 - 재설정 2026-08-27 07:12
[02:24:35] 한도 대기 전 ChromeDebug 종료
[02:24:35] 한도 대기 287분(until_reset) 시작 — SRT_2000 한도 · 재설정 08/27 07:12
[06:15:22] 탭로그 ON — 브라우저 열기·생성 · 씬 39개 · reopen=True · 한도대기ON
[06:15:26] ChromeDebug 재시작 slot=0 port=9242 user_data=C:\ChromeDebug_2_5_slot0 reused=0
[06:15:28] 모델 이미 Pro: Nano Banana Pro
[06:15:29] 세션 준비 — login=OK model=Nano Banana Pro auto=True
[06:15:29] ensure_page cur_sc=10 prefer_sc=10 cur=https://www.genspark.ai/ai_image prefer=https://www.genspark.ai/ai_image
[06:15:29] fill OK(clip) follow=False chars=81933
[06:15:30] 입력창 붙여넣기 — 프롬프트 45379자 + SRT 36511자 = 합계 81933자
  prompt=C:\Users\PC\AppData\Local\Temp\_MEI265282\md\image.wuxiz.txt
  srt=C:\cursor\wuxia\무협극장\검신귀환록\2부\15장\mp3\new.srt
[06:15:31] ensure_page cur_sc=10 prefer_sc=10 cur=https://www.genspark.ai/ai_image prefer=https://www.genspark.ai/ai_image
[06:15:32] 동일 입력창에 명령 추가(미실행): ===== CHARACTER LOOK (SRT_020) =====
State keys: Jin≈19|blood_robe; Seo|base
Jin Muhan, approximately nineteen years old, East-Asian young swordsman, sharp narrow phoenix eyes, hig…
[06:15:32] 상태키 SRT_020 · Baek|blood_robe; Jin≈19|blood_robe
[06:15:32] run_scene 시작 SRT_020 · seen_files=97 · last_saved=https://www.genspark.ai/api/files/s/sho7pxyj
[06:15:32] ensure_page cur_sc=10 prefer_sc=10 cur=https://www.genspark.ai/ai_image prefer=https://www.genspark.ai/ai_image
[06:15:32] 모델 선택 시작 현재=(없음)
[06:15:32] 모델 선택 결과 ok=False 칩=(없음) picked=
[06:15:32] ⏱ 준비 SRT_020 0.0s · chars=2629
[06:15:32] submit 시작 composer=2629 url=https://www.genspark.ai/ai_image
[06:15:32] submit geo 실패 hit=no-btn
[06:15:32] submit 시도 method=geo geo=False
[06:15:33] submit 미확인 method=geo generating=False composer=2629
[06:15:33] submit geo 실패 hit=no-btn
[06:15:33] submit 시도 method=send send=False
[06:15:34] submit 미확인 method=send generating=False composer=2629
[06:15:34] submit 시도 method=ctrl
[12:32:20] 탭로그 ON — 실행·생성 · 씬 72개 · reopen=True · 한도대기ON
[12:32:25] ChromeDebug 재시작 slot=0 port=9242 user_data=C:\ChromeDebug_2_5 reused=0
[12:32:28] 모델 이미 Pro: Nano Banana Pro
[12:32:28] 세션 준비 — login=OK model=Nano Banana Pro auto=True
[12:32:29] ensure_page cur_sc=10 prefer_sc=10 cur=https://www.genspark.ai/ai_image prefer=https://www.genspark.ai/ai_image
[12:32:30] fill OK(clip) follow=True chars=87382
[12:32:31] 입력창 붙여넣기 — 프롬프트 50827자 + SRT 36512자 = 합계 87382자
  prompt=C:/cursor/wuxia/2_5_sceneImage/md/image.wuxiz.txt
  srt=C:\cursor\wuxia\workspace\swardmaster\2부\15장\mp3\new.srt
[12:32:32] ensure_page cur_sc=10 prefer_sc=10 cur=https://www.genspark.ai/ai_image prefer=https://www.genspark.ai/ai_image
[12:32:34] 동일 입력창에 명령 추가(미실행): ===== CHARACTER LOOK (SRT_020) =====
State keys: Jin≈19|blood_robe; Seo|base
Jin Muhan, approximately nineteen years old, East-Asian young swordsman, sharp narrow phoenix eyes, hig…
[12:32:35] 상태키 SRT_020 · Baek|blood_robe; Jin|blood_robe
[12:32:35] run_scene 시작 SRT_020 · seen_files=97 · last_saved=https://www.genspark.ai/api/files/s/sho7pxyj
[12:32:35] ensure_page cur_sc=10 prefer_sc=10 cur=https://www.genspark.ai/ai_image prefer=https://www.genspark.ai/ai_image
[12:32:35] 모델 선택 시작 현재=(없음)
[12:32:35] 모델 선택 결과 ok=False 칩=(없음) picked=
[12:32:35] ⏱ 준비 SRT_020 0.2s · chars=4554
[12:32:35] submit 시작 composer=4554 url=https://www.genspark.ai/ai_image
[12:32:35] submit geo 실패 hit=no-btn
[12:32:35] submit 시도 method=geo geo=False
[12:32:36] submit 미확인 method=geo generating=False composer=4554
[12:32:37] submit geo 실패 hit=no-btn
[12:32:37] submit 시도 method=send send=False
[12:32:38] submit 미확인 method=send generating=False composer=4554
[12:32:38] submit 시도 method=ctrl
[12:32:39] submit 미확인 method=ctrl generating=False composer=4556
[12:32:39] submit 시도 method=enter
[12:32:40] submit 미확인 method=enter generating=False composer=4556
[12:32:41] submit geo 실패 hit=no-btn
[12:32:41] submit 시도 method=geo2 geo=False
[12:32:41] submit 확인 method=geo2 generating=False composer=0
[12:32:41] ⏱ 입력창전송 SRT_020 6.0s
[12:32:41] 제출 후 last_saved=https://www.genspark.ai/api/files/s/sho7pxyj
[12:32:41] ⏱ 생성대기 시작 SRT_020 max=120s
[12:32:57] ⏱ 생성대기 진행 15.2s SRT_020 busy=False url_ok=False src=
[12:33:00] ⏱ 생성대기 완료 18.2s SRT_020 https://www.genspark.ai/api/files/s/3m2bdlqb
[12:33:00] ⏱ 생성대기구간 SRT_020 18.2s · ok=True
[12:33:00] SRT_020 근접 이미지 https://www.genspark.ai/api/files/s/3m2bdlqb
[12:33:00] 다운로드 files URL=https://www.genspark.ai/api/files/s/3m2bdlqb → SRT_020.png
[12:33:01] ⏱ 다운로드 직접 1.0s size=656143 SRT_020.png
[12:33:01] ⏱ 다운로드구간 SRT_020 1.0s · SRT_020.png
[12:33:02] ⏱ 다운로드후유휴 SRT_020 1.4s · idle=True
[12:33:02] ⏱ 씬합계 SRT_020 27.0s · https://www.genspark.ai/api/files/s/3m2bdlqb
[12:33:02] SRT_020 생성·다운로드 완료
C:\cursor\wuxia\workspace\swardmaster\2부\15장\png\SRT_020.png
[12:33:02] 상태키 SRT_660 · Baek|blood_robe; Jin|blood_robe
[12:33:02] run_scene 시작 SRT_660 · seen_files=98 · last_saved=https://www.genspark.ai/api/files/s/3m2bdlqb
[12:33:02] ⏱ 준비 SRT_660 0.0s · chars=3301
[12:33:04] ⏱ 다음명령유휴 SRT_660 1.3s · idle=True
[12:33:04] fill OK(clip) follow=True chars=3301
[12:33:04] submit 시작 composer=3301 url=https://www.genspark.ai/agents?id=a6727c28-caee-46ff-8439-409ac2e15b9d
[12:33:04] submit geo 실패 hit=no-btn
[12:33:04] submit 시도 method=geo geo=False
[12:33:05] submit 미확인 method=geo generating=False composer=3301
[12:33:05] submit geo 실패 hit=no-btn
[12:33:05] submit 시도 method=send send=False
[12:33:06] submit 미확인 method=send generating=False composer=3301
[12:33:06] submit 시도 method=ctrl
[12:33:07] submit 미확인 method=ctrl generating=False composer=3303
[12:33:07] submit 시도 method=enter
[12:33:08] submit 확인 method=enter generating=False composer=0
[12:33:08] ⏱ 입력·전송 SRT_660 4.1s · chars=3301
[12:33:08] 제출 후 last_saved=https://www.genspark.ai/api/files/s/3m2bdlqb
[12:33:08] ⏱ 생성대기 시작 SRT_660 max=120s
[12:33:21] ⏱ 생성대기 완료 13.1s SRT_660 https://www.genspark.ai/api/files/s/butjxaw7
[12:33:21] ⏱ 생성대기구간 SRT_660 13.1s · ok=True
[12:33:21] SRT_660 근접 이미지 https://www.genspark.ai/api/files/s/butjxaw7
[12:33:21] 다운로드 files URL=https://www.genspark.ai/api/files/s/butjxaw7 → SRT_660.png
[12:33:22] ⏱ 다운로드 직접 0.8s size=734962 SRT_660.png
[12:33:22] ⏱ 다운로드구간 SRT_660 0.8s · SRT_660.png
[12:33:23] ⏱ 다운로드후유휴 SRT_660 1.5s · idle=True
[12:33:23] ⏱ 씬합계 SRT_660 21.1s · https://www.genspark.ai/api/files/s/butjxaw7
[12:33:23] SRT_660 생성·다운로드 완료
C:\cursor\wuxia\workspace\swardmaster\2부\15장\png\SRT_660.png
[12:33:23] 상태키 SRT_680 · Baek|blood_robe; Jin|blood_robe
[12:33:23] run_scene 시작 SRT_680 · seen_files=99 · last_saved=https://www.genspark.ai/api/files/s/butjxaw7
[12:33:23] ⏱ 준비 SRT_680 0.0s · chars=4235
[12:33:25] ⏱ 다음명령유휴 SRT_680 1.5s · idle=True
[12:33:26] fill OK(clip) follow=True chars=4235
[12:33:26] submit 시작 composer=4235 url=https://www.genspark.ai/agents?id=a6727c28-caee-46ff-8439-409ac2e15b9d
[12:33:26] submit geo 실패 hit=no-btn
[12:33:26] submit 시도 method=geo geo=False
[12:33:26] submit 미확인 method=geo generating=False composer=4235
[12:33:27] submit geo 실패 hit=no-btn
[12:33:27] submit 시도 method=send send=False
[12:33:27] submit 미확인 method=send generating=False composer=4235
[12:33:28] submit 시도 method=ctrl
[12:33:28] submit 미확인 method=ctrl generating=False composer=4237
[12:33:28] submit 시도 method=enter
[12:33:29] submit 확인 method=enter generating=False composer=0
[12:33:29] ⏱ 입력·전송 SRT_680 4.1s · chars=4235
[12:33:29] 제출 후 last_saved=https://www.genspark.ai/api/files/s/butjxaw7
[12:33:29] ⏱ 생성대기 시작 SRT_680 max=120s
[12:33:41] ⏱ 생성대기 완료 12.0s SRT_680 https://www.genspark.ai/api/files/s/p2kyg8bj
[12:33:41] ⏱ 생성대기구간 SRT_680 12.0s · ok=True
[12:33:41] SRT_680 근접 이미지 https://www.genspark.ai/api/files/s/p2kyg8bj
[12:33:41] 다운로드 files URL=https://www.genspark.ai/api/files/s/p2kyg8bj → SRT_680.png
[12:33:42] ⏱ 다운로드 직접 0.9s size=693666 SRT_680.png
[12:33:42] ⏱ 다운로드구간 SRT_680 0.9s · SRT_680.png
[12:33:44] ⏱ 다운로드후유휴 SRT_680 1.5s · idle=True
[12:33:44] ⏱ 씬합계 SRT_680 20.3s · https://www.genspark.ai/api/files/s/p2kyg8bj
[12:33:44] SRT_680 생성·다운로드 완료
C:\cursor\wuxia\workspace\swardmaster\2부\15장\png\SRT_680.png
[12:33:44] 상태키 SRT_700 · Baek|blood_robe; Jin|blood_robe
[12:33:44] run_scene 시작 SRT_700 · seen_files=100 · last_saved=https://www.genspark.ai/api/files/s/p2kyg8bj
[12:33:44] ⏱ 준비 SRT_700 0.0s · chars=4607
[12:33:45] ⏱ 다음명령유휴 SRT_700 1.5s · idle=True
[12:33:46] fill OK(clip) follow=True chars=4607
[12:33:46] submit 시작 composer=4607 url=https://www.genspark.ai/agents?id=a6727c28-caee-46ff-8439-409ac2e15b9d
[12:33:46] submit geo 실패 hit=no-btn
[12:33:46] submit 시도 method=geo geo=False
[12:33:47] submit 미확인 method=geo generating=False composer=4607
[12:33:47] submit geo 실패 hit=no-btn
[12:33:47] submit 시도 method=send send=False
[12:33:48] submit 미확인 method=send generating=False composer=4607
[12:33:48] submit 시도 method=ctrl
[12:33:49] submit 미확인 method=ctrl generating=False composer=4609
[12:33:49] submit 시도 method=enter
[12:33:50] submit 확인 method=enter generating=False composer=0
[12:33:50] ⏱ 입력·전송 SRT_700 4.1s · chars=4607
[12:33:50] 제출 후 last_saved=https://www.genspark.ai/api/files/s/p2kyg8bj
[12:33:50] ⏱ 생성대기 시작 SRT_700 max=120s
[12:34:02] ⏱ 생성대기 완료 11.9s SRT_700 https://www.genspark.ai/api/files/s/qwq4n5wz
[12:34:02] ⏱ 생성대기구간 SRT_700 11.9s · ok=True
[12:34:02] SRT_700 근접 이미지 https://www.genspark.ai/api/files/s/qwq4n5wz
[12:34:02] 다운로드 files URL=https://www.genspark.ai/api/files/s/qwq4n5wz → SRT_700.png
[12:34:03] ⏱ 다운로드 직접 1.1s size=686413 SRT_700.png
[12:34:03] ⏱ 다운로드구간 SRT_700 1.2s · SRT_700.png
[12:34:04] ⏱ 다운로드후유휴 SRT_700 1.5s · idle=True
[12:34:04] ⏱ 씬합계 SRT_700 20.5s · https://www.genspark.ai/api/files/s/qwq4n5wz
[12:34:04] SRT_700 생성·다운로드 완료
C:\cursor\wuxia\workspace\swardmaster\2부\15장\png\SRT_700.png
[12:34:05] 상태키 SRT_720 · Baek|blood_robe; Jin|blood_robe
[12:34:05] run_scene 시작 SRT_720 · seen_files=101 · last_saved=https://www.genspark.ai/api/files/s/qwq4n5wz
[12:34:05] ⏱ 준비 SRT_720 0.0s · chars=2941
[12:34:06] ⏱ 다음명령유휴 SRT_720 1.5s · idle=True
[12:34:07] fill OK(clip) follow=True chars=2941
[12:34:07] submit 시작 composer=2941 url=https://www.genspark.ai/agents?id=a6727c28-caee-46ff-8439-409ac2e15b9d
[12:34:07] submit geo 실패 hit=no-btn
[12:34:07] submit 시도 method=geo geo=False
[12:34:08] submit 미확인 method=geo generating=False composer=2941
[12:34:08] submit geo 실패 hit=no-btn
[12:34:08] submit 시도 method=send send=False
[12:34:09] submit 미확인 method=send generating=False composer=2941
[12:34:09] submit 시도 method=ctrl
[12:34:09] submit 미확인 method=ctrl generating=False composer=2943
[12:34:10] submit 시도 method=enter
[12:34:10] submit 확인 method=enter generating=False composer=0
[12:34:10] ⏱ 입력·전송 SRT_720 4.1s · chars=2941
[12:34:10] 제출 후 last_saved=https://www.genspark.ai/api/files/s/qwq4n5wz
[12:34:11] ⏱ 생성대기 시작 SRT_720 max=120s
[12:34:24] ⏱ 생성대기 완료 13.3s SRT_720 https://www.genspark.ai/api/files/s/8acvhyeh
[12:34:24] ⏱ 생성대기구간 SRT_720 13.3s · ok=True
[12:34:24] SRT_720 근접 이미지 https://www.genspark.ai/api/files/s/8acvhyeh
[12:34:24] 다운로드 files URL=https://www.genspark.ai/api/files/s/8acvhyeh → SRT_720.png
[12:34:25] ⏱ 다운로드 직접 0.8s size=605006 SRT_720.png
[12:34:25] ⏱ 다운로드구간 SRT_720 0.8s · SRT_720.png
[12:34:27] ⏱ 다운로드후유휴 SRT_720 1.9s · idle=True
[12:34:27] ⏱ 씬합계 SRT_720 21.9s · https://www.genspark.ai/api/files/s/8acvhyeh
[12:34:27] SRT_720 생성·다운로드 완료
C:\cursor\wuxia\workspace\swardmaster\2부\15장\png\SRT_720.png
[12:34:27] 상태키 SRT_760 · Baek|blood_robe; Jin|blood_robe
[12:34:27] run_scene 시작 SRT_760 · seen_files=102 · last_saved=https://www.genspark.ai/api/files/s/8acvhyeh
[12:34:27] ⏱ 준비 SRT_760 0.0s · chars=2916
[12:34:28] ⏱ 다음명령유휴 SRT_760 1.5s · idle=True
[12:34:29] fill OK(clip) follow=True chars=2916
[12:34:29] submit 시작 composer=2916 url=https://www.genspark.ai/agents?id=a6727c28-caee-46ff-8439-409ac2e15b9d
[12:34:29] submit geo 실패 hit=no-btn
[12:34:29] submit 시도 method=geo geo=False
[12:34:30] submit 미확인 method=geo generating=False composer=2916
[12:34:30] submit geo 실패 hit=no-btn
[12:34:30] submit 시도 method=send send=False
[12:34:31] submit 미확인 method=send generating=False composer=2916
[12:34:31] submit 시도 method=ctrl
[12:34:32] submit 미확인 method=ctrl generating=False composer=2918
[12:34:32] submit 시도 method=enter
[12:34:32] submit 확인 method=enter generating=False composer=0
[12:34:32] ⏱ 입력·전송 SRT_760 4.2s · chars=2916
[12:34:32] 제출 후 last_saved=https://www.genspark.ai/api/files/s/8acvhyeh
[12:34:33] ⏱ 생성대기 시작 SRT_760 max=120s
[12:34:46] ⏱ 생성대기 완료 13.6s SRT_760 https://www.genspark.ai/api/files/s/rgqpn1ml
[12:34:46] ⏱ 생성대기구간 SRT_760 13.6s · ok=True
[12:34:46] SRT_760 근접 이미지 https://www.genspark.ai/api/files/s/rgqpn1ml
[12:34:46] 다운로드 files URL=https://www.genspark.ai/api/files/s/rgqpn1ml → SRT_760.png
[12:34:47] ⏱ 다운로드 직접 0.8s size=510754 SRT_760.png
[12:34:47] ⏱ 다운로드구간 SRT_760 0.8s · SRT_760.png
[12:34:49] ⏱ 다운로드후유휴 SRT_760 2.1s · idle=True
[12:34:49] ⏱ 씬합계 SRT_760 22.4s · https://www.genspark.ai/api/files/s/rgqpn1ml
[12:34:49] SRT_760 생성·다운로드 완료
C:\cursor\wuxia\workspace\swardmaster\2부\15장\png\SRT_760.png
[12:34:49] 상태키 SRT_820 · Baek|blood_robe; Jin|blood_robe
[12:34:49] run_scene 시작 SRT_820 · seen_files=103 · last_saved=https://www.genspark.ai/api/files/s/rgqpn1ml
[12:34:49] ⏱ 준비 SRT_820 0.0s · chars=3297
[12:34:51] ⏱ 다음명령유휴 SRT_820 1.5s · idle=True
[12:34:51] fill OK(clip) follow=True chars=3297
[12:34:52] submit 시작 composer=3297 url=https://www.genspark.ai/agents?id=a6727c28-caee-46ff-8439-409ac2e15b9d
[12:34:52] submit geo 실패 hit=no-btn
[12:34:52] submit 시도 method=geo geo=False
[12:34:52] submit 미확인 method=geo generating=False composer=3297
[12:34:53] submit geo 실패 hit=no-btn
[12:34:53] submit 시도 method=send send=False
[12:34:53] submit 미확인 method=send generating=False composer=3297
[12:34:53] submit 시도 method=ctrl
[12:34:54] submit 미확인 method=ctrl generating=False composer=3299
[12:34:54] submit 시도 method=enter
[12:34:55] submit 확인 method=enter generating=False composer=0
[12:34:55] ⏱ 입력·전송 SRT_820 4.1s · chars=3297
[12:34:55] 제출 후 last_saved=https://www.genspark.ai/api/files/s/rgqpn1ml
[12:34:55] ⏱ 생성대기 시작 SRT_820 max=120s
[12:35:09] ⏱ 생성대기 완료 13.7s SRT_820 https://www.genspark.ai/api/files/s/ppzpdpwy
[12:35:09] ⏱ 생성대기구간 SRT_820 13.7s · ok=True
[12:35:09] SRT_820 근접 이미지 https://www.genspark.ai/api/files/s/ppzpdpwy
[12:35:09] 다운로드 files URL=https://www.genspark.ai/api/files/s/ppzpdpwy → SRT_820.png
[12:35:10] ⏱ 다운로드 직접 0.9s size=609160 SRT_820.png
[12:35:10] ⏱ 다운로드구간 SRT_820 0.9s · SRT_820.png
[12:35:11] ⏱ 다운로드후유휴 SRT_820 1.4s · idle=True
[12:35:11] ⏱ 씬합계 SRT_820 21.8s · https://www.genspark.ai/api/files/s/ppzpdpwy
[12:35:11] SRT_820 생성·다운로드 완료
C:\cursor\wuxia\workspace\swardmaster\2부\15장\png\SRT_820.png
[12:35:11] 상태키 SRT_840 · Baek|blood_robe; Jin|blood_robe
[12:35:11] run_scene 시작 SRT_840 · seen_files=104 · last_saved=https://www.genspark.ai/api/files/s/ppzpdpwy
[12:35:11] ⏱ 준비 SRT_840 0.0s · chars=3279
[12:35:13] ⏱ 다음명령유휴 SRT_840 1.4s · idle=True
[12:35:13] fill OK(clip) follow=True chars=3279
[12:35:13] submit 시작 composer=3279 url=https://www.genspark.ai/agents?id=a6727c28-caee-46ff-8439-409ac2e15b9d
[12:35:14] submit geo 실패 hit=no-btn
[12:35:14] submit 시도 method=geo geo=False
[12:35:14] submit 미확인 method=geo generating=False composer=3279
[12:35:14] submit geo 실패 hit=no-btn
[12:35:14] submit 시도 method=send send=False
[12:35:15] submit 미확인 method=send generating=False composer=3279
[12:35:15] submit 시도 method=ctrl
[12:35:16] submit 미확인 method=ctrl generating=False composer=3281
[12:35:16] submit 시도 method=enter
[12:35:17] submit 확인 method=enter generating=False composer=0
[12:35:17] ⏱ 입력·전송 SRT_840 4.0s · chars=3279
[12:35:17] 제출 후 last_saved=https://www.genspark.ai/api/files/s/ppzpdpwy
[12:35:17] ⏱ 생성대기 시작 SRT_840 max=120s
[12:35:31] ⏱ 생성대기 완료 14.1s SRT_840 https://www.genspark.ai/api/files/s/cr5xeiwn
[12:35:31] ⏱ 생성대기구간 SRT_840 14.1s · ok=True
[12:35:31] SRT_840 근접 이미지 https://www.genspark.ai/api/files/s/cr5xeiwn
[12:35:31] 다운로드 files URL=https://www.genspark.ai/api/files/s/cr5xeiwn → SRT_840.png
[12:35:32] ⏱ 다운로드 직접 0.8s size=701380 SRT_840.png
[12:35:32] ⏱ 다운로드구간 SRT_840 0.8s · SRT_840.png
[12:35:33] ⏱ 다운로드후유휴 SRT_840 1.3s · idle=True
[12:35:33] ⏱ 씬합계 SRT_840 21.9s · https://www.genspark.ai/api/files/s/cr5xeiwn
[12:35:33] SRT_840 생성·다운로드 완료
C:\cursor\wuxia\workspace\swardmaster\2부\15장\png\SRT_840.png
[12:35:33] 상태키 SRT_860 · Baek|blood_robe; Jin|blood_robe
[12:35:33] run_scene 시작 SRT_860 · seen_files=105 · last_saved=https://www.genspark.ai/api/files/s/cr5xeiwn
[12:35:33] ⏱ 준비 SRT_860 0.0s · chars=4558
[12:35:35] ⏱ 다음명령유휴 SRT_860 1.4s · idle=True
[12:35:35] fill OK(clip) follow=True chars=4558
[12:35:35] submit 시작 composer=4558 url=https://www.genspark.ai/agents?id=a6727c28-caee-46ff-8439-409ac2e15b9d
[12:35:36] submit geo 실패 hit=no-btn
[12:35:36] submit 시도 method=geo geo=False
[12:35:36] submit 미확인 method=geo generating=False composer=4558
[12:35:36] submit geo 실패 hit=no-btn
[12:35:36] submit 시도 method=send send=False
[12:35:37] submit 미확인 method=send generating=False composer=4558
[12:35:37] submit 시도 method=ctrl
[12:35:38] submit 미확인 method=ctrl generating=False composer=4560
[12:35:38] submit 시도 method=enter
[12:35:39] submit 확인 method=enter generating=False composer=0
[12:35:39] ⏱ 입력·전송 SRT_860 4.0s · chars=4558
[12:35:39] 제출 후 last_saved=https://www.genspark.ai/api/files/s/cr5xeiwn
[12:35:39] ⏱ 생성대기 시작 SRT_860 max=120s
[12:35:53] ⏱ 생성대기 완료 14.0s SRT_860 https://www.genspark.ai/api/files/s/p1yzs22d
[12:35:53] ⏱ 생성대기구간 SRT_860 14.0s · ok=True
[12:35:53] SRT_860 근접 이미지 https://www.genspark.ai/api/files/s/p1yzs22d
[12:35:53] 다운로드 files URL=https://www.genspark.ai/api/files/s/p1yzs22d → SRT_860.png
[12:35:54] ⏱ 다운로드 직접 1.2s size=687573 SRT_860.png
[12:35:54] ⏱ 다운로드구간 SRT_860 1.2s · SRT_860.png
[12:35:56] ⏱ 다운로드후유휴 SRT_860 1.5s · idle=True
[12:35:56] ⏱ 씬합계 SRT_860 22.3s · https://www.genspark.ai/api/files/s/p1yzs22d
[12:35:56] SRT_860 생성·다운로드 완료
C:\cursor\wuxia\workspace\swardmaster\2부\15장\png\SRT_860.png
[12:35:56] 상태키 SRT_880 · Baek|blood_robe; Jin|blood_robe
[12:35:56] run_scene 시작 SRT_880 · seen_files=106 · last_saved=https://www.genspark.ai/api/files/s/p1yzs22d
[12:35:56] ⏱ 준비 SRT_880 0.0s · chars=4573
[12:35:58] ⏱ 다음명령유휴 SRT_880 1.6s · idle=True
[12:35:58] fill OK(clip) follow=True chars=4573
[12:35:58] submit 시작 composer=4573 url=https://www.genspark.ai/agents?id=a6727c28-caee-46ff-8439-409ac2e15b9d
[12:35:58] submit geo 실패 hit=no-btn
[12:35:58] submit 시도 method=geo geo=False
[12:35:59] submit 미확인 method=geo generating=False composer=4573
[12:35:59] submit geo 실패 hit=no-btn
[12:35:59] submit 시도 method=send send=False
[12:36:00] submit 미확인 method=send generating=False composer=4573
[12:36:00] submit 시도 method=ctrl
[12:36:01] submit 미확인 method=ctrl generating=False composer=4575
[12:36:01] submit 시도 method=enter
[12:36:02] submit 확인 method=enter generating=False composer=0
[12:36:02] ⏱ 입력·전송 SRT_880 4.1s · chars=4573
[12:36:02] 제출 후 last_saved=https://www.genspark.ai/api/files/s/p1yzs22d
[12:36:02] ⏱ 생성대기 시작 SRT_880 max=120s
[12:36:15] ⏱ 생성대기 완료 13.1s SRT_880 https://www.genspark.ai/api/files/s/3pjk4cmq
[12:36:15] ⏱ 생성대기구간 SRT_880 13.1s · ok=True
[12:36:15] SRT_880 근접 이미지 https://www.genspark.ai/api/files/s/3pjk4cmq
[12:36:15] 다운로드 files URL=https://www.genspark.ai/api/files/s/3pjk4cmq → SRT_880.png
[12:36:16] ⏱ 다운로드 직접 0.7s size=630846 SRT_880.png
[12:36:16] ⏱ 다운로드구간 SRT_880 0.8s · SRT_880.png
[12:36:17] ⏱ 다운로드후유휴 SRT_880 1.3s · idle=True
[12:36:17] ⏱ 씬합계 SRT_880 21.1s · https://www.genspark.ai/api/files/s/3pjk4cmq
[12:36:17] SRT_880 생성·다운로드 완료
C:\cursor\wuxia\workspace\swardmaster\2부\15장\png\SRT_880.png
[12:36:17] 상태키 SRT_900 · Baek|blood_robe; Jin|blood_robe
[12:36:17] run_scene 시작 SRT_900 · seen_files=107 · last_saved=https://www.genspark.ai/api/files/s/3pjk4cmq
[12:36:17] ⏱ 준비 SRT_900 0.0s · chars=4539
[12:36:18] ⏱ 다음명령유휴 SRT_900 1.2s · idle=True
[12:36:19] fill OK(clip) follow=True chars=4539
[12:36:19] submit 시작 composer=4539 url=https://www.genspark.ai/agents?id=a6727c28-caee-46ff-8439-409ac2e15b9d
[12:36:19] submit geo 실패 hit=no-btn
[12:36:19] submit 시도 method=geo geo=False
[12:36:20] submit 미확인 method=geo generating=False composer=4539
[12:36:20] submit geo 실패 hit=no-btn
[12:36:20] submit 시도 method=send send=False
[12:36:21] submit 미확인 method=send generating=False composer=4539
[12:36:21] submit 시도 method=ctrl
[12:36:21] submit 미확인 method=ctrl generating=False composer=4541
[12:36:22] submit 시도 method=enter
[12:36:22] submit 확인 method=enter generating=False composer=0
[12:36:22] ⏱ 입력·전송 SRT_900 3.8s · chars=4539
[12:36:22] 제출 후 last_saved=https://www.genspark.ai/api/files/s/3pjk4cmq
[12:36:22] ⏱ 생성대기 시작 SRT_900 max=120s
[12:36:36] ⏱ 생성대기 완료 13.3s SRT_900 https://www.genspark.ai/api/files/s/90settuo
[12:36:36] ⏱ 생성대기구간 SRT_900 13.3s · ok=True
[12:36:36] SRT_900 근접 이미지 https://www.genspark.ai/api/files/s/90settuo
[12:36:36] 다운로드 files URL=https://www.genspark.ai/api/files/s/90settuo → SRT_900.png
[12:36:37] ⏱ 다운로드 직접 0.7s size=680272 SRT_900.png
[12:36:37] ⏱ 다운로드구간 SRT_900 0.8s · SRT_900.png
[12:36:38] ⏱ 다운로드후유휴 SRT_900 1.3s · idle=True
[12:36:38] ⏱ 씬합계 SRT_900 20.6s · https://www.genspark.ai/api/files/s/90settuo
[12:36:38] SRT_900 생성·다운로드 완료
C:\cursor\wuxia\workspace\swardmaster\2부\15장\png\SRT_900.png
[12:36:38] 상태키 SRT_920 · Baek|blood_robe; Jin|blood_robe
[12:36:38] run_scene 시작 SRT_920 · seen_files=108 · last_saved=https://www.genspark.ai/api/files/s/90settuo
[12:36:38] ⏱ 준비 SRT_920 0.0s · chars=2902
[12:36:39] ⏱ 다음명령유휴 SRT_920 1.3s · idle=True
[12:36:40] fill OK(clip) follow=True chars=2902
[12:36:40] submit 시작 composer=2902 url=https://www.genspark.ai/agents?id=a6727c28-caee-46ff-8439-409ac2e15b9d
[12:36:40] submit geo 실패 hit=no-btn
[12:36:40] submit 시도 method=geo geo=False
[12:36:41] submit 미확인 method=geo generating=False composer=2902
[12:36:41] submit geo 실패 hit=no-btn
[12:36:41] submit 시도 method=send send=False
[12:36:41] submit 미확인 method=send generating=False composer=2902
[12:36:42] submit 시도 method=ctrl
[12:36:42] submit 미확인 method=ctrl generating=False composer=2904
[12:36:43] submit 시도 method=enter
[12:36:43] submit 확인 method=enter generating=False composer=0
[12:36:43] ⏱ 입력·전송 SRT_920 3.9s · chars=2902
[12:36:43] 제출 후 last_saved=https://www.genspark.ai/api/files/s/90settuo
[12:36:43] ⏱ 생성대기 시작 SRT_920 max=120s
[12:36:59] ⏱ 생성대기 진행 15.2s SRT_920 busy=False url_ok=False src=
[12:37:00] ⏱ 생성대기 완료 16.4s SRT_920 https://www.genspark.ai/api/files/s/cpldmsfd
[12:37:00] ⏱ 생성대기구간 SRT_920 16.4s · ok=True
[12:37:00] SRT_920 근접 이미지 https://www.genspark.ai/api/files/s/cpldmsfd
[12:37:00] 다운로드 files URL=https://www.genspark.ai/api/files/s/cpldmsfd → SRT_920.png
[12:37:01] ⏱ 다운로드 직접 0.8s size=487486 SRT_920.png
[12:37:01] ⏱ 다운로드구간 SRT_920 0.8s · SRT_920.png
[12:37:02] ⏱ 다운로드후유휴 SRT_920 1.3s · idle=True
[12:37:02] ⏱ 씬합계 SRT_920 23.8s · https://www.genspark.ai/api/files/s/cpldmsfd
[12:37:02] SRT_920 생성·다운로드 완료
C:\cursor\wuxia\workspace\swardmaster\2부\15장\png\SRT_920.png
[12:37:02] 상태키 SRT_1000 · Baek|blood_robe; Jin|blood_robe
[12:37:02] run_scene 시작 SRT_1000 · seen_files=109 · last_saved=https://www.genspark.ai/api/files/s/cpldmsfd
[12:37:02] ⏱ 준비 SRT_1000 0.0s · chars=2924
[12:37:03] ⏱ 다음명령유휴 SRT_1000 1.3s · idle=True
[12:37:04] fill OK(clip) follow=True chars=2924
[12:37:04] submit 시작 composer=2924 url=https://www.genspark.ai/agents?id=a6727c28-caee-46ff-8439-409ac2e15b9d
[12:37:04] submit geo 실패 hit=no-btn
[12:37:04] submit 시도 method=geo geo=False
[12:37:05] submit 미확인 method=geo generating=False composer=2924
[12:37:05] submit geo 실패 hit=no-btn
[12:37:05] submit 시도 method=send send=False
[12:37:05] submit 미확인 method=send generating=False composer=2924
[12:37:06] submit 시도 method=ctrl
[12:37:06] submit 미확인 method=ctrl generating=False composer=2926
[12:37:07] submit 시도 method=enter
[12:37:07] submit 확인 method=enter generating=False composer=0
[12:37:07] ⏱ 입력·전송 SRT_1000 3.9s · chars=2924
[12:37:07] 제출 후 last_saved=https://www.genspark.ai/api/files/s/cpldmsfd
[12:37:07] ⏱ 생성대기 시작 SRT_1000 max=120s
[12:37:19] ⏱ 생성대기 완료 11.3s SRT_1000 https://www.genspark.ai/api/files/s/tiphajmt
[12:37:19] ⏱ 생성대기구간 SRT_1000 11.3s · ok=True
[12:37:19] SRT_1000 근접 이미지 https://www.genspark.ai/api/files/s/tiphajmt
[12:37:19] 다운로드 files URL=https://www.genspark.ai/api/files/s/tiphajmt → SRT_1000.png
[12:37:19] ⏱ 다운로드 직접 0.8s size=559015 SRT_1000.png
[12:37:19] ⏱ 다운로드구간 SRT_1000 0.8s · SRT_1000.png
[12:37:21] ⏱ 다운로드후유휴 SRT_1000 1.3s · idle=True
[12:37:21] ⏱ 씬합계 SRT_1000 18.8s · https://www.genspark.ai/api/files/s/tiphajmt
[12:37:21] SRT_1000 생성·다운로드 완료
C:\cursor\wuxia\workspace\swardmaster\2부\15장\png\SRT_1000.png
[12:37:21] 상태키 SRT_1040 · Baek|blood_robe; Jin|blood_robe
[12:37:21] run_scene 시작 SRT_1040 · seen_files=110 · last_saved=https://www.genspark.ai/api/files/s/tiphajmt
[12:37:21] ⏱ 준비 SRT_1040 0.0s · chars=6386
[12:37:22] ⏱ 다음명령유휴 SRT_1040 1.5s · idle=True
[12:37:23] fill OK(clip) follow=True chars=6386
[12:37:23] submit 시작 composer=6386 url=https://www.genspark.ai/agents?id=a6727c28-caee-46ff-8439-409ac2e15b9d
[12:37:23] submit geo 실패 hit=no-btn
[12:37:23] submit 시도 method=geo geo=False
[12:37:24] submit 미확인 method=geo generating=False composer=6386
[12:37:24] submit geo 실패 hit=no-btn
[12:37:24] submit 시도 method=send send=False
[12:37:25] submit 미확인 method=send generating=False composer=6386
[12:37:25] submit 시도 method=ctrl
[12:37:26] submit 미확인 method=ctrl generating=False composer=6388
[12:37:26] submit 시도 method=enter
[12:37:26] submit 확인 method=enter generating=False composer=0
[12:37:26] ⏱ 입력·전송 SRT_1040 3.9s · chars=6386
[12:37:26] 제출 후 last_saved=https://www.genspark.ai/api/files/s/tiphajmt
[12:37:27] ⏱ 생성대기 시작 SRT_1040 max=120s
[12:37:41] ⏱ 생성대기 완료 14.0s SRT_1040 https://www.genspark.ai/api/files/s/dm92feut
[12:37:41] ⏱ 생성대기구간 SRT_1040 14.0s · ok=True
[12:37:41] SRT_1040 근접 이미지 https://www.genspark.ai/api/files/s/dm92feut
[12:37:41] 다운로드 files URL=https://www.genspark.ai/api/files/s/dm92feut → SRT_1040.png
[12:37:41] ⏱ 다운로드 직접 0.8s size=730686 SRT_1040.png
[12:37:41] ⏱ 다운로드구간 SRT_1040 0.8s · SRT_1040.png
[12:37:43] ⏱ 다운로드후유휴 SRT_1040 1.3s · idle=True
[12:37:43] ⏱ 씬합계 SRT_1040 21.7s · https://www.genspark.ai/api/files/s/dm92feut
[12:37:43] SRT_1040 생성·다운로드 완료
C:\cursor\wuxia\workspace\swardmaster\2부\15장\png\SRT_1040.png
[12:37:43] 상태키 SRT_1060 · Baek|blood_robe; Jin|blood_robe
[12:37:43] run_scene 시작 SRT_1060 · seen_files=111 · last_saved=https://www.genspark.ai/api/files/s/dm92feut
[12:37:43] ⏱ 준비 SRT_1060 0.0s · chars=4562
[12:37:44] ⏱ 다음명령유휴 SRT_1060 1.3s · idle=True
[12:37:45] fill OK(clip) follow=True chars=4562
[12:37:45] submit 시작 composer=4562 url=https://www.genspark.ai/agents?id=a6727c28-caee-46ff-8439-409ac2e15b9d
[12:37:45] submit geo 실패 hit=no-btn
[12:37:45] submit 시도 method=geo geo=False
[12:37:45] submit 미확인 method=geo generating=False composer=4562
[12:37:46] submit geo 실패 hit=no-btn
[12:37:46] submit 시도 method=send send=False
[12:37:46] submit 미확인 method=send generating=False composer=4562
[12:37:47] submit 시도 method=ctrl
[12:37:47] submit 미확인 method=ctrl generating=False composer=4564
[12:37:47] submit 시도 method=enter
[12:37:48] submit 확인 method=enter generating=False composer=0
[12:37:48] ⏱ 입력·전송 SRT_1060 4.0s · chars=4562
[12:37:48] 제출 후 last_saved=https://www.genspark.ai/api/files/s/dm92feut
[12:37:48] ⏱ 생성대기 시작 SRT_1060 max=120s
[12:38:00] ⏱ 생성대기 완료 11.2s SRT_1060 https://www.genspark.ai/api/files/s/grgoxstp
[12:38:00] ⏱ 생성대기구간 SRT_1060 11.2s · ok=True
[12:38:00] SRT_1060 근접 이미지 https://www.genspark.ai/api/files/s/grgoxstp
[12:38:00] 다운로드 files URL=https://www.genspark.ai/api/files/s/grgoxstp → SRT_1060.png
[12:38:01] ⏱ 다운로드 직접 1.1s size=627217 SRT_1060.png
[12:38:01] ⏱ 다운로드구간 SRT_1060 1.2s · SRT_1060.png
[12:38:03] ⏱ 다운로드후유휴 SRT_1060 1.8s · idle=True
[12:38:03] ⏱ 씬합계 SRT_1060 19.8s · https://www.genspark.ai/api/files/s/grgoxstp
[12:38:03] SRT_1060 생성·다운로드 완료
C:\cursor\wuxia\workspace\swardmaster\2부\15장\png\SRT_1060.png
[12:38:03] 상태키 SRT_1080 · Baek|blood_robe; Jin|blood_robe
[12:38:03] run_scene 시작 SRT_1080 · seen_files=112 · last_saved=https://www.genspark.ai/api/files/s/grgoxstp
[12:38:03] ⏱ 준비 SRT_1080 0.0s · chars=3283
[12:38:04] ⏱ 다음명령유휴 SRT_1080 1.5s · idle=True
[12:38:05] fill OK(clip) follow=True chars=3283
[12:38:05] submit 시작 composer=3283 url=https://www.genspark.ai/agents?id=a6727c28-caee-46ff-8439-409ac2e15b9d
[12:38:05] submit geo 실패 hit=no-btn
[12:38:05] submit 시도 method=geo geo=False
[12:38:06] submit 미확인 method=geo generating=False composer=3283
[12:38:06] submit geo 실패 hit=no-btn
[12:38:06] submit 시도 method=send send=False
[12:38:06] submit 미확인 method=send generating=False composer=3283
[12:38:07] submit 시도 method=ctrl
[12:38:07] submit 미확인 method=ctrl generating=False composer=3285
[12:38:08] submit 시도 method=enter
[12:38:08] submit 확인 method=enter generating=False composer=0
[12:38:08] ⏱ 입력·전송 SRT_1080 3.9s · chars=3283
[12:38:08] 제출 후 last_saved=https://www.genspark.ai/api/files/s/grgoxstp
[12:38:08] ⏱ 생성대기 시작 SRT_1080 max=120s
[12:38:21] ⏱ 생성대기 완료 12.6s SRT_1080 https://www.genspark.ai/api/files/s/rxvduezp
[12:38:21] ⏱ 생성대기구간 SRT_1080 12.6s · ok=True
[12:38:21] SRT_1080 근접 이미지 https://www.genspark.ai/api/files/s/rxvduezp
[12:38:21] 다운로드 files URL=https://www.genspark.ai/api/files/s/rxvduezp → SRT_1080.png
[12:38:22] ⏱ 다운로드 직접 0.7s size=396628 SRT_1080.png
[12:38:22] ⏱ 다운로드구간 SRT_1080 0.7s · SRT_1080.png
[12:38:23] ⏱ 다운로드후유휴 SRT_1080 1.4s · idle=True
[12:38:23] ⏱ 씬합계 SRT_1080 20.4s · https://www.genspark.ai/api/files/s/rxvduezp
[12:38:23] SRT_1080 생성·다운로드 완료
C:\cursor\wuxia\workspace\swardmaster\2부\15장\png\SRT_1080.png
[12:38:23] 상태키 SRT_1100 · Baek|blood_robe; Jin|blood_robe
[12:38:23] run_scene 시작 SRT_1100 · seen_files=113 · last_saved=https://www.genspark.ai/api/files/s/rxvduezp
[12:38:23] ⏱ 준비 SRT_1100 0.0s · chars=3308
[12:38:25] ⏱ 다음명령유휴 SRT_1100 1.4s · idle=True
[12:38:25] fill OK(clip) follow=True chars=3308
[12:38:25] submit 시작 composer=3308 url=https://www.genspark.ai/agents?id=a6727c28-caee-46ff-8439-409ac2e15b9d
[12:38:26] submit geo 실패 hit=no-btn
[12:38:26] submit 시도 method=geo geo=False
[12:38:26] submit 미확인 method=geo generating=False composer=3308
[12:38:26] submit geo 실패 hit=no-btn
[12:38:26] submit 시도 method=send send=False
[12:38:27] submit 미확인 method=send generating=False composer=3308
[12:38:27] submit 시도 method=ctrl
[12:38:28] submit 미확인 method=ctrl generating=False composer=3310
[12:38:28] submit 시도 method=enter
[12:38:29] submit 확인 method=enter generating=False composer=0
[12:38:29] ⏱ 입력·전송 SRT_1100 4.0s · chars=3308
[12:38:29] 제출 후 last_saved=https://www.genspark.ai/api/files/s/rxvduezp
[12:38:29] ⏱ 생성대기 시작 SRT_1100 max=120s
[12:38:44] ⏱ 생성대기 진행 15.2s SRT_1100 busy=False url_ok=False src=
[12:38:45] ⏱ 생성대기 완료 16.0s SRT_1100 https://www.genspark.ai/api/files/s/dyitmnih
[12:38:45] ⏱ 생성대기구간 SRT_1100 16.0s · ok=True
[12:38:45] SRT_1100 근접 이미지 https://www.genspark.ai/api/files/s/dyitmnih
[12:38:45] 다운로드 files URL=https://www.genspark.ai/api/files/s/dyitmnih → SRT_1100.png
[12:38:46] ⏱ 다운로드 직접 0.7s size=448995 SRT_1100.png
[12:38:46] ⏱ 다운로드구간 SRT_1100 0.8s · SRT_1100.png
[12:38:47] ⏱ 다운로드후유휴 SRT_1100 1.3s · idle=True
[12:38:47] ⏱ 씬합계 SRT_1100 23.7s · https://www.genspark.ai/api/files/s/dyitmnih
[12:38:47] SRT_1100 생성·다운로드 완료
C:\cursor\wuxia\workspace\swardmaster\2부\15장\png\SRT_1100.png
[12:38:47] 상태키 SRT_1120 · Baek|blood_robe; Jin|blood_robe
[12:38:47] run_scene 시작 SRT_1120 · seen_files=114 · last_saved=https://www.genspark.ai/api/files/s/dyitmnih
[12:38:47] ⏱ 준비 SRT_1120 0.0s · chars=4562
[12:38:49] ⏱ 다음명령유휴 SRT_1120 1.3s · idle=True
[12:38:49] fill OK(clip) follow=True chars=4562
[12:38:49] submit 시작 composer=4562 url=https://www.genspark.ai/agents?id=a6727c28-caee-46ff-8439-409ac2e15b9d
[12:38:49] submit geo 실패 hit=no-btn
[12:38:49] submit 시도 method=geo geo=False
[12:38:50] submit 미확인 method=geo generating=False composer=4562
[12:38:50] submit geo 실패 hit=no-btn
[12:38:50] submit 시도 method=send send=False
[12:38:51] submit 미확인 method=send generating=False composer=4562
[12:38:51] submit 시도 method=ctrl
[12:38:52] submit 미확인 method=ctrl generating=False composer=4564
[12:38:52] submit 시도 method=enter
[12:38:53] submit 확인 method=enter generating=False composer=0
[12:38:53] ⏱ 입력·전송 SRT_1120 4.0s · chars=4562
[12:38:53] 제출 후 last_saved=https://www.genspark.ai/api/files/s/dyitmnih
[12:38:53] ⏱ 생성대기 시작 SRT_1120 max=120s
[12:39:06] ⏱ 생성대기 완료 12.8s SRT_1120 https://www.genspark.ai/api/files/s/chbqrhjp
[12:39:06] ⏱ 생성대기구간 SRT_1120 12.8s · ok=True
[12:39:06] SRT_1120 근접 이미지 https://www.genspark.ai/api/files/s/chbqrhjp
[12:39:06] 다운로드 files URL=https://www.genspark.ai/api/files/s/chbqrhjp → SRT_1120.png
[12:39:06] ⏱ 다운로드 직접 0.8s size=657984 SRT_1120.png
[12:39:06] ⏱ 다운로드구간 SRT_1120 0.8s · SRT_1120.png
[12:39:08] ⏱ 다운로드후유휴 SRT_1120 1.4s · idle=True
[12:39:08] ⏱ 씬합계 SRT_1120 20.6s · https://www.genspark.ai/api/files/s/chbqrhjp
[12:39:08] SRT_1120 생성·다운로드 완료
C:\cursor\wuxia\workspace\swardmaster\2부\15장\png\SRT_1120.png
[12:39:08] 상태키 SRT_1140 · Baek|blood_robe; Jin|blood_robe
[12:39:08] run_scene 시작 SRT_1140 · seen_files=115 · last_saved=https://www.genspark.ai/api/files/s/chbqrhjp
[12:39:08] ⏱ 준비 SRT_1140 0.0s · chars=4538
[12:39:09] ⏱ 다음명령유휴 SRT_1140 1.3s · idle=True
[12:39:10] fill OK(clip) follow=True chars=4538
[12:39:10] submit 시작 composer=4538 url=https://www.genspark.ai/agents?id=a6727c28-caee-46ff-8439-409ac2e15b9d
[12:39:10] submit geo 실패 hit=no-btn
[12:39:10] submit 시도 method=geo geo=False
[12:39:11] submit 미확인 method=geo generating=False composer=4538
[12:39:11] submit geo 실패 hit=no-btn
[12:39:11] submit 시도 method=send send=False
[12:39:12] submit 미확인 method=send generating=False composer=4538
[12:39:12] submit 시도 method=ctrl
[12:39:12] submit 미확인 method=ctrl generating=False composer=4540
[12:39:13] submit 시도 method=enter
[12:39:13] submit 확인 method=enter generating=False composer=0
[12:39:13] ⏱ 입력·전송 SRT_1140 4.0s · chars=4538
[12:39:13] 제출 후 last_saved=https://www.genspark.ai/api/files/s/chbqrhjp
[12:39:14] ⏱ 생성대기 시작 SRT_1140 max=120s
[12:39:29] ⏱ 생성대기 진행 15.1s SRT_1140 busy=False url_ok=False src=
[12:39:36] ⏱ 생성대기 완료 22.1s SRT_1140 https://www.genspark.ai/api/files/s/2lmrg3io
[12:39:36] ⏱ 생성대기구간 SRT_1140 22.1s · ok=True
[12:39:36] SRT_1140 근접 이미지 https://www.genspark.ai/api/files/s/2lmrg3io
[12:39:36] 다운로드 files URL=https://www.genspark.ai/api/files/s/2lmrg3io → SRT_1140.png
[12:39:36] ⏱ 다운로드 직접 0.8s size=665377 SRT_1140.png
[12:39:36] ⏱ 다운로드구간 SRT_1140 0.8s · SRT_1140.png
[12:39:41] ⏱ 다운로드후유휴 SRT_1140 4.1s · idle=True
[12:39:41] ⏱ 씬합계 SRT_1140 32.6s · https://www.genspark.ai/api/files/s/2lmrg3io
[12:39:41] SRT_1140 생성·다운로드 완료
C:\cursor\wuxia\workspace\swardmaster\2부\15장\png\SRT_1140.png
[12:39:41] 상태키 SRT_1160 · Baek|blood_robe; Jin|blood_robe
[12:39:41] run_scene 시작 SRT_1160 · seen_files=116 · last_saved=https://www.genspark.ai/api/files/s/2lmrg3io
[12:39:41] ⏱ 준비 SRT_1160 0.0s · chars=4543
[12:39:42] ⏱ 다음명령유휴 SRT_1160 1.7s · idle=True
[12:39:43] fill OK(clip) follow=True chars=4543
[12:39:43] submit 시작 composer=4543 url=https://www.genspark.ai/agents?id=a6727c28-caee-46ff-8439-409ac2e15b9d
[12:39:43] submit geo 실패 hit=no-btn
[12:39:43] submit 시도 method=geo geo=False
[12:39:44] submit 미확인 method=geo generating=False composer=4543
[12:39:44] submit geo 실패 hit=no-btn
[12:39:44] submit 시도 method=send send=False
[12:39:45] submit 미확인 method=send generating=False composer=4543
[12:39:45] submit 시도 method=ctrl
[12:39:46] submit 미확인 method=ctrl generating=False composer=4545
[12:39:46] submit 시도 method=enter
[12:39:47] submit 확인 method=enter generating=False composer=0
[12:39:47] ⏱ 입력·전송 SRT_1160 4.5s · chars=4543
[12:39:47] 제출 후 last_saved=https://www.genspark.ai/api/files/s/2lmrg3io
[12:39:47] ⏱ 생성대기 시작 SRT_1160 max=120s
[12:40:02] ⏱ 생성대기 진행 15.0s SRT_1160 busy=True url_ok=False src=
[12:40:03] ⏱ 생성대기 완료(busy무시) 16.3s SRT_1160 https://www.genspark.ai/api/files/s/vjwbvowe
[12:40:03] ⏱ 생성대기구간 SRT_1160 16.3s · ok=True
[12:40:04] SRT_1160 근접 이미지 https://www.genspark.ai/api/files/s/vjwbvowe
[12:40:04] 다운로드 files URL=https://www.genspark.ai/api/files/s/vjwbvowe → SRT_1160.png
[12:40:05] ⏱ 다운로드 직접 1.6s size=703521 SRT_1160.png
[12:40:05] ⏱ 다운로드구간 SRT_1160 1.7s · SRT_1160.png
[12:40:07] ⏱ 다운로드후유휴 SRT_1160 1.9s · idle=True
[12:40:07] ⏱ 씬합계 SRT_1160 26.3s · https://www.genspark.ai/api/files/s/vjwbvowe
[12:40:07] SRT_1160 생성·다운로드 완료
C:\cursor\wuxia\workspace\swardmaster\2부\15장\png\SRT_1160.png
[12:40:07] 상태키 SRT_1180 · Baek|blood_robe; Jin|blood_robe
[12:40:07] run_scene 시작 SRT_1180 · seen_files=117 · last_saved=https://www.genspark.ai/api/files/s/vjwbvowe
[12:40:07] ⏱ 준비 SRT_1180 0.0s · chars=4611
[12:40:09] ⏱ 다음명령유휴 SRT_1180 1.9s · idle=True
[12:40:10] fill OK(clip) follow=True chars=4611
[12:40:10] submit 시작 composer=4611 url=https://www.genspark.ai/agents?id=a6727c28-caee-46ff-8439-409ac2e15b9d
[12:40:10] submit geo 실패 hit=no-btn
[12:40:10] submit 시도 method=geo geo=False
[12:40:11] submit 미확인 method=geo generating=False composer=4611
[12:40:12] submit geo 실패 hit=no-btn
[12:40:12] submit 시도 method=send send=False
[12:40:12] submit 미확인 method=send generating=False composer=4611
[12:40:13] submit 시도 method=ctrl
[12:40:13] submit 미확인 method=ctrl generating=False composer=4613
[12:40:14] submit 시도 method=enter
[12:40:14] submit 확인 method=enter generating=False composer=0
[12:40:14] ⏱ 입력·전송 SRT_1180 5.3s · chars=4611
[12:40:14] 제출 후 last_saved=https://www.genspark.ai/api/files/s/vjwbvowe
[12:40:15] ⏱ 생성대기 시작 SRT_1180 max=120s
[12:40:28] ⏱ 생성대기 완료 13.7s SRT_1180 https://www.genspark.ai/api/files/s/v8pqzjrg
[12:40:28] ⏱ 생성대기구간 SRT_1180 13.7s · ok=True
[12:40:29] SRT_1180 근접 이미지 https://www.genspark.ai/api/files/s/v8pqzjrg
[12:40:29] 다운로드 files URL=https://www.genspark.ai/api/files/s/v8pqzjrg → SRT_1180.png
[12:40:29] ⏱ 다운로드 직접 0.9s size=738732 SRT_1180.png
[12:40:29] ⏱ 다운로드구간 SRT_1180 0.9s · SRT_1180.png
[12:40:31] ⏱ 다운로드후유휴 SRT_1180 1.5s · idle=True
[12:40:31] ⏱ 씬합계 SRT_1180 23.7s · https://www.genspark.ai/api/files/s/v8pqzjrg
[12:40:31] SRT_1180 생성·다운로드 완료
C:\cursor\wuxia\workspace\swardmaster\2부\15장\png\SRT_1180.png
[12:40:31] 상태키 SRT_1200 · Baek|blood_robe; Jin|blood_robe
[12:40:31] run_scene 시작 SRT_1200 · seen_files=118 · last_saved=https://www.genspark.ai/api/files/s/v8pqzjrg
[12:40:31] ⏱ 준비 SRT_1200 0.0s · chars=4654
[12:40:33] ⏱ 다음명령유휴 SRT_1200 1.5s · idle=True
[12:40:33] fill OK(clip) follow=True chars=4654
[12:40:33] submit 시작 composer=4654 url=https://www.genspark.ai/agents?id=a6727c28-caee-46ff-8439-409ac2e15b9d
[12:40:34] submit geo 실패 hit=no-btn
[12:40:34] submit 시도 method=geo geo=False
[12:40:34] submit 미확인 method=geo generating=False composer=4654
[12:40:35] submit geo 실패 hit=no-btn
[12:40:35] submit 시도 method=send send=False
[12:40:35] submit 미확인 method=send generating=False composer=4654
[12:40:35] submit 시도 method=ctrl
[12:40:36] submit 미확인 method=ctrl generating=False composer=4656
[12:40:36] submit 시도 method=enter
[12:40:37] submit 확인 method=enter generating=False composer=0
[12:40:37] ⏱ 입력·전송 SRT_1200 4.3s · chars=4654
[12:40:37] 제출 후 last_saved=https://www.genspark.ai/api/files/s/v8pqzjrg
[12:40:37] ⏱ 생성대기 시작 SRT_1200 max=120s
[12:40:52] ⏱ 생성대기 완료 14.4s SRT_1200 https://www.genspark.ai/api/files/s/9kockxjp
[12:40:52] ⏱ 생성대기구간 SRT_1200 14.4s · ok=True
[12:40:52] SRT_1200 근접 이미지 https://www.genspark.ai/api/files/s/9kockxjp
[12:40:52] 다운로드 files URL=https://www.genspark.ai/api/files/s/9kockxjp → SRT_1200.png
[12:40:53] ⏱ 다운로드 직접 0.9s size=724214 SRT_1200.png
[12:40:53] ⏱ 다운로드구간 SRT_1200 0.9s · SRT_1200.png
[12:40:54] ⏱ 다운로드후유휴 SRT_1200 1.4s · idle=True
[12:40:54] ⏱ 씬합계 SRT_1200 22.8s · https://www.genspark.ai/api/files/s/9kockxjp
[12:40:54] SRT_1200 생성·다운로드 완료
C:\cursor\wuxia\workspace\swardmaster\2부\15장\png\SRT_1200.png
[12:40:54] 상태키 SRT_1220 · Baek|blood_robe; Jin|blood_robe
[12:40:54] run_scene 시작 SRT_1220 · seen_files=119 · last_saved=https://www.genspark.ai/api/files/s/9kockxjp
[12:40:54] ⏱ 준비 SRT_1220 0.0s · chars=3307
[12:40:56] ⏱ 다음명령유휴 SRT_1220 1.3s · idle=True
[12:40:56] fill OK(clip) follow=True chars=3307
[12:40:56] submit 시작 composer=3307 url=https://www.genspark.ai/agents?id=a6727c28-caee-46ff-8439-409ac2e15b9d
[12:40:56] submit geo 실패 hit=no-btn
[12:40:56] submit 시도 method=geo geo=False
[12:40:57] submit 미확인 method=geo generating=False composer=3307
[12:40:57] submit geo 실패 hit=no-btn
[12:40:57] submit 시도 method=send send=False
[12:40:58] submit 미확인 method=send generating=False composer=3307
[12:40:58] submit 시도 method=ctrl
[12:40:59] submit 미확인 method=ctrl generating=False composer=3309
[12:40:59] submit 시도 method=enter
[12:41:00] submit 확인 method=enter generating=False composer=0
[12:41:00] ⏱ 입력·전송 SRT_1220 4.0s · chars=3307
[12:41:00] 제출 후 last_saved=https://www.genspark.ai/api/files/s/9kockxjp
[12:41:00] ⏱ 생성대기 시작 SRT_1220 max=120s
[12:41:15] ⏱ 생성대기 완료(busy무시) 14.9s SRT_1220 https://www.genspark.ai/api/files/s/exkthpz4
[12:41:15] ⏱ 생성대기구간 SRT_1220 14.9s · ok=True
[12:41:15] SRT_1220 근접 이미지 https://www.genspark.ai/api/files/s/exkthpz4
[12:41:15] 다운로드 files URL=https://www.genspark.ai/api/files/s/exkthpz4 → SRT_1220.png
[12:41:16] ⏱ 다운로드 직접 0.8s size=602032 SRT_1220.png
[12:41:16] ⏱ 다운로드구간 SRT_1220 0.8s · SRT_1220.png
[12:41:17] ⏱ 다운로드후유휴 SRT_1220 1.9s · idle=True
[12:41:17] ⏱ 씬합계 SRT_1220 23.3s · https://www.genspark.ai/api/files/s/exkthpz4
[12:41:17] SRT_1220 생성·다운로드 완료
C:\cursor\wuxia\workspace\swardmaster\2부\15장\png\SRT_1220.png
[12:41:18] 상태키 SRT_1240 · Baek|blood_robe; Jin|blood_robe
[12:41:18] run_scene 시작 SRT_1240 · seen_files=120 · last_saved=https://www.genspark.ai/api/files/s/exkthpz4
[12:41:18] ⏱ 준비 SRT_1240 0.0s · chars=6398
[12:41:19] ⏱ 다음명령유휴 SRT_1240 1.4s · idle=True
[12:41:20] fill OK(clip) follow=True chars=6398
[12:41:20] submit 시작 composer=6398 url=https://www.genspark.ai/agents?id=a6727c28-caee-46ff-8439-409ac2e15b9d
[12:41:20] submit geo 실패 hit=no-btn
[12:41:20] submit 시도 method=geo geo=False
[12:41:20] submit 미확인 method=geo generating=False composer=6398
[12:41:21] submit geo 실패 hit=no-btn
[12:41:21] submit 시도 method=send send=False
[12:41:21] submit 미확인 method=send generating=False composer=6398
[12:41:22] submit 시도 method=ctrl
[12:41:22] submit 미확인 method=ctrl generating=False composer=6400
[12:41:23] submit 시도 method=enter
[12:41:23] submit 확인 method=enter generating=False composer=0
[12:41:23] ⏱ 입력·전송 SRT_1240 4.1s · chars=6398
[12:41:23] 제출 후 last_saved=https://www.genspark.ai/api/files/s/exkthpz4
[12:41:23] ⏱ 생성대기 시작 SRT_1240 max=120s
[12:41:38] ⏱ 생성대기 완료(busy무시) 14.8s SRT_1240 https://www.genspark.ai/api/files/s/fdfpmf3b
[12:41:38] ⏱ 생성대기구간 SRT_1240 14.8s · ok=True
[12:41:38] SRT_1240 근접 이미지 https://www.genspark.ai/api/files/s/fdfpmf3b
[12:41:38] 다운로드 files URL=https://www.genspark.ai/api/files/s/fdfpmf3b → SRT_1240.png
[12:41:39] ⏱ 다운로드 직접 0.8s size=723158 SRT_1240.png
[12:41:39] ⏱ 다운로드구간 SRT_1240 0.8s · SRT_1240.png
[12:41:41] ⏱ 다운로드후유휴 SRT_1240 1.7s · idle=True
[12:41:41] ⏱ 씬합계 SRT_1240 23.2s · https://www.genspark.ai/api/files/s/fdfpmf3b
[12:41:41] SRT_1240 생성·다운로드 완료
C:\cursor\wuxia\workspace\swardmaster\2부\15장\png\SRT_1240.png
[12:41:41] 상태키 SRT_1260 · Baek|battle_torn; Jin|battle_torn
[12:41:41] run_scene 시작 SRT_1260 · seen_files=121 · last_saved=https://www.genspark.ai/api/files/s/fdfpmf3b
[12:41:41] ⏱ 준비 SRT_1260 0.0s · chars=6605
[12:41:43] ⏱ 다음명령유휴 SRT_1260 1.7s · idle=True
[12:41:44] fill OK(clip) follow=True chars=6605
[12:41:44] submit 시작 composer=6605 url=https://www.genspark.ai/agents?id=a6727c28-caee-46ff-8439-409ac2e15b9d
[12:41:44] submit geo 실패 hit=no-btn
[12:41:44] submit 시도 method=geo geo=False
[12:41:44] submit 미확인 method=geo generating=False composer=6605
[12:41:45] submit geo 실패 hit=no-btn
[12:41:45] submit 시도 method=send send=False
[12:41:45] submit 미확인 method=send generating=False composer=6605
[12:41:46] submit 시도 method=ctrl
[12:41:46] submit 미확인 method=ctrl generating=False composer=6607
[12:41:47] submit 시도 method=enter
[12:41:47] submit 확인 method=enter generating=False composer=0
[12:41:47] ⏱ 입력·전송 SRT_1260 4.4s · chars=6605
[12:41:47] 제출 후 last_saved=https://www.genspark.ai/api/files/s/fdfpmf3b
[12:41:47] ⏱ 생성대기 시작 SRT_1260 max=120s
[12:42:02] ⏱ 생성대기 진행 15.1s SRT_1260 busy=False url_ok=False src=
[12:42:07] ⏱ 생성대기 완료(busy무시) 20.0s SRT_1260 https://www.genspark.ai/api/files/s/qjchfaok
[12:42:07] ⏱ 생성대기구간 SRT_1260 20.0s · ok=True
[12:42:07] SRT_1260 근접 이미지 https://www.genspark.ai/api/files/s/qjchfaok
[12:42:07] 다운로드 files URL=https://www.genspark.ai/api/files/s/qjchfaok → SRT_1260.png
[12:42:08] ⏱ 다운로드 직접 0.8s size=696285 SRT_1260.png
[12:42:08] ⏱ 다운로드구간 SRT_1260 0.9s · SRT_1260.png
[12:42:10] ⏱ 다운로드후유휴 SRT_1260 2.1s · idle=True
[12:42:10] ⏱ 씬합계 SRT_1260 29.4s · https://www.genspark.ai/api/files/s/qjchfaok
[12:42:10] SRT_1260 생성·다운로드 완료
C:\cursor\wuxia\workspace\swardmaster\2부\15장\png\SRT_1260.png
[12:42:11] 상태키 SRT_1280 · Baek|battle_torn; Jin|battle_torn
[12:42:11] run_scene 시작 SRT_1280 · seen_files=122 · last_saved=https://www.genspark.ai/api/files/s/qjchfaok
[12:42:11] ⏱ 준비 SRT_1280 0.0s · chars=4643
[12:42:12] ⏱ 다음명령유휴 SRT_1280 1.4s · idle=True
[12:42:13] fill OK(clip) follow=True chars=4643
[12:42:13] submit 시작 composer=4643 url=https://www.genspark.ai/agents?id=a6727c28-caee-46ff-8439-409ac2e15b9d
[12:42:13] submit geo 실패 hit=no-btn
[12:42:13] submit 시도 method=geo geo=False
[12:42:13] submit 미확인 method=geo generating=False composer=4643
[12:42:14] submit geo 실패 hit=no-btn
[12:42:14] submit 시도 method=send send=False
[12:42:14] submit 미확인 method=send generating=False composer=4643
[12:42:15] submit 시도 method=ctrl
[12:42:15] submit 미확인 method=ctrl generating=False composer=4645
[12:42:16] submit 시도 method=enter
[12:42:16] submit 확인 method=enter generating=False composer=0
[12:42:16] ⏱ 입력·전송 SRT_1280 4.2s · chars=4643
[12:42:16] 제출 후 last_saved=https://www.genspark.ai/api/files/s/qjchfaok
[12:42:16] ⏱ 생성대기 시작 SRT_1280 max=120s
[12:42:31] ⏱ 생성대기 진행 15.1s SRT_1280 busy=False url_ok=False src=
[12:42:34] ⏱ 생성대기 완료(busy무시) 17.3s SRT_1280 https://www.genspark.ai/api/files/s/fdqajvu5
[12:42:34] ⏱ 생성대기구간 SRT_1280 17.3s · ok=True
[12:42:34] SRT_1280 근접 이미지 https://www.genspark.ai/api/files/s/fdqajvu5
[12:42:34] 다운로드 files URL=https://www.genspark.ai/api/files/s/fdqajvu5 → SRT_1280.png
[12:42:35] ⏱ 다운로드 직접 0.9s size=800642 SRT_1280.png
[12:42:35] ⏱ 다운로드구간 SRT_1280 0.9s · SRT_1280.png
[12:42:39] ⏱ 다운로드후유휴 SRT_1280 4.1s · idle=True
[12:42:39] ⏱ 씬합계 SRT_1280 28.1s · https://www.genspark.ai/api/files/s/fdqajvu5
[12:42:39] SRT_1280 생성·다운로드 완료
C:\cursor\wuxia\workspace\swardmaster\2부\15장\png\SRT_1280.png
[12:42:39] 상태키 SRT_1460 · Baek|battle_torn; Jin|battle_torn
[12:42:39] run_scene 시작 SRT_1460 · seen_files=123 · last_saved=https://www.genspark.ai/api/files/s/fdqajvu5
[12:42:39] ⏱ 준비 SRT_1460 0.0s · chars=3437
[12:42:40] ⏱ 다음명령유휴 SRT_1460 1.4s · idle=True
[12:42:41] fill OK(clip) follow=True chars=3437
[12:42:41] submit 시작 composer=3437 url=https://www.genspark.ai/agents?id=a6727c28-caee-46ff-8439-409ac2e15b9d
[12:42:41] submit geo 실패 hit=no-btn
[12:42:41] submit 시도 method=geo geo=False
[12:42:42] submit 미확인 method=geo generating=False composer=3437
[12:42:42] submit geo 실패 hit=no-btn
[12:42:42] submit 시도 method=send send=False
[12:42:43] submit 미확인 method=send generating=False composer=3437
[12:42:43] submit 시도 method=ctrl
[12:42:43] submit 미확인 method=ctrl generating=False composer=3439
[12:42:44] submit 시도 method=enter
[12:42:44] submit 확인 method=enter generating=False composer=0
[12:42:44] ⏱ 입력·전송 SRT_1460 4.1s · chars=3437
[12:42:44] 제출 후 last_saved=https://www.genspark.ai/api/files/s/fdqajvu5
[12:42:45] ⏱ 생성대기 시작 SRT_1460 max=120s
[12:42:58] ⏱ 생성대기 완료(busy무시) 13.4s SRT_1460 https://www.genspark.ai/api/files/s/pzv3f3u7
[12:42:58] ⏱ 생성대기구간 SRT_1460 13.4s · ok=True
[12:42:58] SRT_1460 근접 이미지 https://www.genspark.ai/api/files/s/pzv3f3u7
[12:42:58] 다운로드 files URL=https://www.genspark.ai/api/files/s/pzv3f3u7 → SRT_1460.png
[12:42:59] ⏱ 다운로드 직접 0.7s size=526838 SRT_1460.png
[12:42:59] ⏱ 다운로드구간 SRT_1460 0.7s · SRT_1460.png
[12:43:02] ⏱ 다운로드후유휴 SRT_1460 3.6s · idle=True
[12:43:02] ⏱ 씬합계 SRT_1460 23.4s · https://www.genspark.ai/api/files/s/pzv3f3u7
[12:43:02] SRT_1460 생성·다운로드 완료
C:\cursor\wuxia\workspace\swardmaster\2부\15장\png\SRT_1460.png
[12:43:02] 상태키 SRT_1480 · Baek|battle_torn; Jin|battle_torn
[12:43:02] run_scene 시작 SRT_1480 · seen_files=124 · last_saved=https://www.genspark.ai/api/files/s/pzv3f3u7
[12:43:02] ⏱ 준비 SRT_1480 0.0s · chars=4633
[12:43:04] ⏱ 다음명령유휴 SRT_1480 1.4s · idle=True
[12:43:05] fill OK(clip) follow=True chars=4633
[12:43:05] submit 시작 composer=4633 url=https://www.genspark.ai/agents?id=a6727c28-caee-46ff-8439-409ac2e15b9d
[12:43:05] submit geo 실패 hit=no-btn
[12:43:05] submit 시도 method=geo geo=False
[12:43:05] submit 미확인 method=geo generating=False composer=4633
[12:43:06] submit geo 실패 hit=no-btn
[12:43:06] submit 시도 method=send send=False
[12:43:06] submit 미확인 method=send generating=False composer=4633
[12:43:07] submit 시도 method=ctrl
[12:43:07] submit 미확인 method=ctrl generating=False composer=4635
[12:43:07] submit 시도 method=enter
[12:43:08] submit 확인 method=enter generating=False composer=0
[12:43:08] ⏱ 입력·전송 SRT_1480 4.1s · chars=4633
[12:43:08] 제출 후 last_saved=https://www.genspark.ai/api/files/s/pzv3f3u7
[12:43:08] ⏱ 생성대기 시작 SRT_1480 max=120s
[12:43:20] ⏱ 생성대기 완료(busy무시) 12.0s SRT_1480 https://www.genspark.ai/api/files/s/lmazr7ja
[12:43:20] ⏱ 생성대기구간 SRT_1480 12.0s · ok=True
[12:43:20] SRT_1480 근접 이미지 https://www.genspark.ai/api/files/s/lmazr7ja
[12:43:20] 다운로드 files URL=https://www.genspark.ai/api/files/s/lmazr7ja → SRT_1480.png
[12:43:21] ⏱ 다운로드 직접 0.8s size=702243 SRT_1480.png
[12:43:21] ⏱ 다운로드구간 SRT_1480 0.8s · SRT_1480.png
[12:43:24] ⏱ 다운로드후유휴 SRT_1480 3.1s · idle=True
[12:43:24] ⏱ 씬합계 SRT_1480 21.7s · https://www.genspark.ai/api/files/s/lmazr7ja
[12:43:24] SRT_1480 생성·다운로드 완료
C:\cursor\wuxia\workspace\swardmaster\2부\15장\png\SRT_1480.png
[12:43:24] 상태키 SRT_1500 · Baek|battle_torn; Jin|battle_torn
[12:43:24] run_scene 시작 SRT_1500 · seen_files=125 · last_saved=https://www.genspark.ai/api/files/s/lmazr7ja
[12:43:24] ⏱ 준비 SRT_1500 0.0s · chars=4632
[12:43:26] ⏱ 다음명령유휴 SRT_1500 1.4s · idle=True
[12:43:26] fill OK(clip) follow=True chars=4632
[12:43:26] submit 시작 composer=4632 url=https://www.genspark.ai/agents?id=a6727c28-caee-46ff-8439-409ac2e15b9d
[12:43:27] submit geo 실패 hit=no-btn
[12:43:27] submit 시도 method=geo geo=False
[12:43:27] submit 미확인 method=geo generating=False composer=4632
[12:43:28] submit geo 실패 hit=no-btn
[12:43:28] submit 시도 method=send send=False
[12:43:28] submit 미확인 method=send generating=False composer=4632
[12:43:28] submit 시도 method=ctrl
[12:43:29] submit 미확인 method=ctrl generating=False composer=4634
[12:43:29] submit 시도 method=enter
[12:43:30] submit 확인 method=enter generating=False composer=0
[12:43:30] ⏱ 입력·전송 SRT_1500 4.1s · chars=4632
[12:43:30] 제출 후 last_saved=https://www.genspark.ai/api/files/s/lmazr7ja
[12:43:30] ⏱ 생성대기 시작 SRT_1500 max=120s
[12:43:44] ⏱ 생성대기 완료 14.1s SRT_1500 https://www.genspark.ai/api/files/s/6e4edvvt
[12:43:44] ⏱ 생성대기구간 SRT_1500 14.1s · ok=True
[12:43:44] SRT_1500 근접 이미지 https://www.genspark.ai/api/files/s/6e4edvvt
[12:43:44] 다운로드 files URL=https://www.genspark.ai/api/files/s/6e4edvvt → SRT_1500.png
[12:43:45] ⏱ 다운로드 직접 0.8s size=749624 SRT_1500.png
[12:43:45] ⏱ 다운로드구간 SRT_1500 0.8s · SRT_1500.png
[12:43:48] ⏱ 다운로드후유휴 SRT_1500 3.2s · idle=True
[12:43:48] ⏱ 씬합계 SRT_1500 24.0s · https://www.genspark.ai/api/files/s/6e4edvvt
[12:43:48] SRT_1500 생성·다운로드 완료
C:\cursor\wuxia\workspace\swardmaster\2부\15장\png\SRT_1500.png
[12:43:49] 상태키 SRT_1520 · Baek|battle_torn; Jin|battle_torn
[12:43:49] run_scene 시작 SRT_1520 · seen_files=126 · last_saved=https://www.genspark.ai/api/files/s/6e4edvvt
[12:43:49] ⏱ 준비 SRT_1520 0.0s · chars=4623
[12:43:50] ⏱ 다음명령유휴 SRT_1520 1.4s · idle=True
[12:43:51] fill OK(clip) follow=True chars=4623
[12:43:51] submit 시작 composer=4623 url=https://www.genspark.ai/agents?id=a6727c28-caee-46ff-8439-409ac2e15b9d
[12:43:51] submit geo 실패 hit=no-btn
[12:43:51] submit 시도 method=geo geo=False
[12:43:51] submit 미확인 method=geo generating=False composer=4623
[12:43:52] submit geo 실패 hit=no-btn
[12:43:52] submit 시도 method=send send=False
[12:43:52] submit 미확인 method=send generating=False composer=4623
[12:43:52] submit 시도 method=ctrl
[12:43:53] submit 미확인 method=ctrl generating=False composer=4625
[12:43:53] submit 시도 method=enter
[12:43:54] submit 확인 method=enter generating=False composer=0
[12:43:54] ⏱ 입력·전송 SRT_1520 4.1s · chars=4623
[12:43:54] 제출 후 last_saved=https://www.genspark.ai/api/files/s/6e4edvvt
[12:43:54] ⏱ 생성대기 시작 SRT_1520 max=120s
[12:44:09] ⏱ 생성대기 진행 15.0s SRT_1520 busy=False url_ok=False src=
[12:44:11] ⏱ 생성대기 완료(busy무시) 16.5s SRT_1520 https://www.genspark.ai/api/files/s/ovsn2nrj
[12:44:11] ⏱ 생성대기구간 SRT_1520 16.5s · ok=True
[12:44:11] SRT_1520 근접 이미지 https://www.genspark.ai/api/files/s/ovsn2nrj
[12:44:11] 다운로드 files URL=https://www.genspark.ai/api/files/s/ovsn2nrj → SRT_1520.png
[12:44:12] ⏱ 다운로드 직접 0.8s size=745703 SRT_1520.png
[12:44:12] ⏱ 다운로드구간 SRT_1520 0.8s · SRT_1520.png
[12:44:13] ⏱ 다운로드후유휴 SRT_1520 1.6s · idle=True
[12:44:13] ⏱ 씬합계 SRT_1520 24.6s · https://www.genspark.ai/api/files/s/ovsn2nrj
[12:44:13] SRT_1520 생성·다운로드 완료
C:\cursor\wuxia\workspace\swardmaster\2부\15장\png\SRT_1520.png
[12:44:13] 상태키 SRT_1560 · Baek|battle_torn; Jin|battle_torn
[12:44:13] run_scene 시작 SRT_1560 · seen_files=127 · last_saved=https://www.genspark.ai/api/files/s/ovsn2nrj
[12:44:13] ⏱ 준비 SRT_1560 0.0s · chars=4660
[12:44:15] ⏱ 다음명령유휴 SRT_1560 1.3s · idle=True
[12:44:15] fill OK(clip) follow=True chars=4660
[12:44:15] submit 시작 composer=4660 url=https://www.genspark.ai/agents?id=a6727c28-caee-46ff-8439-409ac2e15b9d
[12:44:15] submit geo 실패 hit=no-btn
[12:44:15] submit 시도 method=geo geo=False
[12:44:16] submit 미확인 method=geo generating=False composer=4660
[12:44:16] submit geo 실패 hit=no-btn
[12:44:16] submit 시도 method=send send=False
[12:44:17] submit 미확인 method=send generating=False composer=4660
[12:44:17] submit 시도 method=ctrl
[12:44:18] submit 미확인 method=ctrl generating=False composer=4662
[12:44:18] submit 시도 method=enter
[12:44:19] submit 확인 method=enter generating=False composer=0
[12:44:19] ⏱ 입력·전송 SRT_1560 4.1s · chars=4660
[12:44:19] 제출 후 last_saved=https://www.genspark.ai/api/files/s/ovsn2nrj
[12:44:19] ⏱ 생성대기 시작 SRT_1560 max=120s
[12:44:34] ⏱ 생성대기 진행 15.1s SRT_1560 busy=False url_ok=False src=
[12:44:36] ⏱ 생성대기 완료(busy무시) 17.6s SRT_1560 https://www.genspark.ai/api/files/s/2ttjoip0
[12:44:37] ⏱ 생성대기구간 SRT_1560 17.6s · ok=True
[12:44:37] SRT_1560 근접 이미지 https://www.genspark.ai/api/files/s/2ttjoip0
[12:44:37] 다운로드 files URL=https://www.genspark.ai/api/files/s/2ttjoip0 → SRT_1560.png
[12:44:37] ⏱ 다운로드 직접 0.9s size=741683 SRT_1560.png
[12:44:37] ⏱ 다운로드구간 SRT_1560 0.9s · SRT_1560.png
[12:44:39] ⏱ 다운로드후유휴 SRT_1560 1.3s · idle=True
[12:44:39] ⏱ 씬합계 SRT_1560 25.6s · https://www.genspark.ai/api/files/s/2ttjoip0
[12:44:39] SRT_1560 생성·다운로드 완료
C:\cursor\wuxia\workspace\swardmaster\2부\15장\png\SRT_1560.png
[12:44:39] 상태키 SRT_1580 · Baek|battle_torn; Jin|battle_torn
[12:44:39] run_scene 시작 SRT_1580 · seen_files=128 · last_saved=https://www.genspark.ai/api/files/s/2ttjoip0
[12:44:39] ⏱ 준비 SRT_1580 0.0s · chars=3376
[12:44:40] ⏱ 다음명령유휴 SRT_1580 1.3s · idle=True
[12:44:41] fill OK(clip) follow=True chars=3376
[12:44:41] submit 시작 composer=3376 url=https://www.genspark.ai/agents?id=a6727c28-caee-46ff-8439-409ac2e15b9d
[12:44:41] submit geo 실패 hit=no-btn
[12:44:41] submit 시도 method=geo geo=False
[12:44:42] submit 미확인 method=geo generating=False composer=3376
[12:44:42] submit geo 실패 hit=no-btn
[12:44:42] submit 시도 method=send send=False
[12:44:43] submit 미확인 method=send generating=False composer=3376
[12:44:43] submit 시도 method=ctrl
[12:44:43] submit 미확인 method=ctrl generating=False composer=3378
[12:44:44] submit 시도 method=enter
[12:44:44] submit 확인 method=enter generating=False composer=0
[12:44:44] ⏱ 입력·전송 SRT_1580 4.1s · chars=3376
[12:44:44] 제출 후 last_saved=https://www.genspark.ai/api/files/s/2ttjoip0
[12:44:45] ⏱ 생성대기 시작 SRT_1580 max=120s
[12:45:00] ⏱ 생성대기 진행 15.2s SRT_1580 busy=False url_ok=False src=
[12:45:00] ⏱ 생성대기 한도감지 15.2s SRT_1580 · AI Image 한도 - 재설정 2026-08-29 17:21 · AI Image 5시간 제한에 도달했습니다. 8월 29일 오후 5:21에 재설정됩니다 --- 5시간 제한 --- 세션 한도 도달 AI Image 5시간 제한에 도달했습니다. 8월 29일 오후 5:21에 재설정됩니다
[12:45:00] run_scene 실패(재시도 없음): AI Image 한도 - 재설정 2026-08-29 17:21
[12:45:00] SRT_1580 실패(한도 확정 streak=1) — 브라우저 종료 후 대기·재오픈
AI Image 한도 - 재설정 2026-08-29 17:21
[12:45:03] 한도 대기 전 ChromeDebug 종료
[12:45:03] 한도 대기 시작 — 정상화 예상 2026-08-29 17:21 (276분) — SRT_1580 한도
[17:20:36] 탭로그 ON — 실행·생성 · 씬 43개 · reopen=True · 한도대기ON
[17:20:42] ChromeDebug 재시작 slot=0 port=9242 user_data=C:\ChromeDebug_2_5 reused=0
[17:20:45] 모델 이미 Pro: Nano Banana Pro
[17:20:45] 세션 준비 — login=OK model=Nano Banana Pro auto=True
[17:20:45] ensure_page cur_sc=10 prefer_sc=10 cur=https://www.genspark.ai/ai_image prefer=https://www.genspark.ai/ai_image
[17:20:48] fill OK(clip) follow=True chars=87382
[17:20:48] 입력창 붙여넣기 — 프롬프트 50827자 + SRT 36512자 = 합계 87382자
  prompt=C:/cursor/wuxia/2_5_sceneImage/md/image.wuxiz.txt
  srt=C:\cursor\wuxia\workspace\swardmaster\2부\15장\mp3\new.srt
[17:20:49] ensure_page cur_sc=10 prefer_sc=10 cur=https://www.genspark.ai/ai_image prefer=https://www.genspark.ai/ai_image
[17:20:50] 동일 입력창에 명령 추가(미실행): ===== CHARACTER LOOK (SRT_1040) =====
Look keys (state tracking OFF): Jin≈19|base; Baek≈19|base; Seo|base; Namgung|base
Jin Muhan, approximately nineteen years old, East-Asian youn…
[17:20:51] 상태키 SRT_1040 · tracking=OFF; Baek|base; Jin|base
[17:20:51] run_scene 시작 SRT_1040 · seen_files=128 · last_saved=https://www.genspark.ai/api/files/s/2ttjoip0
[17:20:51] ensure_page cur_sc=10 prefer_sc=10 cur=https://www.genspark.ai/ai_image prefer=https://www.genspark.ai/ai_image
[17:20:51] 모델 선택 시작 현재=(없음)
[17:20:51] 모델 선택 결과 ok=False 칩=(없음) picked=
[17:20:51] ⏱ 준비 SRT_1040 0.2s · chars=7528
[17:20:51] submit 시작 composer=7528 url=https://www.genspark.ai/ai_image
[17:20:51] submit geo 실패 hit=no-btn
[17:20:51] submit 시도 method=geo geo=False
[17:20:52] submit 미확인 method=geo generating=False composer=7528
[17:20:52] submit geo 실패 hit=no-btn
[17:20:52] submit 시도 method=send send=False
[17:20:53] submit 미확인 method=send generating=False composer=7528
[17:20:53] submit 시도 method=ctrl
[17:20:54] submit 미확인 method=ctrl generating=False composer=7530
[17:20:54] submit 시도 method=enter
[17:20:55] submit 확인 method=enter generating=False composer=0
[17:20:55] ⏱ 입력창전송 SRT_1040 4.0s
[17:20:55] 제출 후 last_saved=https://www.genspark.ai/api/files/s/2ttjoip0
[17:20:55] ⏱ 생성대기 시작 SRT_1040 max=120s
[17:21:10] ⏱ 생성대기 진행 15.0s SRT_1040 busy=False url_ok=False src=
[17:21:10] ⏱ 생성대기 한도감지 15.0s SRT_1040 · AI Image 한도 - 재설정 2026-08-29 17:21 · AI Image 5시간 제한에 도달했습니다. 8월 29일 오후 5:21에 재설정됩니다 --- 5시간 제한 --- 세션 한도 도달 AI Image 5시간 제한에 도달했습니다. 8월 29일 오후 5:21에 재설정됩니다
[17:21:10] run_scene 실패(재시도 없음): AI Image 한도 - 재설정 2026-08-29 17:21
[17:21:10] SRT_1040 실패(한도 확정 streak=1) — 브라우저 종료 후 대기·재오픈
AI Image 한도 - 재설정 2026-08-29 17:21
[17:21:15] 한도 대기 전 ChromeDebug 종료
[17:21:15] 한도 대기 시작 — 정상화 예상 2026-08-29 17:21 (0분) — SRT_1040 한도
[17:21:45] 한도 대기 종료 — 정상화 예상 2026-08-29 17:21 — 재시도
[17:21:45] 한도 대기 종료 — 브라우저 재오픈 후 SRT_1040 재개
[17:21:50] ChromeDebug 재시작 slot=0 port=9242 user_data=C:\ChromeDebug_2_5 reused=0
[17:21:53] 모델 이미 Pro: Nano Banana Pro
[17:21:53] 세션 준비 — login=OK model=Nano Banana Pro auto=True
[17:21:54] ensure_page cur_sc=10 prefer_sc=10 cur=https://www.genspark.ai/ai_image prefer=https://www.genspark.ai/ai_image
[17:21:55] fill OK(clip) follow=True chars=87382
[17:21:55] 입력창 붙여넣기 — 프롬프트 50827자 + SRT 36512자 = 합계 87382자
  prompt=C:/cursor/wuxia/2_5_sceneImage/md/image.wuxiz.txt
  srt=C:\cursor\wuxia\workspace\swardmaster\2부\15장\mp3\new.srt
[17:21:56] ensure_page cur_sc=10 prefer_sc=10 cur=https://www.genspark.ai/ai_image prefer=https://www.genspark.ai/ai_image
[17:21:57] 동일 입력창에 명령 추가(미실행): ===== CHARACTER LOOK (SRT_1040) =====
Look keys (state tracking OFF): Jin≈19|base; Baek≈19|base; Seo|base; Namgung|base
Jin Muhan, approximately nineteen years old, East-Asian youn…
[17:21:58] 상태키 SRT_1040 · tracking=OFF; Baek|base; Jin|base
[17:21:58] run_scene 시작 SRT_1040 · seen_files=128 · last_saved=https://www.genspark.ai/api/files/s/2ttjoip0
[17:21:58] ensure_page cur_sc=10 prefer_sc=10 cur=https://www.genspark.ai/ai_image prefer=https://www.genspark.ai/ai_image
[17:21:58] ⏱ 준비 SRT_1040 0.0s · chars=7528
[17:21:58] submit 시작 composer=7528 url=https://www.genspark.ai/ai_image
[17:21:58] submit geo 실패 hit=no-btn
[17:21:58] submit 시도 method=geo geo=False
[17:21:59] submit 미확인 method=geo generating=False composer=7528
[17:21:59] submit geo 실패 hit=no-btn
[17:21:59] submit 시도 method=send send=False
[17:22:00] submit 미확인 method=send generating=False composer=7528
[17:22:00] submit 시도 method=ctrl
[17:22:01] submit 미확인 method=ctrl generating=False composer=7530
[17:22:01] submit 시도 method=enter
[17:22:02] submit 확인 method=enter generating=False composer=0
[17:22:02] ⏱ 입력창전송 SRT_1040 4.1s
[17:22:02] 제출 후 last_saved=https://www.genspark.ai/api/files/s/2ttjoip0
[17:22:02] ⏱ 생성대기 시작 SRT_1040 max=120s
[17:22:18] ⏱ 생성대기 진행 15.2s SRT_1040 busy=False url_ok=False src=
[17:22:22] ⏱ 생성대기 완료 20.0s SRT_1040 https://www.genspark.ai/api/files/s/lz2anmrw
[17:22:22] ⏱ 생성대기구간 SRT_1040 20.0s · ok=True
[17:22:22] SRT_1040 근접 이미지 https://www.genspark.ai/api/files/s/lz2anmrw
[17:22:22] 다운로드 files URL=https://www.genspark.ai/api/files/s/lz2anmrw → SRT_1040.png
[17:22:23] ⏱ 다운로드 직접 0.8s size=656241 SRT_1040.png
[17:22:23] ⏱ 다운로드구간 SRT_1040 0.9s · SRT_1040.png
[17:22:25] ⏱ 다운로드후유휴 SRT_1040 1.5s · idle=True
[17:22:25] ⏱ 씬합계 SRT_1040 26.7s · https://www.genspark.ai/api/files/s/lz2anmrw
[17:22:25] SRT_1040 생성·다운로드 완료
C:\cursor\wuxia\workspace\swardmaster\2부\15장\png\SRT_1040.png
[17:22:25] 상태키 SRT_1240 · tracking=OFF; Baek|base; Jin|base
[17:22:25] run_scene 시작 SRT_1240 · seen_files=129 · last_saved=https://www.genspark.ai/api/files/s/lz2anmrw
[17:22:25] ⏱ 준비 SRT_1240 0.0s · chars=7526
[17:22:26] ⏱ 다음명령유휴 SRT_1240 1.3s · idle=True
[17:22:27] fill OK(clip) follow=True chars=7526
[17:22:27] submit 시작 composer=7526 url=https://www.genspark.ai/agents?id=77841c61-76e4-46c0-8f53-a032c19f177e
[17:22:27] submit geo 실패 hit=no-btn
[17:22:27] submit 시도 method=geo geo=False
[17:22:28] submit 미확인 method=geo generating=False composer=7526
[17:22:28] submit geo 실패 hit=no-btn
[17:22:28] submit 시도 method=send send=False
[17:22:29] submit 미확인 method=send generating=False composer=7526
[17:22:29] submit 시도 method=ctrl
[17:22:29] submit 미확인 method=ctrl generating=False composer=7528
[17:22:30] submit 시도 method=enter
[17:22:30] submit 확인 method=enter generating=False composer=0
[17:22:30] ⏱ 입력·전송 SRT_1240 4.1s · chars=7526
[17:22:30] 제출 후 last_saved=https://www.genspark.ai/api/files/s/lz2anmrw
[17:22:31] ⏱ 생성대기 시작 SRT_1240 max=120s
[17:22:44] ⏱ 생성대기 완료 13.9s SRT_1240 https://www.genspark.ai/api/files/s/yqxfaynj
[17:22:44] ⏱ 생성대기구간 SRT_1240 13.9s · ok=True
[17:22:44] SRT_1240 근접 이미지 https://www.genspark.ai/api/files/s/yqxfaynj
[17:22:44] 다운로드 files URL=https://www.genspark.ai/api/files/s/yqxfaynj → SRT_1240.png
[17:22:45] ⏱ 다운로드 직접 0.9s size=662740 SRT_1240.png
[17:22:45] ⏱ 다운로드구간 SRT_1240 0.9s · SRT_1240.png
[17:22:47] ⏱ 다운로드후유휴 SRT_1240 1.4s · idle=True
[17:22:47] ⏱ 씬합계 SRT_1240 21.8s · https://www.genspark.ai/api/files/s/yqxfaynj
[17:22:47] SRT_1240 생성·다운로드 완료
C:\cursor\wuxia\workspace\swardmaster\2부\15장\png\SRT_1240.png
[17:22:47] 상태키 SRT_1580 · tracking=OFF; Baek|base; Jin|base
[17:22:47] run_scene 시작 SRT_1580 · seen_files=130 · last_saved=https://www.genspark.ai/api/files/s/yqxfaynj
[17:22:47] ⏱ 준비 SRT_1580 0.0s · chars=4248
[17:22:48] ⏱ 다음명령유휴 SRT_1580 1.4s · idle=True
[17:22:49] fill OK(clip) follow=True chars=4248
[17:22:49] submit 시작 composer=4248 url=https://www.genspark.ai/agents?id=77841c61-76e4-46c0-8f53-a032c19f177e
[17:22:49] submit geo 실패 hit=no-btn
[17:22:49] submit 시도 method=geo geo=False
[17:22:50] submit 미확인 method=geo generating=False composer=4248
[17:22:50] submit geo 실패 hit=no-btn
[17:22:50] submit 시도 method=send send=False
[17:22:51] submit 미확인 method=send generating=False composer=4248
[17:22:51] submit 시도 method=ctrl
[17:22:52] submit 미확인 method=ctrl generating=False composer=4250
[17:22:52] submit 시도 method=enter
[17:22:52] submit 확인 method=enter generating=False composer=0
[17:22:52] ⏱ 입력·전송 SRT_1580 4.2s · chars=4248
[17:22:52] 제출 후 last_saved=https://www.genspark.ai/api/files/s/yqxfaynj
[17:22:53] ⏱ 생성대기 시작 SRT_1580 max=120s
[17:23:08] ⏱ 생성대기 진행 15.1s SRT_1580 busy=True url_ok=False src=
[17:23:15] ⏱ 생성대기 완료 22.1s SRT_1580 https://www.genspark.ai/api/files/s/mhtcwbfr
[17:23:15] ⏱ 생성대기구간 SRT_1580 22.1s · ok=True
[17:23:15] SRT_1580 근접 이미지 https://www.genspark.ai/api/files/s/mhtcwbfr
[17:23:15] 다운로드 files URL=https://www.genspark.ai/api/files/s/mhtcwbfr → SRT_1580.png
[17:23:16] ⏱ 다운로드 직접 0.9s size=613020 SRT_1580.png
[17:23:16] ⏱ 다운로드구간 SRT_1580 0.9s · SRT_1580.png
[17:23:17] ⏱ 다운로드후유휴 SRT_1580 1.4s · idle=True
[17:23:17] ⏱ 씬합계 SRT_1580 30.2s · https://www.genspark.ai/api/files/s/mhtcwbfr
[17:23:17] SRT_1580 생성·다운로드 완료
C:\cursor\wuxia\workspace\swardmaster\2부\15장\png\SRT_1580.png
[17:23:17] 상태키 SRT_1600 · tracking=OFF; Baek|base; Jin|base
[17:23:17] run_scene 시작 SRT_1600 · seen_files=131 · last_saved=https://www.genspark.ai/api/files/s/mhtcwbfr
[17:23:17] ⏱ 준비 SRT_1600 0.0s · chars=4306
[17:23:18] ⏱ 다음명령유휴 SRT_1600 1.3s · idle=True
[17:23:19] fill OK(clip) follow=True chars=4306
[17:23:19] submit 시작 composer=4306 url=https://www.genspark.ai/agents?id=77841c61-76e4-46c0-8f53-a032c19f177e
[17:23:19] submit geo 실패 hit=no-btn
[17:23:19] submit 시도 method=geo geo=False
[17:23:20] submit 미확인 method=geo generating=False composer=4306
[17:23:20] submit geo 실패 hit=no-btn
[17:23:20] submit 시도 method=send send=False
[17:23:21] submit 미확인 method=send generating=False composer=4306
[17:23:21] submit 시도 method=ctrl
[17:23:22] submit 미확인 method=ctrl generating=False composer=4308
[17:23:22] submit 시도 method=enter
[17:23:22] submit 확인 method=enter generating=False composer=0
[17:23:22] ⏱ 입력·전송 SRT_1600 4.0s · chars=4306
[17:23:22] 제출 후 last_saved=https://www.genspark.ai/api/files/s/mhtcwbfr
[17:23:23] ⏱ 생성대기 시작 SRT_1600 max=120s
[17:23:37] ⏱ 생성대기 완료 14.7s SRT_1600 https://www.genspark.ai/api/files/s/ug0ns2fd
[17:23:37] ⏱ 생성대기구간 SRT_1600 14.7s · ok=True
[17:23:37] SRT_1600 근접 이미지 https://www.genspark.ai/api/files/s/ug0ns2fd
[17:23:37] 다운로드 files URL=https://www.genspark.ai/api/files/s/ug0ns2fd → SRT_1600.png
[17:23:38] ⏱ 다운로드 직접 0.8s size=614277 SRT_1600.png
[17:23:38] ⏱ 다운로드구간 SRT_1600 0.8s · SRT_1600.png
[17:23:40] ⏱ 다운로드후유휴 SRT_1600 1.4s · idle=True
[17:23:40] ⏱ 씬합계 SRT_1600 22.4s · https://www.genspark.ai/api/files/s/ug0ns2fd
[17:23:40] SRT_1600 생성·다운로드 완료
C:\cursor\wuxia\workspace\swardmaster\2부\15장\png\SRT_1600.png
[17:23:40] 상태키 SRT_1620 · tracking=OFF; Baek|base; Jin|base
[17:23:40] run_scene 시작 SRT_1620 · seen_files=132 · last_saved=https://www.genspark.ai/api/files/s/ug0ns2fd
[17:23:40] ⏱ 준비 SRT_1620 0.0s · chars=4312
[17:23:41] ⏱ 다음명령유휴 SRT_1620 1.4s · idle=True
[17:23:42] fill OK(clip) follow=True chars=4312
[17:23:42] submit 시작 composer=4312 url=https://www.genspark.ai/agents?id=77841c61-76e4-46c0-8f53-a032c19f177e
[17:23:42] submit geo 실패 hit=no-btn
[17:23:42] submit 시도 method=geo geo=False
[17:23:43] submit 미확인 method=geo generating=False composer=4312
[17:23:43] submit geo 실패 hit=no-btn
[17:23:43] submit 시도 method=send send=False
[17:23:43] submit 미확인 method=send generating=False composer=4312
[17:23:44] submit 시도 method=ctrl
[17:23:44] submit 미확인 method=ctrl generating=False composer=4314
[17:23:45] submit 시도 method=enter
[17:23:45] submit 확인 method=enter generating=False composer=0
[17:23:45] ⏱ 입력·전송 SRT_1620 4.0s · chars=4312
[17:23:45] 제출 후 last_saved=https://www.genspark.ai/api/files/s/ug0ns2fd
[17:23:45] ⏱ 생성대기 시작 SRT_1620 max=120s
[17:24:01] ⏱ 생성대기 진행 15.4s SRT_1620 busy=False url_ok=False src=
[17:24:03] ⏱ 생성대기 완료 17.5s SRT_1620 https://www.genspark.ai/api/files/s/eyeiohit
[17:24:03] ⏱ 생성대기구간 SRT_1620 17.5s · ok=True
[17:24:03] SRT_1620 근접 이미지 https://www.genspark.ai/api/files/s/eyeiohit
[17:24:03] 다운로드 files URL=https://www.genspark.ai/api/files/s/eyeiohit → SRT_1620.png
[17:24:04] ⏱ 다운로드 직접 1.3s size=643154 SRT_1620.png
[17:24:04] ⏱ 다운로드구간 SRT_1620 1.3s · SRT_1620.png
[17:24:06] ⏱ 다운로드후유휴 SRT_1620 1.4s · idle=True
[17:24:06] ⏱ 씬합계 SRT_1620 25.9s · https://www.genspark.ai/api/files/s/eyeiohit
[17:24:06] SRT_1620 생성·다운로드 완료
C:\cursor\wuxia\workspace\swardmaster\2부\15장\png\SRT_1620.png
[17:24:06] 상태키 SRT_1640 · tracking=OFF; Baek|base; Jin|base
[17:24:06] run_scene 시작 SRT_1640 · seen_files=133 · last_saved=https://www.genspark.ai/api/files/s/eyeiohit
[17:24:06] ⏱ 준비 SRT_1640 0.0s · chars=4271
[17:24:07] ⏱ 다음명령유휴 SRT_1640 1.4s · idle=True
[17:24:08] fill OK(clip) follow=True chars=4271
[17:24:08] submit 시작 composer=4271 url=https://www.genspark.ai/agents?id=77841c61-76e4-46c0-8f53-a032c19f177e
[17:24:08] submit geo 실패 hit=no-btn
[17:24:08] submit 시도 method=geo geo=False
[17:24:09] submit 미확인 method=geo generating=False composer=4271
[17:24:09] submit geo 실패 hit=no-btn
[17:24:09] submit 시도 method=send send=False
[17:24:10] submit 미확인 method=send generating=False composer=4271
[17:24:10] submit 시도 method=ctrl
[17:24:10] submit 미확인 method=ctrl generating=False composer=4273
[17:24:11] submit 시도 method=enter
[17:24:11] submit 확인 method=enter generating=False composer=0
[17:24:11] ⏱ 입력·전송 SRT_1640 4.1s · chars=4271
[17:24:11] 제출 후 last_saved=https://www.genspark.ai/api/files/s/eyeiohit
[17:24:12] ⏱ 생성대기 시작 SRT_1640 max=120s
[17:24:27] ⏱ 생성대기 진행 15.2s SRT_1640 busy=False url_ok=False src=
[17:24:29] ⏱ 생성대기 완료 17.3s SRT_1640 https://www.genspark.ai/api/files/s/1rrzcwgw
[17:24:29] ⏱ 생성대기구간 SRT_1640 17.3s · ok=True
[17:24:29] SRT_1640 근접 이미지 https://www.genspark.ai/api/files/s/1rrzcwgw
[17:24:29] 다운로드 files URL=https://www.genspark.ai/api/files/s/1rrzcwgw → SRT_1640.png
[17:24:30] ⏱ 다운로드 직접 1.1s size=513845 SRT_1640.png
[17:24:30] ⏱ 다운로드구간 SRT_1640 1.1s · SRT_1640.png
[17:24:31] ⏱ 다운로드후유휴 SRT_1640 1.4s · idle=True
[17:24:31] ⏱ 씬합계 SRT_1640 25.6s · https://www.genspark.ai/api/files/s/1rrzcwgw
[17:24:31] SRT_1640 생성·다운로드 완료
C:\cursor\wuxia\workspace\swardmaster\2부\15장\png\SRT_1640.png
[17:24:32] 상태키 SRT_1920 · tracking=OFF; Baek|base; Jin|base
[17:24:32] run_scene 시작 SRT_1920 · seen_files=134 · last_saved=https://www.genspark.ai/api/files/s/1rrzcwgw
[17:24:32] ⏱ 준비 SRT_1920 0.0s · chars=5555
[17:24:33] ⏱ 다음명령유휴 SRT_1920 1.3s · idle=True
[17:24:34] fill OK(clip) follow=True chars=5555
[17:24:34] submit 시작 composer=5555 url=https://www.genspark.ai/agents?id=77841c61-76e4-46c0-8f53-a032c19f177e
[17:24:34] submit geo 실패 hit=no-btn
[17:24:34] submit 시도 method=geo geo=False
[17:24:34] submit 미확인 method=geo generating=False composer=5555
[17:24:35] submit geo 실패 hit=no-btn
[17:24:35] submit 시도 method=send send=False
[17:24:35] submit 미확인 method=send generating=False composer=5555
[17:24:36] submit 시도 method=ctrl
[17:24:36] submit 미확인 method=ctrl generating=False composer=5557
[17:24:36] submit 시도 method=enter
[17:24:37] submit 확인 method=enter generating=False composer=0
[17:24:37] ⏱ 입력·전송 SRT_1920 4.1s · chars=5555
[17:24:37] 제출 후 last_saved=https://www.genspark.ai/api/files/s/1rrzcwgw
[17:24:37] ⏱ 생성대기 시작 SRT_1920 max=120s
[17:24:52] ⏱ 생성대기 진행 15.1s SRT_1920 busy=False url_ok=False src=
[17:24:57] ⏱ 생성대기 완료 19.5s SRT_1920 https://www.genspark.ai/api/files/s/hcres3yq
[17:24:57] ⏱ 생성대기구간 SRT_1920 19.5s · ok=True
[17:24:57] SRT_1920 근접 이미지 https://www.genspark.ai/api/files/s/hcres3yq
[17:24:57] 다운로드 files URL=https://www.genspark.ai/api/files/s/hcres3yq → SRT_1920.png
[17:24:58] ⏱ 다운로드 직접 0.8s size=766301 SRT_1920.png
[17:24:58] ⏱ 다운로드구간 SRT_1920 0.8s · SRT_1920.png
[17:24:59] ⏱ 다운로드후유휴 SRT_1920 1.4s · idle=True
[17:24:59] ⏱ 씬합계 SRT_1920 27.5s · https://www.genspark.ai/api/files/s/hcres3yq
[17:24:59] SRT_1920 생성·다운로드 완료
C:\cursor\wuxia\workspace\swardmaster\2부\15장\png\SRT_1920.png
[17:24:59] 상태키 SRT_2000 · tracking=OFF; Baek|base; Jin|base
[17:24:59] run_scene 시작 SRT_2000 · seen_files=135 · last_saved=https://www.genspark.ai/api/files/s/hcres3yq
[17:24:59] ⏱ 준비 SRT_2000 0.0s · chars=4346
[17:25:01] ⏱ 다음명령유휴 SRT_2000 1.3s · idle=True
[17:25:01] fill OK(clip) follow=True chars=4346
[17:25:01] submit 시작 composer=4346 url=https://www.genspark.ai/agents?id=77841c61-76e4-46c0-8f53-a032c19f177e
[17:25:01] submit geo 실패 hit=no-btn
[17:25:01] submit 시도 method=geo geo=False
[17:25:02] submit 미확인 method=geo generating=False composer=4346
[17:25:02] submit geo 실패 hit=no-btn
[17:25:02] submit 시도 method=send send=False
[17:25:03] submit 미확인 method=send generating=False composer=4346
[17:25:03] submit 시도 method=ctrl
[17:25:04] submit 미확인 method=ctrl generating=False composer=4348
[17:25:04] submit 시도 method=enter
[17:25:05] submit 확인 method=enter generating=False composer=0
[17:25:05] ⏱ 입력·전송 SRT_2000 4.1s · chars=4346
[17:25:05] 제출 후 last_saved=https://www.genspark.ai/api/files/s/hcres3yq
[17:25:05] ⏱ 생성대기 시작 SRT_2000 max=120s
[17:25:20] ⏱ 생성대기 진행 15.2s SRT_2000 busy=False url_ok=False src=
[17:25:21] ⏱ 생성대기 완료 15.9s SRT_2000 https://www.genspark.ai/api/files/s/l49rcpao
[17:25:21] ⏱ 생성대기구간 SRT_2000 15.9s · ok=True
[17:25:21] SRT_2000 근접 이미지 https://www.genspark.ai/api/files/s/l49rcpao
[17:25:21] 다운로드 files URL=https://www.genspark.ai/api/files/s/l49rcpao → SRT_2000.png
[17:25:22] ⏱ 다운로드 직접 0.8s size=674097 SRT_2000.png
[17:25:22] ⏱ 다운로드구간 SRT_2000 0.8s · SRT_2000.png
[17:25:23] ⏱ 다운로드후유휴 SRT_2000 1.4s · idle=True
[17:25:23] ⏱ 씬합계 SRT_2000 23.9s · https://www.genspark.ai/api/files/s/l49rcpao
[17:25:23] SRT_2000 생성·다운로드 완료
C:\cursor\wuxia\workspace\swardmaster\2부\15장\png\SRT_2000.png
[17:25:23] 상태키 SRT_2020 · tracking=OFF; Baek|base; Jin|base
[17:25:23] run_scene 시작 SRT_2020 · seen_files=136 · last_saved=https://www.genspark.ai/api/files/s/l49rcpao
[17:25:23] ⏱ 준비 SRT_2020 0.0s · chars=5581
[17:25:25] ⏱ 다음명령유휴 SRT_2020 1.3s · idle=True
[17:25:25] fill OK(clip) follow=True chars=5581
[17:25:25] submit 시작 composer=5581 url=https://www.genspark.ai/agents?id=77841c61-76e4-46c0-8f53-a032c19f177e
[17:25:25] submit geo 실패 hit=no-btn
[17:25:25] submit 시도 method=geo geo=False
[17:25:26] submit 미확인 method=geo generating=False composer=5581
[17:25:26] submit geo 실패 hit=no-btn
[17:25:26] submit 시도 method=send send=False
[17:25:27] submit 미확인 method=send generating=False composer=5581
[17:25:27] submit 시도 method=ctrl
[17:25:28] submit 미확인 method=ctrl generating=False composer=5583
[17:25:28] submit 시도 method=enter
[17:25:29] submit 확인 method=enter generating=False composer=0
[17:25:29] ⏱ 입력·전송 SRT_2020 4.1s · chars=5581
[17:25:29] 제출 후 last_saved=https://www.genspark.ai/api/files/s/l49rcpao
[17:25:29] ⏱ 생성대기 시작 SRT_2020 max=120s
[17:25:44] ⏱ 생성대기 진행 15.3s SRT_2020 busy=False url_ok=False src=
[17:25:49] ⏱ 생성대기 완료 20.6s SRT_2020 https://www.genspark.ai/api/files/s/56w0lvay
[17:25:49] ⏱ 생성대기구간 SRT_2020 20.6s · ok=True
[17:25:49] SRT_2020 근접 이미지 https://www.genspark.ai/api/files/s/56w0lvay
[17:25:49] 다운로드 files URL=https://www.genspark.ai/api/files/s/56w0lvay → SRT_2020.png
[17:25:50] ⏱ 다운로드 직접 0.9s size=678727 SRT_2020.png
[17:25:50] ⏱ 다운로드구간 SRT_2020 1.0s · SRT_2020.png
[17:25:52] ⏱ 다운로드후유휴 SRT_2020 1.6s · idle=True
[17:25:52] ⏱ 씬합계 SRT_2020 28.8s · https://www.genspark.ai/api/files/s/56w0lvay
[17:25:52] SRT_2020 생성·다운로드 완료
C:\cursor\wuxia\workspace\swardmaster\2부\15장\png\SRT_2020.png
[17:25:52] 상태키 SRT_2040 · tracking=OFF; Baek|base; Jin|base
[17:25:52] run_scene 시작 SRT_2040 · seen_files=137 · last_saved=https://www.genspark.ai/api/files/s/56w0lvay
[17:25:52] ⏱ 준비 SRT_2040 0.0s · chars=5590
[17:25:54] ⏱ 다음명령유휴 SRT_2040 1.5s · idle=True
[17:25:55] fill OK(clip) follow=True chars=5590
[17:25:55] submit 시작 composer=5590 url=https://www.genspark.ai/agents?id=77841c61-76e4-46c0-8f53-a032c19f177e
[17:25:55] submit geo 실패 hit=no-btn
[17:25:55] submit 시도 method=geo geo=False
[17:25:55] submit 미확인 method=geo generating=False composer=5590
[17:25:56] submit geo 실패 hit=no-btn
[17:25:56] submit 시도 method=send send=False
[17:25:56] submit 미확인 method=send generating=False composer=5590
[17:25:57] submit 시도 method=ctrl
[17:25:57] submit 미확인 method=ctrl generating=False composer=5592
[17:25:58] submit 시도 method=enter
[17:25:58] submit 확인 method=enter generating=False composer=0
[17:25:58] ⏱ 입력·전송 SRT_2040 4.3s · chars=5590
[17:25:58] 제출 후 last_saved=https://www.genspark.ai/api/files/s/56w0lvay
[17:25:58] ⏱ 생성대기 시작 SRT_2040 max=120s
[17:26:14] ⏱ 생성대기 진행 15.2s SRT_2040 busy=False url_ok=False src=
[17:26:15] ⏱ 생성대기 완료 16.4s SRT_2040 https://www.genspark.ai/api/files/s/eww8iu4w
[17:26:15] ⏱ 생성대기구간 SRT_2040 16.4s · ok=True
[17:26:15] SRT_2040 근접 이미지 https://www.genspark.ai/api/files/s/eww8iu4w
[17:26:15] 다운로드 files URL=https://www.genspark.ai/api/files/s/eww8iu4w → SRT_2040.png
[17:26:16] ⏱ 다운로드 직접 1.1s size=683900 SRT_2040.png
[17:26:16] ⏱ 다운로드구간 SRT_2040 1.1s · SRT_2040.png
[17:26:17] ⏱ 다운로드후유휴 SRT_2040 1.5s · idle=True
[17:26:17] ⏱ 씬합계 SRT_2040 25.0s · https://www.genspark.ai/api/files/s/eww8iu4w
[17:26:17] SRT_2040 생성·다운로드 완료
C:\cursor\wuxia\workspace\swardmaster\2부\15장\png\SRT_2040.png
[17:26:17] 상태키 SRT_2060 · tracking=OFF; Baek|base; Jin|base
[17:26:17] run_scene 시작 SRT_2060 · seen_files=138 · last_saved=https://www.genspark.ai/api/files/s/eww8iu4w
[17:26:18] ⏱ 준비 SRT_2060 0.0s · chars=5575
[17:26:19] ⏱ 다음명령유휴 SRT_2060 1.5s · idle=True
[17:26:20] fill OK(clip) follow=True chars=5575
[17:26:20] submit 시작 composer=5575 url=https://www.genspark.ai/agents?id=77841c61-76e4-46c0-8f53-a032c19f177e
[17:26:20] submit geo 실패 hit=no-btn
[17:26:20] submit 시도 method=geo geo=False
[17:26:20] submit 미확인 method=geo generating=False composer=5575
[17:26:21] submit geo 실패 hit=no-btn
[17:26:21] submit 시도 method=send send=False
[17:26:21] submit 미확인 method=send generating=False composer=5575
[17:26:22] submit 시도 method=ctrl
[17:26:22] submit 미확인 method=ctrl generating=False composer=5577
[17:26:22] submit 시도 method=enter
[17:26:23] submit 확인 method=enter generating=False composer=0
[17:26:23] ⏱ 입력·전송 SRT_2060 4.1s · chars=5575
[17:26:23] 제출 후 last_saved=https://www.genspark.ai/api/files/s/eww8iu4w
[17:26:23] ⏱ 생성대기 시작 SRT_2060 max=120s
[17:26:38] ⏱ 생성대기 진행 15.1s SRT_2060 busy=False url_ok=False src=
[17:26:41] ⏱ 생성대기 완료 18.1s SRT_2060 https://www.genspark.ai/api/files/s/pak8vqug
[17:26:41] ⏱ 생성대기구간 SRT_2060 18.1s · ok=True
[17:26:41] SRT_2060 근접 이미지 https://www.genspark.ai/api/files/s/pak8vqug
[17:26:41] 다운로드 files URL=https://www.genspark.ai/api/files/s/pak8vqug → SRT_2060.png
[17:26:42] ⏱ 다운로드 직접 0.8s size=688291 SRT_2060.png
[17:26:42] ⏱ 다운로드구간 SRT_2060 0.8s · SRT_2060.png
[17:26:44] ⏱ 다운로드후유휴 SRT_2060 1.5s · idle=True
[17:26:44] ⏱ 씬합계 SRT_2060 26.1s · https://www.genspark.ai/api/files/s/pak8vqug
[17:26:44] SRT_2060 생성·다운로드 완료
C:\cursor\wuxia\workspace\swardmaster\2부\15장\png\SRT_2060.png
[17:26:44] 상태키 SRT_2080 · tracking=OFF; Baek|base; Jin|base
[17:26:44] run_scene 시작 SRT_2080 · seen_files=139 · last_saved=https://www.genspark.ai/api/files/s/pak8vqug
[17:26:44] ⏱ 준비 SRT_2080 0.0s · chars=6584
[17:26:45] ⏱ 다음명령유휴 SRT_2080 1.4s · idle=True
[17:26:46] fill OK(clip) follow=True chars=6584
[17:26:46] submit 시작 composer=6584 url=https://www.genspark.ai/agents?id=77841c61-76e4-46c0-8f53-a032c19f177e
[17:26:46] submit geo 실패 hit=no-btn
[17:26:46] submit 시도 method=geo geo=False
[17:26:47] submit 미확인 method=geo generating=False composer=6584
[17:26:47] submit geo 실패 hit=no-btn
[17:26:47] submit 시도 method=send send=False
[17:26:48] submit 미확인 method=send generating=False composer=6584
[17:26:48] submit 시도 method=ctrl
[17:26:49] submit 미확인 method=ctrl generating=False composer=6586
[17:26:49] submit 시도 method=enter
[17:26:49] submit 확인 method=enter generating=False composer=0
[17:26:49] ⏱ 입력·전송 SRT_2080 4.2s · chars=6584
[17:26:49] 제출 후 last_saved=https://www.genspark.ai/api/files/s/pak8vqug
[17:26:50] ⏱ 생성대기 시작 SRT_2080 max=120s
[17:27:05] ⏱ 생성대기 진행 15.2s SRT_2080 busy=True url_ok=False src=
[17:27:14] ⏱ 생성대기 완료 23.9s SRT_2080 https://www.genspark.ai/api/files/s/tzv2n3iu
[17:27:14] ⏱ 생성대기구간 SRT_2080 23.9s · ok=True
[17:27:14] SRT_2080 근접 이미지 https://www.genspark.ai/api/files/s/tzv2n3iu
[17:27:14] 다운로드 files URL=https://www.genspark.ai/api/files/s/tzv2n3iu → SRT_2080.png
[17:27:15] ⏱ 다운로드 직접 1.0s size=708684 SRT_2080.png
[17:27:15] ⏱ 다운로드구간 SRT_2080 1.1s · SRT_2080.png
[17:27:16] ⏱ 다운로드후유휴 SRT_2080 1.4s · idle=True
[17:27:16] ⏱ 씬합계 SRT_2080 32.2s · https://www.genspark.ai/api/files/s/tzv2n3iu
[17:27:16] SRT_2080 생성·다운로드 완료
C:\cursor\wuxia\workspace\swardmaster\2부\15장\png\SRT_2080.png
[17:27:16] 상태키 SRT_2100 · tracking=OFF; Baek|base; Jin|base
[17:27:16] run_scene 시작 SRT_2100 · seen_files=140 · last_saved=https://www.genspark.ai/api/files/s/tzv2n3iu
[17:27:16] ⏱ 준비 SRT_2100 0.0s · chars=5549
[17:27:18] ⏱ 다음명령유휴 SRT_2100 1.4s · idle=True
[17:27:18] fill OK(clip) follow=True chars=5549
[17:27:18] submit 시작 composer=5549 url=https://www.genspark.ai/agents?id=77841c61-76e4-46c0-8f53-a032c19f177e
[17:27:18] submit geo 실패 hit=no-btn
[17:27:18] submit 시도 method=geo geo=False
[17:27:19] submit 미확인 method=geo generating=False composer=5549
[17:27:19] submit geo 실패 hit=no-btn
[17:27:19] submit 시도 method=send send=False
[17:27:20] submit 미확인 method=send generating=False composer=5549
[17:27:20] submit 시도 method=ctrl
[17:27:21] submit 미확인 method=ctrl generating=False composer=5551
[17:27:21] submit 시도 method=enter
[17:27:22] submit 확인 method=enter generating=False composer=0
[17:27:22] ⏱ 입력·전송 SRT_2100 4.0s · chars=5549
[17:27:22] 제출 후 last_saved=https://www.genspark.ai/api/files/s/tzv2n3iu
[17:27:22] ⏱ 생성대기 시작 SRT_2100 max=120s
[17:27:37] ⏱ 생성대기 진행 15.3s SRT_2100 busy=False url_ok=False src=
[17:27:43] ⏱ 생성대기 완료 20.7s SRT_2100 https://www.genspark.ai/api/files/s/agudirbw
[17:27:43] ⏱ 생성대기구간 SRT_2100 20.7s · ok=True
[17:27:43] SRT_2100 근접 이미지 https://www.genspark.ai/api/files/s/agudirbw
[17:27:43] 다운로드 files URL=https://www.genspark.ai/api/files/s/agudirbw → SRT_2100.png
[17:27:43] ⏱ 다운로드 직접 0.9s size=489307 SRT_2100.png
[17:27:43] ⏱ 다운로드구간 SRT_2100 0.9s · SRT_2100.png
[17:27:45] ⏱ 다운로드후유휴 SRT_2100 1.4s · idle=True
[17:27:45] ⏱ 씬합계 SRT_2100 28.7s · https://www.genspark.ai/api/files/s/agudirbw
[17:27:45] SRT_2100 생성·다운로드 완료
C:\cursor\wuxia\workspace\swardmaster\2부\15장\png\SRT_2100.png
[17:27:45] 상태키 SRT_2120 · tracking=OFF; Baek|base; Jin|base
[17:27:45] run_scene 시작 SRT_2120 · seen_files=141 · last_saved=https://www.genspark.ai/api/files/s/agudirbw
[17:27:45] ⏱ 준비 SRT_2120 0.0s · chars=5730
[17:27:46] ⏱ 다음명령유휴 SRT_2120 1.4s · idle=True
[17:27:47] fill OK(clip) follow=True chars=5730
[17:27:47] submit 시작 composer=5730 url=https://www.genspark.ai/agents?id=77841c61-76e4-46c0-8f53-a032c19f177e
[17:27:47] submit geo 실패 hit=no-btn
[17:27:47] submit 시도 method=geo geo=False
[17:27:48] submit 미확인 method=geo generating=False composer=5730
[17:27:48] submit geo 실패 hit=no-btn
[17:27:48] submit 시도 method=send send=False
[17:27:49] submit 미확인 method=send generating=False composer=5730
[17:27:49] submit 시도 method=ctrl
[17:27:50] submit 미확인 method=ctrl generating=False composer=5732
[17:27:50] submit 시도 method=enter
[17:27:50] submit 확인 method=enter generating=False composer=0
[17:27:50] ⏱ 입력·전송 SRT_2120 4.0s · chars=5730
[17:27:50] 제출 후 last_saved=https://www.genspark.ai/api/files/s/agudirbw
[17:27:51] ⏱ 생성대기 시작 SRT_2120 max=120s
[17:28:06] ⏱ 생성대기 진행 15.2s SRT_2120 busy=False url_ok=False src=
[17:28:09] ⏱ 생성대기 완료 18.3s SRT_2120 https://www.genspark.ai/api/files/s/eo98xmof
[17:28:09] ⏱ 생성대기구간 SRT_2120 18.3s · ok=True
[17:28:09] SRT_2120 근접 이미지 https://www.genspark.ai/api/files/s/eo98xmof
[17:28:09] 다운로드 files URL=https://www.genspark.ai/api/files/s/eo98xmof → SRT_2120.png
[17:28:10] ⏱ 다운로드 직접 0.8s size=504829 SRT_2120.png
[17:28:10] ⏱ 다운로드구간 SRT_2120 0.8s · SRT_2120.png
[17:28:11] ⏱ 다운로드후유휴 SRT_2120 1.3s · idle=True
[17:28:11] ⏱ 씬합계 SRT_2120 26.2s · https://www.genspark.ai/api/files/s/eo98xmof
[17:28:11] SRT_2120 생성·다운로드 완료
C:\cursor\wuxia\workspace\swardmaster\2부\15장\png\SRT_2120.png
[17:28:11] 상태키 SRT_2140 · tracking=OFF; Baek|base; Jin|base
[17:28:11] run_scene 시작 SRT_2140 · seen_files=142 · last_saved=https://www.genspark.ai/api/files/s/eo98xmof
[17:28:11] ⏱ 준비 SRT_2140 0.0s · chars=4285
[17:28:13] ⏱ 다음명령유휴 SRT_2140 1.4s · idle=True
[17:28:14] fill OK(clip) follow=True chars=4285
[17:28:14] submit 시작 composer=4285 url=https://www.genspark.ai/agents?id=77841c61-76e4-46c0-8f53-a032c19f177e
[17:28:14] submit geo 실패 hit=no-btn
[17:28:14] submit 시도 method=geo geo=False
[17:28:14] submit 미확인 method=geo generating=False composer=4285
[17:28:15] submit geo 실패 hit=no-btn
[17:28:15] submit 시도 method=send send=False
[17:28:15] submit 미확인 method=send generating=False composer=4285
[17:28:15] submit 시도 method=ctrl
[17:28:16] submit 미확인 method=ctrl generating=False composer=4287
[17:28:16] submit 시도 method=enter
[17:28:17] submit 확인 method=enter generating=False composer=0
[17:28:17] ⏱ 입력·전송 SRT_2140 4.1s · chars=4285
[17:28:17] 제출 후 last_saved=https://www.genspark.ai/api/files/s/eo98xmof
[17:28:17] ⏱ 생성대기 시작 SRT_2140 max=120s
[17:28:32] ⏱ 생성대기 진행 15.3s SRT_2140 busy=False url_ok=False src=
[17:28:34] ⏱ 생성대기 완료 16.5s SRT_2140 https://www.genspark.ai/api/files/s/oenoy2ez
[17:28:34] ⏱ 생성대기구간 SRT_2140 16.5s · ok=True
[17:28:34] SRT_2140 근접 이미지 https://www.genspark.ai/api/files/s/oenoy2ez
[17:28:34] 다운로드 files URL=https://www.genspark.ai/api/files/s/oenoy2ez → SRT_2140.png
[17:28:35] ⏱ 다운로드 직접 1.0s size=498918 SRT_2140.png
[17:28:35] ⏱ 다운로드구간 SRT_2140 1.1s · SRT_2140.png
[17:28:36] ⏱ 다운로드후유휴 SRT_2140 1.4s · idle=True
[17:28:36] ⏱ 씬합계 SRT_2140 24.7s · https://www.genspark.ai/api/files/s/oenoy2ez
[17:28:36] SRT_2140 생성·다운로드 완료
C:\cursor\wuxia\workspace\swardmaster\2부\15장\png\SRT_2140.png
[17:28:36] 상태키 SRT_2160 · tracking=OFF; Baek|base; Jin|base
[17:28:36] run_scene 시작 SRT_2160 · seen_files=143 · last_saved=https://www.genspark.ai/api/files/s/oenoy2ez
[17:28:36] ⏱ 준비 SRT_2160 0.0s · chars=4329
[17:28:38] ⏱ 다음명령유휴 SRT_2160 1.4s · idle=True
[17:28:38] fill OK(clip) follow=True chars=4329
[17:28:38] submit 시작 composer=4329 url=https://www.genspark.ai/agents?id=77841c61-76e4-46c0-8f53-a032c19f177e
[17:28:38] submit geo 실패 hit=no-btn
[17:28:38] submit 시도 method=geo geo=False
[17:28:39] submit 미확인 method=geo generating=False composer=4329
[17:28:39] submit geo 실패 hit=no-btn
[17:28:39] submit 시도 method=send send=False
[17:28:40] submit 미확인 method=send generating=False composer=4329
[17:28:40] submit 시도 method=ctrl
[17:28:41] submit 미확인 method=ctrl generating=False composer=4331
[17:28:41] submit 시도 method=enter
[17:28:42] submit 확인 method=enter generating=False composer=0
[17:28:42] ⏱ 입력·전송 SRT_2160 4.2s · chars=4329
[17:28:42] 제출 후 last_saved=https://www.genspark.ai/api/files/s/oenoy2ez
[17:28:42] ⏱ 생성대기 시작 SRT_2160 max=120s
[17:28:57] ⏱ 생성대기 진행 15.1s SRT_2160 busy=False url_ok=True src=https://www.genspark.ai/api/files/s/cmdiwote
[17:28:57] ⏱ 생성대기 완료 15.3s SRT_2160 https://www.genspark.ai/api/files/s/cmdiwote
[17:28:57] ⏱ 생성대기구간 SRT_2160 15.3s · ok=True
[17:28:57] SRT_2160 근접 이미지 https://www.genspark.ai/api/files/s/cmdiwote
[17:28:57] 다운로드 files URL=https://www.genspark.ai/api/files/s/cmdiwote → SRT_2160.png
[17:28:58] ⏱ 다운로드 직접 0.7s size=446973 SRT_2160.png
[17:28:58] ⏱ 다운로드구간 SRT_2160 0.7s · SRT_2160.png
[17:29:00] ⏱ 다운로드후유휴 SRT_2160 1.5s · idle=True
[17:29:00] ⏱ 씬합계 SRT_2160 23.4s · https://www.genspark.ai/api/files/s/cmdiwote
[17:29:00] SRT_2160 생성·다운로드 완료
C:\cursor\wuxia\workspace\swardmaster\2부\15장\png\SRT_2160.png
[17:29:00] 상태키 SRT_2180 · tracking=OFF; Baek|base; Jin|base
[17:29:00] run_scene 시작 SRT_2180 · seen_files=144 · last_saved=https://www.genspark.ai/api/files/s/cmdiwote
[17:29:00] ⏱ 준비 SRT_2180 0.0s · chars=4303
[17:29:01] ⏱ 다음명령유휴 SRT_2180 1.5s · idle=True
[17:29:02] fill OK(clip) follow=True chars=4303
[17:29:02] submit 시작 composer=4303 url=https://www.genspark.ai/agents?id=77841c61-76e4-46c0-8f53-a032c19f177e
[17:29:02] submit geo 실패 hit=no-btn
[17:29:02] submit 시도 method=geo geo=False
[17:29:03] submit 미확인 method=geo generating=False composer=4303
[17:29:03] submit geo 실패 hit=no-btn
[17:29:03] submit 시도 method=send send=False
[17:29:04] submit 미확인 method=send generating=False composer=4303
[17:29:04] submit 시도 method=ctrl
[17:29:05] submit 미확인 method=ctrl generating=False composer=4305
[17:29:05] submit 시도 method=enter
[17:29:06] submit 확인 method=enter generating=False composer=0
[17:29:06] ⏱ 입력·전송 SRT_2180 4.3s · chars=4303
[17:29:06] 제출 후 last_saved=https://www.genspark.ai/api/files/s/cmdiwote
[17:29:06] ⏱ 생성대기 시작 SRT_2180 max=120s
[17:29:21] ⏱ 생성대기 진행 15.3s SRT_2180 busy=False url_ok=False src=
[17:29:24] ⏱ 생성대기 완료 17.9s SRT_2180 https://www.genspark.ai/api/files/s/d2de0641
[17:29:24] ⏱ 생성대기구간 SRT_2180 17.9s · ok=True
[17:29:24] SRT_2180 근접 이미지 https://www.genspark.ai/api/files/s/d2de0641
[17:29:24] 다운로드 files URL=https://www.genspark.ai/api/files/s/d2de0641 → SRT_2180.png
[17:29:25] ⏱ 다운로드 직접 1.0s size=532947 SRT_2180.png
[17:29:25] ⏱ 다운로드구간 SRT_2180 1.0s · SRT_2180.png
[17:29:26] ⏱ 다운로드후유휴 SRT_2180 1.4s · idle=True
[17:29:26] ⏱ 씬합계 SRT_2180 26.3s · https://www.genspark.ai/api/files/s/d2de0641
[17:29:26] SRT_2180 생성·다운로드 완료
C:\cursor\wuxia\workspace\swardmaster\2부\15장\png\SRT_2180.png
[17:29:26] 상태키 SRT_2200 · tracking=OFF; Baek|base; Jin|base
[17:29:26] run_scene 시작 SRT_2200 · seen_files=145 · last_saved=https://www.genspark.ai/api/files/s/d2de0641
[17:29:26] ⏱ 준비 SRT_2200 0.0s · chars=4296
[17:29:28] ⏱ 다음명령유휴 SRT_2200 1.3s · idle=True
[17:29:28] fill OK(clip) follow=True chars=4296
[17:29:28] submit 시작 composer=4296 url=https://www.genspark.ai/agents?id=77841c61-76e4-46c0-8f53-a032c19f177e
[17:29:28] submit geo 실패 hit=no-btn
[17:29:28] submit 시도 method=geo geo=False
[17:29:29] submit 미확인 method=geo generating=False composer=4296
[17:29:29] submit geo 실패 hit=no-btn
[17:29:29] submit 시도 method=send send=False
[17:29:30] submit 미확인 method=send generating=False composer=4296
[17:29:30] submit 시도 method=ctrl
[17:29:31] submit 미확인 method=ctrl generating=False composer=4298
[17:29:31] submit 시도 method=enter
[17:29:32] submit 확인 method=enter generating=False composer=0
[17:29:32] ⏱ 입력·전송 SRT_2200 4.2s · chars=4296
[17:29:32] 제출 후 last_saved=https://www.genspark.ai/api/files/s/d2de0641
[17:29:32] ⏱ 생성대기 시작 SRT_2200 max=120s
[17:29:47] ⏱ 생성대기 진행 15.2s SRT_2200 busy=True url_ok=False src=
[17:29:53] ⏱ 생성대기 완료 20.5s SRT_2200 https://www.genspark.ai/api/files/s/5axm1muy
[17:29:53] ⏱ 생성대기구간 SRT_2200 20.5s · ok=True
[17:29:53] SRT_2200 근접 이미지 https://www.genspark.ai/api/files/s/5axm1muy
[17:29:53] 다운로드 files URL=https://www.genspark.ai/api/files/s/5axm1muy → SRT_2200.png
[17:29:54] ⏱ 다운로드 직접 1.3s size=619587 SRT_2200.png
[17:29:54] ⏱ 다운로드구간 SRT_2200 1.3s · SRT_2200.png
[17:29:55] ⏱ 다운로드후유휴 SRT_2200 1.4s · idle=True
[17:29:55] ⏱ 씬합계 SRT_2200 29.0s · https://www.genspark.ai/api/files/s/5axm1muy
[17:29:55] SRT_2200 생성·다운로드 완료
C:\cursor\wuxia\workspace\swardmaster\2부\15장\png\SRT_2200.png
[17:29:55] 상태키 SRT_2220 · tracking=OFF; Baek|base; Jin|base
[17:29:55] run_scene 시작 SRT_2220 · seen_files=146 · last_saved=https://www.genspark.ai/api/files/s/5axm1muy
[17:29:55] ⏱ 준비 SRT_2220 0.0s · chars=4320
[17:29:57] ⏱ 다음명령유휴 SRT_2220 1.3s · idle=True
[17:29:57] fill OK(clip) follow=True chars=4320
[17:29:57] submit 시작 composer=4320 url=https://www.genspark.ai/agents?id=77841c61-76e4-46c0-8f53-a032c19f177e
[17:29:58] submit geo 실패 hit=no-btn
[17:29:58] submit 시도 method=geo geo=False
[17:29:58] submit 미확인 method=geo generating=False composer=4320
[17:29:58] submit geo 실패 hit=no-btn
[17:29:58] submit 시도 method=send send=False
[17:29:59] submit 미확인 method=send generating=False composer=4320
[17:29:59] submit 시도 method=ctrl
[17:30:00] submit 미확인 method=ctrl generating=False composer=4322
[17:30:00] submit 시도 method=enter
[17:30:01] submit 확인 method=enter generating=False composer=0
[17:30:01] ⏱ 입력·전송 SRT_2220 4.1s · chars=4320
[17:30:01] 제출 후 last_saved=https://www.genspark.ai/api/files/s/5axm1muy
[17:30:01] ⏱ 생성대기 시작 SRT_2220 max=120s
[17:30:16] ⏱ 생성대기 진행 15.1s SRT_2220 busy=False url_ok=False src=
[17:30:18] ⏱ 생성대기 완료 17.2s SRT_2220 https://www.genspark.ai/api/files/s/qgy0uomz
[17:30:18] ⏱ 생성대기구간 SRT_2220 17.2s · ok=True
[17:30:18] SRT_2220 근접 이미지 https://www.genspark.ai/api/files/s/qgy0uomz
[17:30:18] 다운로드 files URL=https://www.genspark.ai/api/files/s/qgy0uomz → SRT_2220.png
[17:30:19] ⏱ 다운로드 직접 0.9s size=620011 SRT_2220.png
[17:30:19] ⏱ 다운로드구간 SRT_2220 1.0s · SRT_2220.png
[17:30:21] ⏱ 다운로드후유휴 SRT_2220 1.4s · idle=True
[17:30:21] ⏱ 씬합계 SRT_2220 25.2s · https://www.genspark.ai/api/files/s/qgy0uomz
[17:30:21] SRT_2220 생성·다운로드 완료
C:\cursor\wuxia\workspace\swardmaster\2부\15장\png\SRT_2220.png
[17:30:21] 상태키 SRT_2240 · tracking=OFF; Baek|base; Jin|base
[17:30:21] run_scene 시작 SRT_2240 · seen_files=147 · last_saved=https://www.genspark.ai/api/files/s/qgy0uomz
[17:30:21] ⏱ 준비 SRT_2240 0.0s · chars=4267
[17:30:22] ⏱ 다음명령유휴 SRT_2240 1.3s · idle=True
[17:30:23] fill OK(clip) follow=True chars=4267
[17:30:23] submit 시작 composer=4267 url=https://www.genspark.ai/agents?id=77841c61-76e4-46c0-8f53-a032c19f177e
[17:30:23] submit geo 실패 hit=no-btn
[17:30:23] submit 시도 method=geo geo=False
[17:30:24] submit 미확인 method=geo generating=False composer=4267
[17:30:24] submit geo 실패 hit=no-btn
[17:30:24] submit 시도 method=send send=False
[17:30:24] submit 미확인 method=send generating=False composer=4267
[17:30:25] submit 시도 method=ctrl
[17:30:25] submit 미확인 method=ctrl generating=False composer=4269
[17:30:26] submit 시도 method=enter
[17:30:26] submit 확인 method=enter generating=False composer=0
[17:30:26] ⏱ 입력·전송 SRT_2240 3.9s · chars=4267
[17:30:26] 제출 후 last_saved=https://www.genspark.ai/api/files/s/qgy0uomz
[17:30:26] ⏱ 생성대기 시작 SRT_2240 max=120s
[17:30:42] ⏱ 생성대기 진행 15.2s SRT_2240 busy=False url_ok=False src=
[17:30:45] ⏱ 생성대기 완료 18.8s SRT_2240 https://www.genspark.ai/api/files/s/wltlkzas
[17:30:45] ⏱ 생성대기구간 SRT_2240 18.8s · ok=True
[17:30:45] SRT_2240 근접 이미지 https://www.genspark.ai/api/files/s/wltlkzas
[17:30:45] 다운로드 files URL=https://www.genspark.ai/api/files/s/wltlkzas → SRT_2240.png
[17:30:46] ⏱ 다운로드 직접 0.8s size=677230 SRT_2240.png
[17:30:46] ⏱ 다운로드구간 SRT_2240 0.8s · SRT_2240.png
[17:30:47] ⏱ 다운로드후유휴 SRT_2240 1.3s · idle=True
[17:30:47] ⏱ 씬합계 SRT_2240 26.4s · https://www.genspark.ai/api/files/s/wltlkzas
[17:30:47] SRT_2240 생성·다운로드 완료
C:\cursor\wuxia\workspace\swardmaster\2부\15장\png\SRT_2240.png
[17:30:47] 상태키 SRT_2260 · tracking=OFF; Baek|base; Jin|base
[17:30:47] run_scene 시작 SRT_2260 · seen_files=148 · last_saved=https://www.genspark.ai/api/files/s/wltlkzas
[17:30:47] ⏱ 준비 SRT_2260 0.0s · chars=4320
[17:30:49] ⏱ 다음명령유휴 SRT_2260 1.3s · idle=True
[17:30:49] fill OK(clip) follow=True chars=4320
[17:30:49] submit 시작 composer=4320 url=https://www.genspark.ai/agents?id=77841c61-76e4-46c0-8f53-a032c19f177e
[17:30:50] submit geo 실패 hit=no-btn
[17:30:50] submit 시도 method=geo geo=False
[17:30:50] submit 미확인 method=geo generating=False composer=4320
[17:30:50] submit geo 실패 hit=no-btn
[17:30:50] submit 시도 method=send send=False
[17:30:51] submit 미확인 method=send generating=False composer=4320
[17:30:51] submit 시도 method=ctrl
[17:30:52] submit 미확인 method=ctrl generating=False composer=4322
[17:30:52] submit 시도 method=enter
[17:30:53] submit 확인 method=enter generating=False composer=0
[17:30:53] ⏱ 입력·전송 SRT_2260 4.0s · chars=4320
[17:30:53] 제출 후 last_saved=https://www.genspark.ai/api/files/s/wltlkzas
[17:30:53] ⏱ 생성대기 시작 SRT_2260 max=120s
[17:31:08] ⏱ 생성대기 진행 15.3s SRT_2260 busy=False url_ok=False src=
[17:31:11] ⏱ 생성대기 완료 17.9s SRT_2260 https://www.genspark.ai/api/files/s/slnyzdip
[17:31:11] ⏱ 생성대기구간 SRT_2260 17.9s · ok=True
[17:31:11] SRT_2260 근접 이미지 https://www.genspark.ai/api/files/s/slnyzdip
[17:31:11] 다운로드 files URL=https://www.genspark.ai/api/files/s/slnyzdip → SRT_2260.png
[17:31:12] ⏱ 다운로드 직접 0.9s size=705383 SRT_2260.png
[17:31:12] ⏱ 다운로드구간 SRT_2260 0.9s · SRT_2260.png
[17:31:13] ⏱ 다운로드후유휴 SRT_2260 1.3s · idle=True
[17:31:13] ⏱ 씬합계 SRT_2260 25.8s · https://www.genspark.ai/api/files/s/slnyzdip
[17:31:13] SRT_2260 생성·다운로드 완료
C:\cursor\wuxia\workspace\swardmaster\2부\15장\png\SRT_2260.png
[17:31:13] 상태키 SRT_2280 · tracking=OFF; Baek|base; Jin|base
[17:31:13] run_scene 시작 SRT_2280 · seen_files=149 · last_saved=https://www.genspark.ai/api/files/s/slnyzdip
[17:31:13] ⏱ 준비 SRT_2280 0.0s · chars=4298
[17:31:15] ⏱ 다음명령유휴 SRT_2280 1.4s · idle=True
[17:31:16] fill OK(clip) follow=True chars=4298
[17:31:16] submit 시작 composer=4298 url=https://www.genspark.ai/agents?id=77841c61-76e4-46c0-8f53-a032c19f177e
[17:31:16] submit geo 실패 hit=no-btn
[17:31:16] submit 시도 method=geo geo=False
[17:31:16] submit 미확인 method=geo generating=False composer=4298
[17:31:17] submit geo 실패 hit=no-btn
[17:31:17] submit 시도 method=send send=False
[17:31:17] submit 미확인 method=send generating=False composer=4298
[17:31:17] submit 시도 method=ctrl
[17:31:18] submit 미확인 method=ctrl generating=False composer=4300
[17:31:18] submit 시도 method=enter
[17:31:19] submit 확인 method=enter generating=False composer=0
[17:31:19] ⏱ 입력·전송 SRT_2280 4.0s · chars=4298
[17:31:19] 제출 후 last_saved=https://www.genspark.ai/api/files/s/slnyzdip
[17:31:19] ⏱ 생성대기 시작 SRT_2280 max=120s
[17:31:34] ⏱ 생성대기 진행 15.0s SRT_2280 busy=True url_ok=False src=
[17:31:40] ⏱ 생성대기 완료 20.7s SRT_2280 https://www.genspark.ai/api/files/s/msprwomg
[17:31:40] ⏱ 생성대기구간 SRT_2280 20.7s · ok=True
[17:31:40] SRT_2280 근접 이미지 https://www.genspark.ai/api/files/s/msprwomg
[17:31:40] 다운로드 files URL=https://www.genspark.ai/api/files/s/msprwomg → SRT_2280.png
[17:31:41] ⏱ 다운로드 직접 0.8s size=726926 SRT_2280.png
[17:31:41] ⏱ 다운로드구간 SRT_2280 0.8s · SRT_2280.png
[17:31:42] ⏱ 다운로드후유휴 SRT_2280 1.4s · idle=True
[17:31:42] ⏱ 씬합계 SRT_2280 28.6s · https://www.genspark.ai/api/files/s/msprwomg
[17:31:42] SRT_2280 생성·다운로드 완료
C:\cursor\wuxia\workspace\swardmaster\2부\15장\png\SRT_2280.png
[17:31:42] 상태키 SRT_2300 · tracking=OFF; Baek|base; Jin|base
[17:31:42] run_scene 시작 SRT_2300 · seen_files=150 · last_saved=https://www.genspark.ai/api/files/s/msprwomg
[17:31:42] ⏱ 준비 SRT_2300 0.0s · chars=4298
[17:31:44] ⏱ 다음명령유휴 SRT_2300 1.4s · idle=True
[17:31:44] fill OK(clip) follow=True chars=4298
[17:31:44] submit 시작 composer=4298 url=https://www.genspark.ai/agents?id=77841c61-76e4-46c0-8f53-a032c19f177e
[17:31:44] submit geo 실패 hit=no-btn
[17:31:44] submit 시도 method=geo geo=False
[17:31:45] submit 미확인 method=geo generating=False composer=4298
[17:31:45] submit geo 실패 hit=no-btn
[17:31:45] submit 시도 method=send send=False
[17:31:46] submit 미확인 method=send generating=False composer=4298
[17:31:46] submit 시도 method=ctrl
[17:31:47] submit 미확인 method=ctrl generating=False composer=4300
[17:31:47] submit 시도 method=enter
[17:31:48] submit 확인 method=enter generating=False composer=0
[17:31:48] ⏱ 입력·전송 SRT_2300 4.1s · chars=4298
[17:31:48] 제출 후 last_saved=https://www.genspark.ai/api/files/s/msprwomg
[17:31:48] ⏱ 생성대기 시작 SRT_2300 max=120s
[17:32:03] ⏱ 생성대기 진행 15.1s SRT_2300 busy=False url_ok=False src=
[17:32:08] ⏱ 생성대기 완료 19.9s SRT_2300 https://www.genspark.ai/api/files/s/yjqfe7ah
[17:32:08] ⏱ 생성대기구간 SRT_2300 19.9s · ok=True
[17:32:08] SRT_2300 근접 이미지 https://www.genspark.ai/api/files/s/yjqfe7ah
[17:32:08] 다운로드 files URL=https://www.genspark.ai/api/files/s/yjqfe7ah → SRT_2300.png
[17:32:09] ⏱ 다운로드 직접 1.1s size=644816 SRT_2300.png
[17:32:09] ⏱ 다운로드구간 SRT_2300 1.1s · SRT_2300.png
[17:32:10] ⏱ 다운로드후유휴 SRT_2300 1.4s · idle=True
[17:32:10] ⏱ 씬합계 SRT_2300 28.2s · https://www.genspark.ai/api/files/s/yjqfe7ah
[17:32:10] SRT_2300 생성·다운로드 완료
C:\cursor\wuxia\workspace\swardmaster\2부\15장\png\SRT_2300.png
[17:32:11] 상태키 SRT_2320 · tracking=OFF; Baek|base; Jin|base
[17:32:11] run_scene 시작 SRT_2320 · seen_files=151 · last_saved=https://www.genspark.ai/api/files/s/yjqfe7ah
[17:32:11] ⏱ 준비 SRT_2320 0.0s · chars=4336
[17:32:12] ⏱ 다음명령유휴 SRT_2320 1.4s · idle=True
[17:32:13] fill OK(clip) follow=True chars=4336
[17:32:13] submit 시작 composer=4336 url=https://www.genspark.ai/agents?id=77841c61-76e4-46c0-8f53-a032c19f177e
[17:32:13] submit geo 실패 hit=no-btn
[17:32:13] submit 시도 method=geo geo=False
[17:32:13] submit 미확인 method=geo generating=False composer=4336
[17:32:14] submit geo 실패 hit=no-btn
[17:32:14] submit 시도 method=send send=False
[17:32:14] submit 미확인 method=send generating=False composer=4336
[17:32:14] submit 시도 method=ctrl
[17:32:15] submit 미확인 method=ctrl generating=False composer=4338
[17:32:15] submit 시도 method=enter
[17:32:16] submit 확인 method=enter generating=False composer=0
[17:32:16] ⏱ 입력·전송 SRT_2320 4.0s · chars=4336
[17:32:16] 제출 후 last_saved=https://www.genspark.ai/api/files/s/yjqfe7ah
[17:32:16] ⏱ 생성대기 시작 SRT_2320 max=120s
[17:32:31] ⏱ 생성대기 진행 15.2s SRT_2320 busy=False url_ok=False src=
[17:32:38] ⏱ 생성대기 완료 21.7s SRT_2320 https://www.genspark.ai/api/files/s/pyhrzfyy
[17:32:38] ⏱ 생성대기구간 SRT_2320 21.7s · ok=True
[17:32:38] SRT_2320 근접 이미지 https://www.genspark.ai/api/files/s/pyhrzfyy
[17:32:38] 다운로드 files URL=https://www.genspark.ai/api/files/s/pyhrzfyy → SRT_2320.png
[17:32:39] ⏱ 다운로드 직접 0.8s size=639193 SRT_2320.png
[17:32:39] ⏱ 다운로드구간 SRT_2320 0.8s · SRT_2320.png
[17:32:40] ⏱ 다운로드후유휴 SRT_2320 1.4s · idle=True
[17:32:40] ⏱ 씬합계 SRT_2320 29.6s · https://www.genspark.ai/api/files/s/pyhrzfyy
[17:32:40] SRT_2320 생성·다운로드 완료
C:\cursor\wuxia\workspace\swardmaster\2부\15장\png\SRT_2320.png
[17:32:40] 상태키 SRT_2340 · tracking=OFF; Baek|base; Jin|base
[17:32:40] run_scene 시작 SRT_2340 · seen_files=152 · last_saved=https://www.genspark.ai/api/files/s/pyhrzfyy
[17:32:40] ⏱ 준비 SRT_2340 0.0s · chars=5772
[17:32:42] ⏱ 다음명령유휴 SRT_2340 1.4s · idle=True
[17:32:42] fill OK(clip) follow=True chars=5772
[17:32:42] submit 시작 composer=5772 url=https://www.genspark.ai/agents?id=77841c61-76e4-46c0-8f53-a032c19f177e
[17:32:43] submit geo 실패 hit=no-btn
[17:32:43] submit 시도 method=geo geo=False
[17:32:43] submit 미확인 method=geo generating=False composer=5772
[17:32:43] submit geo 실패 hit=no-btn
[17:32:43] submit 시도 method=send send=False
[17:32:44] submit 미확인 method=send generating=False composer=5772
[17:32:44] submit 시도 method=ctrl
[17:32:45] submit 미확인 method=ctrl generating=False composer=5774
[17:32:45] submit 시도 method=enter
[17:32:46] submit 확인 method=enter generating=False composer=0
[17:32:46] ⏱ 입력·전송 SRT_2340 4.1s · chars=5772
[17:32:46] 제출 후 last_saved=https://www.genspark.ai/api/files/s/pyhrzfyy
[17:32:46] ⏱ 생성대기 시작 SRT_2340 max=120s
[17:33:01] ⏱ 생성대기 진행 15.0s SRT_2340 busy=False url_ok=False src=
[17:33:04] ⏱ 생성대기 완료 18.2s SRT_2340 https://www.genspark.ai/api/files/s/sbtx3bev
[17:33:04] ⏱ 생성대기구간 SRT_2340 18.2s · ok=True
[17:33:04] SRT_2340 근접 이미지 https://www.genspark.ai/api/files/s/sbtx3bev
[17:33:04] 다운로드 files URL=https://www.genspark.ai/api/files/s/sbtx3bev → SRT_2340.png
[17:33:05] ⏱ 다운로드 직접 0.8s size=604351 SRT_2340.png
[17:33:05] ⏱ 다운로드구간 SRT_2340 0.8s · SRT_2340.png
[17:33:06] ⏱ 다운로드후유휴 SRT_2340 1.4s · idle=True
[17:33:06] ⏱ 씬합계 SRT_2340 26.1s · https://www.genspark.ai/api/files/s/sbtx3bev
[17:33:06] SRT_2340 생성·다운로드 완료
C:\cursor\wuxia\workspace\swardmaster\2부\15장\png\SRT_2340.png
[17:33:07] 상태키 SRT_2360 · tracking=OFF; Baek|base; Jin|base
[17:33:07] run_scene 시작 SRT_2360 · seen_files=153 · last_saved=https://www.genspark.ai/api/files/s/sbtx3bev
[17:33:07] ⏱ 준비 SRT_2360 0.0s · chars=4331
[17:33:08] ⏱ 다음명령유휴 SRT_2360 1.5s · idle=True
[17:33:09] fill OK(clip) follow=True chars=4331
[17:33:09] submit 시작 composer=4331 url=https://www.genspark.ai/agents?id=77841c61-76e4-46c0-8f53-a032c19f177e
[17:33:09] submit geo 실패 hit=no-btn
[17:33:09] submit 시도 method=geo geo=False
[17:33:10] submit 미확인 method=geo generating=False composer=4331
[17:33:10] submit geo 실패 hit=no-btn
[17:33:10] submit 시도 method=send send=False
[17:33:11] submit 미확인 method=send generating=False composer=4331
[17:33:11] submit 시도 method=ctrl
[17:33:11] submit 미확인 method=ctrl generating=False composer=4333
[17:33:12] submit 시도 method=enter
[17:33:12] submit 확인 method=enter generating=False composer=0
[17:33:12] ⏱ 입력·전송 SRT_2360 4.2s · chars=4331
[17:33:12] 제출 후 last_saved=https://www.genspark.ai/api/files/s/sbtx3bev
[17:33:12] ⏱ 생성대기 시작 SRT_2360 max=120s
[17:33:28] ⏱ 생성대기 진행 15.1s SRT_2360 busy=False url_ok=False src=
[17:33:31] ⏱ 생성대기 완료 18.7s SRT_2360 https://www.genspark.ai/api/files/s/lq5tafwe
[17:33:31] ⏱ 생성대기구간 SRT_2360 18.7s · ok=True
[17:33:31] SRT_2360 근접 이미지 https://www.genspark.ai/api/files/s/lq5tafwe
[17:33:31] 다운로드 files URL=https://www.genspark.ai/api/files/s/lq5tafwe → SRT_2360.png
[17:33:32] ⏱ 다운로드 직접 0.8s size=585303 SRT_2360.png
[17:33:32] ⏱ 다운로드구간 SRT_2360 0.9s · SRT_2360.png
[17:33:33] ⏱ 다운로드후유휴 SRT_2360 1.4s · idle=True
[17:33:33] ⏱ 씬합계 SRT_2360 26.8s · https://www.genspark.ai/api/files/s/lq5tafwe
[17:33:33] SRT_2360 생성·다운로드 완료
C:\cursor\wuxia\workspace\swardmaster\2부\15장\png\SRT_2360.png
[17:33:34] 상태키 SRT_2380 · tracking=OFF; Baek|base; Jin|base
[17:33:34] run_scene 시작 SRT_2380 · seen_files=154 · last_saved=https://www.genspark.ai/api/files/s/lq5tafwe
[17:33:34] ⏱ 준비 SRT_2380 0.0s · chars=4340
[17:33:35] ⏱ 다음명령유휴 SRT_2380 1.3s · idle=True
[17:33:36] fill OK(clip) follow=True chars=4340
[17:33:36] submit 시작 composer=4340 url=https://www.genspark.ai/agents?id=77841c61-76e4-46c0-8f53-a032c19f177e
[17:33:36] submit geo 실패 hit=no-btn
[17:33:36] submit 시도 method=geo geo=False
[17:33:37] submit 미확인 method=geo generating=False composer=4340
[17:33:37] submit geo 실패 hit=no-btn
[17:33:37] submit 시도 method=send send=False
[17:33:37] submit 미확인 method=send generating=False composer=4340
[17:33:38] submit 시도 method=ctrl
[17:33:38] submit 미확인 method=ctrl generating=False composer=4342
[17:33:39] submit 시도 method=enter
[17:33:39] submit 확인 method=enter generating=False composer=0
[17:33:39] ⏱ 입력·전송 SRT_2380 4.1s · chars=4340
[17:33:39] 제출 후 last_saved=https://www.genspark.ai/api/files/s/lq5tafwe
[17:33:39] ⏱ 생성대기 시작 SRT_2380 max=120s
[17:33:55] ⏱ 생성대기 진행 15.4s SRT_2380 busy=False url_ok=False src=
[17:34:10] ⏱ 생성대기 진행 30.7s SRT_2380 busy=False url_ok=False src=
[17:34:25] ⏱ 생성대기 진행 45.8s SRT_2380 busy=False url_ok=False src=
[17:34:40] ⏱ 생성대기 진행 61.1s SRT_2380 busy=False url_ok=False src=
[17:34:56] ⏱ 생성대기 진행 76.4s SRT_2380 busy=False url_ok=False src=
[17:35:11] ⏱ 생성대기 진행 91.6s SRT_2380 busy=False url_ok=False src=
[17:35:26] ⏱ 생성대기 진행 106.7s SRT_2380 busy=False url_ok=False src=
[17:36:05] ⏱ 생성대기 시간초과 146.0s SRT_2380 (새 api/files 이미지 없음, max=120s)
[17:36:05] ⏱ 생성대기구간 SRT_2380 146.0s · ok=False
[17:36:05] run_scene 실패(재시도 없음): 새 이미지 대기 초과 (120s) — 다음 씬으로 진행
[17:36:05] SRT_2380 실패 — 다음 씬 계속
새 이미지 대기 초과 (120s) — 다음 씬으로 진행
[17:36:06] 상태키 SRT_2400 · tracking=OFF; Baek|base; Jin|base
[17:36:06] 늦은이미지 회수 실패 SRT_2380: SRT_2380 요청 아래 새 이미지가 없습니다.
[17:36:06] run_scene 시작 SRT_2400 · seen_files=154 · last_saved=https://www.genspark.ai/api/files/s/lq5tafwe
[17:36:06] ⏱ 준비 SRT_2400 0.0s · chars=4289
[17:36:07] ⏱ 다음명령유휴 SRT_2400 1.3s · idle=True
[17:36:08] fill OK(clip) follow=True chars=4289
[17:36:08] submit 시작 composer=4289 url=https://www.genspark.ai/agents?id=77841c61-76e4-46c0-8f53-a032c19f177e
[17:36:08] submit geo 실패 hit=no-btn
[17:36:08] submit 시도 method=geo geo=False
[17:36:08] submit 미확인 method=geo generating=False composer=4289
[17:36:08] submit geo 실패 hit=no-btn
[17:36:08] submit 시도 method=send send=False
[17:36:09] submit 미확인 method=send generating=False composer=4289
[17:36:09] submit 시도 method=ctrl
[17:36:10] submit 미확인 method=ctrl generating=False composer=4291
[17:36:10] submit 시도 method=enter
[17:36:11] submit 확인 method=enter generating=False composer=0
[17:36:11] ⏱ 입력·전송 SRT_2400 3.8s · chars=4289
[17:36:11] 제출 후 last_saved=https://www.genspark.ai/api/files/s/lq5tafwe
[17:36:11] ⏱ 생성대기 시작 SRT_2400 max=120s
[17:36:26] ⏱ 생성대기 진행 15.4s SRT_2400 busy=False url_ok=False src=
[17:36:36] ⏱ 생성대기 완료 24.8s SRT_2400 https://www.genspark.ai/api/files/s/odg8ca8u
[17:36:36] ⏱ 생성대기구간 SRT_2400 24.8s · ok=True
[17:36:36] SRT_2400 근접 이미지 https://www.genspark.ai/api/files/s/odg8ca8u
[17:36:36] 다운로드 files URL=https://www.genspark.ai/api/files/s/odg8ca8u → SRT_2400.png
[17:36:37] ⏱ 다운로드 직접 0.8s size=654567 SRT_2400.png
[17:36:37] ⏱ 다운로드구간 SRT_2400 0.9s · SRT_2400.png
[17:36:38] ⏱ 다운로드후유휴 SRT_2400 1.5s · idle=True
[17:36:38] ⏱ 씬합계 SRT_2400 32.5s · https://www.genspark.ai/api/files/s/odg8ca8u
[17:36:38] SRT_2400 생성·다운로드 완료
C:\cursor\wuxia\workspace\swardmaster\2부\15장\png\SRT_2400.png
[17:36:38] 상태키 SRT_2420 · tracking=OFF; Baek|base; Jin|base
[17:36:38] 늦은이미지 회수 실패 SRT_2380: SRT_2380 요청 아래 새 이미지가 없습니다.
[17:36:38] run_scene 시작 SRT_2420 · seen_files=155 · last_saved=https://www.genspark.ai/api/files/s/odg8ca8u
[17:36:38] ⏱ 준비 SRT_2420 0.0s · chars=5571
[17:36:40] ⏱ 다음명령유휴 SRT_2420 1.3s · idle=True
[17:36:40] fill OK(clip) follow=True chars=5571
[17:36:40] submit 시작 composer=5571 url=https://www.genspark.ai/agents?id=77841c61-76e4-46c0-8f53-a032c19f177e
[17:36:41] submit geo 실패 hit=no-btn
[17:36:41] submit 시도 method=geo geo=False
[17:36:41] submit 미확인 method=geo generating=False composer=5571
[17:36:41] submit geo 실패 hit=no-btn
[17:36:41] submit 시도 method=send send=False
[17:36:42] submit 미확인 method=send generating=False composer=5571
[17:36:42] submit 시도 method=ctrl
[17:36:43] submit 미확인 method=ctrl generating=False composer=5573
[17:36:43] submit 시도 method=enter
[17:36:44] submit 확인 method=enter generating=False composer=0
[17:36:44] ⏱ 입력·전송 SRT_2420 4.2s · chars=5571
[17:36:44] 제출 후 last_saved=https://www.genspark.ai/api/files/s/odg8ca8u
[17:36:44] ⏱ 생성대기 시작 SRT_2420 max=120s
[17:37:00] ⏱ 생성대기 진행 15.6s SRT_2420 busy=False url_ok=False src=
[17:37:07] ⏱ 생성대기 완료 23.1s SRT_2420 https://www.genspark.ai/api/files/s/4ygz5lak
[17:37:07] ⏱ 생성대기구간 SRT_2420 23.1s · ok=True
[17:37:07] SRT_2420 근접 이미지 https://www.genspark.ai/api/files/s/4ygz5lak
[17:37:07] 다운로드 files URL=https://www.genspark.ai/api/files/s/4ygz5lak → SRT_2420.png
[17:37:08] ⏱ 다운로드 직접 0.9s size=672751 SRT_2420.png
[17:37:08] ⏱ 다운로드구간 SRT_2420 0.9s · SRT_2420.png
[17:37:09] ⏱ 다운로드후유휴 SRT_2420 1.4s · idle=True
[17:37:09] ⏱ 씬합계 SRT_2420 31.1s · https://www.genspark.ai/api/files/s/4ygz5lak
[17:37:09] SRT_2420 생성·다운로드 완료
C:\cursor\wuxia\workspace\swardmaster\2부\15장\png\SRT_2420.png
[17:37:10] 상태키 SRT_2440 · tracking=OFF; Baek|base; Jin|base
[17:37:10] 늦은이미지 회수 실패 SRT_2380: SRT_2380 요청 아래 새 이미지가 없습니다.
[17:37:10] run_scene 시작 SRT_2440 · seen_files=156 · last_saved=https://www.genspark.ai/api/files/s/4ygz5lak
[17:37:10] ⏱ 준비 SRT_2440 0.0s · chars=5566
[17:37:11] ⏱ 다음명령유휴 SRT_2440 1.4s · idle=True
[17:37:12] fill OK(clip) follow=True chars=5566
[17:37:12] submit 시작 composer=5566 url=https://www.genspark.ai/agents?id=77841c61-76e4-46c0-8f53-a032c19f177e
[17:37:12] submit geo 실패 hit=no-btn
[17:37:12] submit 시도 method=geo geo=False
[17:37:13] submit 미확인 method=geo generating=False composer=5566
[17:37:13] submit geo 실패 hit=no-btn
[17:37:13] submit 시도 method=send send=False
[17:37:13] submit 미확인 method=send generating=False composer=5566
[17:37:14] submit 시도 method=ctrl
[17:37:14] submit 미확인 method=ctrl generating=False composer=5568
[17:37:15] submit 시도 method=enter
[17:37:15] submit 확인 method=enter generating=False composer=0
[17:37:15] ⏱ 입력·전송 SRT_2440 4.2s · chars=5566
[17:37:15] 제출 후 last_saved=https://www.genspark.ai/api/files/s/4ygz5lak
[17:37:15] ⏱ 생성대기 시작 SRT_2440 max=120s
[17:37:30] ⏱ 생성대기 진행 15.0s SRT_2440 busy=False url_ok=False src=
[17:37:37] ⏱ 생성대기 완료 21.5s SRT_2440 https://www.genspark.ai/api/files/s/4majdkk6
[17:37:37] ⏱ 생성대기구간 SRT_2440 21.5s · ok=True
[17:37:37] SRT_2440 근접 이미지 https://www.genspark.ai/api/files/s/4majdkk6
[17:37:37] 다운로드 files URL=https://www.genspark.ai/api/files/s/4majdkk6 → SRT_2440.png
[17:37:38] ⏱ 다운로드 직접 0.8s size=672258 SRT_2440.png
[17:37:38] ⏱ 다운로드구간 SRT_2440 0.8s · SRT_2440.png
[17:37:39] ⏱ 다운로드후유휴 SRT_2440 1.4s · idle=True
[17:37:39] ⏱ 씬합계 SRT_2440 29.6s · https://www.genspark.ai/api/files/s/4majdkk6
[17:37:39] SRT_2440 생성·다운로드 완료
C:\cursor\wuxia\workspace\swardmaster\2부\15장\png\SRT_2440.png
[17:37:39] 상태키 SRT_2460 · tracking=OFF; Baek|base; Jin|base
[17:37:39] 늦은이미지 회수 실패 SRT_2380: SRT_2380 요청 아래 새 이미지가 없습니다.
[17:37:39] run_scene 시작 SRT_2460 · seen_files=157 · last_saved=https://www.genspark.ai/api/files/s/4majdkk6
[17:37:39] ⏱ 준비 SRT_2460 0.0s · chars=5517
[17:37:41] ⏱ 다음명령유휴 SRT_2460 1.5s · idle=True
[17:37:42] fill OK(clip) follow=True chars=5517
[17:37:42] submit 시작 composer=5517 url=https://www.genspark.ai/agents?id=77841c61-76e4-46c0-8f53-a032c19f177e
[17:37:42] submit geo 실패 hit=no-btn
[17:37:42] submit 시도 method=geo geo=False
[17:37:42] submit 미확인 method=geo generating=False composer=5517
[17:37:43] submit geo 실패 hit=no-btn
[17:37:43] submit 시도 method=send send=False
[17:37:43] submit 미확인 method=send generating=False composer=5517
[17:37:44] submit 시도 method=ctrl
[17:37:44] submit 미확인 method=ctrl generating=False composer=5519
[17:37:45] submit 시도 method=enter
[17:37:45] submit 확인 method=enter generating=False composer=0
[17:37:45] ⏱ 입력·전송 SRT_2460 4.1s · chars=5517
[17:37:45] 제출 후 last_saved=https://www.genspark.ai/api/files/s/4majdkk6
[17:37:45] ⏱ 생성대기 시작 SRT_2460 max=120s
[17:38:01] ⏱ 생성대기 진행 15.4s SRT_2460 busy=False url_ok=False src=
[17:38:05] ⏱ 생성대기 완료 20.1s SRT_2460 https://www.genspark.ai/api/files/s/1naue1bg
[17:38:05] ⏱ 생성대기구간 SRT_2460 20.1s · ok=True
[17:38:05] SRT_2460 근접 이미지 https://www.genspark.ai/api/files/s/1naue1bg
[17:38:05] 다운로드 files URL=https://www.genspark.ai/api/files/s/1naue1bg → SRT_2460.png
[17:38:06] ⏱ 다운로드 직접 0.8s size=666375 SRT_2460.png
[17:38:06] ⏱ 다운로드구간 SRT_2460 0.9s · SRT_2460.png
[17:38:08] ⏱ 다운로드후유휴 SRT_2460 1.4s · idle=True
[17:38:08] ⏱ 씬합계 SRT_2460 28.3s · https://www.genspark.ai/api/files/s/1naue1bg
[17:38:08] SRT_2460 생성·다운로드 완료
C:\cursor\wuxia\workspace\swardmaster\2부\15장\png\SRT_2460.png
[17:38:08] 상태키 SRT_2480 · tracking=OFF; Baek|base; Jin|base
[17:38:08] 늦은이미지 회수 실패 SRT_2380: SRT_2380 요청 아래 새 이미지가 없습니다.
[17:38:08] run_scene 시작 SRT_2480 · seen_files=158 · last_saved=https://www.genspark.ai/api/files/s/1naue1bg
[17:38:08] ⏱ 준비 SRT_2480 0.0s · chars=5518
[17:38:09] ⏱ 다음명령유휴 SRT_2480 1.4s · idle=True
[17:38:10] fill OK(clip) follow=True chars=5518
[17:38:10] submit 시작 composer=5518 url=https://www.genspark.ai/agents?id=77841c61-76e4-46c0-8f53-a032c19f177e
[17:38:10] submit geo 실패 hit=no-btn
[17:38:10] submit 시도 method=geo geo=False
[17:38:11] submit 미확인 method=geo generating=False composer=5518
[17:38:11] submit geo 실패 hit=no-btn
[17:38:11] submit 시도 method=send send=False
[17:38:12] submit 미확인 method=send generating=False composer=5518
[17:38:12] submit 시도 method=ctrl
[17:38:13] submit 미확인 method=ctrl generating=False composer=5520
[17:38:13] submit 시도 method=enter
[17:38:14] submit 확인 method=enter generating=False composer=0
[17:38:14] ⏱ 입력·전송 SRT_2480 4.2s · chars=5518
[17:38:14] 제출 후 last_saved=https://www.genspark.ai/api/files/s/1naue1bg
[17:38:14] ⏱ 생성대기 시작 SRT_2480 max=120s
[17:38:29] ⏱ 생성대기 진행 15.2s SRT_2480 busy=False url_ok=False src=
[17:38:33] ⏱ 생성대기 완료 19.2s SRT_2480 https://www.genspark.ai/api/files/s/vuachn5l
[17:38:33] ⏱ 생성대기구간 SRT_2480 19.2s · ok=True
[17:38:33] SRT_2480 근접 이미지 https://www.genspark.ai/api/files/s/vuachn5l
[17:38:33] 다운로드 files URL=https://www.genspark.ai/api/files/s/vuachn5l → SRT_2480.png
[17:38:34] ⏱ 다운로드 직접 0.9s size=675094 SRT_2480.png
[17:38:34] ⏱ 다운로드구간 SRT_2480 0.9s · SRT_2480.png
[17:38:35] ⏱ 다운로드후유휴 SRT_2480 1.4s · idle=True
[17:38:35] ⏱ 씬합계 SRT_2480 27.4s · https://www.genspark.ai/api/files/s/vuachn5l
[17:38:35] SRT_2480 생성·다운로드 완료
C:\cursor\wuxia\workspace\swardmaster\2부\15장\png\SRT_2480.png
[17:38:35] 상태키 SRT_2500 · tracking=OFF; Baek|base; Jin|base
[17:38:36] 늦은이미지 회수 실패 SRT_2380: SRT_2380 요청 아래 새 이미지가 없습니다.
[17:38:36] run_scene 시작 SRT_2500 · seen_files=159 · last_saved=https://www.genspark.ai/api/files/s/vuachn5l
[17:38:36] ⏱ 준비 SRT_2500 0.0s · chars=4289
[17:38:37] ⏱ 다음명령유휴 SRT_2500 1.4s · idle=True
[17:38:38] fill OK(clip) follow=True chars=4289
[17:38:38] submit 시작 composer=4289 url=https://www.genspark.ai/agents?id=77841c61-76e4-46c0-8f53-a032c19f177e
[17:38:38] submit geo 실패 hit=no-btn
[17:38:38] submit 시도 method=geo geo=False
[17:38:38] submit 미확인 method=geo generating=False composer=4289
[17:38:39] submit geo 실패 hit=no-btn
[17:38:39] submit 시도 method=send send=False
[17:38:39] submit 미확인 method=send generating=False composer=4289
[17:38:40] submit 시도 method=ctrl
[17:38:40] submit 미확인 method=ctrl generating=False composer=4291
[17:38:40] submit 시도 method=enter
[17:38:41] submit 확인 method=enter generating=False composer=0
[17:38:41] ⏱ 입력·전송 SRT_2500 4.2s · chars=4289
[17:38:41] 제출 후 last_saved=https://www.genspark.ai/api/files/s/vuachn5l
[17:38:41] ⏱ 생성대기 시작 SRT_2500 max=120s
[17:38:54] ⏱ 생성대기 완료 12.4s SRT_2500 https://www.genspark.ai/api/files/s/kqlwtd0l
[17:38:54] ⏱ 생성대기구간 SRT_2500 12.4s · ok=True
[17:38:54] SRT_2500 근접 이미지 https://www.genspark.ai/api/files/s/kqlwtd0l
[17:38:54] 다운로드 files URL=https://www.genspark.ai/api/files/s/kqlwtd0l → SRT_2500.png
[17:38:55] ⏱ 다운로드 직접 0.8s size=578690 SRT_2500.png
[17:38:55] ⏱ 다운로드구간 SRT_2500 0.8s · SRT_2500.png
[17:38:56] ⏱ 다운로드후유휴 SRT_2500 1.4s · idle=True
[17:38:56] ⏱ 씬합계 SRT_2500 20.5s · https://www.genspark.ai/api/files/s/kqlwtd0l
[17:38:56] SRT_2500 생성·다운로드 완료
C:\cursor\wuxia\workspace\swardmaster\2부\15장\png\SRT_2500.png
[17:38:56] 상태키 SRT_2520 · tracking=OFF; Baek|base; Jin|base
[17:38:56] 늦은이미지 회수 실패 SRT_2380: SRT_2380 요청 아래 새 이미지가 없습니다.
[17:38:56] run_scene 시작 SRT_2520 · seen_files=160 · last_saved=https://www.genspark.ai/api/files/s/kqlwtd0l
[17:38:56] ⏱ 준비 SRT_2520 0.0s · chars=5542
[17:38:58] ⏱ 다음명령유휴 SRT_2520 1.4s · idle=True
[17:38:58] fill OK(clip) follow=True chars=5542
[17:38:58] submit 시작 composer=5542 url=https://www.genspark.ai/agents?id=77841c61-76e4-46c0-8f53-a032c19f177e
[17:38:59] submit geo 실패 hit=no-btn
[17:38:59] submit 시도 method=geo geo=False
[17:38:59] submit 미확인 method=geo generating=False composer=5542
[17:38:59] submit geo 실패 hit=no-btn
[17:38:59] submit 시도 method=send send=False
[17:39:00] submit 미확인 method=send generating=False composer=5542
[17:39:00] submit 시도 method=ctrl
[17:39:01] submit 미확인 method=ctrl generating=False composer=5544
[17:39:01] submit 시도 method=enter
[17:39:02] submit 확인 method=enter generating=False composer=0
[17:39:02] ⏱ 입력·전송 SRT_2520 4.2s · chars=5542
[17:39:02] 제출 후 last_saved=https://www.genspark.ai/api/files/s/kqlwtd0l
[17:39:02] ⏱ 생성대기 시작 SRT_2520 max=120s
[17:39:17] ⏱ 생성대기 진행 15.4s SRT_2520 busy=False url_ok=False src=
[17:39:20] ⏱ 생성대기 완료 18.1s SRT_2520 https://www.genspark.ai/api/files/s/rxy4j3xe
[17:39:20] ⏱ 생성대기구간 SRT_2520 18.1s · ok=True
[17:39:20] SRT_2520 근접 이미지 https://www.genspark.ai/api/files/s/rxy4j3xe
[17:39:20] 다운로드 files URL=https://www.genspark.ai/api/files/s/rxy4j3xe → SRT_2520.png
[17:39:21] ⏱ 다운로드 직접 0.8s size=610745 SRT_2520.png
[17:39:21] ⏱ 다운로드구간 SRT_2520 0.8s · SRT_2520.png
[17:39:22] ⏱ 다운로드후유휴 SRT_2520 1.4s · idle=True
[17:39:22] ⏱ 씬합계 SRT_2520 26.1s · https://www.genspark.ai/api/files/s/rxy4j3xe
[17:39:22] SRT_2520 생성·다운로드 완료
C:\cursor\wuxia\workspace\swardmaster\2부\15장\png\SRT_2520.png
[17:39:23] 상태키 SRT_2540 · tracking=OFF; Baek|base; Jin|base
[17:39:23] 늦은이미지 회수 실패 SRT_2380: SRT_2380 요청 아래 새 이미지가 없습니다.
[17:39:23] run_scene 시작 SRT_2540 · seen_files=161 · last_saved=https://www.genspark.ai/api/files/s/rxy4j3xe
[17:39:23] ⏱ 준비 SRT_2540 0.0s · chars=5181
[17:39:24] ⏱ 다음명령유휴 SRT_2540 1.4s · idle=True
[17:39:25] fill OK(clip) follow=True chars=5181
[17:39:25] submit 시작 composer=5181 url=https://www.genspark.ai/agents?id=77841c61-76e4-46c0-8f53-a032c19f177e
[17:39:25] submit geo 실패 hit=no-btn
[17:39:25] submit 시도 method=geo geo=False
[17:39:25] submit 미확인 method=geo generating=False composer=5181
[17:39:26] submit geo 실패 hit=no-btn
[17:39:26] submit 시도 method=send send=False
[17:39:26] submit 미확인 method=send generating=False composer=5181
[17:39:27] submit 시도 method=ctrl
[17:39:27] submit 미확인 method=ctrl generating=False composer=5183
[17:39:28] submit 시도 method=enter
[17:39:28] submit 확인 method=enter generating=False composer=0
[17:39:28] ⏱ 입력·전송 SRT_2540 4.2s · chars=5181
[17:39:28] 제출 후 last_saved=https://www.genspark.ai/api/files/s/rxy4j3xe
[17:39:28] ⏱ 생성대기 시작 SRT_2540 max=120s
[17:39:44] ⏱ 생성대기 진행 15.4s SRT_2540 busy=False url_ok=False src=
[17:39:56] ⏱ 생성대기 완료 27.4s SRT_2540 https://www.genspark.ai/api/files/s/solbupbd
[17:39:56] ⏱ 생성대기구간 SRT_2540 27.4s · ok=True
[17:39:56] SRT_2540 근접 이미지 https://www.genspark.ai/api/files/s/solbupbd
[17:39:56] 다운로드 files URL=https://www.genspark.ai/api/files/s/solbupbd → SRT_2540.png
[17:39:57] ⏱ 다운로드 직접 0.8s size=563019 SRT_2540.png
[17:39:57] ⏱ 다운로드구간 SRT_2540 0.8s · SRT_2540.png
[17:39:58] ⏱ 다운로드후유휴 SRT_2540 1.4s · idle=True
[17:39:58] ⏱ 씬합계 SRT_2540 35.5s · https://www.genspark.ai/api/files/s/solbupbd
[17:39:58] SRT_2540 생성·다운로드 완료
C:\cursor\wuxia\workspace\swardmaster\2부\15장\png\SRT_2540.png
[17:39:58] 상태키 SRT_2560 · tracking=OFF; Baek|base; Jin|base
[17:39:58] 늦은이미지 회수 실패 SRT_2380: SRT_2380 요청 아래 새 이미지가 없습니다.
[17:39:58] run_scene 시작 SRT_2560 · seen_files=162 · last_saved=https://www.genspark.ai/api/files/s/solbupbd
[17:39:58] ⏱ 준비 SRT_2560 0.0s · chars=5570
[17:40:00] ⏱ 다음명령유휴 SRT_2560 1.4s · idle=True
[17:40:00] fill OK(clip) follow=True chars=5570
[17:40:00] submit 시작 composer=5570 url=https://www.genspark.ai/agents?id=77841c61-76e4-46c0-8f53-a032c19f177e
[17:40:01] submit geo 실패 hit=no-btn
[17:40:01] submit 시도 method=geo geo=False
[17:40:01] submit 미확인 method=geo generating=False composer=5570
[17:40:02] submit geo 실패 hit=no-btn
[17:40:02] submit 시도 method=send send=False
[17:40:02] submit 미확인 method=send generating=False composer=5570
[17:40:02] submit 시도 method=ctrl
[17:40:03] submit 미확인 method=ctrl generating=False composer=5572
[17:40:03] submit 시도 method=enter
[17:40:04] submit 확인 method=enter generating=False composer=0
[17:40:04] ⏱ 입력·전송 SRT_2560 4.3s · chars=5570
[17:40:04] 제출 후 last_saved=https://www.genspark.ai/api/files/s/solbupbd
[17:40:04] ⏱ 생성대기 시작 SRT_2560 max=120s
[17:40:19] ⏱ 생성대기 진행 15.0s SRT_2560 busy=False url_ok=False src=
[17:40:21] ⏱ 생성대기 완료 16.7s SRT_2560 https://www.genspark.ai/api/files/s/xtvkw9ol
[17:40:21] ⏱ 생성대기구간 SRT_2560 16.7s · ok=True
[17:40:21] SRT_2560 근접 이미지 https://www.genspark.ai/api/files/s/xtvkw9ol
[17:40:21] 다운로드 files URL=https://www.genspark.ai/api/files/s/xtvkw9ol → SRT_2560.png
[17:40:22] ⏱ 다운로드 직접 0.9s size=563525 SRT_2560.png
[17:40:22] ⏱ 다운로드구간 SRT_2560 1.0s · SRT_2560.png
[17:40:23] ⏱ 다운로드후유휴 SRT_2560 1.5s · idle=True
[17:40:23] ⏱ 씬합계 SRT_2560 25.1s · https://www.genspark.ai/api/files/s/xtvkw9ol
[17:40:23] SRT_2560 생성·다운로드 완료
C:\cursor\wuxia\workspace\swardmaster\2부\15장\png\SRT_2560.png
[17:40:24] 상태키 SRT_2580 · tracking=OFF; Baek|base; Jin|base
[17:40:24] 늦은이미지 회수 실패 SRT_2380: SRT_2380 요청 아래 새 이미지가 없습니다.
[17:40:24] run_scene 시작 SRT_2580 · seen_files=163 · last_saved=https://www.genspark.ai/api/files/s/xtvkw9ol
[17:40:24] ⏱ 준비 SRT_2580 0.0s · chars=3841
[17:40:25] ⏱ 다음명령유휴 SRT_2580 1.5s · idle=True
[17:40:26] fill OK(clip) follow=True chars=3841
[17:40:26] submit 시작 composer=3841 url=https://www.genspark.ai/agents?id=77841c61-76e4-46c0-8f53-a032c19f177e
[17:40:26] submit geo 실패 hit=no-btn
[17:40:26] submit 시도 method=geo geo=False
[17:40:26] submit 미확인 method=geo generating=False composer=3841
[17:40:27] submit geo 실패 hit=no-btn
[17:40:27] submit 시도 method=send send=False
[17:40:27] submit 미확인 method=send generating=False composer=3841
[17:40:28] submit 시도 method=ctrl
[17:40:28] submit 미확인 method=ctrl generating=False composer=3843
[17:40:29] submit 시도 method=enter
[17:40:29] submit 확인 method=enter generating=False composer=0
[17:40:29] ⏱ 입력·전송 SRT_2580 4.2s · chars=3841
[17:40:29] 제출 후 last_saved=https://www.genspark.ai/api/files/s/xtvkw9ol
[17:40:29] ⏱ 생성대기 시작 SRT_2580 max=120s
[17:40:45] ⏱ 생성대기 진행 15.4s SRT_2580 busy=False url_ok=False src=
[17:40:46] ⏱ 생성대기 완료 16.7s SRT_2580 https://www.genspark.ai/api/files/s/eafbfmhj
[17:40:46] ⏱ 생성대기구간 SRT_2580 16.7s · ok=True
[17:40:46] SRT_2580 근접 이미지 https://www.genspark.ai/api/files/s/eafbfmhj
[17:40:46] 다운로드 files URL=https://www.genspark.ai/api/files/s/eafbfmhj → SRT_2580.png
[17:40:47] ⏱ 다운로드 직접 0.9s size=484855 SRT_2580.png
[17:40:47] ⏱ 다운로드구간 SRT_2580 1.0s · SRT_2580.png
[17:40:49] ⏱ 다운로드후유휴 SRT_2580 1.4s · idle=True
[17:40:49] ⏱ 씬합계 SRT_2580 25.0s · https://www.genspark.ai/api/files/s/eafbfmhj
[17:40:49] SRT_2580 생성·다운로드 완료
C:\cursor\wuxia\workspace\swardmaster\2부\15장\png\SRT_2580.png
[17:40:49] 상태키 SRT_2600 · tracking=OFF; Baek|base; Jin|base
[17:40:49] 늦은이미지 회수 실패 SRT_2380: SRT_2380 요청 아래 새 이미지가 없습니다.
[17:40:49] run_scene 시작 SRT_2600 · seen_files=164 · last_saved=https://www.genspark.ai/api/files/s/eafbfmhj
[17:40:49] ⏱ 준비 SRT_2600 0.0s · chars=6599
[17:40:50] ⏱ 다음명령유휴 SRT_2600 1.5s · idle=True
[17:40:51] fill OK(clip) follow=True chars=6599
[17:40:51] submit 시작 composer=6599 url=https://www.genspark.ai/agents?id=77841c61-76e4-46c0-8f53-a032c19f177e
[17:40:51] submit geo 실패 hit=no-btn
[17:40:51] submit 시도 method=geo geo=False
[17:40:52] submit 미확인 method=geo generating=False composer=6599
[17:40:52] submit geo 실패 hit=no-btn
[17:40:52] submit 시도 method=send send=False
[17:40:53] submit 미확인 method=send generating=False composer=6599
[17:40:53] submit 시도 method=ctrl
[17:40:54] submit 미확인 method=ctrl generating=False composer=6601
[17:40:54] submit 시도 method=enter
[17:40:55] submit 확인 method=enter generating=False composer=0
[17:40:55] ⏱ 입력·전송 SRT_2600 4.3s · chars=6599
[17:40:55] 제출 후 last_saved=https://www.genspark.ai/api/files/s/eafbfmhj
[17:40:55] ⏱ 생성대기 시작 SRT_2600 max=120s
[17:41:10] ⏱ 생성대기 진행 15.4s SRT_2600 busy=False url_ok=False src=
[17:41:11] ⏱ 생성대기 완료 16.6s SRT_2600 https://www.genspark.ai/api/files/s/qf5yjqii
[17:41:11] ⏱ 생성대기구간 SRT_2600 16.6s · ok=True
[17:41:11] SRT_2600 근접 이미지 https://www.genspark.ai/api/files/s/qf5yjqii
[17:41:11] 다운로드 files URL=https://www.genspark.ai/api/files/s/qf5yjqii → SRT_2600.png
[17:41:12] ⏱ 다운로드 직접 0.7s size=603362 SRT_2600.png
[17:41:12] ⏱ 다운로드구간 SRT_2600 0.8s · SRT_2600.png
[17:41:14] ⏱ 다운로드후유휴 SRT_2600 1.5s · idle=True
[17:41:14] ⏱ 씬합계 SRT_2600 24.9s · https://www.genspark.ai/api/files/s/qf5yjqii
[17:41:14] SRT_2600 생성·다운로드 완료
C:\cursor\wuxia\workspace\swardmaster\2부\15장\png\SRT_2600.png
[17:41:14] 상태키 SRT_2620 · tracking=OFF; Baek|base; Jin|base
[17:41:14] 늦은이미지 회수 실패 SRT_2380: SRT_2380 요청 아래 새 이미지가 없습니다.
[17:41:14] run_scene 시작 SRT_2620 · seen_files=165 · last_saved=https://www.genspark.ai/api/files/s/qf5yjqii
[17:41:14] ⏱ 준비 SRT_2620 0.0s · chars=4296
[17:41:15] ⏱ 다음명령유휴 SRT_2620 1.5s · idle=True
[17:41:16] fill OK(clip) follow=True chars=4296
[17:41:16] submit 시작 composer=4296 url=https://www.genspark.ai/agents?id=77841c61-76e4-46c0-8f53-a032c19f177e
[17:41:16] submit geo 실패 hit=no-btn
[17:41:16] submit 시도 method=geo geo=False
[17:41:17] submit 미확인 method=geo generating=False composer=4296
[17:41:17] submit geo 실패 hit=no-btn
[17:41:17] submit 시도 method=send send=False
[17:41:18] submit 미확인 method=send generating=False composer=4296
[17:41:18] submit 시도 method=ctrl
[17:41:19] submit 미확인 method=ctrl generating=False composer=4298
[17:41:19] submit 시도 method=enter
[17:41:20] submit 확인 method=enter generating=False composer=0
[17:41:20] ⏱ 입력·전송 SRT_2620 4.2s · chars=4296
[17:41:20] 제출 후 last_saved=https://www.genspark.ai/api/files/s/qf5yjqii
[17:41:20] ⏱ 생성대기 시작 SRT_2620 max=120s
[17:41:35] ⏱ 생성대기 진행 15.2s SRT_2620 busy=False url_ok=False src=
[17:41:37] ⏱ 생성대기 완료 17.4s SRT_2620 https://www.genspark.ai/api/files/s/yszrvxkx
[17:41:37] ⏱ 생성대기구간 SRT_2620 17.4s · ok=True
[17:41:37] SRT_2620 근접 이미지 https://www.genspark.ai/api/files/s/yszrvxkx
[17:41:37] 다운로드 files URL=https://www.genspark.ai/api/files/s/yszrvxkx → SRT_2620.png
[17:41:38] ⏱ 다운로드 직접 0.8s size=503411 SRT_2620.png
[17:41:38] ⏱ 다운로드구간 SRT_2620 0.8s · SRT_2620.png
[17:41:40] ⏱ 다운로드후유휴 SRT_2620 1.5s · idle=True
[17:41:40] ⏱ 씬합계 SRT_2620 25.7s · https://www.genspark.ai/api/files/s/yszrvxkx
[17:41:40] SRT_2620 생성·다운로드 완료
C:\cursor\wuxia\workspace\swardmaster\2부\15장\png\SRT_2620.png
[17:41:40] 상태키 SRT_2640 · tracking=OFF; Baek|base; Jin|base
[17:41:40] 늦은이미지 회수 실패 SRT_2380: SRT_2380 요청 아래 새 이미지가 없습니다.
[17:41:40] run_scene 시작 SRT_2640 · seen_files=166 · last_saved=https://www.genspark.ai/api/files/s/yszrvxkx
[17:41:40] ⏱ 준비 SRT_2640 0.0s · chars=4318
[17:41:41] ⏱ 다음명령유휴 SRT_2640 1.5s · idle=True
[17:41:42] fill OK(clip) follow=True chars=4318
[17:41:42] submit 시작 composer=4318 url=https://www.genspark.ai/agents?id=77841c61-76e4-46c0-8f53-a032c19f177e
[17:41:42] submit geo 실패 hit=no-btn
[17:41:42] submit 시도 method=geo geo=False
[17:41:43] submit 미확인 method=geo generating=False composer=4318
[17:41:43] submit geo 실패 hit=no-btn
[17:41:43] submit 시도 method=send send=False
[17:41:44] submit 미확인 method=send generating=False composer=4318
[17:41:44] submit 시도 method=ctrl
[17:41:45] submit 미확인 method=ctrl generating=False composer=4320
[17:41:45] submit 시도 method=enter
[17:41:46] submit 확인 method=enter generating=False composer=0
[17:41:46] ⏱ 입력·전송 SRT_2640 4.2s · chars=4318
[17:41:46] 제출 후 last_saved=https://www.genspark.ai/api/files/s/yszrvxkx
[17:41:46] ⏱ 생성대기 시작 SRT_2640 max=120s
[17:42:01] ⏱ 생성대기 진행 15.0s SRT_2640 busy=False url_ok=False src=
[17:42:02] ⏱ 생성대기 완료 15.8s SRT_2640 https://www.genspark.ai/api/files/s/wgnqlgfa
[17:42:02] ⏱ 생성대기구간 SRT_2640 15.8s · ok=True
[17:42:02] SRT_2640 근접 이미지 https://www.genspark.ai/api/files/s/wgnqlgfa
[17:42:02] 다운로드 files URL=https://www.genspark.ai/api/files/s/wgnqlgfa → SRT_2640.png
[17:42:02] ⏱ 다운로드 직접 0.7s size=528917 SRT_2640.png
[17:42:02] ⏱ 다운로드구간 SRT_2640 0.8s · SRT_2640.png
[17:42:04] ⏱ 다운로드후유휴 SRT_2640 1.4s · idle=True
[17:42:04] ⏱ 씬합계 SRT_2640 24.0s · https://www.genspark.ai/api/files/s/wgnqlgfa
[17:42:04] SRT_2640 생성·다운로드 완료
C:\cursor\wuxia\workspace\swardmaster\2부\15장\png\SRT_2640.png
[17:42:04] 상태키 SRT_2660 · tracking=OFF; Baek|base; Jin|base
[17:42:04] 늦은이미지 회수 실패 SRT_2380: SRT_2380 요청 아래 새 이미지가 없습니다.
[17:42:04] run_scene 시작 SRT_2660 · seen_files=167 · last_saved=https://www.genspark.ai/api/files/s/wgnqlgfa
[17:42:04] ⏱ 준비 SRT_2660 0.0s · chars=4345
[17:42:05] ⏱ 다음명령유휴 SRT_2660 1.4s · idle=True
[17:42:06] fill OK(clip) follow=True chars=4345
[17:42:06] submit 시작 composer=4345 url=https://www.genspark.ai/agents?id=77841c61-76e4-46c0-8f53-a032c19f177e
[17:42:06] submit geo 실패 hit=no-btn
[17:42:06] submit 시도 method=geo geo=False
[17:42:07] submit 미확인 method=geo generating=False composer=4345
[17:42:07] submit geo 실패 hit=no-btn
[17:42:07] submit 시도 method=send send=False
[17:42:08] submit 미확인 method=send generating=False composer=4345
[17:42:08] submit 시도 method=ctrl
[17:42:09] submit 미확인 method=ctrl generating=False composer=4347
[17:42:09] submit 시도 method=enter
[17:42:10] submit 확인 method=enter generating=False composer=0
[17:42:10] ⏱ 입력·전송 SRT_2660 4.1s · chars=4345
[17:42:10] 제출 후 last_saved=https://www.genspark.ai/api/files/s/wgnqlgfa
[17:42:10] ⏱ 생성대기 시작 SRT_2660 max=120s
[17:42:25] ⏱ 생성대기 진행 15.2s SRT_2660 busy=False url_ok=True src=https://www.genspark.ai/api/files/s/2dook0zu
[17:42:25] ⏱ 생성대기 완료 15.5s SRT_2660 https://www.genspark.ai/api/files/s/2dook0zu
[17:42:25] ⏱ 생성대기구간 SRT_2660 15.5s · ok=True
[17:42:25] SRT_2660 근접 이미지 https://www.genspark.ai/api/files/s/2dook0zu
[17:42:25] 다운로드 files URL=https://www.genspark.ai/api/files/s/2dook0zu → SRT_2660.png
[17:42:26] ⏱ 다운로드 직접 0.9s size=548016 SRT_2660.png
[17:42:26] ⏱ 다운로드구간 SRT_2660 0.9s · SRT_2660.png
[17:42:28] ⏱ 다운로드후유휴 SRT_2660 1.5s · idle=True
[17:42:28] ⏱ 씬합계 SRT_2660 23.7s · https://www.genspark.ai/api/files/s/2dook0zu
[17:42:28] SRT_2660 생성·다운로드 완료
C:\cursor\wuxia\workspace\swardmaster\2부\15장\png\SRT_2660.png
[17:42:28] 상태키 SRT_2680 · tracking=OFF; Baek|base; Jin|base
[17:42:28] 늦은이미지 회수 실패 SRT_2380: SRT_2380 요청 아래 새 이미지가 없습니다.
[17:42:28] run_scene 시작 SRT_2680 · seen_files=168 · last_saved=https://www.genspark.ai/api/files/s/2dook0zu
[17:42:28] ⏱ 준비 SRT_2680 0.0s · chars=4320
[17:42:29] ⏱ 다음명령유휴 SRT_2680 1.5s · idle=True
[17:42:30] fill OK(clip) follow=True chars=4320
[17:42:30] submit 시작 composer=4320 url=https://www.genspark.ai/agents?id=77841c61-76e4-46c0-8f53-a032c19f177e
[17:42:30] submit geo 실패 hit=no-btn
[17:42:30] submit 시도 method=geo geo=False
[17:42:31] submit 미확인 method=geo generating=False composer=4320
[17:42:31] submit geo 실패 hit=no-btn
[17:42:31] submit 시도 method=send send=False
[17:42:32] submit 미확인 method=send generating=False composer=4320
[17:42:32] submit 시도 method=ctrl
[17:42:33] submit 미확인 method=ctrl generating=False composer=4322
[17:42:33] submit 시도 method=enter
[17:42:34] submit 확인 method=enter generating=False composer=0
[17:42:34] ⏱ 입력·전송 SRT_2680 4.2s · chars=4320
[17:42:34] 제출 후 last_saved=https://www.genspark.ai/api/files/s/2dook0zu
[17:42:34] ⏱ 생성대기 시작 SRT_2680 max=120s
[17:42:49] ⏱ 생성대기 진행 15.1s SRT_2680 busy=True url_ok=False src=
[17:42:52] ⏱ 생성대기 완료(busy무시) 17.9s SRT_2680 https://www.genspark.ai/api/files/s/e4mpnb6i
[17:42:52] ⏱ 생성대기구간 SRT_2680 17.9s · ok=True
[17:42:52] SRT_2680 근접 이미지 https://www.genspark.ai/api/files/s/e4mpnb6i
[17:42:52] 다운로드 files URL=https://www.genspark.ai/api/files/s/e4mpnb6i → SRT_2680.png
[17:42:53] ⏱ 다운로드 직접 0.8s size=447597 SRT_2680.png
[17:42:53] ⏱ 다운로드구간 SRT_2680 0.8s · SRT_2680.png
[17:42:59] ⏱ 다운로드후유휴 SRT_2680 6.7s · idle=True
[17:42:59] ⏱ 씬합계 SRT_2680 31.4s · https://www.genspark.ai/api/files/s/e4mpnb6i
[17:42:59] SRT_2680 생성·다운로드 완료
C:\cursor\wuxia\workspace\swardmaster\2부\15장\png\SRT_2680.png
[17:42:59] 상태키 SRT_2700 · tracking=OFF; Baek|base; Jin|base
[17:43:00] 늦은이미지 회수 실패 SRT_2380: SRT_2380 요청 아래 새 이미지가 없습니다.
[17:43:00] run_scene 시작 SRT_2700 · seen_files=169 · last_saved=https://www.genspark.ai/api/files/s/e4mpnb6i
[17:43:00] ⏱ 준비 SRT_2700 0.0s · chars=4224
[17:43:01] ⏱ 다음명령유휴 SRT_2700 1.5s · idle=True
[17:43:02] fill OK(clip) follow=True chars=4224
[17:43:02] submit 시작 composer=4224 url=https://www.genspark.ai/agents?id=77841c61-76e4-46c0-8f53-a032c19f177e
[17:43:02] submit geo 실패 hit=no-btn
[17:43:02] submit 시도 method=geo geo=False
[17:43:03] submit 미확인 method=geo generating=False composer=4224
[17:43:03] submit geo 실패 hit=no-btn
[17:43:03] submit 시도 method=send send=False
[17:43:04] submit 미확인 method=send generating=False composer=4224
[17:43:04] submit 시도 method=ctrl
[17:43:04] submit 미확인 method=ctrl generating=False composer=4226
[17:43:05] submit 시도 method=enter
[17:43:05] submit 확인 method=enter generating=False composer=0
[17:43:05] ⏱ 입력·전송 SRT_2700 4.3s · chars=4224
[17:43:05] 제출 후 last_saved=https://www.genspark.ai/api/files/s/e4mpnb6i
[17:43:06] ⏱ 생성대기 시작 SRT_2700 max=120s
[17:43:21] ⏱ 생성대기 진행 15.3s SRT_2700 busy=False url_ok=False src=
[17:43:25] ⏱ 생성대기 완료 19.5s SRT_2700 https://www.genspark.ai/api/files/s/3h2iiidt
[17:43:25] ⏱ 생성대기구간 SRT_2700 19.5s · ok=True
[17:43:25] SRT_2700 근접 이미지 https://www.genspark.ai/api/files/s/3h2iiidt
[17:43:25] 다운로드 files URL=https://www.genspark.ai/api/files/s/3h2iiidt → SRT_2700.png
[17:43:26] ⏱ 다운로드 직접 0.9s size=629836 SRT_2700.png
[17:43:26] ⏱ 다운로드구간 SRT_2700 0.9s · SRT_2700.png
[17:43:27] ⏱ 다운로드후유휴 SRT_2700 1.4s · idle=True
[17:43:27] ⏱ 씬합계 SRT_2700 27.9s · https://www.genspark.ai/api/files/s/3h2iiidt
[17:43:27] SRT_2700 생성·다운로드 완료
C:\cursor\wuxia\workspace\swardmaster\2부\15장\png\SRT_2700.png
[17:46:52] 탭로그 ON — 실행·생성 · 씬 1개 · reopen=True · 한도대기ON
[17:46:58] ChromeDebug 재시작 slot=0 port=9242 user_data=C:\ChromeDebug_2_5 reused=0
[17:47:02] 모델 이미 Pro: Nano Banana Pro
[17:47:02] 세션 준비 — login=OK model=Nano Banana Pro auto=True
[17:47:02] ensure_page cur_sc=10 prefer_sc=10 cur=https://www.genspark.ai/ai_image prefer=https://www.genspark.ai/ai_image
[17:47:04] fill OK(clip) follow=True chars=87382
[17:47:05] 입력창 붙여넣기 — 프롬프트 50827자 + SRT 36512자 = 합계 87382자
  prompt=C:/cursor/wuxia/2_5_sceneImage/md/image.wuxiz.txt
  srt=C:\cursor\wuxia\workspace\swardmaster\2부\15장\mp3\new.srt
[17:47:06] ensure_page cur_sc=10 prefer_sc=10 cur=https://www.genspark.ai/ai_image prefer=https://www.genspark.ai/ai_image
[17:47:07] 동일 입력창에 명령 추가(미실행): ===== CHARACTER LOOK (SRT_2380) =====
Look keys (state tracking OFF): Jin≈19|base
Jin Muhan, approximately nineteen years old, East-Asian young swordsman, sharp narrow phoenix eyes…
[17:47:08] 상태키 SRT_2380 · tracking=OFF; Baek|base; Jin|base
[17:47:08] run_scene 시작 SRT_2380 · seen_files=170 · last_saved=https://www.genspark.ai/api/files/s/3h2iiidt
[17:47:08] ensure_page cur_sc=10 prefer_sc=10 cur=https://www.genspark.ai/ai_image prefer=https://www.genspark.ai/ai_image
[17:47:08] 모델 선택 시작 현재=(없음)
[17:47:08] 모델 선택 결과 ok=False 칩=(없음) picked=
[17:47:08] ⏱ 준비 SRT_2380 0.1s · chars=4340
[17:47:08] submit 시작 composer=4340 url=https://www.genspark.ai/ai_image
[17:47:08] submit geo 실패 hit=no-btn
[17:47:08] submit 시도 method=geo geo=False
[17:47:08] submit 미확인 method=geo generating=False composer=4340
[17:47:09] submit geo 실패 hit=no-btn
[17:47:09] submit 시도 method=send send=False
[17:47:09] submit 미확인 method=send generating=False composer=4340
[17:47:10] submit 시도 method=ctrl
[17:47:10] submit 미확인 method=ctrl generating=False composer=4342
[17:47:11] submit 시도 method=enter
[17:47:12] submit 확인 method=enter generating=False composer=0
[17:47:12] ⏱ 입력창전송 SRT_2380 4.3s
[17:47:12] 제출 후 last_saved=https://www.genspark.ai/api/files/s/3h2iiidt
[17:47:12] ⏱ 생성대기 시작 SRT_2380 max=120s
[17:47:27] ⏱ 생성대기 진행 15.2s SRT_2380 busy=False url_ok=False src=
[17:47:32] ⏱ 생성대기 완료 20.2s SRT_2380 https://www.genspark.ai/api/files/s/8impd3ne
[17:47:32] ⏱ 생성대기구간 SRT_2380 20.2s · ok=True
[17:47:32] SRT_2380 근접 이미지 https://www.genspark.ai/api/files/s/8impd3ne
[17:47:32] 다운로드 files URL=https://www.genspark.ai/api/files/s/8impd3ne → SRT_2380.png
[17:47:33] ⏱ 다운로드 직접 1.1s size=607868 SRT_2380.png
[17:47:33] ⏱ 다운로드구간 SRT_2380 1.1s · SRT_2380.png
[17:47:35] ⏱ 다운로드후유휴 SRT_2380 1.9s · idle=True
[17:47:35] ⏱ 씬합계 SRT_2380 27.8s · https://www.genspark.ai/api/files/s/8impd3ne
[17:47:35] SRT_2380 생성·다운로드 완료
C:\cursor\wuxia\workspace\swardmaster\2부\15장\png\SRT_2380.png
[19:21:01] 탭로그 ON — 실행·생성 · 씬 129개 · reopen=True · 한도대기ON
[19:21:07] ChromeDebug 재시작 slot=0 port=9242 user_data=C:\ChromeDebug_2_5 reused=0
[19:21:13] 모델 이미 Pro: Nano Banana Pro
[19:21:13] 세션 준비 — login=OK model=Nano Banana Pro auto=True
[19:21:13] ensure_page cur_sc=10 prefer_sc=10 cur=https://www.genspark.ai/ai_image prefer=https://www.genspark.ai/ai_image
[19:21:16] fill OK(clip) follow=True chars=89080
[19:21:16] 입력창 붙여넣기 — 프롬프트 50827자 + SRT 38210자 = 합계 89080자
  prompt=C:/cursor/wuxia/2_5_sceneImage/md/image.wuxiz.txt
  srt=C:\cursor\wuxia\workspace\swardmaster\2부\15장\mp3\new.srt
[19:21:17] ensure_page cur_sc=10 prefer_sc=10 cur=https://www.genspark.ai/ai_image prefer=https://www.genspark.ai/ai_image
[19:21:18] 동일 입력창에 명령 추가(미실행): ===== CHARACTER LOOK (SRT_000) =====
Look keys (state tracking OFF): Jin≈19|base; Seo|base
Jin Muhan, approximately nineteen years old, East-Asian young swordsman, sharp narrow pho…
[19:21:19] 상태키 SRT_000 · tracking=OFF; Baek|base; Jin|base
[19:21:19] run_scene 시작 SRT_000 · seen_files=0 · last_saved=
[19:21:19] ensure_page cur_sc=10 prefer_sc=10 cur=https://www.genspark.ai/ai_image prefer=https://www.genspark.ai/ai_image
[19:21:19] 모델 선택 시작 현재=(없음)
[19:21:19] 모델 선택 결과 ok=False 칩=(없음) picked=
[19:21:19] ⏱ 준비 SRT_000 0.2s · chars=4893
[19:21:19] submit 시작 composer=4893 url=https://www.genspark.ai/ai_image
[19:21:19] submit geo 실패 hit=no-btn
[19:21:19] submit 시도 method=geo geo=False
[19:21:20] submit 미확인 method=geo generating=False composer=4893
[19:21:20] submit geo 실패 hit=no-btn
[19:21:20] submit 시도 method=send send=False
[19:21:21] submit 미확인 method=send generating=False composer=4893
[19:21:21] submit 시도 method=ctrl
[19:21:22] submit 미확인 method=ctrl generating=False composer=4895
[19:21:23] submit 시도 method=enter
[19:21:23] submit 확인 method=enter generating=False composer=0
[19:21:23] ⏱ 입력창전송 SRT_000 4.2s
[19:21:23] 제출 후 last_saved=https://www.genspark.ai/api/files/s/usqnfxom
[19:21:24] ⏱ 생성대기 시작 SRT_000 max=120s
[19:21:39] ⏱ 생성대기 진행 15.2s SRT_000 busy=True url_ok=False src=
[19:21:40] ⏱ 생성대기 완료(busy무시) 16.4s SRT_000 https://www.genspark.ai/api/files/s/chv447oa
[19:21:40] ⏱ 생성대기구간 SRT_000 16.4s · ok=True
[19:21:40] SRT_000 근접 이미지 https://www.genspark.ai/api/files/s/chv447oa
[19:21:40] 다운로드 files URL=https://www.genspark.ai/api/files/s/chv447oa → SRT_000.png
[19:21:41] ⏱ 다운로드 직접 0.8s size=603821 SRT_000.png
[19:21:41] ⏱ 다운로드구간 SRT_000 0.8s · SRT_000.png
[19:21:42] ⏱ 다운로드후유휴 SRT_000 1.4s · idle=True
[19:21:42] ⏱ 씬합계 SRT_000 23.3s · https://www.genspark.ai/api/files/s/chv447oa
[19:21:42] SRT_000 생성·다운로드 완료
C:\cursor\wuxia\workspace\swardmaster\2부\15장\png\SRT_000.png
[19:21:42] 상태키 SRT_020 · tracking=OFF; Baek|base; Jin|base
[19:21:42] run_scene 시작 SRT_020 · seen_files=1 · last_saved=https://www.genspark.ai/api/files/s/chv447oa
[19:21:43] ⏱ 준비 SRT_020 0.0s · chars=5337
[19:21:44] ⏱ 다음명령유휴 SRT_020 1.5s · idle=True
[19:21:45] fill OK(clip) follow=True chars=5337
[19:21:45] submit 시작 composer=5337 url=https://www.genspark.ai/agents?id=ae2a754d-1794-4269-ba7f-426d64f5ab66
[19:21:45] submit geo 실패 hit=no-btn
[19:21:45] submit 시도 method=geo geo=False
[19:21:45] submit 미확인 method=geo generating=False composer=5337
[19:21:46] submit geo 실패 hit=no-btn
[19:21:46] submit 시도 method=send send=False
[19:21:46] submit 미확인 method=send generating=False composer=5337
[19:21:47] submit 시도 method=ctrl
[19:21:48] submit 미확인 method=ctrl generating=False composer=5339
[19:21:48] submit 시도 method=enter
[19:21:49] submit 확인 method=enter generating=False composer=0
[19:21:49] ⏱ 입력·전송 SRT_020 4.6s · chars=5337
[19:21:49] 제출 후 last_saved=https://www.genspark.ai/api/files/s/chv447oa
[19:21:49] ⏱ 생성대기 시작 SRT_020 max=120s
[19:21:59] ⏱ 생성대기 완료 10.6s SRT_020 https://www.genspark.ai/api/files/s/dkpdhidr
[19:21:59] ⏱ 생성대기구간 SRT_020 10.6s · ok=True
[19:21:59] SRT_020 근접 이미지 https://www.genspark.ai/api/files/s/dkpdhidr
[19:21:59] 다운로드 files URL=https://www.genspark.ai/api/files/s/dkpdhidr → SRT_020.png
[19:22:00] ⏱ 다운로드 직접 0.7s size=555180 SRT_020.png
[19:22:00] ⏱ 다운로드구간 SRT_020 0.7s · SRT_020.png
[19:22:03] ⏱ 다운로드후유휴 SRT_020 2.5s · idle=True
[19:22:03] ⏱ 씬합계 SRT_020 20.2s · https://www.genspark.ai/api/files/s/dkpdhidr
[19:22:03] SRT_020 생성·다운로드 완료
C:\cursor\wuxia\workspace\swardmaster\2부\15장\png\SRT_020.png
[19:22:03] 상태키 SRT_040 · tracking=OFF; Baek|base; Jin|base
[19:22:03] run_scene 시작 SRT_040 · seen_files=2 · last_saved=https://www.genspark.ai/api/files/s/dkpdhidr
[19:22:03] ⏱ 준비 SRT_040 0.0s · chars=6518
[19:22:04] ⏱ 다음명령유휴 SRT_040 1.4s · idle=True
[19:22:09] fill 실패: 후보 1개
[19:22:10] run_scene 실패(재시도 없음): 이어쓰기 입력란을 찾지 못했습니다.
[19:22:10] SRT_040 실패 — 다음 씬 계속
이어쓰기 입력란을 찾지 못했습니다.
[19:22:10] 상태키 SRT_060 · tracking=OFF; Baek|base; Jin|base
[19:22:10] 늦은이미지 회수 실패 SRT_040: SRT_040 요청 아래 새 이미지가 없습니다.
[19:22:10] run_scene 시작 SRT_060 · seen_files=2 · last_saved=https://www.genspark.ai/api/files/s/dkpdhidr
[19:22:10] ⏱ 준비 SRT_060 0.0s · chars=5313
[19:22:11] ⏱ 다음명령유휴 SRT_060 1.5s · idle=True
[19:22:12] fill OK(clip) follow=True chars=5313
[19:22:12] submit 시작 composer=5313 url=https://www.genspark.ai/agents?id=ae2a754d-1794-4269-ba7f-426d64f5ab66
[19:22:12] submit geo 실패 hit=no-btn
[19:22:12] submit 시도 method=geo geo=False
[19:22:13] submit 미확인 method=geo generating=False composer=5313
[19:22:13] submit geo 실패 hit=no-btn
[19:22:13] submit 시도 method=send send=False
[19:22:14] submit 미확인 method=send generating=False composer=5313
[19:22:14] submit 시도 method=ctrl
[19:22:15] submit 미확인 method=ctrl generating=False composer=5315
[19:22:15] submit 시도 method=enter
[19:22:16] submit 확인 method=enter generating=False composer=0
[19:22:16] ⏱ 입력·전송 SRT_060 4.4s · chars=5313
[19:22:16] 제출 후 last_saved=https://www.genspark.ai/api/files/s/dkpdhidr
[19:22:16] ⏱ 생성대기 시작 SRT_060 max=120s
[19:22:29] ⏱ 생성대기 완료(busy무시) 13.1s SRT_060 https://www.genspark.ai/api/files/s/bb9srruq
[19:22:29] ⏱ 생성대기구간 SRT_060 13.1s · ok=True
[19:22:29] SRT_060 근접 이미지 https://www.genspark.ai/api/files/s/bb9srruq
[19:22:29] 다운로드 files URL=https://www.genspark.ai/api/files/s/bb9srruq → SRT_060.png
[19:22:30] ⏱ 다운로드 직접 0.8s size=711515 SRT_060.png
[19:22:30] ⏱ 다운로드구간 SRT_060 0.8s · SRT_060.png
[19:22:32] ⏱ 다운로드후유휴 SRT_060 1.4s · idle=True
[19:22:32] ⏱ 씬합계 SRT_060 21.6s · https://www.genspark.ai/api/files/s/bb9srruq
[19:22:32] SRT_060 생성·다운로드 완료
C:\cursor\wuxia\workspace\swardmaster\2부\15장\png\SRT_060.png
[19:22:32] 상태키 SRT_080 · tracking=OFF; Baek|base; Jin|base
[19:22:32] 늦은이미지 회수 실패 SRT_040: SRT_040 요청 아래 새 이미지가 없습니다.
[19:22:32] run_scene 시작 SRT_080 · seen_files=3 · last_saved=https://www.genspark.ai/api/files/s/bb9srruq
[19:22:32] ⏱ 준비 SRT_080 0.0s · chars=5567
[19:22:33] ⏱ 다음명령유휴 SRT_080 1.4s · idle=True
[19:22:34] fill OK(clip) follow=True chars=5567
[19:22:34] submit 시작 composer=5567 url=https://www.genspark.ai/agents?id=ae2a754d-1794-4269-ba7f-426d64f5ab66
[19:22:34] submit geo 실패 hit=no-btn
[19:22:34] submit 시도 method=geo geo=False
[19:22:35] submit 미확인 method=geo generating=False composer=5567
[19:22:35] submit geo 실패 hit=no-btn
[19:22:35] submit 시도 method=send send=False
[19:22:36] submit 미확인 method=send generating=False composer=5567
[19:22:36] submit 시도 method=ctrl
[19:22:36] submit 미확인 method=ctrl generating=False composer=5569
[19:22:37] submit 시도 method=enter
[19:22:37] submit 확인 method=enter generating=False composer=0
[19:22:37] ⏱ 입력·전송 SRT_080 4.1s · chars=5567
[19:22:37] 제출 후 last_saved=https://www.genspark.ai/api/files/s/bb9srruq
[19:22:38] ⏱ 생성대기 시작 SRT_080 max=120s
[19:22:48] ⏱ 생성대기 완료 10.9s SRT_080 https://www.genspark.ai/api/files/s/izqux1pk
[19:22:48] ⏱ 생성대기구간 SRT_080 10.9s · ok=True
[19:22:48] SRT_080 근접 이미지 https://www.genspark.ai/api/files/s/izqux1pk
[19:22:48] 다운로드 files URL=https://www.genspark.ai/api/files/s/izqux1pk → SRT_080.png
[19:22:49] ⏱ 다운로드 직접 1.0s size=811608 SRT_080.png
[19:22:49] ⏱ 다운로드구간 SRT_080 1.0s · SRT_080.png
[19:22:51] ⏱ 다운로드후유휴 SRT_080 2.0s · idle=True
[19:22:51] ⏱ 씬합계 SRT_080 19.7s · https://www.genspark.ai/api/files/s/izqux1pk
[19:22:51] SRT_080 생성·다운로드 완료
C:\cursor\wuxia\workspace\swardmaster\2부\15장\png\SRT_080.png
[19:22:52] 상태키 SRT_100 · tracking=OFF; Baek|base; Jin|base
[19:22:52] 늦은이미지 회수 실패 SRT_040: SRT_040 요청 아래 새 이미지가 없습니다.
[19:22:52] run_scene 시작 SRT_100 · seen_files=4 · last_saved=https://www.genspark.ai/api/files/s/izqux1pk
[19:22:52] ⏱ 준비 SRT_100 0.0s · chars=3903
[19:22:54] ⏱ 다음명령유휴 SRT_100 2.2s · idle=True
[19:22:55] fill OK(clip) follow=True chars=3903
[19:22:55] submit 시작 composer=3903 url=https://www.genspark.ai/agents?id=ae2a754d-1794-4269-ba7f-426d64f5ab66
[19:22:56] submit geo 실패 hit=no-btn
[19:22:56] submit 시도 method=geo geo=False
[19:22:56] submit 미확인 method=geo generating=False composer=3903
[19:22:57] submit geo 실패 hit=no-btn
[19:22:57] submit 시도 method=send send=False
[19:22:57] submit 미확인 method=send generating=False composer=3903
[19:22:58] submit 시도 method=ctrl
[19:22:58] submit 미확인 method=ctrl generating=False composer=3905
[19:22:59] submit 시도 method=enter
[19:22:59] submit 확인 method=enter generating=False composer=0
[19:22:59] ⏱ 입력·전송 SRT_100 5.3s · chars=3903
[19:22:59] 제출 후 last_saved=https://www.genspark.ai/api/files/s/izqux1pk
[19:22:59] ⏱ 생성대기 시작 SRT_100 max=120s
[19:23:10] ⏱ 생성대기 완료 10.3s SRT_100 https://www.genspark.ai/api/files/s/ftakjghh
[19:23:10] ⏱ 생성대기구간 SRT_100 10.3s · ok=True
[19:23:10] SRT_100 근접 이미지 https://www.genspark.ai/api/files/s/ftakjghh
[19:23:10] 다운로드 files URL=https://www.genspark.ai/api/files/s/ftakjghh → SRT_100.png
[19:23:11] ⏱ 다운로드 직접 0.8s size=571512 SRT_100.png
[19:23:11] ⏱ 다운로드구간 SRT_100 0.8s · SRT_100.png
[19:23:12] ⏱ 다운로드후유휴 SRT_100 1.5s · idle=True
[19:23:12] ⏱ 씬합계 SRT_100 20.4s · https://www.genspark.ai/api/files/s/ftakjghh
[19:23:12] SRT_100 생성·다운로드 완료
C:\cursor\wuxia\workspace\swardmaster\2부\15장\png\SRT_100.png
[19:23:12] 상태키 SRT_120 · tracking=OFF; Baek|base; Jin|base
[19:23:12] 늦은이미지 회수 실패 SRT_040: SRT_040 요청 아래 새 이미지가 없습니다.
[19:23:12] run_scene 시작 SRT_120 · seen_files=5 · last_saved=https://www.genspark.ai/api/files/s/ftakjghh
[19:23:12] ⏱ 준비 SRT_120 0.0s · chars=6492
[19:23:14] ⏱ 다음명령유휴 SRT_120 1.4s · idle=True
[19:23:14] fill OK(clip) follow=True chars=6492
[19:23:14] submit 시작 composer=6492 url=https://www.genspark.ai/agents?id=ae2a754d-1794-4269-ba7f-426d64f5ab66
[19:23:14] submit geo 실패 hit=no-btn
[19:23:14] submit 시도 method=geo geo=False
[19:23:15] submit 미확인 method=geo generating=False composer=6492
[19:23:15] submit geo 실패 hit=no-btn
[19:23:15] submit 시도 method=send send=False
[19:23:16] submit 미확인 method=send generating=False composer=6492
[19:23:16] submit 시도 method=ctrl
[19:23:17] submit 미확인 method=ctrl generating=False composer=6494
[19:23:17] submit 시도 method=enter
[19:23:18] submit 확인 method=enter generating=False composer=0
[19:23:18] ⏱ 입력·전송 SRT_120 4.1s · chars=6492
[19:23:18] 제출 후 last_saved=https://www.genspark.ai/api/files/s/ftakjghh
[19:23:18] ⏱ 생성대기 시작 SRT_120 max=120s
[19:23:32] ⏱ 생성대기 완료(busy무시) 13.8s SRT_120 https://www.genspark.ai/api/files/s/isxp59sd
[19:23:32] ⏱ 생성대기구간 SRT_120 13.8s · ok=True
[19:23:32] SRT_120 근접 이미지 https://www.genspark.ai/api/files/s/isxp59sd
[19:23:32] 다운로드 files URL=https://www.genspark.ai/api/files/s/isxp59sd → SRT_120.png
[19:23:33] ⏱ 다운로드 직접 0.8s size=789159 SRT_120.png
[19:23:33] ⏱ 다운로드구간 SRT_120 0.8s · SRT_120.png
[19:23:34] ⏱ 다운로드후유휴 SRT_120 1.4s · idle=True
[19:23:34] ⏱ 씬합계 SRT_120 21.9s · https://www.genspark.ai/api/files/s/isxp59sd
[19:23:34] SRT_120 생성·다운로드 완료
C:\cursor\wuxia\workspace\swardmaster\2부\15장\png\SRT_120.png
[19:23:34] 상태키 SRT_140 · tracking=OFF; Baek|base; Jin|base
[19:23:34] 늦은이미지 회수 실패 SRT_040: SRT_040 요청 아래 새 이미지가 없습니다.
[19:23:34] run_scene 시작 SRT_140 · seen_files=6 · last_saved=https://www.genspark.ai/api/files/s/isxp59sd
[19:23:34] ⏱ 준비 SRT_140 0.0s · chars=7569
[19:23:36] ⏱ 다음명령유휴 SRT_140 1.4s · idle=True
[19:23:36] fill OK(clip) follow=True chars=7569
[19:23:36] submit 시작 composer=7569 url=https://www.genspark.ai/agents?id=ae2a754d-1794-4269-ba7f-426d64f5ab66
[19:23:37] submit geo 실패 hit=no-btn
[19:23:37] submit 시도 method=geo geo=False
[19:23:37] submit 미확인 method=geo generating=False composer=7569
[19:23:37] submit geo 실패 hit=no-btn
[19:23:37] submit 시도 method=send send=False
[19:23:38] submit 미확인 method=send generating=False composer=7569
[19:23:38] submit 시도 method=ctrl
[19:23:39] submit 미확인 method=ctrl generating=False composer=7571
[19:23:39] submit 시도 method=enter
[19:23:40] submit 확인 method=enter generating=False composer=0
[19:23:40] ⏱ 입력·전송 SRT_140 4.2s · chars=7569
[19:23:40] 제출 후 last_saved=https://www.genspark.ai/api/files/s/isxp59sd
[19:23:40] ⏱ 생성대기 시작 SRT_140 max=120s
[19:23:52] ⏱ 생성대기 완료(busy무시) 11.9s SRT_140 https://www.genspark.ai/api/files/s/8q21kknl
[19:23:52] ⏱ 생성대기구간 SRT_140 11.9s · ok=True
[19:23:52] SRT_140 근접 이미지 https://www.genspark.ai/api/files/s/8q21kknl
[19:23:52] 다운로드 files URL=https://www.genspark.ai/api/files/s/8q21kknl → SRT_140.png
[19:23:53] ⏱ 다운로드 직접 0.8s size=797372 SRT_140.png
[19:23:53] ⏱ 다운로드구간 SRT_140 0.8s · SRT_140.png
[19:23:54] ⏱ 다운로드후유휴 SRT_140 1.6s · idle=True
[19:23:54] ⏱ 씬합계 SRT_140 20.2s · https://www.genspark.ai/api/files/s/8q21kknl
[19:23:54] SRT_140 생성·다운로드 완료
C:\cursor\wuxia\workspace\swardmaster\2부\15장\png\SRT_140.png
[19:23:55] 상태키 SRT_160 · tracking=OFF; Baek|base; Jin|base
[19:23:55] 늦은이미지 회수 실패 SRT_040: SRT_040 요청 아래 새 이미지가 없습니다.
[19:23:55] run_scene 시작 SRT_160 · seen_files=7 · last_saved=https://www.genspark.ai/api/files/s/8q21kknl
[19:23:55] ⏱ 준비 SRT_160 0.0s · chars=6699
[19:23:56] ⏱ 다음명령유휴 SRT_160 1.5s · idle=True
[19:23:57] fill OK(clip) follow=True chars=6699
[19:23:57] submit 시작 composer=6699 url=https://www.genspark.ai/agents?id=ae2a754d-1794-4269-ba7f-426d64f5ab66
[19:23:57] submit geo 실패 hit=no-btn
[19:23:57] submit 시도 method=geo geo=False
[19:23:58] submit 미확인 method=geo generating=False composer=6699
[19:23:58] submit geo 실패 hit=no-btn
[19:23:58] submit 시도 method=send send=False
[19:23:58] submit 미확인 method=send generating=False composer=6699
[19:23:59] submit 시도 method=ctrl
[19:23:59] submit 미확인 method=ctrl generating=False composer=6701
[19:24:00] submit 시도 method=enter
[19:24:00] submit 확인 method=enter generating=False composer=0
[19:24:00] ⏱ 입력·전송 SRT_160 4.0s · chars=6699
[19:24:00] 제출 후 last_saved=https://www.genspark.ai/api/files/s/8q21kknl
[19:24:00] ⏱ 생성대기 시작 SRT_160 max=120s
[19:24:14] ⏱ 생성대기 완료 13.5s SRT_160 https://www.genspark.ai/api/files/s/s9xssrwu
[19:24:14] ⏱ 생성대기구간 SRT_160 13.5s · ok=True
[19:24:14] SRT_160 근접 이미지 https://www.genspark.ai/api/files/s/s9xssrwu
[19:24:14] 다운로드 files URL=https://www.genspark.ai/api/files/s/s9xssrwu → SRT_160.png
[19:24:15] ⏱ 다운로드 직접 0.9s size=710633 SRT_160.png
[19:24:15] ⏱ 다운로드구간 SRT_160 0.9s · SRT_160.png
[19:24:16] ⏱ 다운로드후유휴 SRT_160 1.4s · idle=True
[19:24:16] ⏱ 씬합계 SRT_160 21.7s · https://www.genspark.ai/api/files/s/s9xssrwu
[19:24:16] SRT_160 생성·다운로드 완료
C:\cursor\wuxia\workspace\swardmaster\2부\15장\png\SRT_160.png
[19:24:17] 상태키 SRT_180 · tracking=OFF; Baek|base; Jin|base
[19:24:17] 늦은이미지 회수 실패 SRT_040: SRT_040 요청 아래 새 이미지가 없습니다.
[19:24:17] run_scene 시작 SRT_180 · seen_files=8 · last_saved=https://www.genspark.ai/api/files/s/s9xssrwu
[19:24:17] ⏱ 준비 SRT_180 0.0s · chars=6494
[19:24:18] ⏱ 다음명령유휴 SRT_180 1.5s · idle=True
[19:24:19] fill OK(clip) follow=True chars=6494
[19:24:19] submit 시작 composer=6494 url=https://www.genspark.ai/agents?id=ae2a754d-1794-4269-ba7f-426d64f5ab66
[19:24:19] submit geo 실패 hit=no-btn
[19:24:19] submit 시도 method=geo geo=False
[19:24:20] submit 미확인 method=geo generating=False composer=6494
[19:24:20] submit geo 실패 hit=no-btn
[19:24:20] submit 시도 method=send send=False
[19:24:20] submit 미확인 method=send generating=False composer=6494
[19:24:21] submit 시도 method=ctrl
[19:24:21] submit 미확인 method=ctrl generating=False composer=6496
[19:24:22] submit 시도 method=enter
[19:24:22] submit 확인 method=enter generating=False composer=0
[19:24:22] ⏱ 입력·전송 SRT_180 4.2s · chars=6494
[19:24:22] 제출 후 last_saved=https://www.genspark.ai/api/files/s/s9xssrwu
[19:24:22] ⏱ 생성대기 시작 SRT_180 max=120s
[19:24:33] ⏱ 생성대기 완료 10.5s SRT_180 https://www.genspark.ai/api/files/s/k2uvxobg
[19:24:33] ⏱ 생성대기구간 SRT_180 10.5s · ok=True
[19:24:33] SRT_180 근접 이미지 https://www.genspark.ai/api/files/s/k2uvxobg
[19:24:33] 다운로드 files URL=https://www.genspark.ai/api/files/s/k2uvxobg → SRT_180.png
[19:24:34] ⏱ 다운로드 직접 0.7s size=678178 SRT_180.png
[19:24:34] ⏱ 다운로드구간 SRT_180 0.8s · SRT_180.png
[19:24:39] ⏱ 다운로드후유휴 SRT_180 5.4s · idle=True
[19:24:39] ⏱ 씬합계 SRT_180 22.5s · https://www.genspark.ai/api/files/s/k2uvxobg
[19:24:39] SRT_180 생성·다운로드 완료
C:\cursor\wuxia\workspace\swardmaster\2부\15장\png\SRT_180.png
[19:24:39] 상태키 SRT_200 · tracking=OFF; Baek|base; Jin|base
[19:24:39] 늦은이미지 회수 실패 SRT_040: SRT_040 요청 아래 새 이미지가 없습니다.
[19:24:39] run_scene 시작 SRT_200 · seen_files=9 · last_saved=https://www.genspark.ai/api/files/s/k2uvxobg
[19:24:39] ⏱ 준비 SRT_200 0.0s · chars=6494
[19:24:41] ⏱ 다음명령유휴 SRT_200 1.8s · idle=True
[19:24:42] fill OK(clip) follow=True chars=6494
[19:24:42] submit 시작 composer=6494 url=https://www.genspark.ai/agents?id=ae2a754d-1794-4269-ba7f-426d64f5ab66
[19:24:42] submit geo 실패 hit=no-btn
[19:24:42] submit 시도 method=geo geo=False
[19:24:43] submit 미확인 method=geo generating=False composer=6494
[19:24:43] submit geo 실패 hit=no-btn
[19:24:43] submit 시도 method=send send=False
[19:24:43] submit 미확인 method=send generating=False composer=6494
[19:24:44] submit 시도 method=ctrl
[19:24:44] submit 미확인 method=ctrl generating=False composer=6496
[19:24:45] submit 시도 method=enter
[19:24:45] submit 확인 method=enter generating=False composer=0
[19:24:45] ⏱ 입력·전송 SRT_200 4.1s · chars=6494
[19:24:45] 제출 후 last_saved=https://www.genspark.ai/api/files/s/k2uvxobg
[19:24:45] ⏱ 생성대기 시작 SRT_200 max=120s
[19:24:58] ⏱ 생성대기 완료 12.2s SRT_200 https://www.genspark.ai/api/files/s/u00urufl
[19:24:58] ⏱ 생성대기구간 SRT_200 12.2s · ok=True
[19:24:58] SRT_200 근접 이미지 https://www.genspark.ai/api/files/s/u00urufl
[19:24:58] 다운로드 files URL=https://www.genspark.ai/api/files/s/u00urufl → SRT_200.png
[19:24:58] ⏱ 다운로드 직접 0.9s size=701003 SRT_200.png
[19:24:58] ⏱ 다운로드구간 SRT_200 0.9s · SRT_200.png
[19:25:01] ⏱ 다운로드후유휴 SRT_200 2.7s · idle=True
[19:25:01] ⏱ 씬합계 SRT_200 21.9s · https://www.genspark.ai/api/files/s/u00urufl
[19:25:01] SRT_200 생성·다운로드 완료
C:\cursor\wuxia\workspace\swardmaster\2부\15장\png\SRT_200.png
[19:25:01] 상태키 SRT_220 · tracking=OFF; Baek|base; Jin|base
[19:25:01] 늦은이미지 회수 실패 SRT_040: SRT_040 요청 아래 새 이미지가 없습니다.
[19:25:01] run_scene 시작 SRT_220 · seen_files=10 · last_saved=https://www.genspark.ai/api/files/s/u00urufl
[19:25:01] ⏱ 준비 SRT_220 0.0s · chars=3920
[19:25:03] ⏱ 다음명령유휴 SRT_220 1.5s · idle=True
[19:25:04] fill OK(clip) follow=True chars=3920
[19:25:04] submit 시작 composer=3920 url=https://www.genspark.ai/agents?id=ae2a754d-1794-4269-ba7f-426d64f5ab66
[19:25:04] submit geo 실패 hit=no-btn
[19:25:04] submit 시도 method=geo geo=False
[19:25:04] submit 미확인 method=geo generating=False composer=3920
[19:25:05] submit geo 실패 hit=no-btn
[19:25:05] submit 시도 method=send send=False
[19:25:05] submit 미확인 method=send generating=False composer=3920
[19:25:06] submit 시도 method=ctrl
[19:25:06] submit 미확인 method=ctrl generating=False composer=3922
[19:25:06] submit 시도 method=enter
[19:25:07] submit 확인 method=enter generating=False composer=0
[19:25:07] ⏱ 입력·전송 SRT_220 4.1s · chars=3920
[19:25:07] 제출 후 last_saved=https://www.genspark.ai/api/files/s/u00urufl
[19:25:07] ⏱ 생성대기 시작 SRT_220 max=120s
[19:25:19] ⏱ 생성대기 완료 11.8s SRT_220 https://www.genspark.ai/api/files/s/wihi4dep
[19:25:19] ⏱ 생성대기구간 SRT_220 11.8s · ok=True
[19:25:19] SRT_220 근접 이미지 https://www.genspark.ai/api/files/s/wihi4dep
[19:25:19] 다운로드 files URL=https://www.genspark.ai/api/files/s/wihi4dep → SRT_220.png
[19:25:20] ⏱ 다운로드 직접 0.7s size=406434 SRT_220.png
[19:25:20] ⏱ 다운로드구간 SRT_220 0.7s · SRT_220.png
[19:25:21] ⏱ 다운로드후유휴 SRT_220 1.5s · idle=True
[19:25:21] ⏱ 씬합계 SRT_220 19.9s · https://www.genspark.ai/api/files/s/wihi4dep
[19:25:21] SRT_220 생성·다운로드 완료
C:\cursor\wuxia\workspace\swardmaster\2부\15장\png\SRT_220.png
[19:25:22] 상태키 SRT_240 · tracking=OFF; Baek|base; Jin|base
[19:25:22] 늦은이미지 회수 실패 SRT_040: SRT_040 요청 아래 새 이미지가 없습니다.
[19:25:22] run_scene 시작 SRT_240 · seen_files=11 · last_saved=https://www.genspark.ai/api/files/s/wihi4dep
[19:25:22] ⏱ 준비 SRT_240 0.0s · chars=5216
[19:25:23] ⏱ 다음명령유휴 SRT_240 1.5s · idle=True
[19:25:24] fill OK(clip) follow=True chars=5216
[19:25:24] submit 시작 composer=5216 url=https://www.genspark.ai/agents?id=ae2a754d-1794-4269-ba7f-426d64f5ab66
[19:25:24] submit geo 실패 hit=no-btn
[19:25:24] submit 시도 method=geo geo=False
[19:25:25] submit 미확인 method=geo generating=False composer=5216
[19:25:25] submit geo 실패 hit=no-btn
[19:25:25] submit 시도 method=send send=False
[19:25:26] submit 미확인 method=send generating=False composer=5216
[19:25:26] submit 시도 method=ctrl
[19:25:27] submit 미확인 method=ctrl generating=False composer=5218
[19:25:27] submit 시도 method=enter
[19:25:27] submit 확인 method=enter generating=False composer=0
[19:25:27] ⏱ 입력·전송 SRT_240 4.3s · chars=5216
[19:25:27] 제출 후 last_saved=https://www.genspark.ai/api/files/s/wihi4dep
[19:25:28] ⏱ 생성대기 시작 SRT_240 max=120s
[19:25:40] ⏱ 생성대기 완료(busy무시) 12.1s SRT_240 https://www.genspark.ai/api/files/s/d5l1p1gm
[19:25:40] ⏱ 생성대기구간 SRT_240 12.1s · ok=True
[19:25:40] SRT_240 근접 이미지 https://www.genspark.ai/api/files/s/d5l1p1gm
[19:25:40] 다운로드 files URL=https://www.genspark.ai/api/files/s/d5l1p1gm → SRT_240.png
[19:25:41] ⏱ 다운로드 직접 0.7s size=477717 SRT_240.png
[19:25:41] ⏱ 다운로드구간 SRT_240 0.7s · SRT_240.png
[19:25:42] ⏱ 다운로드후유휴 SRT_240 1.6s · idle=True
[19:25:42] ⏱ 씬합계 SRT_240 20.6s · https://www.genspark.ai/api/files/s/d5l1p1gm
[19:25:42] SRT_240 생성·다운로드 완료
C:\cursor\wuxia\workspace\swardmaster\2부\15장\png\SRT_240.png
[19:25:42] 상태키 SRT_260 · tracking=OFF; Baek|base; Jin|base
[19:25:42] 늦은이미지 회수 실패 SRT_040: SRT_040 요청 아래 새 이미지가 없습니다.
[19:25:42] run_scene 시작 SRT_260 · seen_files=12 · last_saved=https://www.genspark.ai/api/files/s/d5l1p1gm
[19:25:42] ⏱ 준비 SRT_260 0.0s · chars=5216
[19:25:44] ⏱ 다음명령유휴 SRT_260 1.5s · idle=True
[19:25:45] fill OK(clip) follow=True chars=5216
[19:25:45] submit 시작 composer=5216 url=https://www.genspark.ai/agents?id=ae2a754d-1794-4269-ba7f-426d64f5ab66
[19:25:45] submit geo 실패 hit=no-btn
[19:25:45] submit 시도 method=geo geo=False
[19:25:45] submit 미확인 method=geo generating=False composer=5216
[19:25:46] submit geo 실패 hit=no-btn
[19:25:46] submit 시도 method=send send=False
[19:25:46] submit 미확인 method=send generating=False composer=5216
[19:25:47] submit 시도 method=ctrl
[19:25:47] submit 미확인 method=ctrl generating=False composer=5218
[19:25:47] submit 시도 method=enter
[19:25:48] submit 확인 method=enter generating=False composer=0
[19:25:48] ⏱ 입력·전송 SRT_260 4.2s · chars=5216
[19:25:48] 제출 후 last_saved=https://www.genspark.ai/api/files/s/d5l1p1gm
[19:25:48] ⏱ 생성대기 시작 SRT_260 max=120s
[19:26:01] ⏱ 생성대기 완료(busy무시) 12.5s SRT_260 https://www.genspark.ai/api/files/s/4lvu01p5
[19:26:01] ⏱ 생성대기구간 SRT_260 12.5s · ok=True
[19:26:01] SRT_260 근접 이미지 https://www.genspark.ai/api/files/s/4lvu01p5
[19:26:01] 다운로드 files URL=https://www.genspark.ai/api/files/s/4lvu01p5 → SRT_260.png
[19:26:02] ⏱ 다운로드 직접 0.9s size=528376 SRT_260.png
[19:26:02] ⏱ 다운로드구간 SRT_260 0.9s · SRT_260.png
[19:26:07] ⏱ 다운로드후유휴 SRT_260 5.6s · idle=True
[19:26:07] ⏱ 씬합계 SRT_260 25.1s · https://www.genspark.ai/api/files/s/4lvu01p5
[19:26:07] SRT_260 생성·다운로드 완료
C:\cursor\wuxia\workspace\swardmaster\2부\15장\png\SRT_260.png
[19:26:08] 상태키 SRT_280 · tracking=OFF; Baek|base; Jin|base
[19:26:08] 늦은이미지 회수 실패 SRT_040: SRT_040 요청 아래 새 이미지가 없습니다.
[19:26:08] run_scene 시작 SRT_280 · seen_files=13 · last_saved=https://www.genspark.ai/api/files/s/4lvu01p5
[19:26:08] ⏱ 준비 SRT_280 0.0s · chars=5598
[19:26:09] ⏱ 다음명령유휴 SRT_280 1.6s · idle=True
[19:26:10] fill OK(clip) follow=True chars=5598
[19:26:10] submit 시작 composer=5598 url=https://www.genspark.ai/agents?id=ae2a754d-1794-4269-ba7f-426d64f5ab66
[19:26:10] submit geo 실패 hit=no-btn
[19:26:10] submit 시도 method=geo geo=False
[19:26:11] submit 미확인 method=geo generating=False composer=5598
[19:26:11] submit geo 실패 hit=no-btn
[19:26:11] submit 시도 method=send send=False
[19:26:12] submit 미확인 method=send generating=False composer=5598
[19:26:12] submit 시도 method=ctrl
[19:26:13] submit 미확인 method=ctrl generating=False composer=5600
[19:26:13] submit 시도 method=enter
[19:26:14] submit 확인 method=enter generating=False composer=0
[19:26:14] ⏱ 입력·전송 SRT_280 4.4s · chars=5598
[19:26:14] 제출 후 last_saved=https://www.genspark.ai/api/files/s/4lvu01p5
[19:26:14] ⏱ 생성대기 시작 SRT_280 max=120s
[19:26:26] ⏱ 생성대기 완료(busy무시) 12.2s SRT_280 https://www.genspark.ai/api/files/s/mmcrfqtv
[19:26:26] ⏱ 생성대기구간 SRT_280 12.2s · ok=True
[19:26:26] SRT_280 근접 이미지 https://www.genspark.ai/api/files/s/mmcrfqtv
[19:26:26] 다운로드 files URL=https://www.genspark.ai/api/files/s/mmcrfqtv → SRT_280.png
[19:26:27] ⏱ 다운로드 직접 0.7s size=579795 SRT_280.png
[19:26:27] ⏱ 다운로드구간 SRT_280 0.8s · SRT_280.png
[19:26:29] ⏱ 다운로드후유휴 SRT_280 1.9s · idle=True
[19:26:29] ⏱ 씬합계 SRT_280 21.2s · https://www.genspark.ai/api/files/s/mmcrfqtv
[19:26:29] SRT_280 생성·다운로드 완료
C:\cursor\wuxia\workspace\swardmaster\2부\15장\png\SRT_280.png
[19:26:29] 상태키 SRT_300 · tracking=OFF; Baek|base; Jin|base
[19:26:29] 늦은이미지 회수 실패 SRT_040: SRT_040 요청 아래 새 이미지가 없습니다.
[19:26:29] run_scene 시작 SRT_300 · seen_files=14 · last_saved=https://www.genspark.ai/api/files/s/mmcrfqtv
[19:26:29] ⏱ 준비 SRT_300 0.0s · chars=7304
[19:26:30] ⏱ 다음명령유휴 SRT_300 1.4s · idle=True
[19:26:31] fill OK(clip) follow=True chars=7304
[19:26:31] submit 시작 composer=7304 url=https://www.genspark.ai/agents?id=ae2a754d-1794-4269-ba7f-426d64f5ab66
[19:26:31] submit geo 실패 hit=no-btn
[19:26:31] submit 시도 method=geo geo=False
[19:26:32] submit 미확인 method=geo generating=False composer=7304
[19:26:32] submit geo 실패 hit=no-btn
[19:26:32] submit 시도 method=send send=False
[19:26:33] submit 미확인 method=send generating=False composer=7304
[19:26:33] submit 시도 method=ctrl
[19:26:34] submit 미확인 method=ctrl generating=False composer=7306
[19:26:34] submit 시도 method=enter
[19:26:35] submit 확인 method=enter generating=False composer=0
[19:26:35] ⏱ 입력·전송 SRT_300 4.2s · chars=7304
[19:26:35] 제출 후 last_saved=https://www.genspark.ai/api/files/s/mmcrfqtv
[19:26:35] ⏱ 생성대기 시작 SRT_300 max=120s
[19:26:46] ⏱ 생성대기 완료 11.4s SRT_300 https://www.genspark.ai/api/files/s/cswmbwkg
[19:26:46] ⏱ 생성대기구간 SRT_300 11.4s · ok=True
[19:26:46] SRT_300 근접 이미지 https://www.genspark.ai/api/files/s/cswmbwkg
[19:26:46] 다운로드 files URL=https://www.genspark.ai/api/files/s/cswmbwkg → SRT_300.png
[19:26:47] ⏱ 다운로드 직접 1.0s size=644023 SRT_300.png
[19:26:48] ⏱ 다운로드구간 SRT_300 1.1s · SRT_300.png
[19:26:51] ⏱ 다운로드후유휴 SRT_300 3.6s · idle=True
[19:26:51] ⏱ 씬합계 SRT_300 22.1s · https://www.genspark.ai/api/files/s/cswmbwkg
[19:26:51] SRT_300 생성·다운로드 완료
C:\cursor\wuxia\workspace\swardmaster\2부\15장\png\SRT_300.png
[19:26:51] 상태키 SRT_320 · tracking=OFF; Baek|base; Jin|base
[19:26:51] 늦은이미지 회수 실패 SRT_040: SRT_040 요청 아래 새 이미지가 없습니다.
[19:26:51] run_scene 시작 SRT_320 · seen_files=15 · last_saved=https://www.genspark.ai/api/files/s/cswmbwkg
[19:26:51] ⏱ 준비 SRT_320 0.0s · chars=6632
[19:26:53] ⏱ 다음명령유휴 SRT_320 1.6s · idle=True
[19:26:54] fill OK(clip) follow=True chars=6632
[19:26:54] submit 시작 composer=6632 url=https://www.genspark.ai/agents?id=ae2a754d-1794-4269-ba7f-426d64f5ab66
[19:26:54] submit geo 실패 hit=no-btn
[19:26:54] submit 시도 method=geo geo=False
[19:26:55] submit 미확인 method=geo generating=False composer=6632
[19:26:55] submit geo 실패 hit=no-btn
[19:26:55] submit 시도 method=send send=False
[19:26:56] submit 미확인 method=send generating=False composer=6632
[19:26:56] submit 시도 method=ctrl
[19:26:57] submit 미확인 method=ctrl generating=False composer=6634
[19:26:57] submit 시도 method=enter
[19:26:58] submit 확인 method=enter generating=False composer=0
[19:26:58] ⏱ 입력·전송 SRT_320 4.6s · chars=6632
[19:26:58] 제출 후 last_saved=https://www.genspark.ai/api/files/s/cswmbwkg
[19:26:58] ⏱ 생성대기 시작 SRT_320 max=120s
[19:27:10] ⏱ 생성대기 완료 12.0s SRT_320 https://www.genspark.ai/api/files/s/tmd0txrc
[19:27:10] ⏱ 생성대기구간 SRT_320 12.0s · ok=True
[19:27:10] SRT_320 근접 이미지 https://www.genspark.ai/api/files/s/tmd0txrc
[19:27:10] 다운로드 files URL=https://www.genspark.ai/api/files/s/tmd0txrc → SRT_320.png
[19:27:11] ⏱ 다운로드 직접 0.8s size=682869 SRT_320.png
[19:27:11] ⏱ 다운로드구간 SRT_320 0.8s · SRT_320.png
[19:27:15] ⏱ 다운로드후유휴 SRT_320 4.0s · idle=True
[19:27:15] ⏱ 씬합계 SRT_320 23.3s · https://www.genspark.ai/api/files/s/tmd0txrc
[19:27:15] SRT_320 생성·다운로드 완료
C:\cursor\wuxia\workspace\swardmaster\2부\15장\png\SRT_320.png
[19:27:15] 상태키 SRT_340 · tracking=OFF; Baek|base; Jin|base
[19:27:15] 늦은이미지 회수 실패 SRT_040: SRT_040 요청 아래 새 이미지가 없습니다.
[19:27:15] run_scene 시작 SRT_340 · seen_files=16 · last_saved=https://www.genspark.ai/api/files/s/tmd0txrc
[19:27:15] ⏱ 준비 SRT_340 0.0s · chars=7085
[19:27:16] ⏱ 다음명령유휴 SRT_340 1.5s · idle=True
[19:27:17] fill OK(clip) follow=True chars=7085
[19:27:17] submit 시작 composer=7085 url=https://www.genspark.ai/agents?id=ae2a754d-1794-4269-ba7f-426d64f5ab66
[19:27:17] submit geo 실패 hit=no-btn
[19:27:17] submit 시도 method=geo geo=False
[19:27:18] submit 미확인 method=geo generating=False composer=7085
[19:27:18] submit geo 실패 hit=no-btn
[19:27:18] submit 시도 method=send send=False
[19:27:19] submit 미확인 method=send generating=False composer=7085
[19:27:19] submit 시도 method=ctrl
[19:27:20] submit 미확인 method=ctrl generating=False composer=7087
[19:27:20] submit 시도 method=enter
[19:27:20] submit 확인 method=enter generating=False composer=0
[19:27:20] ⏱ 입력·전송 SRT_340 4.1s · chars=7085
[19:27:20] 제출 후 last_saved=https://www.genspark.ai/api/files/s/tmd0txrc
[19:27:21] ⏱ 생성대기 시작 SRT_340 max=120s
[19:27:34] ⏱ 생성대기 완료 12.9s SRT_340 https://www.genspark.ai/api/files/s/hsegtaw3
[19:27:34] ⏱ 생성대기구간 SRT_340 12.9s · ok=True
[19:27:34] SRT_340 근접 이미지 https://www.genspark.ai/api/files/s/hsegtaw3
[19:27:34] 다운로드 files URL=https://www.genspark.ai/api/files/s/hsegtaw3 → SRT_340.png
[19:27:34] ⏱ 다운로드 직접 0.8s size=815541 SRT_340.png
[19:27:34] ⏱ 다운로드구간 SRT_340 0.8s · SRT_340.png
[19:27:39] ⏱ 다운로드후유휴 SRT_340 4.2s · idle=True
[19:27:39] ⏱ 씬합계 SRT_340 23.9s · https://www.genspark.ai/api/files/s/hsegtaw3
[19:27:39] SRT_340 생성·다운로드 완료
C:\cursor\wuxia\workspace\swardmaster\2부\15장\png\SRT_340.png
[19:27:39] 상태키 SRT_360 · tracking=OFF; Baek|base; Jin|base
[19:27:39] 늦은이미지 회수 실패 SRT_040: SRT_040 요청 아래 새 이미지가 없습니다.
[19:27:39] run_scene 시작 SRT_360 · seen_files=17 · last_saved=https://www.genspark.ai/api/files/s/hsegtaw3
[19:27:39] ⏱ 준비 SRT_360 0.1s · chars=5373
[19:27:41] ⏱ 다음명령유휴 SRT_360 1.9s · idle=True
[19:27:42] fill OK(clip) follow=True chars=5373
[19:27:42] submit 시작 composer=5373 url=https://www.genspark.ai/agents?id=ae2a754d-1794-4269-ba7f-426d64f5ab66
[19:27:42] submit geo 실패 hit=no-btn
[19:27:42] submit 시도 method=geo geo=False
[19:27:43] submit 미확인 method=geo generating=False composer=5373
[19:27:43] submit geo 실패 hit=no-btn
[19:27:43] submit 시도 method=send send=False
[19:27:44] submit 미확인 method=send generating=False composer=5373
[19:27:44] submit 시도 method=ctrl
[19:27:45] submit 미확인 method=ctrl generating=False composer=5375
[19:27:45] submit 시도 method=enter
[19:27:46] submit 확인 method=enter generating=False composer=0
[19:27:46] ⏱ 입력·전송 SRT_360 4.3s · chars=5373
[19:27:46] 제출 후 last_saved=https://www.genspark.ai/api/files/s/hsegtaw3
[19:27:46] ⏱ 생성대기 시작 SRT_360 max=120s
[19:28:00] ⏱ 생성대기 완료 14.6s SRT_360 https://www.genspark.ai/api/files/s/jumdqbs2
[19:28:00] ⏱ 생성대기구간 SRT_360 14.6s · ok=True
[19:28:00] SRT_360 근접 이미지 https://www.genspark.ai/api/files/s/jumdqbs2
[19:28:00] 다운로드 files URL=https://www.genspark.ai/api/files/s/jumdqbs2 → SRT_360.png
[19:28:01] ⏱ 다운로드 직접 0.8s size=809802 SRT_360.png
[19:28:01] ⏱ 다운로드구간 SRT_360 0.9s · SRT_360.png
[19:28:04] ⏱ 다운로드후유휴 SRT_360 2.5s · idle=True
[19:28:04] ⏱ 씬합계 SRT_360 24.5s · https://www.genspark.ai/api/files/s/jumdqbs2
[19:28:04] SRT_360 생성·다운로드 완료
C:\cursor\wuxia\workspace\swardmaster\2부\15장\png\SRT_360.png
[19:28:04] 상태키 SRT_380 · tracking=OFF; Baek|base; Jin|base
[19:28:04] 늦은이미지 회수 실패 SRT_040: SRT_040 요청 아래 새 이미지가 없습니다.
[19:28:04] run_scene 시작 SRT_380 · seen_files=18 · last_saved=https://www.genspark.ai/api/files/s/jumdqbs2
[19:28:04] ⏱ 준비 SRT_380 0.0s · chars=3709
[19:28:06] ⏱ 다음명령유휴 SRT_380 1.6s · idle=True
[19:28:06] fill OK(clip) follow=True chars=3709
[19:28:06] submit 시작 composer=3709 url=https://www.genspark.ai/agents?id=ae2a754d-1794-4269-ba7f-426d64f5ab66
[19:28:06] submit geo 실패 hit=no-btn
[19:28:06] submit 시도 method=geo geo=False
[19:28:07] submit 미확인 method=geo generating=False composer=3709
[19:28:07] submit geo 실패 hit=no-btn
[19:28:07] submit 시도 method=send send=False
[19:28:08] submit 미확인 method=send generating=False composer=3709
[19:28:08] submit 시도 method=ctrl
[19:28:09] submit 미확인 method=ctrl generating=False composer=3711
[19:28:09] submit 시도 method=enter
[19:28:10] submit 확인 method=enter generating=False composer=0
[19:28:10] ⏱ 입력·전송 SRT_380 4.2s · chars=3709
[19:28:10] 제출 후 last_saved=https://www.genspark.ai/api/files/s/jumdqbs2
[19:28:10] ⏱ 생성대기 시작 SRT_380 max=120s
[19:28:21] ⏱ 생성대기 완료 11.4s SRT_380 https://www.genspark.ai/api/files/s/isclsf8c
[19:28:21] ⏱ 생성대기구간 SRT_380 11.4s · ok=True
[19:28:21] SRT_380 근접 이미지 https://www.genspark.ai/api/files/s/isclsf8c
[19:28:21] 다운로드 files URL=https://www.genspark.ai/api/files/s/isclsf8c → SRT_380.png
[19:28:22] ⏱ 다운로드 직접 0.7s size=559947 SRT_380.png
[19:28:22] ⏱ 다운로드구간 SRT_380 0.8s · SRT_380.png
[19:28:26] ⏱ 다운로드후유휴 SRT_380 3.7s · idle=True
[19:28:26] ⏱ 씬합계 SRT_380 21.9s · https://www.genspark.ai/api/files/s/isclsf8c
[19:28:26] SRT_380 생성·다운로드 완료
C:\cursor\wuxia\workspace\swardmaster\2부\15장\png\SRT_380.png
[19:28:26] 상태키 SRT_400 · tracking=OFF; Baek|base; Jin|base
[19:28:26] 늦은이미지 회수 실패 SRT_040: SRT_040 요청 아래 새 이미지가 없습니다.
[19:28:26] run_scene 시작 SRT_400 · seen_files=19 · last_saved=https://www.genspark.ai/api/files/s/isclsf8c
[19:28:26] ⏱ 준비 SRT_400 0.1s · chars=5317
[19:28:29] ⏱ 다음명령유휴 SRT_400 2.1s · idle=True
[19:28:29] fill OK(clip) follow=True chars=5317
[19:28:29] submit 시작 composer=5317 url=https://www.genspark.ai/agents?id=ae2a754d-1794-4269-ba7f-426d64f5ab66
[19:28:29] submit geo 실패 hit=no-btn
[19:28:29] submit 시도 method=geo geo=False
[19:28:30] submit 미확인 method=geo generating=False composer=5317
[19:28:31] submit geo 실패 hit=no-btn
[19:28:31] submit 시도 method=send send=False
[19:28:31] submit 미확인 method=send generating=False composer=5317
[19:28:31] submit 시도 method=ctrl
[19:28:32] submit 미확인 method=ctrl generating=False composer=5319
[19:28:32] submit 시도 method=enter
[19:28:33] submit 확인 method=enter generating=False composer=0
[19:28:33] ⏱ 입력·전송 SRT_400 4.4s · chars=5317
[19:28:33] 제출 후 last_saved=https://www.genspark.ai/api/files/s/isclsf8c
[19:28:33] ⏱ 생성대기 시작 SRT_400 max=120s
[19:28:46] ⏱ 생성대기 완료(busy무시) 12.7s SRT_400 https://www.genspark.ai/api/files/s/29hqcvq3
[19:28:46] ⏱ 생성대기구간 SRT_400 12.7s · ok=True
[19:28:46] SRT_400 근접 이미지 https://www.genspark.ai/api/files/s/29hqcvq3
[19:28:46] 다운로드 files URL=https://www.genspark.ai/api/files/s/29hqcvq3 → SRT_400.png
[19:28:47] ⏱ 다운로드 직접 0.8s size=823325 SRT_400.png
[19:28:47] ⏱ 다운로드구간 SRT_400 0.8s · SRT_400.png
[19:28:49] ⏱ 다운로드후유휴 SRT_400 2.1s · idle=True
[19:28:49] ⏱ 씬합계 SRT_400 22.4s · https://www.genspark.ai/api/files/s/29hqcvq3
[19:28:49] SRT_400 생성·다운로드 완료
C:\cursor\wuxia\workspace\swardmaster\2부\15장\png\SRT_400.png
[19:28:49] 상태키 SRT_420 · tracking=OFF; Baek|base; Jin|base
[19:28:49] 늦은이미지 회수 실패 SRT_040: SRT_040 요청 아래 새 이미지가 없습니다.
[19:28:49] run_scene 시작 SRT_420 · seen_files=20 · last_saved=https://www.genspark.ai/api/files/s/29hqcvq3
[19:28:49] ⏱ 준비 SRT_420 0.0s · chars=6208
[19:28:51] ⏱ 다음명령유휴 SRT_420 1.5s · idle=True
[19:28:51] fill OK(clip) follow=True chars=6208
[19:28:51] submit 시작 composer=6208 url=https://www.genspark.ai/agents?id=ae2a754d-1794-4269-ba7f-426d64f5ab66
[19:28:51] submit geo 실패 hit=no-btn
[19:28:51] submit 시도 method=geo geo=False
[19:28:52] submit 미확인 method=geo generating=False composer=6208
[19:28:52] submit geo 실패 hit=no-btn
[19:28:52] submit 시도 method=send send=False
[19:28:53] submit 미확인 method=send generating=False composer=6208
[19:28:53] submit 시도 method=ctrl
[19:28:54] submit 미확인 method=ctrl generating=False composer=6210
[19:28:54] submit 시도 method=enter
[19:28:55] submit 확인 method=enter generating=False composer=0
[19:28:55] ⏱ 입력·전송 SRT_420 4.3s · chars=6208
[19:28:55] 제출 후 last_saved=https://www.genspark.ai/api/files/s/29hqcvq3
[19:28:55] ⏱ 생성대기 시작 SRT_420 max=120s
[19:29:07] ⏱ 생성대기 완료(busy무시) 11.9s SRT_420 https://www.genspark.ai/api/files/s/wohonxln
[19:29:07] ⏱ 생성대기구간 SRT_420 11.9s · ok=True
[19:29:07] SRT_420 근접 이미지 https://www.genspark.ai/api/files/s/wohonxln
[19:29:07] 다운로드 files URL=https://www.genspark.ai/api/files/s/wohonxln → SRT_420.png
[19:29:08] ⏱ 다운로드 직접 0.9s size=786809 SRT_420.png
[19:29:08] ⏱ 다운로드구간 SRT_420 0.9s · SRT_420.png
[19:29:09] ⏱ 다운로드후유휴 SRT_420 1.5s · idle=True
[19:29:09] ⏱ 씬합계 SRT_420 20.4s · https://www.genspark.ai/api/files/s/wohonxln
[19:29:09] SRT_420 생성·다운로드 완료
C:\cursor\wuxia\workspace\swardmaster\2부\15장\png\SRT_420.png
[19:29:10] 상태키 SRT_440 · tracking=OFF; Baek|base; Jin|base
[19:29:10] 늦은이미지 회수 실패 SRT_040: SRT_040 요청 아래 새 이미지가 없습니다.
[19:29:10] run_scene 시작 SRT_440 · seen_files=21 · last_saved=https://www.genspark.ai/api/files/s/wohonxln
[19:29:10] ⏱ 준비 SRT_440 0.0s · chars=4914
[19:29:11] ⏱ 다음명령유휴 SRT_440 1.4s · idle=True
[19:29:12] fill OK(clip) follow=True chars=4914
[19:29:12] submit 시작 composer=4914 url=https://www.genspark.ai/agents?id=ae2a754d-1794-4269-ba7f-426d64f5ab66
[19:29:12] submit geo 실패 hit=no-btn
[19:29:12] submit 시도 method=geo geo=False
[19:29:13] submit 미확인 method=geo generating=False composer=4914
[19:29:13] submit geo 실패 hit=no-btn
[19:29:13] submit 시도 method=send send=False
[19:29:14] submit 미확인 method=send generating=False composer=4914
[19:29:14] submit 시도 method=ctrl
[19:29:15] submit 미확인 method=ctrl generating=False composer=4916
[19:29:15] submit 시도 method=enter
[19:29:16] submit 확인 method=enter generating=False composer=0
[19:29:16] ⏱ 입력·전송 SRT_440 4.8s · chars=4914
[19:29:16] 제출 후 last_saved=https://www.genspark.ai/api/files/s/wohonxln
[19:29:16] ⏱ 생성대기 시작 SRT_440 max=120s
[19:29:28] ⏱ 생성대기 완료 11.9s SRT_440 https://www.genspark.ai/api/files/s/zf6eaabw
[19:29:28] ⏱ 생성대기구간 SRT_440 11.9s · ok=True
[19:29:28] SRT_440 근접 이미지 https://www.genspark.ai/api/files/s/zf6eaabw
[19:29:28] 다운로드 files URL=https://www.genspark.ai/api/files/s/zf6eaabw → SRT_440.png
[19:29:29] ⏱ 다운로드 직접 0.8s size=577879 SRT_440.png
[19:29:29] ⏱ 다운로드구간 SRT_440 0.8s · SRT_440.png
[19:29:32] ⏱ 다운로드후유휴 SRT_440 3.3s · idle=True
[19:29:32] ⏱ 씬합계 SRT_440 22.6s · https://www.genspark.ai/api/files/s/zf6eaabw
[19:29:32] SRT_440 생성·다운로드 완료
C:\cursor\wuxia\workspace\swardmaster\2부\15장\png\SRT_440.png
[19:29:32] 상태키 SRT_460 · tracking=OFF; Baek|base; Jin|base
[19:29:32] 늦은이미지 회수 실패 SRT_040: SRT_040 요청 아래 새 이미지가 없습니다.
[19:29:32] run_scene 시작 SRT_460 · seen_files=22 · last_saved=https://www.genspark.ai/api/files/s/zf6eaabw
[19:29:32] ⏱ 준비 SRT_460 0.0s · chars=5309
[19:29:34] ⏱ 다음명령유휴 SRT_460 1.5s · idle=True
[19:29:35] fill OK(clip) follow=True chars=5309
[19:29:35] submit 시작 composer=5309 url=https://www.genspark.ai/agents?id=ae2a754d-1794-4269-ba7f-426d64f5ab66
[19:29:35] submit geo 실패 hit=no-btn
[19:29:35] submit 시도 method=geo geo=False
[19:29:35] submit 미확인 method=geo generating=False composer=5309
[19:29:36] submit geo 실패 hit=no-btn
[19:29:36] submit 시도 method=send send=False
[19:29:36] submit 미확인 method=send generating=False composer=5309
[19:29:37] submit 시도 method=ctrl
[19:29:37] submit 미확인 method=ctrl generating=False composer=5311
[19:29:38] submit 시도 method=enter
[19:29:38] submit 확인 method=enter generating=False composer=0
[19:29:38] ⏱ 입력·전송 SRT_460 4.2s · chars=5309
[19:29:38] 제출 후 last_saved=https://www.genspark.ai/api/files/s/zf6eaabw
[19:29:38] ⏱ 생성대기 시작 SRT_460 max=120s
[19:29:54] ⏱ 생성대기 진행 15.3s SRT_460 busy=True url_ok=True src=https://www.genspark.ai/api/files/s/lehsqnsp
[19:29:54] ⏱ 생성대기 완료(busy무시) 15.3s SRT_460 https://www.genspark.ai/api/files/s/lehsqnsp
[19:29:54] ⏱ 생성대기구간 SRT_460 15.3s · ok=True
[19:29:54] SRT_460 근접 이미지 https://www.genspark.ai/api/files/s/lehsqnsp
[19:29:54] 다운로드 files URL=https://www.genspark.ai/api/files/s/lehsqnsp → SRT_460.png
[19:29:55] ⏱ 다운로드 직접 0.8s size=847233 SRT_460.png
[19:29:55] ⏱ 다운로드구간 SRT_460 0.9s · SRT_460.png
[19:29:56] ⏱ 다운로드후유휴 SRT_460 1.4s · idle=True
[19:29:56] ⏱ 씬합계 SRT_460 23.6s · https://www.genspark.ai/api/files/s/lehsqnsp
[19:29:56] SRT_460 생성·다운로드 완료
C:\cursor\wuxia\workspace\swardmaster\2부\15장\png\SRT_460.png
[19:29:56] 상태키 SRT_480 · tracking=OFF; Baek|base; Jin|base
[19:29:56] 늦은이미지 회수 실패 SRT_040: SRT_040 요청 아래 새 이미지가 없습니다.
[19:29:56] run_scene 시작 SRT_480 · seen_files=23 · last_saved=https://www.genspark.ai/api/files/s/lehsqnsp
[19:29:56] ⏱ 준비 SRT_480 0.0s · chars=5336
[19:29:58] ⏱ 다음명령유휴 SRT_480 1.5s · idle=True
[19:29:59] fill OK(clip) follow=True chars=5336
[19:29:59] submit 시작 composer=5336 url=https://www.genspark.ai/agents?id=ae2a754d-1794-4269-ba7f-426d64f5ab66
[19:29:59] submit geo 실패 hit=no-btn
[19:29:59] submit 시도 method=geo geo=False
[19:29:59] submit 미확인 method=geo generating=False composer=5336
[19:30:00] submit geo 실패 hit=no-btn
[19:30:00] submit 시도 method=send send=False
[19:30:00] submit 미확인 method=send generating=False composer=5336
[19:30:01] submit 시도 method=ctrl
[19:30:01] submit 미확인 method=ctrl generating=False composer=5338
[19:30:02] submit 시도 method=enter
[19:30:02] submit 확인 method=enter generating=False composer=0
[19:30:02] ⏱ 입력·전송 SRT_480 4.3s · chars=5336
[19:30:02] 제출 후 last_saved=https://www.genspark.ai/api/files/s/lehsqnsp
[19:30:02] ⏱ 생성대기 시작 SRT_480 max=120s
[19:30:14] ⏱ 생성대기 완료(busy무시) 11.4s SRT_480 https://www.genspark.ai/api/files/s/bdbzsx1e
[19:30:14] ⏱ 생성대기구간 SRT_480 11.4s · ok=True
[19:30:14] SRT_480 근접 이미지 https://www.genspark.ai/api/files/s/bdbzsx1e
[19:30:14] 다운로드 files URL=https://www.genspark.ai/api/files/s/bdbzsx1e → SRT_480.png
[19:30:15] ⏱ 다운로드 직접 0.8s size=806792 SRT_480.png
[19:30:15] ⏱ 다운로드구간 SRT_480 0.8s · SRT_480.png
[19:30:18] ⏱ 다운로드후유휴 SRT_480 3.3s · idle=True
[19:30:18] ⏱ 씬합계 SRT_480 21.7s · https://www.genspark.ai/api/files/s/bdbzsx1e
[19:30:18] SRT_480 생성·다운로드 완료
C:\cursor\wuxia\workspace\swardmaster\2부\15장\png\SRT_480.png
[19:30:18] 상태키 SRT_500 · tracking=OFF; Baek|base; Jin|base
[19:30:18] 늦은이미지 회수 실패 SRT_040: SRT_040 요청 아래 새 이미지가 없습니다.
[19:30:18] run_scene 시작 SRT_500 · seen_files=24 · last_saved=https://www.genspark.ai/api/files/s/bdbzsx1e
[19:30:18] ⏱ 준비 SRT_500 0.0s · chars=5719
[19:30:20] ⏱ 다음명령유휴 SRT_500 1.6s · idle=True
[19:30:21] fill OK(clip) follow=True chars=5719
[19:30:21] submit 시작 composer=5719 url=https://www.genspark.ai/agents?id=ae2a754d-1794-4269-ba7f-426d64f5ab66
[19:30:21] submit geo 실패 hit=no-btn
[19:30:21] submit 시도 method=geo geo=False
[19:30:21] submit 미확인 method=geo generating=False composer=5719
[19:30:22] submit geo 실패 hit=no-btn
[19:30:22] submit 시도 method=send send=False
[19:30:22] submit 미확인 method=send generating=False composer=5719
[19:30:23] submit 시도 method=ctrl
[19:30:23] submit 미확인 method=ctrl generating=False composer=5721
[19:30:24] submit 시도 method=enter
[19:30:24] submit 확인 method=enter generating=False composer=0
[19:30:24] ⏱ 입력·전송 SRT_500 4.5s · chars=5719
[19:30:24] 제출 후 last_saved=https://www.genspark.ai/api/files/s/bdbzsx1e
[19:30:25] ⏱ 생성대기 시작 SRT_500 max=120s
[19:30:40] ⏱ 생성대기 진행 15.0s SRT_500 busy=True url_ok=True src=https://www.genspark.ai/api/files/s/boxyt3ll
[19:30:40] ⏱ 생성대기 완료(busy무시) 15.1s SRT_500 https://www.genspark.ai/api/files/s/boxyt3ll
[19:30:40] ⏱ 생성대기구간 SRT_500 15.1s · ok=True
[19:30:40] SRT_500 근접 이미지 https://www.genspark.ai/api/files/s/boxyt3ll
[19:30:40] 다운로드 files URL=https://www.genspark.ai/api/files/s/boxyt3ll → SRT_500.png
[19:30:40] ⏱ 다운로드 직접 0.8s size=705484 SRT_500.png
[19:30:40] ⏱ 다운로드구간 SRT_500 0.8s · SRT_500.png
[19:30:42] ⏱ 다운로드후유휴 SRT_500 1.8s · idle=True
[19:30:42] ⏱ 씬합계 SRT_500 24.1s · https://www.genspark.ai/api/files/s/boxyt3ll
[19:30:42] SRT_500 생성·다운로드 완료
C:\cursor\wuxia\workspace\swardmaster\2부\15장\png\SRT_500.png
[19:30:42] 상태키 SRT_520 · tracking=OFF; Baek|base; Jin|base
[19:30:42] 늦은이미지 회수 실패 SRT_040: SRT_040 요청 아래 새 이미지가 없습니다.
[19:30:42] run_scene 시작 SRT_520 · seen_files=25 · last_saved=https://www.genspark.ai/api/files/s/boxyt3ll
[19:30:42] ⏱ 준비 SRT_520 0.0s · chars=5720
[19:30:44] ⏱ 다음명령유휴 SRT_520 1.7s · idle=True
[19:30:45] fill OK(clip) follow=True chars=5720
[19:30:45] submit 시작 composer=5720 url=https://www.genspark.ai/agents?id=ae2a754d-1794-4269-ba7f-426d64f5ab66
[19:30:45] submit geo 실패 hit=no-btn
[19:30:45] submit 시도 method=geo geo=False
[19:30:46] submit 미확인 method=geo generating=False composer=5720
[19:30:46] submit geo 실패 hit=no-btn
[19:30:46] submit 시도 method=send send=False
[19:30:47] submit 미확인 method=send generating=False composer=5720
[19:30:47] submit 시도 method=ctrl
[19:30:48] submit 미확인 method=ctrl generating=False composer=5722
[19:30:48] submit 시도 method=enter
[19:30:49] submit 확인 method=enter generating=False composer=0
[19:30:49] ⏱ 입력·전송 SRT_520 4.6s · chars=5720
[19:30:49] 제출 후 last_saved=https://www.genspark.ai/api/files/s/boxyt3ll
[19:30:49] ⏱ 생성대기 시작 SRT_520 max=120s
[19:31:01] ⏱ 생성대기 완료(busy무시) 11.9s SRT_520 https://www.genspark.ai/api/files/s/70smwg1a
[19:31:01] ⏱ 생성대기구간 SRT_520 11.9s · ok=True
[19:31:01] SRT_520 근접 이미지 https://www.genspark.ai/api/files/s/70smwg1a
[19:31:01] 다운로드 files URL=https://www.genspark.ai/api/files/s/70smwg1a → SRT_520.png
[19:31:02] ⏱ 다운로드 직접 0.8s size=696392 SRT_520.png
[19:31:02] ⏱ 다운로드구간 SRT_520 0.9s · SRT_520.png
[19:31:05] ⏱ 다운로드후유휴 SRT_520 2.8s · idle=True
[19:31:05] ⏱ 씬합계 SRT_520 22.2s · https://www.genspark.ai/api/files/s/70smwg1a
[19:31:05] SRT_520 생성·다운로드 완료
C:\cursor\wuxia\workspace\swardmaster\2부\15장\png\SRT_520.png
[19:31:05] 상태키 SRT_540 · tracking=OFF; Baek|base; Jin|base
[19:31:05] 늦은이미지 회수 실패 SRT_040: SRT_040 요청 아래 새 이미지가 없습니다.
[19:31:05] run_scene 시작 SRT_540 · seen_files=26 · last_saved=https://www.genspark.ai/api/files/s/70smwg1a
[19:31:05] ⏱ 준비 SRT_540 0.0s · chars=6594
[19:31:07] ⏱ 다음명령유휴 SRT_540 1.8s · idle=True
[19:31:07] fill OK(clip) follow=True chars=6594
[19:31:07] submit 시작 composer=6594 url=https://www.genspark.ai/agents?id=ae2a754d-1794-4269-ba7f-426d64f5ab66
[19:31:08] submit geo 실패 hit=no-btn
[19:31:08] submit 시도 method=geo geo=False
[19:31:08] submit 미확인 method=geo generating=False composer=6594
[19:31:09] submit geo 실패 hit=no-btn
[19:31:09] submit 시도 method=send send=False
[19:31:09] submit 미확인 method=send generating=False composer=6594
[19:31:10] submit 시도 method=ctrl
[19:31:10] submit 미확인 method=ctrl generating=False composer=6596
[19:31:11] submit 시도 method=enter
[19:31:11] submit 확인 method=enter generating=False composer=0
[19:31:11] ⏱ 입력·전송 SRT_540 4.6s · chars=6594
[19:31:11] 제출 후 last_saved=https://www.genspark.ai/api/files/s/70smwg1a
[19:31:11] ⏱ 생성대기 시작 SRT_540 max=120s
[19:31:25] ⏱ 생성대기 완료(busy무시) 13.6s SRT_540 https://www.genspark.ai/api/files/s/lxout650
[19:31:25] ⏱ 생성대기구간 SRT_540 13.6s · ok=True
[19:31:25] SRT_540 근접 이미지 https://www.genspark.ai/api/files/s/lxout650
[19:31:25] 다운로드 files URL=https://www.genspark.ai/api/files/s/lxout650 → SRT_540.png
[19:31:26] ⏱ 다운로드 직접 0.8s size=533315 SRT_540.png
[19:31:26] ⏱ 다운로드구간 SRT_540 0.8s · SRT_540.png
[19:31:27] ⏱ 다운로드후유휴 SRT_540 1.5s · idle=True
[19:31:27] ⏱ 씬합계 SRT_540 22.5s · https://www.genspark.ai/api/files/s/lxout650
[19:31:27] SRT_540 생성·다운로드 완료
C:\cursor\wuxia\workspace\swardmaster\2부\15장\png\SRT_540.png
[19:31:28] 상태키 SRT_560 · tracking=OFF; Baek|base; Jin|base
[19:31:28] 늦은이미지 회수 실패 SRT_040: SRT_040 요청 아래 새 이미지가 없습니다.
[19:31:28] run_scene 시작 SRT_560 · seen_files=27 · last_saved=https://www.genspark.ai/api/files/s/lxout650
[19:31:28] ⏱ 준비 SRT_560 0.0s · chars=5757
[19:31:29] ⏱ 다음명령유휴 SRT_560 1.5s · idle=True
[19:31:30] fill OK(clip) follow=True chars=5757
[19:31:30] submit 시작 composer=5757 url=https://www.genspark.ai/agents?id=ae2a754d-1794-4269-ba7f-426d64f5ab66
[19:31:30] submit geo 실패 hit=no-btn
[19:31:30] submit 시도 method=geo geo=False
[19:31:31] submit 미확인 method=geo generating=False composer=5757
[19:31:31] submit geo 실패 hit=no-btn
[19:31:31] submit 시도 method=send send=False
[19:31:32] submit 미확인 method=send generating=False composer=5757
[19:31:32] submit 시도 method=ctrl
[19:31:33] submit 미확인 method=ctrl generating=False composer=5759
[19:31:33] submit 시도 method=enter
[19:31:33] submit 확인 method=enter generating=False composer=0
[19:31:33] ⏱ 입력·전송 SRT_560 4.3s · chars=5757
[19:31:33] 제출 후 last_saved=https://www.genspark.ai/api/files/s/lxout650
[19:31:34] ⏱ 생성대기 시작 SRT_560 max=120s
[19:31:48] ⏱ 생성대기 완료(busy무시) 13.9s SRT_560 https://www.genspark.ai/api/files/s/wzcumsog
[19:31:48] ⏱ 생성대기구간 SRT_560 13.9s · ok=True
[19:31:48] SRT_560 근접 이미지 https://www.genspark.ai/api/files/s/wzcumsog
[19:31:48] 다운로드 files URL=https://www.genspark.ai/api/files/s/wzcumsog → SRT_560.png
[19:31:48] ⏱ 다운로드 직접 0.8s size=517696 SRT_560.png
[19:31:48] ⏱ 다운로드구간 SRT_560 0.8s · SRT_560.png
[19:31:53] ⏱ 다운로드후유휴 SRT_560 4.4s · idle=True
[19:31:53] ⏱ 씬합계 SRT_560 25.2s · https://www.genspark.ai/api/files/s/wzcumsog
[19:31:53] SRT_560 생성·다운로드 완료
C:\cursor\wuxia\workspace\swardmaster\2부\15장\png\SRT_560.png
[19:31:53] 상태키 SRT_580 · tracking=OFF; Baek|base; Jin|base
[19:31:53] 늦은이미지 회수 실패 SRT_040: SRT_040 요청 아래 새 이미지가 없습니다.
[19:31:53] run_scene 시작 SRT_580 · seen_files=28 · last_saved=https://www.genspark.ai/api/files/s/wzcumsog
[19:31:53] ⏱ 준비 SRT_580 0.0s · chars=5805
[19:31:55] ⏱ 다음명령유휴 SRT_580 1.6s · idle=True
[19:31:56] fill OK(clip) follow=True chars=5805
[19:31:56] submit 시작 composer=5805 url=https://www.genspark.ai/agents?id=ae2a754d-1794-4269-ba7f-426d64f5ab66
[19:31:56] submit geo 실패 hit=no-btn
[19:31:56] submit 시도 method=geo geo=False
[19:31:56] submit 미확인 method=geo generating=False composer=5805
[19:31:57] submit geo 실패 hit=no-btn
[19:31:57] submit 시도 method=send send=False
[19:31:57] submit 미확인 method=send generating=False composer=5805
[19:31:58] submit 시도 method=ctrl
[19:31:58] submit 미확인 method=ctrl generating=False composer=5807
[19:31:59] submit 시도 method=enter
[19:31:59] submit 확인 method=enter generating=False composer=0
[19:31:59] ⏱ 입력·전송 SRT_580 4.5s · chars=5805
[19:31:59] 제출 후 last_saved=https://www.genspark.ai/api/files/s/wzcumsog
[19:31:59] ⏱ 생성대기 시작 SRT_580 max=120s
[19:32:14] ⏱ 생성대기 완료(busy무시) 14.9s SRT_580 https://www.genspark.ai/api/files/s/6kgb2qyi
[19:32:14] ⏱ 생성대기구간 SRT_580 14.9s · ok=True
[19:32:14] SRT_580 근접 이미지 https://www.genspark.ai/api/files/s/6kgb2qyi
[19:32:14] 다운로드 files URL=https://www.genspark.ai/api/files/s/6kgb2qyi → SRT_580.png
[19:32:15] ⏱ 다운로드 직접 0.9s size=694904 SRT_580.png
[19:32:15] ⏱ 다운로드구간 SRT_580 0.9s · SRT_580.png
[19:32:17] ⏱ 다운로드후유휴 SRT_580 1.6s · idle=True
[19:32:17] ⏱ 씬합계 SRT_580 23.8s · https://www.genspark.ai/api/files/s/6kgb2qyi
[19:32:17] SRT_580 생성·다운로드 완료
C:\cursor\wuxia\workspace\swardmaster\2부\15장\png\SRT_580.png
[19:32:17] 상태키 SRT_600 · tracking=OFF; Baek|base; Jin|base
[19:32:17] 늦은이미지 회수 실패 SRT_040: SRT_040 요청 아래 새 이미지가 없습니다.
[19:32:17] run_scene 시작 SRT_600 · seen_files=29 · last_saved=https://www.genspark.ai/api/files/s/6kgb2qyi
[19:32:17] ⏱ 준비 SRT_600 0.0s · chars=5588
[19:32:18] ⏱ 다음명령유휴 SRT_600 1.4s · idle=True
[19:32:19] fill OK(clip) follow=True chars=5588
[19:32:19] submit 시작 composer=5588 url=https://www.genspark.ai/agents?id=ae2a754d-1794-4269-ba7f-426d64f5ab66
[19:32:19] submit geo 실패 hit=no-btn
[19:32:19] submit 시도 method=geo geo=False
[19:32:20] submit 미확인 method=geo generating=False composer=5588
[19:32:20] submit geo 실패 hit=no-btn
[19:32:20] submit 시도 method=send send=False
[19:32:21] submit 미확인 method=send generating=False composer=5588
[19:32:21] submit 시도 method=ctrl
[19:32:22] submit 미확인 method=ctrl generating=False composer=5590
[19:32:22] submit 시도 method=enter
[19:32:23] submit 확인 method=enter generating=False composer=0
[19:32:23] ⏱ 입력·전송 SRT_600 4.3s · chars=5588
[19:32:23] 제출 후 last_saved=https://www.genspark.ai/api/files/s/6kgb2qyi
[19:32:23] ⏱ 생성대기 시작 SRT_600 max=120s
[19:32:38] ⏱ 생성대기 진행 15.2s SRT_600 busy=False url_ok=False src=
[19:32:39] ⏱ 생성대기 완료 16.0s SRT_600 https://www.genspark.ai/api/files/s/2ctbligb
[19:32:39] ⏱ 생성대기구간 SRT_600 16.1s · ok=True
[19:32:39] SRT_600 근접 이미지 https://www.genspark.ai/api/files/s/2ctbligb
[19:32:39] 다운로드 files URL=https://www.genspark.ai/api/files/s/2ctbligb → SRT_600.png
[19:32:40] ⏱ 다운로드 직접 0.9s size=740285 SRT_600.png
[19:32:40] ⏱ 다운로드구간 SRT_600 0.9s · SRT_600.png
[19:32:44] ⏱ 다운로드후유휴 SRT_600 4.2s · idle=True
[19:32:44] ⏱ 씬합계 SRT_600 27.1s · https://www.genspark.ai/api/files/s/2ctbligb
[19:32:44] SRT_600 생성·다운로드 완료
C:\cursor\wuxia\workspace\swardmaster\2부\15장\png\SRT_600.png
[19:32:44] 상태키 SRT_620 · tracking=OFF; Baek|base; Jin|base
[19:32:44] 늦은이미지 회수 실패 SRT_040: SRT_040 요청 아래 새 이미지가 없습니다.
[19:32:44] run_scene 시작 SRT_620 · seen_files=30 · last_saved=https://www.genspark.ai/api/files/s/2ctbligb
[19:32:44] ⏱ 준비 SRT_620 0.0s · chars=4356
[19:32:46] ⏱ 다음명령유휴 SRT_620 1.7s · idle=True
[19:32:47] fill OK(clip) follow=True chars=4356
[19:32:47] submit 시작 composer=4356 url=https://www.genspark.ai/agents?id=ae2a754d-1794-4269-ba7f-426d64f5ab66
[19:32:47] submit geo 실패 hit=no-btn
[19:32:47] submit 시도 method=geo geo=False
[19:32:48] submit 미확인 method=geo generating=False composer=4356
[19:32:48] submit geo 실패 hit=no-btn
[19:32:48] submit 시도 method=send send=False
[19:32:49] submit 미확인 method=send generating=False composer=4356
[19:32:49] submit 시도 method=ctrl
[19:32:50] submit 미확인 method=ctrl generating=False composer=4358
[19:32:50] submit 시도 method=enter
[19:32:51] submit 확인 method=enter generating=False composer=0
[19:32:51] ⏱ 입력·전송 SRT_620 4.5s · chars=4356
[19:32:51] 제출 후 last_saved=https://www.genspark.ai/api/files/s/2ctbligb
[19:32:51] ⏱ 생성대기 시작 SRT_620 max=120s
[19:33:04] ⏱ 생성대기 완료(busy무시) 13.3s SRT_620 https://www.genspark.ai/api/files/s/2qxratua
[19:33:04] ⏱ 생성대기구간 SRT_620 13.3s · ok=True
[19:33:04] SRT_620 근접 이미지 https://www.genspark.ai/api/files/s/2qxratua
[19:33:04] 다운로드 files URL=https://www.genspark.ai/api/files/s/2qxratua → SRT_620.png
[19:33:05] ⏱ 다운로드 직접 0.8s size=572561 SRT_620.png
[19:33:05] ⏱ 다운로드구간 SRT_620 0.8s · SRT_620.png
[19:33:09] ⏱ 다운로드후유휴 SRT_620 3.7s · idle=True
[19:33:09] ⏱ 씬합계 SRT_620 24.3s · https://www.genspark.ai/api/files/s/2qxratua
[19:33:09] SRT_620 생성·다운로드 완료
C:\cursor\wuxia\workspace\swardmaster\2부\15장\png\SRT_620.png
[19:33:09] 상태키 SRT_640 · tracking=OFF; Baek|base; Jin|base
[19:33:09] 늦은이미지 회수 실패 SRT_040: SRT_040 요청 아래 새 이미지가 없습니다.
[19:33:09] run_scene 시작 SRT_640 · seen_files=31 · last_saved=https://www.genspark.ai/api/files/s/2qxratua
[19:33:09] ⏱ 준비 SRT_640 0.0s · chars=6275
[19:33:10] ⏱ 다음명령유휴 SRT_640 1.5s · idle=True
[19:33:11] fill OK(clip) follow=True chars=6275
[19:33:11] submit 시작 composer=6275 url=https://www.genspark.ai/agents?id=ae2a754d-1794-4269-ba7f-426d64f5ab66
[19:33:11] submit geo 실패 hit=no-btn
[19:33:11] submit 시도 method=geo geo=False
[19:33:12] submit 미확인 method=geo generating=False composer=6275
[19:33:12] submit geo 실패 hit=no-btn
[19:33:12] submit 시도 method=send send=False
[19:33:13] submit 미확인 method=send generating=False composer=6275
[19:33:13] submit 시도 method=ctrl
[19:33:14] submit 미확인 method=ctrl generating=False composer=6277
[19:33:14] submit 시도 method=enter
[19:33:15] submit 확인 method=enter generating=False composer=0
[19:33:15] ⏱ 입력·전송 SRT_640 4.3s · chars=6275
[19:33:15] 제출 후 last_saved=https://www.genspark.ai/api/files/s/2qxratua
[19:33:15] ⏱ 생성대기 시작 SRT_640 max=120s
[19:33:29] ⏱ 생성대기 완료 13.9s SRT_640 https://www.genspark.ai/api/files/s/3qvyyyud
[19:33:29] ⏱ 생성대기구간 SRT_640 13.9s · ok=True
[19:33:29] SRT_640 근접 이미지 https://www.genspark.ai/api/files/s/3qvyyyud
[19:33:29] 다운로드 files URL=https://www.genspark.ai/api/files/s/3qvyyyud → SRT_640.png
[19:33:30] ⏱ 다운로드 직접 0.7s size=655600 SRT_640.png
[19:33:30] ⏱ 다운로드구간 SRT_640 0.8s · SRT_640.png
[19:33:35] ⏱ 다운로드후유휴 SRT_640 4.9s · idle=True
[19:33:35] ⏱ 씬합계 SRT_640 25.7s · https://www.genspark.ai/api/files/s/3qvyyyud
[19:33:35] SRT_640 생성·다운로드 완료
C:\cursor\wuxia\workspace\swardmaster\2부\15장\png\SRT_640.png
[19:33:35] 상태키 SRT_660 · tracking=OFF; Baek|base; Jin|base
[19:33:35] 늦은이미지 회수 실패 SRT_040: SRT_040 요청 아래 새 이미지가 없습니다.
[19:33:35] run_scene 시작 SRT_660 · seen_files=32 · last_saved=https://www.genspark.ai/api/files/s/3qvyyyud
[19:33:35] ⏱ 준비 SRT_660 0.0s · chars=5645
[19:33:36] ⏱ 다음명령유휴 SRT_660 1.7s · idle=True
[19:33:37] fill OK(clip) follow=True chars=5645
[19:33:37] submit 시작 composer=5645 url=https://www.genspark.ai/agents?id=ae2a754d-1794-4269-ba7f-426d64f5ab66
[19:33:37] submit geo 실패 hit=no-btn
[19:33:37] submit 시도 method=geo geo=False
[19:33:38] submit 미확인 method=geo generating=False composer=5645
[19:33:38] submit geo 실패 hit=no-btn
[19:33:38] submit 시도 method=send send=False
[19:33:39] submit 미확인 method=send generating=False composer=5645
[19:33:39] submit 시도 method=ctrl
[19:33:40] submit 미확인 method=ctrl generating=False composer=5647
[19:33:40] submit 시도 method=enter
[19:33:41] submit 확인 method=enter generating=False composer=0
[19:33:41] ⏱ 입력·전송 SRT_660 4.5s · chars=5645
[19:33:41] 제출 후 last_saved=https://www.genspark.ai/api/files/s/3qvyyyud
[19:33:41] ⏱ 생성대기 시작 SRT_660 max=120s
[19:33:53] ⏱ 생성대기 완료(busy무시) 11.9s SRT_660 https://www.genspark.ai/api/files/s/f9gqkkyo
[19:33:53] ⏱ 생성대기구간 SRT_660 11.9s · ok=True
[19:33:53] SRT_660 근접 이미지 https://www.genspark.ai/api/files/s/f9gqkkyo
[19:33:53] 다운로드 files URL=https://www.genspark.ai/api/files/s/f9gqkkyo → SRT_660.png
[19:33:54] ⏱ 다운로드 직접 1.2s size=700257 SRT_660.png
[19:33:54] ⏱ 다운로드구간 SRT_660 1.2s · SRT_660.png
[19:33:56] ⏱ 다운로드후유휴 SRT_660 2.2s · idle=True
[19:33:56] ⏱ 씬합계 SRT_660 21.7s · https://www.genspark.ai/api/files/s/f9gqkkyo
[19:33:56] SRT_660 생성·다운로드 완료
C:\cursor\wuxia\workspace\swardmaster\2부\15장\png\SRT_660.png
[19:33:57] 상태키 SRT_680 · tracking=OFF; Baek|base; Jin|base
[19:33:57] 늦은이미지 회수 실패 SRT_040: SRT_040 요청 아래 새 이미지가 없습니다.
[19:33:57] run_scene 시작 SRT_680 · seen_files=33 · last_saved=https://www.genspark.ai/api/files/s/f9gqkkyo
[19:33:57] ⏱ 준비 SRT_680 0.0s · chars=3957
[19:33:58] ⏱ 다음명령유휴 SRT_680 1.5s · idle=True
[19:33:59] fill OK(clip) follow=True chars=3957
[19:33:59] submit 시작 composer=3957 url=https://www.genspark.ai/agents?id=ae2a754d-1794-4269-ba7f-426d64f5ab66
[19:33:59] submit geo 실패 hit=no-btn
[19:33:59] submit 시도 method=geo geo=False
[19:34:00] submit 미확인 method=geo generating=False composer=3957
[19:34:00] submit geo 실패 hit=no-btn
[19:34:00] submit 시도 method=send send=False
[19:34:01] submit 미확인 method=send generating=False composer=3957
[19:34:01] submit 시도 method=ctrl
[19:34:02] submit 미확인 method=ctrl generating=False composer=3959
[19:34:02] submit 시도 method=enter
[19:34:03] submit 확인 method=enter generating=False composer=0
[19:34:03] ⏱ 입력·전송 SRT_680 4.4s · chars=3957
[19:34:03] 제출 후 last_saved=https://www.genspark.ai/api/files/s/f9gqkkyo
[19:34:03] ⏱ 생성대기 시작 SRT_680 max=120s
[19:34:15] ⏱ 생성대기 완료(busy무시) 12.4s SRT_680 https://www.genspark.ai/api/files/s/megmyyqz
[19:34:15] ⏱ 생성대기구간 SRT_680 12.4s · ok=True
[19:34:15] SRT_680 근접 이미지 https://www.genspark.ai/api/files/s/megmyyqz
[19:34:15] 다운로드 files URL=https://www.genspark.ai/api/files/s/megmyyqz → SRT_680.png
[19:34:16] ⏱ 다운로드 직접 0.8s size=470855 SRT_680.png
[19:34:16] ⏱ 다운로드구간 SRT_680 0.8s · SRT_680.png
[19:34:20] ⏱ 다운로드후유휴 SRT_680 4.4s · idle=True
[19:34:20] ⏱ 씬합계 SRT_680 23.8s · https://www.genspark.ai/api/files/s/megmyyqz
[19:34:20] SRT_680 생성·다운로드 완료
C:\cursor\wuxia\workspace\swardmaster\2부\15장\png\SRT_680.png
[19:34:21] 상태키 SRT_700 · tracking=OFF; Baek|base; Jin|base
[19:34:21] 늦은이미지 회수 실패 SRT_040: SRT_040 요청 아래 새 이미지가 없습니다.
[19:34:21] run_scene 시작 SRT_700 · seen_files=34 · last_saved=https://www.genspark.ai/api/files/s/megmyyqz
[19:34:21] ⏱ 준비 SRT_700 0.0s · chars=3892
[19:34:22] ⏱ 다음명령유휴 SRT_700 1.7s · idle=True
[19:34:23] fill OK(clip) follow=True chars=3892
[19:34:23] submit 시작 composer=3892 url=https://www.genspark.ai/agents?id=ae2a754d-1794-4269-ba7f-426d64f5ab66
[19:34:23] submit geo 실패 hit=no-btn
[19:34:23] submit 시도 method=geo geo=False
[19:34:24] submit 미확인 method=geo generating=False composer=3892
[19:34:24] submit geo 실패 hit=no-btn
[19:34:24] submit 시도 method=send send=False
[19:34:25] submit 미확인 method=send generating=False composer=3892
[19:34:25] submit 시도 method=ctrl
[19:34:26] submit 미확인 method=ctrl generating=False composer=3894
[19:34:26] submit 시도 method=enter
[19:34:27] submit 확인 method=enter generating=False composer=0
[19:34:27] ⏱ 입력·전송 SRT_700 4.6s · chars=3892
[19:34:27] 제출 후 last_saved=https://www.genspark.ai/api/files/s/megmyyqz
[19:34:27] ⏱ 생성대기 시작 SRT_700 max=120s
[19:34:42] ⏱ 생성대기 완료 14.8s SRT_700 https://www.genspark.ai/api/files/s/izcwutsu
[19:34:42] ⏱ 생성대기구간 SRT_700 14.8s · ok=True
[19:34:42] SRT_700 근접 이미지 https://www.genspark.ai/api/files/s/izcwutsu
[19:34:42] 다운로드 files URL=https://www.genspark.ai/api/files/s/izcwutsu → SRT_700.png
[19:34:43] ⏱ 다운로드 직접 0.8s size=603895 SRT_700.png
[19:34:43] ⏱ 다운로드구간 SRT_700 0.8s · SRT_700.png
[19:34:46] ⏱ 다운로드후유휴 SRT_700 3.5s · idle=True
[19:34:46] ⏱ 씬합계 SRT_700 25.6s · https://www.genspark.ai/api/files/s/izcwutsu
[19:34:46] SRT_700 생성·다운로드 완료
C:\cursor\wuxia\workspace\swardmaster\2부\15장\png\SRT_700.png
[19:34:46] 상태키 SRT_720 · tracking=OFF; Baek|base; Jin|base
[19:34:46] 늦은이미지 회수 실패 SRT_040: SRT_040 요청 아래 새 이미지가 없습니다.
[19:34:46] run_scene 시작 SRT_720 · seen_files=35 · last_saved=https://www.genspark.ai/api/files/s/izcwutsu
[19:34:47] ⏱ 준비 SRT_720 0.0s · chars=5578
[19:34:48] ⏱ 다음명령유휴 SRT_720 1.6s · idle=True
[19:34:49] fill OK(clip) follow=True chars=5578
[19:34:49] submit 시작 composer=5578 url=https://www.genspark.ai/agents?id=ae2a754d-1794-4269-ba7f-426d64f5ab66
[19:34:49] submit geo 실패 hit=no-btn
[19:34:49] submit 시도 method=geo geo=False
[19:34:50] submit 미확인 method=geo generating=False composer=5578
[19:34:50] submit geo 실패 hit=no-btn
[19:34:50] submit 시도 method=send send=False
[19:34:51] submit 미확인 method=send generating=False composer=5578
[19:34:51] submit 시도 method=ctrl
[19:34:51] submit 미확인 method=ctrl generating=False composer=5580
[19:34:52] submit 시도 method=enter
[19:34:52] submit 확인 method=enter generating=False composer=0
[19:34:52] ⏱ 입력·전송 SRT_720 4.3s · chars=5578
[19:34:52] 제출 후 last_saved=https://www.genspark.ai/api/files/s/izcwutsu
[19:34:53] ⏱ 생성대기 시작 SRT_720 max=120s
[19:35:08] ⏱ 생성대기 진행 15.5s SRT_720 busy=False url_ok=False src=
[19:35:08] ⏱ 생성대기 한도감지 15.5s SRT_720 · AI Image 한도 - 재설정 2026-08-30 23:37 · AI Image 5시간 제한에 도달했습니다. 8월 30일 오후 11:37에 재설정됩니다 --- 5시간 제한 --- 세션 한도 도달 AI Image 5시간 제한에 도달했습니다. 8월 30일 오후 11:37에 재설정됩니
[19:35:08] run_scene 실패(재시도 없음): AI Image 한도 - 재설정 2026-08-30 23:37
[19:35:08] SRT_720 실패(한도 확정 streak=1) — 브라우저 종료 후 대기·재오픈
AI Image 한도 - 재설정 2026-08-30 23:37
[19:35:16] 한도 대기 전 ChromeDebug 종료
[19:35:16] 한도 대기 시작 — 정상화 예상 2026-08-30 23:37 (242분) — SRT_720 한도
