============================================================
[2026-08-26 21:27:01] fail · SRT_000
error: 새 이미지 대기 초과 (120s) — 다음 씬으로 진행
--- page ---
cream creati...
English countryside village on misty morning, shee...
Surfer inside massive barrel wave, green room pers...
Aztec god Quetzalcoatl as serpent emerging from py...
A giant whale skeleton on ocean floor being explor...
Terrain shaped by sound - echo mountains, reverb v...
A red-eyed tree frog calling from heliconia leaf d...
Iron filings revealing invisible forces at planeta...
A carpet weaver creating masterpiece, thousands of...
Thousands of monarch butterflies clustering on oya...
A spirit fox with nine tails running through a bam...
A silversmith engraving Sons of Liberty bowl, patr...
Venice sinking into the sea, gondolas floating pas...
Spiral staircase going infinitely in both directio...
A forager examining chanterelle find in damp fores...
Draped fabric folds as slot canyon, light penetrat...
Iceland's black sand beach with massive ice chunks...
A young monk sweeping autumn leaves in temple cour...
Extreme athlete cliff diving from 27 meters, body ...
A hummingbird hovering at trumpet flower, wings fr...
The concept of infinity: endless doorways receding...
Shipwreck being reclaimed by ocean life, fish swim...
A wedding couple's first dance, groom dipping brid...
A tribal elder teaching fire-making to young hunte...
A bull-leaper mid-somersault over charging bull, a...
Shattered safety glass as star field, each fragmen...
Synchronized swimming team in perfect formation vi...
Reality rendered in heat signatures - warm animal ...
Clownfish family in anemon…
============================================================
[2026-08-26 21:27:01] fail · SRT_000
error: 새 이미지 대기 초과 (120s) — 다음 씬으로 진행
extra: streak=1
============================================================
[2026-08-26 21:31:39] limit · SRT_220
error: AI Image 한도 - 재설정 2026-08-27 02:12
extra: reset_at=2026-08-27 02:12
--- page ---
AI Image 5시간 제한에 도달했습니다. 8월 27일 오전 2:12에 재설정됩니다
---
5시간 제한
---
세션 한도 도달
AI Image 5시간 제한에 도달했습니다. 8월 27일 오전 2:12에 재설정됩니다
OK
---
세션 한도 도달
AI Image 5시간 제한에 도달했습니다. 8월 27일 오전 2:12에 재설정됩니다
OK
---
5시간 제한
---
 table, continuation, or background guide.
이미지 생성
5시간 제한에 근접했습니다.
Nano Banana 2 Flash Lite
재생성
리믹스
이미지를 동영상으로

「SRT_200 이미지가 성공적으로 생성되었습니다.」

===== CHARACTER LOOK (SRT_220) =====
State keys: Jin≈19|blood_robe
Jin Muhan, approximately nineteen years old, East-Asian young swordsman, sharp narrow phoenix eyes, high straight nose, thin lips, defined jawline, youthful East-Asian face with ancient weary eyes, cool fair skin with porcelain complexion, slender wiry physique, calm unreadable expression, jet-black waist-length hair in warrior topknot with jade hairpin, white Huashan pale-teal robes with fresh blood spatters on chest and sleeves, silver plum embroidery, dark blue sash, refined jian, optional light blood on cheek, no deep wound, slender wiry build, calm unreadable expression
Always preserve facial identity: same face, sharp narrow phoenix eyes, high straight nose, thin lips, defined jawline, youthful East-Asian face with ancient weary eyes, cool fair skin with porcelain complexion, slender wiry swordsman physique, calm unreadable expression (unless emotion scene). Hair, robe damage, blood, and wounds must follow the State Layer only — do not invent random outfit changes. Do not change facial identity, eye shape, or physique across scenes.

===== SRT [220, 240) =====
진무한의 눈…
============================================================
[2026-08-26 21:31:39] limit · SRT_220
error: AI Image 한도 - 재설정 2026-08-27 02:12
extra: streak=1 reset_at=2026-08-27 02:12
--- page ---
AI Image 5시간 제한에 도달했습니다. 8월 27일 오전 2:12에 재설정됩니다 --- 5시간 제한 --- 세션 한도 도달 AI Image 5시간 제한에 도달했습니다. 8월 27일 오전 2:12에 재설정됩니다 OK --- 세션 한도 도달
============================================================
[2026-08-26 21:31:44] fail · SRT_240
error: 이어쓰기 입력란을 찾지 못했습니다.
--- page ---
AI Image 5시간 제한에 도달했습니다. 8월 27일 오전 2:12에 재설정됩니다
---
5시간 제한
---
세션 한도 도달
AI Image 5시간 제한에 도달했습니다. 8월 27일 오전 2:12에 재설정됩니다
OK
---
세션 한도 도달
AI Image 5시간 제한에 도달했습니다. 8월 27일 오전 2:12에 재설정됩니다
OK
---
5시간 제한
---
 table, continuation, or background guide.
이미지 생성
5시간 제한에 근접했습니다.
Nano Banana 2 Flash Lite
재생성
리믹스
이미지를 동영상으로

「SRT_200 이미지가 성공적으로 생성되었습니다.」

===== CHARACTER LOOK (SRT_220) =====
State keys: Jin≈19|blood_robe
Jin Muhan, approximately nineteen years old, East-Asian young swordsman, sharp narrow phoenix eyes, high straight nose, thin lips, defined jawline, youthful East-Asian face with ancient weary eyes, cool fair skin with porcelain complexion, slender wiry physique, calm unreadable expression, jet-black waist-length hair in warrior topknot with jade hairpin, white Huashan pale-teal robes with fresh blood spatters on chest and sleeves, silver plum embroidery, dark blue sash, refined jian, optional light blood on cheek, no deep wound, slender wiry build, calm unreadable expression
Always preserve facial identity: same face, sharp narrow phoenix eyes, high straight nose, thin lips, defined jawline, youthful East-Asian face with ancient weary eyes, cool fair skin with porcelain complexion, slender wiry swordsman physique, calm unreadable expression (unless emotion scene). Hair, robe damage, blood, and wounds must follow the State Layer only — do not invent random outfit changes. Do not change facial identity, eye shape, or physique across scenes.

===== SRT [220, 240) =====
진무한의 눈…
============================================================
[2026-08-26 21:31:44] fail_streak · SRT_240
error: 이어쓰기 입력란을 찾지 못했습니다.
extra: streak=2
============================================================
[2026-08-26 21:31:49] fail · SRT_260
error: 이어쓰기 입력란을 찾지 못했습니다.
--- page ---
AI Image 5시간 제한에 도달했습니다. 8월 27일 오전 2:12에 재설정됩니다
---
5시간 제한
---
세션 한도 도달
AI Image 5시간 제한에 도달했습니다. 8월 27일 오전 2:12에 재설정됩니다
OK
---
세션 한도 도달
AI Image 5시간 제한에 도달했습니다. 8월 27일 오전 2:12에 재설정됩니다
OK
---
5시간 제한
---
 table, continuation, or background guide.
이미지 생성
5시간 제한에 근접했습니다.
Nano Banana 2 Flash Lite
재생성
리믹스
이미지를 동영상으로

「SRT_200 이미지가 성공적으로 생성되었습니다.」

===== CHARACTER LOOK (SRT_220) =====
State keys: Jin≈19|blood_robe
Jin Muhan, approximately nineteen years old, East-Asian young swordsman, sharp narrow phoenix eyes, high straight nose, thin lips, defined jawline, youthful East-Asian face with ancient weary eyes, cool fair skin with porcelain complexion, slender wiry physique, calm unreadable expression, jet-black waist-length hair in warrior topknot with jade hairpin, white Huashan pale-teal robes with fresh blood spatters on chest and sleeves, silver plum embroidery, dark blue sash, refined jian, optional light blood on cheek, no deep wound, slender wiry build, calm unreadable expression
Always preserve facial identity: same face, sharp narrow phoenix eyes, high straight nose, thin lips, defined jawline, youthful East-Asian face with ancient weary eyes, cool fair skin with porcelain complexion, slender wiry swordsman physique, calm unreadable expression (unless emotion scene). Hair, robe damage, blood, and wounds must follow the State Layer only — do not invent random outfit changes. Do not change facial identity, eye shape, or physique across scenes.

===== SRT [220, 240) =====
진무한의 눈…
============================================================
[2026-08-26 21:31:49] fail_streak · SRT_260
error: 이어쓰기 입력란을 찾지 못했습니다.
extra: streak=3
============================================================
[2026-08-26 21:31:54] fail · SRT_280
error: 이어쓰기 입력란을 찾지 못했습니다.
--- page ---
AI Image 5시간 제한에 도달했습니다. 8월 27일 오전 2:12에 재설정됩니다
---
5시간 제한
---
세션 한도 도달
AI Image 5시간 제한에 도달했습니다. 8월 27일 오전 2:12에 재설정됩니다
OK
---
세션 한도 도달
AI Image 5시간 제한에 도달했습니다. 8월 27일 오전 2:12에 재설정됩니다
OK
---
5시간 제한
---
 table, continuation, or background guide.
이미지 생성
5시간 제한에 근접했습니다.
Nano Banana 2 Flash Lite
재생성
리믹스
이미지를 동영상으로

「SRT_200 이미지가 성공적으로 생성되었습니다.」

===== CHARACTER LOOK (SRT_220) =====
State keys: Jin≈19|blood_robe
Jin Muhan, approximately nineteen years old, East-Asian young swordsman, sharp narrow phoenix eyes, high straight nose, thin lips, defined jawline, youthful East-Asian face with ancient weary eyes, cool fair skin with porcelain complexion, slender wiry physique, calm unreadable expression, jet-black waist-length hair in warrior topknot with jade hairpin, white Huashan pale-teal robes with fresh blood spatters on chest and sleeves, silver plum embroidery, dark blue sash, refined jian, optional light blood on cheek, no deep wound, slender wiry build, calm unreadable expression
Always preserve facial identity: same face, sharp narrow phoenix eyes, high straight nose, thin lips, defined jawline, youthful East-Asian face with ancient weary eyes, cool fair skin with porcelain complexion, slender wiry swordsman physique, calm unreadable expression (unless emotion scene). Hair, robe damage, blood, and wounds must follow the State Layer only — do not invent random outfit changes. Do not change facial identity, eye shape, or physique across scenes.

===== SRT [220, 240) =====
진무한의 눈…
============================================================
[2026-08-26 21:31:54] fail_streak · SRT_280
error: 이어쓰기 입력란을 찾지 못했습니다.
extra: streak=4
============================================================
[2026-08-26 21:31:59] fail · SRT_300
error: 이어쓰기 입력란을 찾지 못했습니다.
--- page ---
AI Image 5시간 제한에 도달했습니다. 8월 27일 오전 2:12에 재설정됩니다
---
5시간 제한
---
세션 한도 도달
AI Image 5시간 제한에 도달했습니다. 8월 27일 오전 2:12에 재설정됩니다
OK
---
세션 한도 도달
AI Image 5시간 제한에 도달했습니다. 8월 27일 오전 2:12에 재설정됩니다
OK
---
5시간 제한
---
 table, continuation, or background guide.
이미지 생성
5시간 제한에 근접했습니다.
Nano Banana 2 Flash Lite
재생성
리믹스
이미지를 동영상으로

「SRT_200 이미지가 성공적으로 생성되었습니다.」

===== CHARACTER LOOK (SRT_220) =====
State keys: Jin≈19|blood_robe
Jin Muhan, approximately nineteen years old, East-Asian young swordsman, sharp narrow phoenix eyes, high straight nose, thin lips, defined jawline, youthful East-Asian face with ancient weary eyes, cool fair skin with porcelain complexion, slender wiry physique, calm unreadable expression, jet-black waist-length hair in warrior topknot with jade hairpin, white Huashan pale-teal robes with fresh blood spatters on chest and sleeves, silver plum embroidery, dark blue sash, refined jian, optional light blood on cheek, no deep wound, slender wiry build, calm unreadable expression
Always preserve facial identity: same face, sharp narrow phoenix eyes, high straight nose, thin lips, defined jawline, youthful East-Asian face with ancient weary eyes, cool fair skin with porcelain complexion, slender wiry swordsman physique, calm unreadable expression (unless emotion scene). Hair, robe damage, blood, and wounds must follow the State Layer only — do not invent random outfit changes. Do not change facial identity, eye shape, or physique across scenes.

===== SRT [220, 240) =====
진무한의 눈…
============================================================
[2026-08-26 21:31:59] fail_streak · SRT_300
error: 이어쓰기 입력란을 찾지 못했습니다.
extra: streak=5
============================================================
[2026-08-26 21:32:04] fail · SRT_320
error: 이어쓰기 입력란을 찾지 못했습니다.
--- page ---
AI Image 5시간 제한에 도달했습니다. 8월 27일 오전 2:12에 재설정됩니다
---
5시간 제한
---
세션 한도 도달
AI Image 5시간 제한에 도달했습니다. 8월 27일 오전 2:12에 재설정됩니다
OK
---
세션 한도 도달
AI Image 5시간 제한에 도달했습니다. 8월 27일 오전 2:12에 재설정됩니다
OK
---
5시간 제한
---
 table, continuation, or background guide.
이미지 생성
5시간 제한에 근접했습니다.
Nano Banana 2 Flash Lite
재생성
리믹스
이미지를 동영상으로

「SRT_200 이미지가 성공적으로 생성되었습니다.」

===== CHARACTER LOOK (SRT_220) =====
State keys: Jin≈19|blood_robe
Jin Muhan, approximately nineteen years old, East-Asian young swordsman, sharp narrow phoenix eyes, high straight nose, thin lips, defined jawline, youthful East-Asian face with ancient weary eyes, cool fair skin with porcelain complexion, slender wiry physique, calm unreadable expression, jet-black waist-length hair in warrior topknot with jade hairpin, white Huashan pale-teal robes with fresh blood spatters on chest and sleeves, silver plum embroidery, dark blue sash, refined jian, optional light blood on cheek, no deep wound, slender wiry build, calm unreadable expression
Always preserve facial identity: same face, sharp narrow phoenix eyes, high straight nose, thin lips, defined jawline, youthful East-Asian face with ancient weary eyes, cool fair skin with porcelain complexion, slender wiry swordsman physique, calm unreadable expression (unless emotion scene). Hair, robe damage, blood, and wounds must follow the State Layer only — do not invent random outfit changes. Do not change facial identity, eye shape, or physique across scenes.

===== SRT [220, 240) =====
진무한의 눈…
============================================================
[2026-08-26 21:32:04] fail_streak · SRT_320
error: 이어쓰기 입력란을 찾지 못했습니다.
extra: streak=6
============================================================
[2026-08-26 21:32:08] fail · SRT_340
error: 이어쓰기 입력란을 찾지 못했습니다.
--- page ---
AI Image 5시간 제한에 도달했습니다. 8월 27일 오전 2:12에 재설정됩니다
---
5시간 제한
---
세션 한도 도달
AI Image 5시간 제한에 도달했습니다. 8월 27일 오전 2:12에 재설정됩니다
OK
---
세션 한도 도달
AI Image 5시간 제한에 도달했습니다. 8월 27일 오전 2:12에 재설정됩니다
OK
---
5시간 제한
---
 table, continuation, or background guide.
이미지 생성
5시간 제한에 근접했습니다.
Nano Banana 2 Flash Lite
재생성
리믹스
이미지를 동영상으로

「SRT_200 이미지가 성공적으로 생성되었습니다.」

===== CHARACTER LOOK (SRT_220) =====
State keys: Jin≈19|blood_robe
Jin Muhan, approximately nineteen years old, East-Asian young swordsman, sharp narrow phoenix eyes, high straight nose, thin lips, defined jawline, youthful East-Asian face with ancient weary eyes, cool fair skin with porcelain complexion, slender wiry physique, calm unreadable expression, jet-black waist-length hair in warrior topknot with jade hairpin, white Huashan pale-teal robes with fresh blood spatters on chest and sleeves, silver plum embroidery, dark blue sash, refined jian, optional light blood on cheek, no deep wound, slender wiry build, calm unreadable expression
Always preserve facial identity: same face, sharp narrow phoenix eyes, high straight nose, thin lips, defined jawline, youthful East-Asian face with ancient weary eyes, cool fair skin with porcelain complexion, slender wiry swordsman physique, calm unreadable expression (unless emotion scene). Hair, robe damage, blood, and wounds must follow the State Layer only — do not invent random outfit changes. Do not change facial identity, eye shape, or physique across scenes.

===== SRT [220, 240) =====
진무한의 눈…
============================================================
[2026-08-26 21:32:08] fail_streak · SRT_340
error: 이어쓰기 입력란을 찾지 못했습니다.
extra: streak=7
============================================================
[2026-08-26 21:32:13] fail · SRT_360
error: 이어쓰기 입력란을 찾지 못했습니다.
--- page ---
AI Image 5시간 제한에 도달했습니다. 8월 27일 오전 2:12에 재설정됩니다
---
5시간 제한
---
세션 한도 도달
AI Image 5시간 제한에 도달했습니다. 8월 27일 오전 2:12에 재설정됩니다
OK
---
세션 한도 도달
AI Image 5시간 제한에 도달했습니다. 8월 27일 오전 2:12에 재설정됩니다
OK
---
5시간 제한
---
 table, continuation, or background guide.
이미지 생성
5시간 제한에 근접했습니다.
Nano Banana 2 Flash Lite
재생성
리믹스
이미지를 동영상으로

「SRT_200 이미지가 성공적으로 생성되었습니다.」

===== CHARACTER LOOK (SRT_220) =====
State keys: Jin≈19|blood_robe
Jin Muhan, approximately nineteen years old, East-Asian young swordsman, sharp narrow phoenix eyes, high straight nose, thin lips, defined jawline, youthful East-Asian face with ancient weary eyes, cool fair skin with porcelain complexion, slender wiry physique, calm unreadable expression, jet-black waist-length hair in warrior topknot with jade hairpin, white Huashan pale-teal robes with fresh blood spatters on chest and sleeves, silver plum embroidery, dark blue sash, refined jian, optional light blood on cheek, no deep wound, slender wiry build, calm unreadable expression
Always preserve facial identity: same face, sharp narrow phoenix eyes, high straight nose, thin lips, defined jawline, youthful East-Asian face with ancient weary eyes, cool fair skin with porcelain complexion, slender wiry swordsman physique, calm unreadable expression (unless emotion scene). Hair, robe damage, blood, and wounds must follow the State Layer only — do not invent random outfit changes. Do not change facial identity, eye shape, or physique across scenes.

===== SRT [220, 240) =====
진무한의 눈…
============================================================
[2026-08-26 21:32:13] fail_streak · SRT_360
error: 이어쓰기 입력란을 찾지 못했습니다.
extra: streak=8
============================================================
[2026-08-26 21:32:18] fail · SRT_380
error: 이어쓰기 입력란을 찾지 못했습니다.
--- page ---
AI Image 5시간 제한에 도달했습니다. 8월 27일 오전 2:12에 재설정됩니다
---
5시간 제한
---
세션 한도 도달
AI Image 5시간 제한에 도달했습니다. 8월 27일 오전 2:12에 재설정됩니다
OK
---
세션 한도 도달
AI Image 5시간 제한에 도달했습니다. 8월 27일 오전 2:12에 재설정됩니다
OK
---
5시간 제한
---
 table, continuation, or background guide.
이미지 생성
5시간 제한에 근접했습니다.
Nano Banana 2 Flash Lite
재생성
리믹스
이미지를 동영상으로

「SRT_200 이미지가 성공적으로 생성되었습니다.」

===== CHARACTER LOOK (SRT_220) =====
State keys: Jin≈19|blood_robe
Jin Muhan, approximately nineteen years old, East-Asian young swordsman, sharp narrow phoenix eyes, high straight nose, thin lips, defined jawline, youthful East-Asian face with ancient weary eyes, cool fair skin with porcelain complexion, slender wiry physique, calm unreadable expression, jet-black waist-length hair in warrior topknot with jade hairpin, white Huashan pale-teal robes with fresh blood spatters on chest and sleeves, silver plum embroidery, dark blue sash, refined jian, optional light blood on cheek, no deep wound, slender wiry build, calm unreadable expression
Always preserve facial identity: same face, sharp narrow phoenix eyes, high straight nose, thin lips, defined jawline, youthful East-Asian face with ancient weary eyes, cool fair skin with porcelain complexion, slender wiry swordsman physique, calm unreadable expression (unless emotion scene). Hair, robe damage, blood, and wounds must follow the State Layer only — do not invent random outfit changes. Do not change facial identity, eye shape, or physique across scenes.

===== SRT [220, 240) =====
진무한의 눈…
============================================================
[2026-08-26 21:32:18] fail_streak · SRT_380
error: 이어쓰기 입력란을 찾지 못했습니다.
extra: streak=9
============================================================
[2026-08-26 21:32:23] fail · SRT_400
error: 이어쓰기 입력란을 찾지 못했습니다.
--- page ---
AI Image 5시간 제한에 도달했습니다. 8월 27일 오전 2:12에 재설정됩니다
---
5시간 제한
---
세션 한도 도달
AI Image 5시간 제한에 도달했습니다. 8월 27일 오전 2:12에 재설정됩니다
OK
---
세션 한도 도달
AI Image 5시간 제한에 도달했습니다. 8월 27일 오전 2:12에 재설정됩니다
OK
---
5시간 제한
---
 table, continuation, or background guide.
이미지 생성
5시간 제한에 근접했습니다.
Nano Banana 2 Flash Lite
재생성
리믹스
이미지를 동영상으로

「SRT_200 이미지가 성공적으로 생성되었습니다.」

===== CHARACTER LOOK (SRT_220) =====
State keys: Jin≈19|blood_robe
Jin Muhan, approximately nineteen years old, East-Asian young swordsman, sharp narrow phoenix eyes, high straight nose, thin lips, defined jawline, youthful East-Asian face with ancient weary eyes, cool fair skin with porcelain complexion, slender wiry physique, calm unreadable expression, jet-black waist-length hair in warrior topknot with jade hairpin, white Huashan pale-teal robes with fresh blood spatters on chest and sleeves, silver plum embroidery, dark blue sash, refined jian, optional light blood on cheek, no deep wound, slender wiry build, calm unreadable expression
Always preserve facial identity: same face, sharp narrow phoenix eyes, high straight nose, thin lips, defined jawline, youthful East-Asian face with ancient weary eyes, cool fair skin with porcelain complexion, slender wiry swordsman physique, calm unreadable expression (unless emotion scene). Hair, robe damage, blood, and wounds must follow the State Layer only — do not invent random outfit changes. Do not change facial identity, eye shape, or physique across scenes.

===== SRT [220, 240) =====
진무한의 눈…
============================================================
[2026-08-26 21:32:23] fail_streak · SRT_400
error: 이어쓰기 입력란을 찾지 못했습니다.
extra: streak=10
============================================================
[2026-08-26 21:32:27] fail · SRT_420
error: 이어쓰기 입력란을 찾지 못했습니다.
--- page ---
AI Image 5시간 제한에 도달했습니다. 8월 27일 오전 2:12에 재설정됩니다
---
5시간 제한
---
세션 한도 도달
AI Image 5시간 제한에 도달했습니다. 8월 27일 오전 2:12에 재설정됩니다
OK
---
세션 한도 도달
AI Image 5시간 제한에 도달했습니다. 8월 27일 오전 2:12에 재설정됩니다
OK
---
5시간 제한
---
 table, continuation, or background guide.
이미지 생성
5시간 제한에 근접했습니다.
Nano Banana 2 Flash Lite
재생성
리믹스
이미지를 동영상으로

「SRT_200 이미지가 성공적으로 생성되었습니다.」

===== CHARACTER LOOK (SRT_220) =====
State keys: Jin≈19|blood_robe
Jin Muhan, approximately nineteen years old, East-Asian young swordsman, sharp narrow phoenix eyes, high straight nose, thin lips, defined jawline, youthful East-Asian face with ancient weary eyes, cool fair skin with porcelain complexion, slender wiry physique, calm unreadable expression, jet-black waist-length hair in warrior topknot with jade hairpin, white Huashan pale-teal robes with fresh blood spatters on chest and sleeves, silver plum embroidery, dark blue sash, refined jian, optional light blood on cheek, no deep wound, slender wiry build, calm unreadable expression
Always preserve facial identity: same face, sharp narrow phoenix eyes, high straight nose, thin lips, defined jawline, youthful East-Asian face with ancient weary eyes, cool fair skin with porcelain complexion, slender wiry swordsman physique, calm unreadable expression (unless emotion scene). Hair, robe damage, blood, and wounds must follow the State Layer only — do not invent random outfit changes. Do not change facial identity, eye shape, or physique across scenes.

===== SRT [220, 240) =====
진무한의 눈…
============================================================
[2026-08-26 21:32:27] fail_streak · SRT_420
error: 이어쓰기 입력란을 찾지 못했습니다.
extra: streak=11
============================================================
[2026-08-26 21:32:32] fail · SRT_440
error: 이어쓰기 입력란을 찾지 못했습니다.
--- page ---
AI Image 5시간 제한에 도달했습니다. 8월 27일 오전 2:12에 재설정됩니다
---
5시간 제한
---
세션 한도 도달
AI Image 5시간 제한에 도달했습니다. 8월 27일 오전 2:12에 재설정됩니다
OK
---
세션 한도 도달
AI Image 5시간 제한에 도달했습니다. 8월 27일 오전 2:12에 재설정됩니다
OK
---
5시간 제한
---
 table, continuation, or background guide.
이미지 생성
5시간 제한에 근접했습니다.
Nano Banana 2 Flash Lite
재생성
리믹스
이미지를 동영상으로

「SRT_200 이미지가 성공적으로 생성되었습니다.」

===== CHARACTER LOOK (SRT_220) =====
State keys: Jin≈19|blood_robe
Jin Muhan, approximately nineteen years old, East-Asian young swordsman, sharp narrow phoenix eyes, high straight nose, thin lips, defined jawline, youthful East-Asian face with ancient weary eyes, cool fair skin with porcelain complexion, slender wiry physique, calm unreadable expression, jet-black waist-length hair in warrior topknot with jade hairpin, white Huashan pale-teal robes with fresh blood spatters on chest and sleeves, silver plum embroidery, dark blue sash, refined jian, optional light blood on cheek, no deep wound, slender wiry build, calm unreadable expression
Always preserve facial identity: same face, sharp narrow phoenix eyes, high straight nose, thin lips, defined jawline, youthful East-Asian face with ancient weary eyes, cool fair skin with porcelain complexion, slender wiry swordsman physique, calm unreadable expression (unless emotion scene). Hair, robe damage, blood, and wounds must follow the State Layer only — do not invent random outfit changes. Do not change facial identity, eye shape, or physique across scenes.

===== SRT [220, 240) =====
진무한의 눈…
============================================================
[2026-08-26 21:32:32] fail_streak · SRT_440
error: 이어쓰기 입력란을 찾지 못했습니다.
extra: streak=12
============================================================
[2026-08-26 21:32:37] fail · SRT_460
error: 이어쓰기 입력란을 찾지 못했습니다.
--- page ---
AI Image 5시간 제한에 도달했습니다. 8월 27일 오전 2:12에 재설정됩니다
---
5시간 제한
---
세션 한도 도달
AI Image 5시간 제한에 도달했습니다. 8월 27일 오전 2:12에 재설정됩니다
OK
---
세션 한도 도달
AI Image 5시간 제한에 도달했습니다. 8월 27일 오전 2:12에 재설정됩니다
OK
---
5시간 제한
---
 table, continuation, or background guide.
이미지 생성
5시간 제한에 근접했습니다.
Nano Banana 2 Flash Lite
재생성
리믹스
이미지를 동영상으로

「SRT_200 이미지가 성공적으로 생성되었습니다.」

===== CHARACTER LOOK (SRT_220) =====
State keys: Jin≈19|blood_robe
Jin Muhan, approximately nineteen years old, East-Asian young swordsman, sharp narrow phoenix eyes, high straight nose, thin lips, defined jawline, youthful East-Asian face with ancient weary eyes, cool fair skin with porcelain complexion, slender wiry physique, calm unreadable expression, jet-black waist-length hair in warrior topknot with jade hairpin, white Huashan pale-teal robes with fresh blood spatters on chest and sleeves, silver plum embroidery, dark blue sash, refined jian, optional light blood on cheek, no deep wound, slender wiry build, calm unreadable expression
Always preserve facial identity: same face, sharp narrow phoenix eyes, high straight nose, thin lips, defined jawline, youthful East-Asian face with ancient weary eyes, cool fair skin with porcelain complexion, slender wiry swordsman physique, calm unreadable expression (unless emotion scene). Hair, robe damage, blood, and wounds must follow the State Layer only — do not invent random outfit changes. Do not change facial identity, eye shape, or physique across scenes.

===== SRT [220, 240) =====
진무한의 눈…
============================================================
[2026-08-26 21:32:37] fail_streak · SRT_460
error: 이어쓰기 입력란을 찾지 못했습니다.
extra: streak=13
============================================================
[2026-08-26 21:32:42] fail · SRT_480
error: 이어쓰기 입력란을 찾지 못했습니다.
--- page ---
AI Image 5시간 제한에 도달했습니다. 8월 27일 오전 2:12에 재설정됩니다
---
5시간 제한
---
세션 한도 도달
AI Image 5시간 제한에 도달했습니다. 8월 27일 오전 2:12에 재설정됩니다
OK
---
세션 한도 도달
AI Image 5시간 제한에 도달했습니다. 8월 27일 오전 2:12에 재설정됩니다
OK
---
5시간 제한
---
 table, continuation, or background guide.
이미지 생성
5시간 제한에 근접했습니다.
Nano Banana 2 Flash Lite
재생성
리믹스
이미지를 동영상으로

「SRT_200 이미지가 성공적으로 생성되었습니다.」

===== CHARACTER LOOK (SRT_220) =====
State keys: Jin≈19|blood_robe
Jin Muhan, approximately nineteen years old, East-Asian young swordsman, sharp narrow phoenix eyes, high straight nose, thin lips, defined jawline, youthful East-Asian face with ancient weary eyes, cool fair skin with porcelain complexion, slender wiry physique, calm unreadable expression, jet-black waist-length hair in warrior topknot with jade hairpin, white Huashan pale-teal robes with fresh blood spatters on chest and sleeves, silver plum embroidery, dark blue sash, refined jian, optional light blood on cheek, no deep wound, slender wiry build, calm unreadable expression
Always preserve facial identity: same face, sharp narrow phoenix eyes, high straight nose, thin lips, defined jawline, youthful East-Asian face with ancient weary eyes, cool fair skin with porcelain complexion, slender wiry swordsman physique, calm unreadable expression (unless emotion scene). Hair, robe damage, blood, and wounds must follow the State Layer only — do not invent random outfit changes. Do not change facial identity, eye shape, or physique across scenes.

===== SRT [220, 240) =====
진무한의 눈…
============================================================
[2026-08-26 21:32:42] fail_streak · SRT_480
error: 이어쓰기 입력란을 찾지 못했습니다.
extra: streak=14
============================================================
[2026-08-26 21:32:47] fail · SRT_500
error: 이어쓰기 입력란을 찾지 못했습니다.
--- page ---
AI Image 5시간 제한에 도달했습니다. 8월 27일 오전 2:12에 재설정됩니다
---
5시간 제한
---
세션 한도 도달
AI Image 5시간 제한에 도달했습니다. 8월 27일 오전 2:12에 재설정됩니다
OK
---
세션 한도 도달
AI Image 5시간 제한에 도달했습니다. 8월 27일 오전 2:12에 재설정됩니다
OK
---
5시간 제한
---
 table, continuation, or background guide.
이미지 생성
5시간 제한에 근접했습니다.
Nano Banana 2 Flash Lite
재생성
리믹스
이미지를 동영상으로

「SRT_200 이미지가 성공적으로 생성되었습니다.」

===== CHARACTER LOOK (SRT_220) =====
State keys: Jin≈19|blood_robe
Jin Muhan, approximately nineteen years old, East-Asian young swordsman, sharp narrow phoenix eyes, high straight nose, thin lips, defined jawline, youthful East-Asian face with ancient weary eyes, cool fair skin with porcelain complexion, slender wiry physique, calm unreadable expression, jet-black waist-length hair in warrior topknot with jade hairpin, white Huashan pale-teal robes with fresh blood spatters on chest and sleeves, silver plum embroidery, dark blue sash, refined jian, optional light blood on cheek, no deep wound, slender wiry build, calm unreadable expression
Always preserve facial identity: same face, sharp narrow phoenix eyes, high straight nose, thin lips, defined jawline, youthful East-Asian face with ancient weary eyes, cool fair skin with porcelain complexion, slender wiry swordsman physique, calm unreadable expression (unless emotion scene). Hair, robe damage, blood, and wounds must follow the State Layer only — do not invent random outfit changes. Do not change facial identity, eye shape, or physique across scenes.

===== SRT [220, 240) =====
진무한의 눈…
============================================================
[2026-08-26 21:32:47] fail_streak · SRT_500
error: 이어쓰기 입력란을 찾지 못했습니다.
extra: streak=15
============================================================
[2026-08-26 21:32:51] fail · SRT_520
error: 이어쓰기 입력란을 찾지 못했습니다.
--- page ---
AI Image 5시간 제한에 도달했습니다. 8월 27일 오전 2:12에 재설정됩니다
---
5시간 제한
---
세션 한도 도달
AI Image 5시간 제한에 도달했습니다. 8월 27일 오전 2:12에 재설정됩니다
OK
---
세션 한도 도달
AI Image 5시간 제한에 도달했습니다. 8월 27일 오전 2:12에 재설정됩니다
OK
---
5시간 제한
---
 table, continuation, or background guide.
이미지 생성
5시간 제한에 근접했습니다.
Nano Banana 2 Flash Lite
재생성
리믹스
이미지를 동영상으로

「SRT_200 이미지가 성공적으로 생성되었습니다.」

===== CHARACTER LOOK (SRT_220) =====
State keys: Jin≈19|blood_robe
Jin Muhan, approximately nineteen years old, East-Asian young swordsman, sharp narrow phoenix eyes, high straight nose, thin lips, defined jawline, youthful East-Asian face with ancient weary eyes, cool fair skin with porcelain complexion, slender wiry physique, calm unreadable expression, jet-black waist-length hair in warrior topknot with jade hairpin, white Huashan pale-teal robes with fresh blood spatters on chest and sleeves, silver plum embroidery, dark blue sash, refined jian, optional light blood on cheek, no deep wound, slender wiry build, calm unreadable expression
Always preserve facial identity: same face, sharp narrow phoenix eyes, high straight nose, thin lips, defined jawline, youthful East-Asian face with ancient weary eyes, cool fair skin with porcelain complexion, slender wiry swordsman physique, calm unreadable expression (unless emotion scene). Hair, robe damage, blood, and wounds must follow the State Layer only — do not invent random outfit changes. Do not change facial identity, eye shape, or physique across scenes.

===== SRT [220, 240) =====
진무한의 눈…
============================================================
[2026-08-26 21:32:51] fail_streak · SRT_520
error: 이어쓰기 입력란을 찾지 못했습니다.
extra: streak=16
============================================================
[2026-08-26 21:32:56] fail · SRT_540
error: 이어쓰기 입력란을 찾지 못했습니다.
--- page ---
AI Image 5시간 제한에 도달했습니다. 8월 27일 오전 2:12에 재설정됩니다
---
5시간 제한
---
세션 한도 도달
AI Image 5시간 제한에 도달했습니다. 8월 27일 오전 2:12에 재설정됩니다
OK
---
세션 한도 도달
AI Image 5시간 제한에 도달했습니다. 8월 27일 오전 2:12에 재설정됩니다
OK
---
5시간 제한
---
 table, continuation, or background guide.
이미지 생성
5시간 제한에 근접했습니다.
Nano Banana 2 Flash Lite
재생성
리믹스
이미지를 동영상으로

「SRT_200 이미지가 성공적으로 생성되었습니다.」

===== CHARACTER LOOK (SRT_220) =====
State keys: Jin≈19|blood_robe
Jin Muhan, approximately nineteen years old, East-Asian young swordsman, sharp narrow phoenix eyes, high straight nose, thin lips, defined jawline, youthful East-Asian face with ancient weary eyes, cool fair skin with porcelain complexion, slender wiry physique, calm unreadable expression, jet-black waist-length hair in warrior topknot with jade hairpin, white Huashan pale-teal robes with fresh blood spatters on chest and sleeves, silver plum embroidery, dark blue sash, refined jian, optional light blood on cheek, no deep wound, slender wiry build, calm unreadable expression
Always preserve facial identity: same face, sharp narrow phoenix eyes, high straight nose, thin lips, defined jawline, youthful East-Asian face with ancient weary eyes, cool fair skin with porcelain complexion, slender wiry swordsman physique, calm unreadable expression (unless emotion scene). Hair, robe damage, blood, and wounds must follow the State Layer only — do not invent random outfit changes. Do not change facial identity, eye shape, or physique across scenes.

===== SRT [220, 240) =====
진무한의 눈…
============================================================
[2026-08-26 21:32:56] fail_streak · SRT_540
error: 이어쓰기 입력란을 찾지 못했습니다.
extra: streak=17
============================================================
[2026-08-26 21:33:01] fail · SRT_560
error: 이어쓰기 입력란을 찾지 못했습니다.
--- page ---
AI Image 5시간 제한에 도달했습니다. 8월 27일 오전 2:12에 재설정됩니다
---
5시간 제한
---
세션 한도 도달
AI Image 5시간 제한에 도달했습니다. 8월 27일 오전 2:12에 재설정됩니다
OK
---
세션 한도 도달
AI Image 5시간 제한에 도달했습니다. 8월 27일 오전 2:12에 재설정됩니다
OK
---
5시간 제한
---
 table, continuation, or background guide.
이미지 생성
5시간 제한에 근접했습니다.
Nano Banana 2 Flash Lite
재생성
리믹스
이미지를 동영상으로

「SRT_200 이미지가 성공적으로 생성되었습니다.」

===== CHARACTER LOOK (SRT_220) =====
State keys: Jin≈19|blood_robe
Jin Muhan, approximately nineteen years old, East-Asian young swordsman, sharp narrow phoenix eyes, high straight nose, thin lips, defined jawline, youthful East-Asian face with ancient weary eyes, cool fair skin with porcelain complexion, slender wiry physique, calm unreadable expression, jet-black waist-length hair in warrior topknot with jade hairpin, white Huashan pale-teal robes with fresh blood spatters on chest and sleeves, silver plum embroidery, dark blue sash, refined jian, optional light blood on cheek, no deep wound, slender wiry build, calm unreadable expression
Always preserve facial identity: same face, sharp narrow phoenix eyes, high straight nose, thin lips, defined jawline, youthful East-Asian face with ancient weary eyes, cool fair skin with porcelain complexion, slender wiry swordsman physique, calm unreadable expression (unless emotion scene). Hair, robe damage, blood, and wounds must follow the State Layer only — do not invent random outfit changes. Do not change facial identity, eye shape, or physique across scenes.

===== SRT [220, 240) =====
진무한의 눈…
============================================================
[2026-08-26 21:33:01] fail_streak · SRT_560
error: 이어쓰기 입력란을 찾지 못했습니다.
extra: streak=18
============================================================
[2026-08-26 21:33:06] fail · SRT_580
error: 이어쓰기 입력란을 찾지 못했습니다.
--- page ---
AI Image 5시간 제한에 도달했습니다. 8월 27일 오전 2:12에 재설정됩니다
---
5시간 제한
---
세션 한도 도달
AI Image 5시간 제한에 도달했습니다. 8월 27일 오전 2:12에 재설정됩니다
OK
---
세션 한도 도달
AI Image 5시간 제한에 도달했습니다. 8월 27일 오전 2:12에 재설정됩니다
OK
---
5시간 제한
---
 table, continuation, or background guide.
이미지 생성
5시간 제한에 근접했습니다.
Nano Banana 2 Flash Lite
재생성
리믹스
이미지를 동영상으로

「SRT_200 이미지가 성공적으로 생성되었습니다.」

===== CHARACTER LOOK (SRT_220) =====
State keys: Jin≈19|blood_robe
Jin Muhan, approximately nineteen years old, East-Asian young swordsman, sharp narrow phoenix eyes, high straight nose, thin lips, defined jawline, youthful East-Asian face with ancient weary eyes, cool fair skin with porcelain complexion, slender wiry physique, calm unreadable expression, jet-black waist-length hair in warrior topknot with jade hairpin, white Huashan pale-teal robes with fresh blood spatters on chest and sleeves, silver plum embroidery, dark blue sash, refined jian, optional light blood on cheek, no deep wound, slender wiry build, calm unreadable expression
Always preserve facial identity: same face, sharp narrow phoenix eyes, high straight nose, thin lips, defined jawline, youthful East-Asian face with ancient weary eyes, cool fair skin with porcelain complexion, slender wiry swordsman physique, calm unreadable expression (unless emotion scene). Hair, robe damage, blood, and wounds must follow the State Layer only — do not invent random outfit changes. Do not change facial identity, eye shape, or physique across scenes.

===== SRT [220, 240) =====
진무한의 눈…
============================================================
[2026-08-26 21:33:06] fail_streak · SRT_580
error: 이어쓰기 입력란을 찾지 못했습니다.
extra: streak=19
============================================================
[2026-08-26 21:33:11] fail · SRT_600
error: 이어쓰기 입력란을 찾지 못했습니다.
--- page ---
AI Image 5시간 제한에 도달했습니다. 8월 27일 오전 2:12에 재설정됩니다
---
5시간 제한
---
세션 한도 도달
AI Image 5시간 제한에 도달했습니다. 8월 27일 오전 2:12에 재설정됩니다
OK
---
세션 한도 도달
AI Image 5시간 제한에 도달했습니다. 8월 27일 오전 2:12에 재설정됩니다
OK
---
5시간 제한
---
 table, continuation, or background guide.
이미지 생성
5시간 제한에 근접했습니다.
Nano Banana 2 Flash Lite
재생성
리믹스
이미지를 동영상으로

「SRT_200 이미지가 성공적으로 생성되었습니다.」

===== CHARACTER LOOK (SRT_220) =====
State keys: Jin≈19|blood_robe
Jin Muhan, approximately nineteen years old, East-Asian young swordsman, sharp narrow phoenix eyes, high straight nose, thin lips, defined jawline, youthful East-Asian face with ancient weary eyes, cool fair skin with porcelain complexion, slender wiry physique, calm unreadable expression, jet-black waist-length hair in warrior topknot with jade hairpin, white Huashan pale-teal robes with fresh blood spatters on chest and sleeves, silver plum embroidery, dark blue sash, refined jian, optional light blood on cheek, no deep wound, slender wiry build, calm unreadable expression
Always preserve facial identity: same face, sharp narrow phoenix eyes, high straight nose, thin lips, defined jawline, youthful East-Asian face with ancient weary eyes, cool fair skin with porcelain complexion, slender wiry swordsman physique, calm unreadable expression (unless emotion scene). Hair, robe damage, blood, and wounds must follow the State Layer only — do not invent random outfit changes. Do not change facial identity, eye shape, or physique across scenes.

===== SRT [220, 240) =====
진무한의 눈…
============================================================
[2026-08-26 21:33:11] fail_streak · SRT_600
error: 이어쓰기 입력란을 찾지 못했습니다.
extra: streak=20
============================================================
[2026-08-26 21:33:15] fail · SRT_620
error: 이어쓰기 입력란을 찾지 못했습니다.
--- page ---
AI Image 5시간 제한에 도달했습니다. 8월 27일 오전 2:12에 재설정됩니다
---
5시간 제한
---
세션 한도 도달
AI Image 5시간 제한에 도달했습니다. 8월 27일 오전 2:12에 재설정됩니다
OK
---
세션 한도 도달
AI Image 5시간 제한에 도달했습니다. 8월 27일 오전 2:12에 재설정됩니다
OK
---
5시간 제한
---
 table, continuation, or background guide.
이미지 생성
5시간 제한에 근접했습니다.
Nano Banana 2 Flash Lite
재생성
리믹스
이미지를 동영상으로

「SRT_200 이미지가 성공적으로 생성되었습니다.」

===== CHARACTER LOOK (SRT_220) =====
State keys: Jin≈19|blood_robe
Jin Muhan, approximately nineteen years old, East-Asian young swordsman, sharp narrow phoenix eyes, high straight nose, thin lips, defined jawline, youthful East-Asian face with ancient weary eyes, cool fair skin with porcelain complexion, slender wiry physique, calm unreadable expression, jet-black waist-length hair in warrior topknot with jade hairpin, white Huashan pale-teal robes with fresh blood spatters on chest and sleeves, silver plum embroidery, dark blue sash, refined jian, optional light blood on cheek, no deep wound, slender wiry build, calm unreadable expression
Always preserve facial identity: same face, sharp narrow phoenix eyes, high straight nose, thin lips, defined jawline, youthful East-Asian face with ancient weary eyes, cool fair skin with porcelain complexion, slender wiry swordsman physique, calm unreadable expression (unless emotion scene). Hair, robe damage, blood, and wounds must follow the State Layer only — do not invent random outfit changes. Do not change facial identity, eye shape, or physique across scenes.

===== SRT [220, 240) =====
진무한의 눈…
============================================================
[2026-08-26 21:33:15] fail_streak · SRT_620
error: 이어쓰기 입력란을 찾지 못했습니다.
extra: streak=21
============================================================
[2026-08-26 21:33:20] fail · SRT_640
error: 이어쓰기 입력란을 찾지 못했습니다.
--- page ---
AI Image 5시간 제한에 도달했습니다. 8월 27일 오전 2:12에 재설정됩니다
---
5시간 제한
---
세션 한도 도달
AI Image 5시간 제한에 도달했습니다. 8월 27일 오전 2:12에 재설정됩니다
OK
---
세션 한도 도달
AI Image 5시간 제한에 도달했습니다. 8월 27일 오전 2:12에 재설정됩니다
OK
---
5시간 제한
---
 table, continuation, or background guide.
이미지 생성
5시간 제한에 근접했습니다.
Nano Banana 2 Flash Lite
재생성
리믹스
이미지를 동영상으로

「SRT_200 이미지가 성공적으로 생성되었습니다.」

===== CHARACTER LOOK (SRT_220) =====
State keys: Jin≈19|blood_robe
Jin Muhan, approximately nineteen years old, East-Asian young swordsman, sharp narrow phoenix eyes, high straight nose, thin lips, defined jawline, youthful East-Asian face with ancient weary eyes, cool fair skin with porcelain complexion, slender wiry physique, calm unreadable expression, jet-black waist-length hair in warrior topknot with jade hairpin, white Huashan pale-teal robes with fresh blood spatters on chest and sleeves, silver plum embroidery, dark blue sash, refined jian, optional light blood on cheek, no deep wound, slender wiry build, calm unreadable expression
Always preserve facial identity: same face, sharp narrow phoenix eyes, high straight nose, thin lips, defined jawline, youthful East-Asian face with ancient weary eyes, cool fair skin with porcelain complexion, slender wiry swordsman physique, calm unreadable expression (unless emotion scene). Hair, robe damage, blood, and wounds must follow the State Layer only — do not invent random outfit changes. Do not change facial identity, eye shape, or physique across scenes.

===== SRT [220, 240) =====
진무한의 눈…
============================================================
[2026-08-26 21:33:20] fail_streak · SRT_640
error: 이어쓰기 입력란을 찾지 못했습니다.
extra: streak=22
============================================================
[2026-08-26 21:33:25] fail · SRT_660
error: 이어쓰기 입력란을 찾지 못했습니다.
--- page ---
AI Image 5시간 제한에 도달했습니다. 8월 27일 오전 2:12에 재설정됩니다
---
5시간 제한
---
세션 한도 도달
AI Image 5시간 제한에 도달했습니다. 8월 27일 오전 2:12에 재설정됩니다
OK
---
세션 한도 도달
AI Image 5시간 제한에 도달했습니다. 8월 27일 오전 2:12에 재설정됩니다
OK
---
5시간 제한
---
 table, continuation, or background guide.
이미지 생성
5시간 제한에 근접했습니다.
Nano Banana 2 Flash Lite
재생성
리믹스
이미지를 동영상으로

「SRT_200 이미지가 성공적으로 생성되었습니다.」

===== CHARACTER LOOK (SRT_220) =====
State keys: Jin≈19|blood_robe
Jin Muhan, approximately nineteen years old, East-Asian young swordsman, sharp narrow phoenix eyes, high straight nose, thin lips, defined jawline, youthful East-Asian face with ancient weary eyes, cool fair skin with porcelain complexion, slender wiry physique, calm unreadable expression, jet-black waist-length hair in warrior topknot with jade hairpin, white Huashan pale-teal robes with fresh blood spatters on chest and sleeves, silver plum embroidery, dark blue sash, refined jian, optional light blood on cheek, no deep wound, slender wiry build, calm unreadable expression
Always preserve facial identity: same face, sharp narrow phoenix eyes, high straight nose, thin lips, defined jawline, youthful East-Asian face with ancient weary eyes, cool fair skin with porcelain complexion, slender wiry swordsman physique, calm unreadable expression (unless emotion scene). Hair, robe damage, blood, and wounds must follow the State Layer only — do not invent random outfit changes. Do not change facial identity, eye shape, or physique across scenes.

===== SRT [220, 240) =====
진무한의 눈…
============================================================
[2026-08-26 21:33:25] fail_streak · SRT_660
error: 이어쓰기 입력란을 찾지 못했습니다.
extra: streak=23
============================================================
[2026-08-26 21:33:30] fail · SRT_680
error: 이어쓰기 입력란을 찾지 못했습니다.
--- page ---
AI Image 5시간 제한에 도달했습니다. 8월 27일 오전 2:12에 재설정됩니다
---
5시간 제한
---
세션 한도 도달
AI Image 5시간 제한에 도달했습니다. 8월 27일 오전 2:12에 재설정됩니다
OK
---
세션 한도 도달
AI Image 5시간 제한에 도달했습니다. 8월 27일 오전 2:12에 재설정됩니다
OK
---
5시간 제한
---
 table, continuation, or background guide.
이미지 생성
5시간 제한에 근접했습니다.
Nano Banana 2 Flash Lite
재생성
리믹스
이미지를 동영상으로

「SRT_200 이미지가 성공적으로 생성되었습니다.」

===== CHARACTER LOOK (SRT_220) =====
State keys: Jin≈19|blood_robe
Jin Muhan, approximately nineteen years old, East-Asian young swordsman, sharp narrow phoenix eyes, high straight nose, thin lips, defined jawline, youthful East-Asian face with ancient weary eyes, cool fair skin with porcelain complexion, slender wiry physique, calm unreadable expression, jet-black waist-length hair in warrior topknot with jade hairpin, white Huashan pale-teal robes with fresh blood spatters on chest and sleeves, silver plum embroidery, dark blue sash, refined jian, optional light blood on cheek, no deep wound, slender wiry build, calm unreadable expression
Always preserve facial identity: same face, sharp narrow phoenix eyes, high straight nose, thin lips, defined jawline, youthful East-Asian face with ancient weary eyes, cool fair skin with porcelain complexion, slender wiry swordsman physique, calm unreadable expression (unless emotion scene). Hair, robe damage, blood, and wounds must follow the State Layer only — do not invent random outfit changes. Do not change facial identity, eye shape, or physique across scenes.

===== SRT [220, 240) =====
진무한의 눈…
============================================================
[2026-08-26 21:33:30] fail_streak · SRT_680
error: 이어쓰기 입력란을 찾지 못했습니다.
extra: streak=24
============================================================
[2026-08-26 21:33:35] fail · SRT_700
error: 이어쓰기 입력란을 찾지 못했습니다.
--- page ---
AI Image 5시간 제한에 도달했습니다. 8월 27일 오전 2:12에 재설정됩니다
---
5시간 제한
---
세션 한도 도달
AI Image 5시간 제한에 도달했습니다. 8월 27일 오전 2:12에 재설정됩니다
OK
---
세션 한도 도달
AI Image 5시간 제한에 도달했습니다. 8월 27일 오전 2:12에 재설정됩니다
OK
---
5시간 제한
---
 table, continuation, or background guide.
이미지 생성
5시간 제한에 근접했습니다.
Nano Banana 2 Flash Lite
재생성
리믹스
이미지를 동영상으로

「SRT_200 이미지가 성공적으로 생성되었습니다.」

===== CHARACTER LOOK (SRT_220) =====
State keys: Jin≈19|blood_robe
Jin Muhan, approximately nineteen years old, East-Asian young swordsman, sharp narrow phoenix eyes, high straight nose, thin lips, defined jawline, youthful East-Asian face with ancient weary eyes, cool fair skin with porcelain complexion, slender wiry physique, calm unreadable expression, jet-black waist-length hair in warrior topknot with jade hairpin, white Huashan pale-teal robes with fresh blood spatters on chest and sleeves, silver plum embroidery, dark blue sash, refined jian, optional light blood on cheek, no deep wound, slender wiry build, calm unreadable expression
Always preserve facial identity: same face, sharp narrow phoenix eyes, high straight nose, thin lips, defined jawline, youthful East-Asian face with ancient weary eyes, cool fair skin with porcelain complexion, slender wiry swordsman physique, calm unreadable expression (unless emotion scene). Hair, robe damage, blood, and wounds must follow the State Layer only — do not invent random outfit changes. Do not change facial identity, eye shape, or physique across scenes.

===== SRT [220, 240) =====
진무한의 눈…
============================================================
[2026-08-26 21:33:35] fail_streak · SRT_700
error: 이어쓰기 입력란을 찾지 못했습니다.
extra: streak=25
============================================================
[2026-08-26 21:33:40] fail · SRT_720
error: 이어쓰기 입력란을 찾지 못했습니다.
--- page ---
AI Image 5시간 제한에 도달했습니다. 8월 27일 오전 2:12에 재설정됩니다
---
5시간 제한
---
세션 한도 도달
AI Image 5시간 제한에 도달했습니다. 8월 27일 오전 2:12에 재설정됩니다
OK
---
세션 한도 도달
AI Image 5시간 제한에 도달했습니다. 8월 27일 오전 2:12에 재설정됩니다
OK
---
5시간 제한
---
 table, continuation, or background guide.
이미지 생성
5시간 제한에 근접했습니다.
Nano Banana 2 Flash Lite
재생성
리믹스
이미지를 동영상으로

「SRT_200 이미지가 성공적으로 생성되었습니다.」

===== CHARACTER LOOK (SRT_220) =====
State keys: Jin≈19|blood_robe
Jin Muhan, approximately nineteen years old, East-Asian young swordsman, sharp narrow phoenix eyes, high straight nose, thin lips, defined jawline, youthful East-Asian face with ancient weary eyes, cool fair skin with porcelain complexion, slender wiry physique, calm unreadable expression, jet-black waist-length hair in warrior topknot with jade hairpin, white Huashan pale-teal robes with fresh blood spatters on chest and sleeves, silver plum embroidery, dark blue sash, refined jian, optional light blood on cheek, no deep wound, slender wiry build, calm unreadable expression
Always preserve facial identity: same face, sharp narrow phoenix eyes, high straight nose, thin lips, defined jawline, youthful East-Asian face with ancient weary eyes, cool fair skin with porcelain complexion, slender wiry swordsman physique, calm unreadable expression (unless emotion scene). Hair, robe damage, blood, and wounds must follow the State Layer only — do not invent random outfit changes. Do not change facial identity, eye shape, or physique across scenes.

===== SRT [220, 240) =====
진무한의 눈…
============================================================
[2026-08-26 21:33:40] fail_streak · SRT_720
error: 이어쓰기 입력란을 찾지 못했습니다.
extra: streak=26
============================================================
[2026-08-26 21:33:44] fail · SRT_740
error: 이어쓰기 입력란을 찾지 못했습니다.
--- page ---
AI Image 5시간 제한에 도달했습니다. 8월 27일 오전 2:12에 재설정됩니다
---
5시간 제한
---
세션 한도 도달
AI Image 5시간 제한에 도달했습니다. 8월 27일 오전 2:12에 재설정됩니다
OK
---
세션 한도 도달
AI Image 5시간 제한에 도달했습니다. 8월 27일 오전 2:12에 재설정됩니다
OK
---
5시간 제한
---
 table, continuation, or background guide.
이미지 생성
5시간 제한에 근접했습니다.
Nano Banana 2 Flash Lite
재생성
리믹스
이미지를 동영상으로

「SRT_200 이미지가 성공적으로 생성되었습니다.」

===== CHARACTER LOOK (SRT_220) =====
State keys: Jin≈19|blood_robe
Jin Muhan, approximately nineteen years old, East-Asian young swordsman, sharp narrow phoenix eyes, high straight nose, thin lips, defined jawline, youthful East-Asian face with ancient weary eyes, cool fair skin with porcelain complexion, slender wiry physique, calm unreadable expression, jet-black waist-length hair in warrior topknot with jade hairpin, white Huashan pale-teal robes with fresh blood spatters on chest and sleeves, silver plum embroidery, dark blue sash, refined jian, optional light blood on cheek, no deep wound, slender wiry build, calm unreadable expression
Always preserve facial identity: same face, sharp narrow phoenix eyes, high straight nose, thin lips, defined jawline, youthful East-Asian face with ancient weary eyes, cool fair skin with porcelain complexion, slender wiry swordsman physique, calm unreadable expression (unless emotion scene). Hair, robe damage, blood, and wounds must follow the State Layer only — do not invent random outfit changes. Do not change facial identity, eye shape, or physique across scenes.

===== SRT [220, 240) =====
진무한의 눈…
============================================================
[2026-08-26 21:33:44] fail_streak · SRT_740
error: 이어쓰기 입력란을 찾지 못했습니다.
extra: streak=27
============================================================
[2026-08-26 21:33:49] fail · SRT_760
error: 이어쓰기 입력란을 찾지 못했습니다.
--- page ---
AI Image 5시간 제한에 도달했습니다. 8월 27일 오전 2:12에 재설정됩니다
---
5시간 제한
---
세션 한도 도달
AI Image 5시간 제한에 도달했습니다. 8월 27일 오전 2:12에 재설정됩니다
OK
---
세션 한도 도달
AI Image 5시간 제한에 도달했습니다. 8월 27일 오전 2:12에 재설정됩니다
OK
---
5시간 제한
---
 table, continuation, or background guide.
이미지 생성
5시간 제한에 근접했습니다.
Nano Banana 2 Flash Lite
재생성
리믹스
이미지를 동영상으로

「SRT_200 이미지가 성공적으로 생성되었습니다.」

===== CHARACTER LOOK (SRT_220) =====
State keys: Jin≈19|blood_robe
Jin Muhan, approximately nineteen years old, East-Asian young swordsman, sharp narrow phoenix eyes, high straight nose, thin lips, defined jawline, youthful East-Asian face with ancient weary eyes, cool fair skin with porcelain complexion, slender wiry physique, calm unreadable expression, jet-black waist-length hair in warrior topknot with jade hairpin, white Huashan pale-teal robes with fresh blood spatters on chest and sleeves, silver plum embroidery, dark blue sash, refined jian, optional light blood on cheek, no deep wound, slender wiry build, calm unreadable expression
Always preserve facial identity: same face, sharp narrow phoenix eyes, high straight nose, thin lips, defined jawline, youthful East-Asian face with ancient weary eyes, cool fair skin with porcelain complexion, slender wiry swordsman physique, calm unreadable expression (unless emotion scene). Hair, robe damage, blood, and wounds must follow the State Layer only — do not invent random outfit changes. Do not change facial identity, eye shape, or physique across scenes.

===== SRT [220, 240) =====
진무한의 눈…
============================================================
[2026-08-26 21:33:49] fail_streak · SRT_760
error: 이어쓰기 입력란을 찾지 못했습니다.
extra: streak=28
============================================================
[2026-08-26 21:33:54] fail · SRT_780
error: 이어쓰기 입력란을 찾지 못했습니다.
--- page ---
AI Image 5시간 제한에 도달했습니다. 8월 27일 오전 2:12에 재설정됩니다
---
5시간 제한
---
세션 한도 도달
AI Image 5시간 제한에 도달했습니다. 8월 27일 오전 2:12에 재설정됩니다
OK
---
세션 한도 도달
AI Image 5시간 제한에 도달했습니다. 8월 27일 오전 2:12에 재설정됩니다
OK
---
5시간 제한
---
 table, continuation, or background guide.
이미지 생성
5시간 제한에 근접했습니다.
Nano Banana 2 Flash Lite
재생성
리믹스
이미지를 동영상으로

「SRT_200 이미지가 성공적으로 생성되었습니다.」

===== CHARACTER LOOK (SRT_220) =====
State keys: Jin≈19|blood_robe
Jin Muhan, approximately nineteen years old, East-Asian young swordsman, sharp narrow phoenix eyes, high straight nose, thin lips, defined jawline, youthful East-Asian face with ancient weary eyes, cool fair skin with porcelain complexion, slender wiry physique, calm unreadable expression, jet-black waist-length hair in warrior topknot with jade hairpin, white Huashan pale-teal robes with fresh blood spatters on chest and sleeves, silver plum embroidery, dark blue sash, refined jian, optional light blood on cheek, no deep wound, slender wiry build, calm unreadable expression
Always preserve facial identity: same face, sharp narrow phoenix eyes, high straight nose, thin lips, defined jawline, youthful East-Asian face with ancient weary eyes, cool fair skin with porcelain complexion, slender wiry swordsman physique, calm unreadable expression (unless emotion scene). Hair, robe damage, blood, and wounds must follow the State Layer only — do not invent random outfit changes. Do not change facial identity, eye shape, or physique across scenes.

===== SRT [220, 240) =====
진무한의 눈…
============================================================
[2026-08-26 21:33:54] fail_streak · SRT_780
error: 이어쓰기 입력란을 찾지 못했습니다.
extra: streak=29
============================================================
[2026-08-26 21:33:59] fail · SRT_800
error: 이어쓰기 입력란을 찾지 못했습니다.
--- page ---
AI Image 5시간 제한에 도달했습니다. 8월 27일 오전 2:12에 재설정됩니다
---
5시간 제한
---
세션 한도 도달
AI Image 5시간 제한에 도달했습니다. 8월 27일 오전 2:12에 재설정됩니다
OK
---
세션 한도 도달
AI Image 5시간 제한에 도달했습니다. 8월 27일 오전 2:12에 재설정됩니다
OK
---
5시간 제한
---
 table, continuation, or background guide.
이미지 생성
5시간 제한에 근접했습니다.
Nano Banana 2 Flash Lite
재생성
리믹스
이미지를 동영상으로

「SRT_200 이미지가 성공적으로 생성되었습니다.」

===== CHARACTER LOOK (SRT_220) =====
State keys: Jin≈19|blood_robe
Jin Muhan, approximately nineteen years old, East-Asian young swordsman, sharp narrow phoenix eyes, high straight nose, thin lips, defined jawline, youthful East-Asian face with ancient weary eyes, cool fair skin with porcelain complexion, slender wiry physique, calm unreadable expression, jet-black waist-length hair in warrior topknot with jade hairpin, white Huashan pale-teal robes with fresh blood spatters on chest and sleeves, silver plum embroidery, dark blue sash, refined jian, optional light blood on cheek, no deep wound, slender wiry build, calm unreadable expression
Always preserve facial identity: same face, sharp narrow phoenix eyes, high straight nose, thin lips, defined jawline, youthful East-Asian face with ancient weary eyes, cool fair skin with porcelain complexion, slender wiry swordsman physique, calm unreadable expression (unless emotion scene). Hair, robe damage, blood, and wounds must follow the State Layer only — do not invent random outfit changes. Do not change facial identity, eye shape, or physique across scenes.

===== SRT [220, 240) =====
진무한의 눈…
============================================================
[2026-08-26 21:33:59] fail_streak · SRT_800
error: 이어쓰기 입력란을 찾지 못했습니다.
extra: streak=30
============================================================
[2026-08-26 21:34:04] fail · SRT_820
error: 이어쓰기 입력란을 찾지 못했습니다.
--- page ---
AI Image 5시간 제한에 도달했습니다. 8월 27일 오전 2:12에 재설정됩니다
---
5시간 제한
---
세션 한도 도달
AI Image 5시간 제한에 도달했습니다. 8월 27일 오전 2:12에 재설정됩니다
OK
---
세션 한도 도달
AI Image 5시간 제한에 도달했습니다. 8월 27일 오전 2:12에 재설정됩니다
OK
---
5시간 제한
---
 table, continuation, or background guide.
이미지 생성
5시간 제한에 근접했습니다.
Nano Banana 2 Flash Lite
재생성
리믹스
이미지를 동영상으로

「SRT_200 이미지가 성공적으로 생성되었습니다.」

===== CHARACTER LOOK (SRT_220) =====
State keys: Jin≈19|blood_robe
Jin Muhan, approximately nineteen years old, East-Asian young swordsman, sharp narrow phoenix eyes, high straight nose, thin lips, defined jawline, youthful East-Asian face with ancient weary eyes, cool fair skin with porcelain complexion, slender wiry physique, calm unreadable expression, jet-black waist-length hair in warrior topknot with jade hairpin, white Huashan pale-teal robes with fresh blood spatters on chest and sleeves, silver plum embroidery, dark blue sash, refined jian, optional light blood on cheek, no deep wound, slender wiry build, calm unreadable expression
Always preserve facial identity: same face, sharp narrow phoenix eyes, high straight nose, thin lips, defined jawline, youthful East-Asian face with ancient weary eyes, cool fair skin with porcelain complexion, slender wiry swordsman physique, calm unreadable expression (unless emotion scene). Hair, robe damage, blood, and wounds must follow the State Layer only — do not invent random outfit changes. Do not change facial identity, eye shape, or physique across scenes.

===== SRT [220, 240) =====
진무한의 눈…
============================================================
[2026-08-26 21:34:04] fail_streak · SRT_820
error: 이어쓰기 입력란을 찾지 못했습니다.
extra: streak=31
============================================================
[2026-08-26 21:34:09] fail · SRT_840
error: 이어쓰기 입력란을 찾지 못했습니다.
--- page ---
AI Image 5시간 제한에 도달했습니다. 8월 27일 오전 2:12에 재설정됩니다
---
5시간 제한
---
세션 한도 도달
AI Image 5시간 제한에 도달했습니다. 8월 27일 오전 2:12에 재설정됩니다
OK
---
세션 한도 도달
AI Image 5시간 제한에 도달했습니다. 8월 27일 오전 2:12에 재설정됩니다
OK
---
5시간 제한
---
 table, continuation, or background guide.
이미지 생성
5시간 제한에 근접했습니다.
Nano Banana 2 Flash Lite
재생성
리믹스
이미지를 동영상으로

「SRT_200 이미지가 성공적으로 생성되었습니다.」

===== CHARACTER LOOK (SRT_220) =====
State keys: Jin≈19|blood_robe
Jin Muhan, approximately nineteen years old, East-Asian young swordsman, sharp narrow phoenix eyes, high straight nose, thin lips, defined jawline, youthful East-Asian face with ancient weary eyes, cool fair skin with porcelain complexion, slender wiry physique, calm unreadable expression, jet-black waist-length hair in warrior topknot with jade hairpin, white Huashan pale-teal robes with fresh blood spatters on chest and sleeves, silver plum embroidery, dark blue sash, refined jian, optional light blood on cheek, no deep wound, slender wiry build, calm unreadable expression
Always preserve facial identity: same face, sharp narrow phoenix eyes, high straight nose, thin lips, defined jawline, youthful East-Asian face with ancient weary eyes, cool fair skin with porcelain complexion, slender wiry swordsman physique, calm unreadable expression (unless emotion scene). Hair, robe damage, blood, and wounds must follow the State Layer only — do not invent random outfit changes. Do not change facial identity, eye shape, or physique across scenes.

===== SRT [220, 240) =====
진무한의 눈…
============================================================
[2026-08-26 21:34:09] fail_streak · SRT_840
error: 이어쓰기 입력란을 찾지 못했습니다.
extra: streak=32
============================================================
[2026-08-26 21:34:13] fail · SRT_860
error: 이어쓰기 입력란을 찾지 못했습니다.
--- page ---
AI Image 5시간 제한에 도달했습니다. 8월 27일 오전 2:12에 재설정됩니다
---
5시간 제한
---
세션 한도 도달
AI Image 5시간 제한에 도달했습니다. 8월 27일 오전 2:12에 재설정됩니다
OK
---
세션 한도 도달
AI Image 5시간 제한에 도달했습니다. 8월 27일 오전 2:12에 재설정됩니다
OK
---
5시간 제한
---
 table, continuation, or background guide.
이미지 생성
5시간 제한에 근접했습니다.
Nano Banana 2 Flash Lite
재생성
리믹스
이미지를 동영상으로

「SRT_200 이미지가 성공적으로 생성되었습니다.」

===== CHARACTER LOOK (SRT_220) =====
State keys: Jin≈19|blood_robe
Jin Muhan, approximately nineteen years old, East-Asian young swordsman, sharp narrow phoenix eyes, high straight nose, thin lips, defined jawline, youthful East-Asian face with ancient weary eyes, cool fair skin with porcelain complexion, slender wiry physique, calm unreadable expression, jet-black waist-length hair in warrior topknot with jade hairpin, white Huashan pale-teal robes with fresh blood spatters on chest and sleeves, silver plum embroidery, dark blue sash, refined jian, optional light blood on cheek, no deep wound, slender wiry build, calm unreadable expression
Always preserve facial identity: same face, sharp narrow phoenix eyes, high straight nose, thin lips, defined jawline, youthful East-Asian face with ancient weary eyes, cool fair skin with porcelain complexion, slender wiry swordsman physique, calm unreadable expression (unless emotion scene). Hair, robe damage, blood, and wounds must follow the State Layer only — do not invent random outfit changes. Do not change facial identity, eye shape, or physique across scenes.

===== SRT [220, 240) =====
진무한의 눈…
============================================================
[2026-08-26 21:34:13] fail_streak · SRT_860
error: 이어쓰기 입력란을 찾지 못했습니다.
extra: streak=33
============================================================
[2026-08-26 21:34:18] fail · SRT_880
error: 이어쓰기 입력란을 찾지 못했습니다.
--- page ---
AI Image 5시간 제한에 도달했습니다. 8월 27일 오전 2:12에 재설정됩니다
---
5시간 제한
---
세션 한도 도달
AI Image 5시간 제한에 도달했습니다. 8월 27일 오전 2:12에 재설정됩니다
OK
---
세션 한도 도달
AI Image 5시간 제한에 도달했습니다. 8월 27일 오전 2:12에 재설정됩니다
OK
---
5시간 제한
---
 table, continuation, or background guide.
이미지 생성
5시간 제한에 근접했습니다.
Nano Banana 2 Flash Lite
재생성
리믹스
이미지를 동영상으로

「SRT_200 이미지가 성공적으로 생성되었습니다.」

===== CHARACTER LOOK (SRT_220) =====
State keys: Jin≈19|blood_robe
Jin Muhan, approximately nineteen years old, East-Asian young swordsman, sharp narrow phoenix eyes, high straight nose, thin lips, defined jawline, youthful East-Asian face with ancient weary eyes, cool fair skin with porcelain complexion, slender wiry physique, calm unreadable expression, jet-black waist-length hair in warrior topknot with jade hairpin, white Huashan pale-teal robes with fresh blood spatters on chest and sleeves, silver plum embroidery, dark blue sash, refined jian, optional light blood on cheek, no deep wound, slender wiry build, calm unreadable expression
Always preserve facial identity: same face, sharp narrow phoenix eyes, high straight nose, thin lips, defined jawline, youthful East-Asian face with ancient weary eyes, cool fair skin with porcelain complexion, slender wiry swordsman physique, calm unreadable expression (unless emotion scene). Hair, robe damage, blood, and wounds must follow the State Layer only — do not invent random outfit changes. Do not change facial identity, eye shape, or physique across scenes.

===== SRT [220, 240) =====
진무한의 눈…
============================================================
[2026-08-26 21:34:18] fail_streak · SRT_880
error: 이어쓰기 입력란을 찾지 못했습니다.
extra: streak=34
============================================================
[2026-08-26 21:34:23] fail · SRT_900
error: 이어쓰기 입력란을 찾지 못했습니다.
--- page ---
AI Image 5시간 제한에 도달했습니다. 8월 27일 오전 2:12에 재설정됩니다
---
5시간 제한
---
세션 한도 도달
AI Image 5시간 제한에 도달했습니다. 8월 27일 오전 2:12에 재설정됩니다
OK
---
세션 한도 도달
AI Image 5시간 제한에 도달했습니다. 8월 27일 오전 2:12에 재설정됩니다
OK
---
5시간 제한
---
 table, continuation, or background guide.
이미지 생성
5시간 제한에 근접했습니다.
Nano Banana 2 Flash Lite
재생성
리믹스
이미지를 동영상으로

「SRT_200 이미지가 성공적으로 생성되었습니다.」

===== CHARACTER LOOK (SRT_220) =====
State keys: Jin≈19|blood_robe
Jin Muhan, approximately nineteen years old, East-Asian young swordsman, sharp narrow phoenix eyes, high straight nose, thin lips, defined jawline, youthful East-Asian face with ancient weary eyes, cool fair skin with porcelain complexion, slender wiry physique, calm unreadable expression, jet-black waist-length hair in warrior topknot with jade hairpin, white Huashan pale-teal robes with fresh blood spatters on chest and sleeves, silver plum embroidery, dark blue sash, refined jian, optional light blood on cheek, no deep wound, slender wiry build, calm unreadable expression
Always preserve facial identity: same face, sharp narrow phoenix eyes, high straight nose, thin lips, defined jawline, youthful East-Asian face with ancient weary eyes, cool fair skin with porcelain complexion, slender wiry swordsman physique, calm unreadable expression (unless emotion scene). Hair, robe damage, blood, and wounds must follow the State Layer only — do not invent random outfit changes. Do not change facial identity, eye shape, or physique across scenes.

===== SRT [220, 240) =====
진무한의 눈…
============================================================
[2026-08-26 21:34:23] fail_streak · SRT_900
error: 이어쓰기 입력란을 찾지 못했습니다.
extra: streak=35
============================================================
[2026-08-26 21:34:28] fail · SRT_920
error: 이어쓰기 입력란을 찾지 못했습니다.
--- page ---
AI Image 5시간 제한에 도달했습니다. 8월 27일 오전 2:12에 재설정됩니다
---
5시간 제한
---
세션 한도 도달
AI Image 5시간 제한에 도달했습니다. 8월 27일 오전 2:12에 재설정됩니다
OK
---
세션 한도 도달
AI Image 5시간 제한에 도달했습니다. 8월 27일 오전 2:12에 재설정됩니다
OK
---
5시간 제한
---
 table, continuation, or background guide.
이미지 생성
5시간 제한에 근접했습니다.
Nano Banana 2 Flash Lite
재생성
리믹스
이미지를 동영상으로

「SRT_200 이미지가 성공적으로 생성되었습니다.」

===== CHARACTER LOOK (SRT_220) =====
State keys: Jin≈19|blood_robe
Jin Muhan, approximately nineteen years old, East-Asian young swordsman, sharp narrow phoenix eyes, high straight nose, thin lips, defined jawline, youthful East-Asian face with ancient weary eyes, cool fair skin with porcelain complexion, slender wiry physique, calm unreadable expression, jet-black waist-length hair in warrior topknot with jade hairpin, white Huashan pale-teal robes with fresh blood spatters on chest and sleeves, silver plum embroidery, dark blue sash, refined jian, optional light blood on cheek, no deep wound, slender wiry build, calm unreadable expression
Always preserve facial identity: same face, sharp narrow phoenix eyes, high straight nose, thin lips, defined jawline, youthful East-Asian face with ancient weary eyes, cool fair skin with porcelain complexion, slender wiry swordsman physique, calm unreadable expression (unless emotion scene). Hair, robe damage, blood, and wounds must follow the State Layer only — do not invent random outfit changes. Do not change facial identity, eye shape, or physique across scenes.

===== SRT [220, 240) =====
진무한의 눈…
============================================================
[2026-08-26 21:34:28] fail_streak · SRT_920
error: 이어쓰기 입력란을 찾지 못했습니다.
extra: streak=36
============================================================
[2026-08-26 21:34:33] fail · SRT_940
error: 이어쓰기 입력란을 찾지 못했습니다.
--- page ---
AI Image 5시간 제한에 도달했습니다. 8월 27일 오전 2:12에 재설정됩니다
---
5시간 제한
---
세션 한도 도달
AI Image 5시간 제한에 도달했습니다. 8월 27일 오전 2:12에 재설정됩니다
OK
---
세션 한도 도달
AI Image 5시간 제한에 도달했습니다. 8월 27일 오전 2:12에 재설정됩니다
OK
---
5시간 제한
---
 table, continuation, or background guide.
이미지 생성
5시간 제한에 근접했습니다.
Nano Banana 2 Flash Lite
재생성
리믹스
이미지를 동영상으로

「SRT_200 이미지가 성공적으로 생성되었습니다.」

===== CHARACTER LOOK (SRT_220) =====
State keys: Jin≈19|blood_robe
Jin Muhan, approximately nineteen years old, East-Asian young swordsman, sharp narrow phoenix eyes, high straight nose, thin lips, defined jawline, youthful East-Asian face with ancient weary eyes, cool fair skin with porcelain complexion, slender wiry physique, calm unreadable expression, jet-black waist-length hair in warrior topknot with jade hairpin, white Huashan pale-teal robes with fresh blood spatters on chest and sleeves, silver plum embroidery, dark blue sash, refined jian, optional light blood on cheek, no deep wound, slender wiry build, calm unreadable expression
Always preserve facial identity: same face, sharp narrow phoenix eyes, high straight nose, thin lips, defined jawline, youthful East-Asian face with ancient weary eyes, cool fair skin with porcelain complexion, slender wiry swordsman physique, calm unreadable expression (unless emotion scene). Hair, robe damage, blood, and wounds must follow the State Layer only — do not invent random outfit changes. Do not change facial identity, eye shape, or physique across scenes.

===== SRT [220, 240) =====
진무한의 눈…
============================================================
[2026-08-26 21:34:33] fail_streak · SRT_940
error: 이어쓰기 입력란을 찾지 못했습니다.
extra: streak=37
============================================================
[2026-08-26 21:34:38] fail · SRT_960
error: 이어쓰기 입력란을 찾지 못했습니다.
--- page ---
AI Image 5시간 제한에 도달했습니다. 8월 27일 오전 2:12에 재설정됩니다
---
5시간 제한
---
세션 한도 도달
AI Image 5시간 제한에 도달했습니다. 8월 27일 오전 2:12에 재설정됩니다
OK
---
세션 한도 도달
AI Image 5시간 제한에 도달했습니다. 8월 27일 오전 2:12에 재설정됩니다
OK
---
5시간 제한
---
 table, continuation, or background guide.
이미지 생성
5시간 제한에 근접했습니다.
Nano Banana 2 Flash Lite
재생성
리믹스
이미지를 동영상으로

「SRT_200 이미지가 성공적으로 생성되었습니다.」

===== CHARACTER LOOK (SRT_220) =====
State keys: Jin≈19|blood_robe
Jin Muhan, approximately nineteen years old, East-Asian young swordsman, sharp narrow phoenix eyes, high straight nose, thin lips, defined jawline, youthful East-Asian face with ancient weary eyes, cool fair skin with porcelain complexion, slender wiry physique, calm unreadable expression, jet-black waist-length hair in warrior topknot with jade hairpin, white Huashan pale-teal robes with fresh blood spatters on chest and sleeves, silver plum embroidery, dark blue sash, refined jian, optional light blood on cheek, no deep wound, slender wiry build, calm unreadable expression
Always preserve facial identity: same face, sharp narrow phoenix eyes, high straight nose, thin lips, defined jawline, youthful East-Asian face with ancient weary eyes, cool fair skin with porcelain complexion, slender wiry swordsman physique, calm unreadable expression (unless emotion scene). Hair, robe damage, blood, and wounds must follow the State Layer only — do not invent random outfit changes. Do not change facial identity, eye shape, or physique across scenes.

===== SRT [220, 240) =====
진무한의 눈…
============================================================
[2026-08-26 21:34:38] fail_streak · SRT_960
error: 이어쓰기 입력란을 찾지 못했습니다.
extra: streak=38
============================================================
[2026-08-26 21:34:42] fail · SRT_980
error: 이어쓰기 입력란을 찾지 못했습니다.
--- page ---
AI Image 5시간 제한에 도달했습니다. 8월 27일 오전 2:12에 재설정됩니다
---
5시간 제한
---
세션 한도 도달
AI Image 5시간 제한에 도달했습니다. 8월 27일 오전 2:12에 재설정됩니다
OK
---
세션 한도 도달
AI Image 5시간 제한에 도달했습니다. 8월 27일 오전 2:12에 재설정됩니다
OK
---
5시간 제한
---
 table, continuation, or background guide.
이미지 생성
5시간 제한에 근접했습니다.
Nano Banana 2 Flash Lite
재생성
리믹스
이미지를 동영상으로

「SRT_200 이미지가 성공적으로 생성되었습니다.」

===== CHARACTER LOOK (SRT_220) =====
State keys: Jin≈19|blood_robe
Jin Muhan, approximately nineteen years old, East-Asian young swordsman, sharp narrow phoenix eyes, high straight nose, thin lips, defined jawline, youthful East-Asian face with ancient weary eyes, cool fair skin with porcelain complexion, slender wiry physique, calm unreadable expression, jet-black waist-length hair in warrior topknot with jade hairpin, white Huashan pale-teal robes with fresh blood spatters on chest and sleeves, silver plum embroidery, dark blue sash, refined jian, optional light blood on cheek, no deep wound, slender wiry build, calm unreadable expression
Always preserve facial identity: same face, sharp narrow phoenix eyes, high straight nose, thin lips, defined jawline, youthful East-Asian face with ancient weary eyes, cool fair skin with porcelain complexion, slender wiry swordsman physique, calm unreadable expression (unless emotion scene). Hair, robe damage, blood, and wounds must follow the State Layer only — do not invent random outfit changes. Do not change facial identity, eye shape, or physique across scenes.

===== SRT [220, 240) =====
진무한의 눈…
============================================================
[2026-08-26 21:34:42] fail_streak · SRT_980
error: 이어쓰기 입력란을 찾지 못했습니다.
extra: streak=39
============================================================
[2026-08-26 21:34:47] fail · SRT_1000
error: 이어쓰기 입력란을 찾지 못했습니다.
--- page ---
AI Image 5시간 제한에 도달했습니다. 8월 27일 오전 2:12에 재설정됩니다
---
5시간 제한
---
세션 한도 도달
AI Image 5시간 제한에 도달했습니다. 8월 27일 오전 2:12에 재설정됩니다
OK
---
세션 한도 도달
AI Image 5시간 제한에 도달했습니다. 8월 27일 오전 2:12에 재설정됩니다
OK
---
5시간 제한
---
 table, continuation, or background guide.
이미지 생성
5시간 제한에 근접했습니다.
Nano Banana 2 Flash Lite
재생성
리믹스
이미지를 동영상으로

「SRT_200 이미지가 성공적으로 생성되었습니다.」

===== CHARACTER LOOK (SRT_220) =====
State keys: Jin≈19|blood_robe
Jin Muhan, approximately nineteen years old, East-Asian young swordsman, sharp narrow phoenix eyes, high straight nose, thin lips, defined jawline, youthful East-Asian face with ancient weary eyes, cool fair skin with porcelain complexion, slender wiry physique, calm unreadable expression, jet-black waist-length hair in warrior topknot with jade hairpin, white Huashan pale-teal robes with fresh blood spatters on chest and sleeves, silver plum embroidery, dark blue sash, refined jian, optional light blood on cheek, no deep wound, slender wiry build, calm unreadable expression
Always preserve facial identity: same face, sharp narrow phoenix eyes, high straight nose, thin lips, defined jawline, youthful East-Asian face with ancient weary eyes, cool fair skin with porcelain complexion, slender wiry swordsman physique, calm unreadable expression (unless emotion scene). Hair, robe damage, blood, and wounds must follow the State Layer only — do not invent random outfit changes. Do not change facial identity, eye shape, or physique across scenes.

===== SRT [220, 240) =====
진무한의 눈…
============================================================
[2026-08-26 21:34:47] fail_streak · SRT_1000
error: 이어쓰기 입력란을 찾지 못했습니다.
extra: streak=40
============================================================
[2026-08-26 21:34:52] fail · SRT_1020
error: 이어쓰기 입력란을 찾지 못했습니다.
--- page ---
AI Image 5시간 제한에 도달했습니다. 8월 27일 오전 2:12에 재설정됩니다
---
5시간 제한
---
세션 한도 도달
AI Image 5시간 제한에 도달했습니다. 8월 27일 오전 2:12에 재설정됩니다
OK
---
세션 한도 도달
AI Image 5시간 제한에 도달했습니다. 8월 27일 오전 2:12에 재설정됩니다
OK
---
5시간 제한
---
 table, continuation, or background guide.
이미지 생성
5시간 제한에 근접했습니다.
Nano Banana 2 Flash Lite
재생성
리믹스
이미지를 동영상으로

「SRT_200 이미지가 성공적으로 생성되었습니다.」

===== CHARACTER LOOK (SRT_220) =====
State keys: Jin≈19|blood_robe
Jin Muhan, approximately nineteen years old, East-Asian young swordsman, sharp narrow phoenix eyes, high straight nose, thin lips, defined jawline, youthful East-Asian face with ancient weary eyes, cool fair skin with porcelain complexion, slender wiry physique, calm unreadable expression, jet-black waist-length hair in warrior topknot with jade hairpin, white Huashan pale-teal robes with fresh blood spatters on chest and sleeves, silver plum embroidery, dark blue sash, refined jian, optional light blood on cheek, no deep wound, slender wiry build, calm unreadable expression
Always preserve facial identity: same face, sharp narrow phoenix eyes, high straight nose, thin lips, defined jawline, youthful East-Asian face with ancient weary eyes, cool fair skin with porcelain complexion, slender wiry swordsman physique, calm unreadable expression (unless emotion scene). Hair, robe damage, blood, and wounds must follow the State Layer only — do not invent random outfit changes. Do not change facial identity, eye shape, or physique across scenes.

===== SRT [220, 240) =====
진무한의 눈…
============================================================
[2026-08-26 21:34:52] fail_streak · SRT_1020
error: 이어쓰기 입력란을 찾지 못했습니다.
extra: streak=41
============================================================
[2026-08-26 21:34:57] fail · SRT_1040
error: 이어쓰기 입력란을 찾지 못했습니다.
--- page ---
AI Image 5시간 제한에 도달했습니다. 8월 27일 오전 2:12에 재설정됩니다
---
5시간 제한
---
세션 한도 도달
AI Image 5시간 제한에 도달했습니다. 8월 27일 오전 2:12에 재설정됩니다
OK
---
세션 한도 도달
AI Image 5시간 제한에 도달했습니다. 8월 27일 오전 2:12에 재설정됩니다
OK
---
5시간 제한
---
 table, continuation, or background guide.
이미지 생성
5시간 제한에 근접했습니다.
Nano Banana 2 Flash Lite
재생성
리믹스
이미지를 동영상으로

「SRT_200 이미지가 성공적으로 생성되었습니다.」

===== CHARACTER LOOK (SRT_220) =====
State keys: Jin≈19|blood_robe
Jin Muhan, approximately nineteen years old, East-Asian young swordsman, sharp narrow phoenix eyes, high straight nose, thin lips, defined jawline, youthful East-Asian face with ancient weary eyes, cool fair skin with porcelain complexion, slender wiry physique, calm unreadable expression, jet-black waist-length hair in warrior topknot with jade hairpin, white Huashan pale-teal robes with fresh blood spatters on chest and sleeves, silver plum embroidery, dark blue sash, refined jian, optional light blood on cheek, no deep wound, slender wiry build, calm unreadable expression
Always preserve facial identity: same face, sharp narrow phoenix eyes, high straight nose, thin lips, defined jawline, youthful East-Asian face with ancient weary eyes, cool fair skin with porcelain complexion, slender wiry swordsman physique, calm unreadable expression (unless emotion scene). Hair, robe damage, blood, and wounds must follow the State Layer only — do not invent random outfit changes. Do not change facial identity, eye shape, or physique across scenes.

===== SRT [220, 240) =====
진무한의 눈…
============================================================
[2026-08-26 21:34:57] fail_streak · SRT_1040
error: 이어쓰기 입력란을 찾지 못했습니다.
extra: streak=42
============================================================
[2026-08-26 21:35:01] fail · SRT_1060
error: 이어쓰기 입력란을 찾지 못했습니다.
--- page ---
AI Image 5시간 제한에 도달했습니다. 8월 27일 오전 2:12에 재설정됩니다
---
5시간 제한
---
세션 한도 도달
AI Image 5시간 제한에 도달했습니다. 8월 27일 오전 2:12에 재설정됩니다
OK
---
세션 한도 도달
AI Image 5시간 제한에 도달했습니다. 8월 27일 오전 2:12에 재설정됩니다
OK
---
5시간 제한
---
 table, continuation, or background guide.
이미지 생성
5시간 제한에 근접했습니다.
Nano Banana 2 Flash Lite
재생성
리믹스
이미지를 동영상으로

「SRT_200 이미지가 성공적으로 생성되었습니다.」

===== CHARACTER LOOK (SRT_220) =====
State keys: Jin≈19|blood_robe
Jin Muhan, approximately nineteen years old, East-Asian young swordsman, sharp narrow phoenix eyes, high straight nose, thin lips, defined jawline, youthful East-Asian face with ancient weary eyes, cool fair skin with porcelain complexion, slender wiry physique, calm unreadable expression, jet-black waist-length hair in warrior topknot with jade hairpin, white Huashan pale-teal robes with fresh blood spatters on chest and sleeves, silver plum embroidery, dark blue sash, refined jian, optional light blood on cheek, no deep wound, slender wiry build, calm unreadable expression
Always preserve facial identity: same face, sharp narrow phoenix eyes, high straight nose, thin lips, defined jawline, youthful East-Asian face with ancient weary eyes, cool fair skin with porcelain complexion, slender wiry swordsman physique, calm unreadable expression (unless emotion scene). Hair, robe damage, blood, and wounds must follow the State Layer only — do not invent random outfit changes. Do not change facial identity, eye shape, or physique across scenes.

===== SRT [220, 240) =====
진무한의 눈…
============================================================
[2026-08-26 21:35:01] fail_streak · SRT_1060
error: 이어쓰기 입력란을 찾지 못했습니다.
extra: streak=43
============================================================
[2026-08-26 21:35:06] fail · SRT_1080
error: 이어쓰기 입력란을 찾지 못했습니다.
--- page ---
AI Image 5시간 제한에 도달했습니다. 8월 27일 오전 2:12에 재설정됩니다
---
5시간 제한
---
세션 한도 도달
AI Image 5시간 제한에 도달했습니다. 8월 27일 오전 2:12에 재설정됩니다
OK
---
세션 한도 도달
AI Image 5시간 제한에 도달했습니다. 8월 27일 오전 2:12에 재설정됩니다
OK
---
5시간 제한
---
 table, continuation, or background guide.
이미지 생성
5시간 제한에 근접했습니다.
Nano Banana 2 Flash Lite
재생성
리믹스
이미지를 동영상으로

「SRT_200 이미지가 성공적으로 생성되었습니다.」

===== CHARACTER LOOK (SRT_220) =====
State keys: Jin≈19|blood_robe
Jin Muhan, approximately nineteen years old, East-Asian young swordsman, sharp narrow phoenix eyes, high straight nose, thin lips, defined jawline, youthful East-Asian face with ancient weary eyes, cool fair skin with porcelain complexion, slender wiry physique, calm unreadable expression, jet-black waist-length hair in warrior topknot with jade hairpin, white Huashan pale-teal robes with fresh blood spatters on chest and sleeves, silver plum embroidery, dark blue sash, refined jian, optional light blood on cheek, no deep wound, slender wiry build, calm unreadable expression
Always preserve facial identity: same face, sharp narrow phoenix eyes, high straight nose, thin lips, defined jawline, youthful East-Asian face with ancient weary eyes, cool fair skin with porcelain complexion, slender wiry swordsman physique, calm unreadable expression (unless emotion scene). Hair, robe damage, blood, and wounds must follow the State Layer only — do not invent random outfit changes. Do not change facial identity, eye shape, or physique across scenes.

===== SRT [220, 240) =====
진무한의 눈…
============================================================
[2026-08-26 21:35:06] fail_streak · SRT_1080
error: 이어쓰기 입력란을 찾지 못했습니다.
extra: streak=44
============================================================
[2026-08-26 21:35:11] fail · SRT_1100
error: 이어쓰기 입력란을 찾지 못했습니다.
--- page ---
AI Image 5시간 제한에 도달했습니다. 8월 27일 오전 2:12에 재설정됩니다
---
5시간 제한
---
세션 한도 도달
AI Image 5시간 제한에 도달했습니다. 8월 27일 오전 2:12에 재설정됩니다
OK
---
세션 한도 도달
AI Image 5시간 제한에 도달했습니다. 8월 27일 오전 2:12에 재설정됩니다
OK
---
5시간 제한
---
 table, continuation, or background guide.
이미지 생성
5시간 제한에 근접했습니다.
Nano Banana 2 Flash Lite
재생성
리믹스
이미지를 동영상으로

「SRT_200 이미지가 성공적으로 생성되었습니다.」

===== CHARACTER LOOK (SRT_220) =====
State keys: Jin≈19|blood_robe
Jin Muhan, approximately nineteen years old, East-Asian young swordsman, sharp narrow phoenix eyes, high straight nose, thin lips, defined jawline, youthful East-Asian face with ancient weary eyes, cool fair skin with porcelain complexion, slender wiry physique, calm unreadable expression, jet-black waist-length hair in warrior topknot with jade hairpin, white Huashan pale-teal robes with fresh blood spatters on chest and sleeves, silver plum embroidery, dark blue sash, refined jian, optional light blood on cheek, no deep wound, slender wiry build, calm unreadable expression
Always preserve facial identity: same face, sharp narrow phoenix eyes, high straight nose, thin lips, defined jawline, youthful East-Asian face with ancient weary eyes, cool fair skin with porcelain complexion, slender wiry swordsman physique, calm unreadable expression (unless emotion scene). Hair, robe damage, blood, and wounds must follow the State Layer only — do not invent random outfit changes. Do not change facial identity, eye shape, or physique across scenes.

===== SRT [220, 240) =====
진무한의 눈…
============================================================
[2026-08-26 21:35:11] fail_streak · SRT_1100
error: 이어쓰기 입력란을 찾지 못했습니다.
extra: streak=45
============================================================
[2026-08-26 21:35:16] fail · SRT_1120
error: 이어쓰기 입력란을 찾지 못했습니다.
--- page ---
AI Image 5시간 제한에 도달했습니다. 8월 27일 오전 2:12에 재설정됩니다
---
5시간 제한
---
세션 한도 도달
AI Image 5시간 제한에 도달했습니다. 8월 27일 오전 2:12에 재설정됩니다
OK
---
세션 한도 도달
AI Image 5시간 제한에 도달했습니다. 8월 27일 오전 2:12에 재설정됩니다
OK
---
5시간 제한
---
 table, continuation, or background guide.
이미지 생성
5시간 제한에 근접했습니다.
Nano Banana 2 Flash Lite
재생성
리믹스
이미지를 동영상으로

「SRT_200 이미지가 성공적으로 생성되었습니다.」

===== CHARACTER LOOK (SRT_220) =====
State keys: Jin≈19|blood_robe
Jin Muhan, approximately nineteen years old, East-Asian young swordsman, sharp narrow phoenix eyes, high straight nose, thin lips, defined jawline, youthful East-Asian face with ancient weary eyes, cool fair skin with porcelain complexion, slender wiry physique, calm unreadable expression, jet-black waist-length hair in warrior topknot with jade hairpin, white Huashan pale-teal robes with fresh blood spatters on chest and sleeves, silver plum embroidery, dark blue sash, refined jian, optional light blood on cheek, no deep wound, slender wiry build, calm unreadable expression
Always preserve facial identity: same face, sharp narrow phoenix eyes, high straight nose, thin lips, defined jawline, youthful East-Asian face with ancient weary eyes, cool fair skin with porcelain complexion, slender wiry swordsman physique, calm unreadable expression (unless emotion scene). Hair, robe damage, blood, and wounds must follow the State Layer only — do not invent random outfit changes. Do not change facial identity, eye shape, or physique across scenes.

===== SRT [220, 240) =====
진무한의 눈…
============================================================
[2026-08-26 21:35:16] fail_streak · SRT_1120
error: 이어쓰기 입력란을 찾지 못했습니다.
extra: streak=46
============================================================
[2026-08-26 21:35:20] fail · SRT_1140
error: 이어쓰기 입력란을 찾지 못했습니다.
--- page ---
AI Image 5시간 제한에 도달했습니다. 8월 27일 오전 2:12에 재설정됩니다
---
5시간 제한
---
세션 한도 도달
AI Image 5시간 제한에 도달했습니다. 8월 27일 오전 2:12에 재설정됩니다
OK
---
세션 한도 도달
AI Image 5시간 제한에 도달했습니다. 8월 27일 오전 2:12에 재설정됩니다
OK
---
5시간 제한
---
 table, continuation, or background guide.
이미지 생성
5시간 제한에 근접했습니다.
Nano Banana 2 Flash Lite
재생성
리믹스
이미지를 동영상으로

「SRT_200 이미지가 성공적으로 생성되었습니다.」

===== CHARACTER LOOK (SRT_220) =====
State keys: Jin≈19|blood_robe
Jin Muhan, approximately nineteen years old, East-Asian young swordsman, sharp narrow phoenix eyes, high straight nose, thin lips, defined jawline, youthful East-Asian face with ancient weary eyes, cool fair skin with porcelain complexion, slender wiry physique, calm unreadable expression, jet-black waist-length hair in warrior topknot with jade hairpin, white Huashan pale-teal robes with fresh blood spatters on chest and sleeves, silver plum embroidery, dark blue sash, refined jian, optional light blood on cheek, no deep wound, slender wiry build, calm unreadable expression
Always preserve facial identity: same face, sharp narrow phoenix eyes, high straight nose, thin lips, defined jawline, youthful East-Asian face with ancient weary eyes, cool fair skin with porcelain complexion, slender wiry swordsman physique, calm unreadable expression (unless emotion scene). Hair, robe damage, blood, and wounds must follow the State Layer only — do not invent random outfit changes. Do not change facial identity, eye shape, or physique across scenes.

===== SRT [220, 240) =====
진무한의 눈…
============================================================
[2026-08-26 21:35:20] fail_streak · SRT_1140
error: 이어쓰기 입력란을 찾지 못했습니다.
extra: streak=47
============================================================
[2026-08-26 21:35:25] fail · SRT_1160
error: 이어쓰기 입력란을 찾지 못했습니다.
--- page ---
AI Image 5시간 제한에 도달했습니다. 8월 27일 오전 2:12에 재설정됩니다
---
5시간 제한
---
세션 한도 도달
AI Image 5시간 제한에 도달했습니다. 8월 27일 오전 2:12에 재설정됩니다
OK
---
세션 한도 도달
AI Image 5시간 제한에 도달했습니다. 8월 27일 오전 2:12에 재설정됩니다
OK
---
5시간 제한
---
 table, continuation, or background guide.
이미지 생성
5시간 제한에 근접했습니다.
Nano Banana 2 Flash Lite
재생성
리믹스
이미지를 동영상으로

「SRT_200 이미지가 성공적으로 생성되었습니다.」

===== CHARACTER LOOK (SRT_220) =====
State keys: Jin≈19|blood_robe
Jin Muhan, approximately nineteen years old, East-Asian young swordsman, sharp narrow phoenix eyes, high straight nose, thin lips, defined jawline, youthful East-Asian face with ancient weary eyes, cool fair skin with porcelain complexion, slender wiry physique, calm unreadable expression, jet-black waist-length hair in warrior topknot with jade hairpin, white Huashan pale-teal robes with fresh blood spatters on chest and sleeves, silver plum embroidery, dark blue sash, refined jian, optional light blood on cheek, no deep wound, slender wiry build, calm unreadable expression
Always preserve facial identity: same face, sharp narrow phoenix eyes, high straight nose, thin lips, defined jawline, youthful East-Asian face with ancient weary eyes, cool fair skin with porcelain complexion, slender wiry swordsman physique, calm unreadable expression (unless emotion scene). Hair, robe damage, blood, and wounds must follow the State Layer only — do not invent random outfit changes. Do not change facial identity, eye shape, or physique across scenes.

===== SRT [220, 240) =====
진무한의 눈…
============================================================
[2026-08-26 21:35:25] fail_streak · SRT_1160
error: 이어쓰기 입력란을 찾지 못했습니다.
extra: streak=48
============================================================
[2026-08-26 21:35:30] fail · SRT_1180
error: 이어쓰기 입력란을 찾지 못했습니다.
--- page ---
AI Image 5시간 제한에 도달했습니다. 8월 27일 오전 2:12에 재설정됩니다
---
5시간 제한
---
세션 한도 도달
AI Image 5시간 제한에 도달했습니다. 8월 27일 오전 2:12에 재설정됩니다
OK
---
세션 한도 도달
AI Image 5시간 제한에 도달했습니다. 8월 27일 오전 2:12에 재설정됩니다
OK
---
5시간 제한
---
 table, continuation, or background guide.
이미지 생성
5시간 제한에 근접했습니다.
Nano Banana 2 Flash Lite
재생성
리믹스
이미지를 동영상으로

「SRT_200 이미지가 성공적으로 생성되었습니다.」

===== CHARACTER LOOK (SRT_220) =====
State keys: Jin≈19|blood_robe
Jin Muhan, approximately nineteen years old, East-Asian young swordsman, sharp narrow phoenix eyes, high straight nose, thin lips, defined jawline, youthful East-Asian face with ancient weary eyes, cool fair skin with porcelain complexion, slender wiry physique, calm unreadable expression, jet-black waist-length hair in warrior topknot with jade hairpin, white Huashan pale-teal robes with fresh blood spatters on chest and sleeves, silver plum embroidery, dark blue sash, refined jian, optional light blood on cheek, no deep wound, slender wiry build, calm unreadable expression
Always preserve facial identity: same face, sharp narrow phoenix eyes, high straight nose, thin lips, defined jawline, youthful East-Asian face with ancient weary eyes, cool fair skin with porcelain complexion, slender wiry swordsman physique, calm unreadable expression (unless emotion scene). Hair, robe damage, blood, and wounds must follow the State Layer only — do not invent random outfit changes. Do not change facial identity, eye shape, or physique across scenes.

===== SRT [220, 240) =====
진무한의 눈…
============================================================
[2026-08-26 21:35:30] fail_streak · SRT_1180
error: 이어쓰기 입력란을 찾지 못했습니다.
extra: streak=49
============================================================
[2026-08-26 21:35:35] fail · SRT_1200
error: 이어쓰기 입력란을 찾지 못했습니다.
--- page ---
AI Image 5시간 제한에 도달했습니다. 8월 27일 오전 2:12에 재설정됩니다
---
5시간 제한
---
세션 한도 도달
AI Image 5시간 제한에 도달했습니다. 8월 27일 오전 2:12에 재설정됩니다
OK
---
세션 한도 도달
AI Image 5시간 제한에 도달했습니다. 8월 27일 오전 2:12에 재설정됩니다
OK
---
5시간 제한
---
 table, continuation, or background guide.
이미지 생성
5시간 제한에 근접했습니다.
Nano Banana 2 Flash Lite
재생성
리믹스
이미지를 동영상으로

「SRT_200 이미지가 성공적으로 생성되었습니다.」

===== CHARACTER LOOK (SRT_220) =====
State keys: Jin≈19|blood_robe
Jin Muhan, approximately nineteen years old, East-Asian young swordsman, sharp narrow phoenix eyes, high straight nose, thin lips, defined jawline, youthful East-Asian face with ancient weary eyes, cool fair skin with porcelain complexion, slender wiry physique, calm unreadable expression, jet-black waist-length hair in warrior topknot with jade hairpin, white Huashan pale-teal robes with fresh blood spatters on chest and sleeves, silver plum embroidery, dark blue sash, refined jian, optional light blood on cheek, no deep wound, slender wiry build, calm unreadable expression
Always preserve facial identity: same face, sharp narrow phoenix eyes, high straight nose, thin lips, defined jawline, youthful East-Asian face with ancient weary eyes, cool fair skin with porcelain complexion, slender wiry swordsman physique, calm unreadable expression (unless emotion scene). Hair, robe damage, blood, and wounds must follow the State Layer only — do not invent random outfit changes. Do not change facial identity, eye shape, or physique across scenes.

===== SRT [220, 240) =====
진무한의 눈…
============================================================
[2026-08-26 21:35:35] fail_streak · SRT_1200
error: 이어쓰기 입력란을 찾지 못했습니다.
extra: streak=50
============================================================
[2026-08-26 21:35:39] fail · SRT_1220
error: 이어쓰기 입력란을 찾지 못했습니다.
--- page ---
AI Image 5시간 제한에 도달했습니다. 8월 27일 오전 2:12에 재설정됩니다
---
5시간 제한
---
세션 한도 도달
AI Image 5시간 제한에 도달했습니다. 8월 27일 오전 2:12에 재설정됩니다
OK
---
세션 한도 도달
AI Image 5시간 제한에 도달했습니다. 8월 27일 오전 2:12에 재설정됩니다
OK
---
5시간 제한
---
 table, continuation, or background guide.
이미지 생성
5시간 제한에 근접했습니다.
Nano Banana 2 Flash Lite
재생성
리믹스
이미지를 동영상으로

「SRT_200 이미지가 성공적으로 생성되었습니다.」

===== CHARACTER LOOK (SRT_220) =====
State keys: Jin≈19|blood_robe
Jin Muhan, approximately nineteen years old, East-Asian young swordsman, sharp narrow phoenix eyes, high straight nose, thin lips, defined jawline, youthful East-Asian face with ancient weary eyes, cool fair skin with porcelain complexion, slender wiry physique, calm unreadable expression, jet-black waist-length hair in warrior topknot with jade hairpin, white Huashan pale-teal robes with fresh blood spatters on chest and sleeves, silver plum embroidery, dark blue sash, refined jian, optional light blood on cheek, no deep wound, slender wiry build, calm unreadable expression
Always preserve facial identity: same face, sharp narrow phoenix eyes, high straight nose, thin lips, defined jawline, youthful East-Asian face with ancient weary eyes, cool fair skin with porcelain complexion, slender wiry swordsman physique, calm unreadable expression (unless emotion scene). Hair, robe damage, blood, and wounds must follow the State Layer only — do not invent random outfit changes. Do not change facial identity, eye shape, or physique across scenes.

===== SRT [220, 240) =====
진무한의 눈…
============================================================
[2026-08-26 21:35:39] fail_streak · SRT_1220
error: 이어쓰기 입력란을 찾지 못했습니다.
extra: streak=51
============================================================
[2026-08-26 21:35:44] fail · SRT_1240
error: 이어쓰기 입력란을 찾지 못했습니다.
--- page ---
AI Image 5시간 제한에 도달했습니다. 8월 27일 오전 2:12에 재설정됩니다
---
5시간 제한
---
세션 한도 도달
AI Image 5시간 제한에 도달했습니다. 8월 27일 오전 2:12에 재설정됩니다
OK
---
세션 한도 도달
AI Image 5시간 제한에 도달했습니다. 8월 27일 오전 2:12에 재설정됩니다
OK
---
5시간 제한
---
 table, continuation, or background guide.
이미지 생성
5시간 제한에 근접했습니다.
Nano Banana 2 Flash Lite
재생성
리믹스
이미지를 동영상으로

「SRT_200 이미지가 성공적으로 생성되었습니다.」

===== CHARACTER LOOK (SRT_220) =====
State keys: Jin≈19|blood_robe
Jin Muhan, approximately nineteen years old, East-Asian young swordsman, sharp narrow phoenix eyes, high straight nose, thin lips, defined jawline, youthful East-Asian face with ancient weary eyes, cool fair skin with porcelain complexion, slender wiry physique, calm unreadable expression, jet-black waist-length hair in warrior topknot with jade hairpin, white Huashan pale-teal robes with fresh blood spatters on chest and sleeves, silver plum embroidery, dark blue sash, refined jian, optional light blood on cheek, no deep wound, slender wiry build, calm unreadable expression
Always preserve facial identity: same face, sharp narrow phoenix eyes, high straight nose, thin lips, defined jawline, youthful East-Asian face with ancient weary eyes, cool fair skin with porcelain complexion, slender wiry swordsman physique, calm unreadable expression (unless emotion scene). Hair, robe damage, blood, and wounds must follow the State Layer only — do not invent random outfit changes. Do not change facial identity, eye shape, or physique across scenes.

===== SRT [220, 240) =====
진무한의 눈…
============================================================
[2026-08-26 21:35:44] fail_streak · SRT_1240
error: 이어쓰기 입력란을 찾지 못했습니다.
extra: streak=52
============================================================
[2026-08-26 21:35:49] fail · SRT_1260
error: 이어쓰기 입력란을 찾지 못했습니다.
--- page ---
AI Image 5시간 제한에 도달했습니다. 8월 27일 오전 2:12에 재설정됩니다
---
5시간 제한
---
세션 한도 도달
AI Image 5시간 제한에 도달했습니다. 8월 27일 오전 2:12에 재설정됩니다
OK
---
세션 한도 도달
AI Image 5시간 제한에 도달했습니다. 8월 27일 오전 2:12에 재설정됩니다
OK
---
5시간 제한
---
 table, continuation, or background guide.
이미지 생성
5시간 제한에 근접했습니다.
Nano Banana 2 Flash Lite
재생성
리믹스
이미지를 동영상으로

「SRT_200 이미지가 성공적으로 생성되었습니다.」

===== CHARACTER LOOK (SRT_220) =====
State keys: Jin≈19|blood_robe
Jin Muhan, approximately nineteen years old, East-Asian young swordsman, sharp narrow phoenix eyes, high straight nose, thin lips, defined jawline, youthful East-Asian face with ancient weary eyes, cool fair skin with porcelain complexion, slender wiry physique, calm unreadable expression, jet-black waist-length hair in warrior topknot with jade hairpin, white Huashan pale-teal robes with fresh blood spatters on chest and sleeves, silver plum embroidery, dark blue sash, refined jian, optional light blood on cheek, no deep wound, slender wiry build, calm unreadable expression
Always preserve facial identity: same face, sharp narrow phoenix eyes, high straight nose, thin lips, defined jawline, youthful East-Asian face with ancient weary eyes, cool fair skin with porcelain complexion, slender wiry swordsman physique, calm unreadable expression (unless emotion scene). Hair, robe damage, blood, and wounds must follow the State Layer only — do not invent random outfit changes. Do not change facial identity, eye shape, or physique across scenes.

===== SRT [220, 240) =====
진무한의 눈…
============================================================
[2026-08-26 21:35:49] fail_streak · SRT_1260
error: 이어쓰기 입력란을 찾지 못했습니다.
extra: streak=53
============================================================
[2026-08-26 21:35:54] fail · SRT_1280
error: 이어쓰기 입력란을 찾지 못했습니다.
--- page ---
AI Image 5시간 제한에 도달했습니다. 8월 27일 오전 2:12에 재설정됩니다
---
5시간 제한
---
세션 한도 도달
AI Image 5시간 제한에 도달했습니다. 8월 27일 오전 2:12에 재설정됩니다
OK
---
세션 한도 도달
AI Image 5시간 제한에 도달했습니다. 8월 27일 오전 2:12에 재설정됩니다
OK
---
5시간 제한
---
 table, continuation, or background guide.
이미지 생성
5시간 제한에 근접했습니다.
Nano Banana 2 Flash Lite
재생성
리믹스
이미지를 동영상으로

「SRT_200 이미지가 성공적으로 생성되었습니다.」

===== CHARACTER LOOK (SRT_220) =====
State keys: Jin≈19|blood_robe
Jin Muhan, approximately nineteen years old, East-Asian young swordsman, sharp narrow phoenix eyes, high straight nose, thin lips, defined jawline, youthful East-Asian face with ancient weary eyes, cool fair skin with porcelain complexion, slender wiry physique, calm unreadable expression, jet-black waist-length hair in warrior topknot with jade hairpin, white Huashan pale-teal robes with fresh blood spatters on chest and sleeves, silver plum embroidery, dark blue sash, refined jian, optional light blood on cheek, no deep wound, slender wiry build, calm unreadable expression
Always preserve facial identity: same face, sharp narrow phoenix eyes, high straight nose, thin lips, defined jawline, youthful East-Asian face with ancient weary eyes, cool fair skin with porcelain complexion, slender wiry swordsman physique, calm unreadable expression (unless emotion scene). Hair, robe damage, blood, and wounds must follow the State Layer only — do not invent random outfit changes. Do not change facial identity, eye shape, or physique across scenes.

===== SRT [220, 240) =====
진무한의 눈…
============================================================
[2026-08-26 21:35:54] fail_streak · SRT_1280
error: 이어쓰기 입력란을 찾지 못했습니다.
extra: streak=54
============================================================
[2026-08-26 21:35:58] fail · SRT_1300
error: 이어쓰기 입력란을 찾지 못했습니다.
--- page ---
AI Image 5시간 제한에 도달했습니다. 8월 27일 오전 2:12에 재설정됩니다
---
5시간 제한
---
세션 한도 도달
AI Image 5시간 제한에 도달했습니다. 8월 27일 오전 2:12에 재설정됩니다
OK
---
세션 한도 도달
AI Image 5시간 제한에 도달했습니다. 8월 27일 오전 2:12에 재설정됩니다
OK
---
5시간 제한
---
 table, continuation, or background guide.
이미지 생성
5시간 제한에 근접했습니다.
Nano Banana 2 Flash Lite
재생성
리믹스
이미지를 동영상으로

「SRT_200 이미지가 성공적으로 생성되었습니다.」

===== CHARACTER LOOK (SRT_220) =====
State keys: Jin≈19|blood_robe
Jin Muhan, approximately nineteen years old, East-Asian young swordsman, sharp narrow phoenix eyes, high straight nose, thin lips, defined jawline, youthful East-Asian face with ancient weary eyes, cool fair skin with porcelain complexion, slender wiry physique, calm unreadable expression, jet-black waist-length hair in warrior topknot with jade hairpin, white Huashan pale-teal robes with fresh blood spatters on chest and sleeves, silver plum embroidery, dark blue sash, refined jian, optional light blood on cheek, no deep wound, slender wiry build, calm unreadable expression
Always preserve facial identity: same face, sharp narrow phoenix eyes, high straight nose, thin lips, defined jawline, youthful East-Asian face with ancient weary eyes, cool fair skin with porcelain complexion, slender wiry swordsman physique, calm unreadable expression (unless emotion scene). Hair, robe damage, blood, and wounds must follow the State Layer only — do not invent random outfit changes. Do not change facial identity, eye shape, or physique across scenes.

===== SRT [220, 240) =====
진무한의 눈…
============================================================
[2026-08-26 21:35:58] fail_streak · SRT_1300
error: 이어쓰기 입력란을 찾지 못했습니다.
extra: streak=55
============================================================
[2026-08-26 21:36:03] fail · SRT_1320
error: 이어쓰기 입력란을 찾지 못했습니다.
--- page ---
AI Image 5시간 제한에 도달했습니다. 8월 27일 오전 2:12에 재설정됩니다
---
5시간 제한
---
세션 한도 도달
AI Image 5시간 제한에 도달했습니다. 8월 27일 오전 2:12에 재설정됩니다
OK
---
세션 한도 도달
AI Image 5시간 제한에 도달했습니다. 8월 27일 오전 2:12에 재설정됩니다
OK
---
5시간 제한
---
 table, continuation, or background guide.
이미지 생성
5시간 제한에 근접했습니다.
Nano Banana 2 Flash Lite
재생성
리믹스
이미지를 동영상으로

「SRT_200 이미지가 성공적으로 생성되었습니다.」

===== CHARACTER LOOK (SRT_220) =====
State keys: Jin≈19|blood_robe
Jin Muhan, approximately nineteen years old, East-Asian young swordsman, sharp narrow phoenix eyes, high straight nose, thin lips, defined jawline, youthful East-Asian face with ancient weary eyes, cool fair skin with porcelain complexion, slender wiry physique, calm unreadable expression, jet-black waist-length hair in warrior topknot with jade hairpin, white Huashan pale-teal robes with fresh blood spatters on chest and sleeves, silver plum embroidery, dark blue sash, refined jian, optional light blood on cheek, no deep wound, slender wiry build, calm unreadable expression
Always preserve facial identity: same face, sharp narrow phoenix eyes, high straight nose, thin lips, defined jawline, youthful East-Asian face with ancient weary eyes, cool fair skin with porcelain complexion, slender wiry swordsman physique, calm unreadable expression (unless emotion scene). Hair, robe damage, blood, and wounds must follow the State Layer only — do not invent random outfit changes. Do not change facial identity, eye shape, or physique across scenes.

===== SRT [220, 240) =====
진무한의 눈…
============================================================
[2026-08-26 21:36:03] fail_streak · SRT_1320
error: 이어쓰기 입력란을 찾지 못했습니다.
extra: streak=56
============================================================
[2026-08-26 21:36:08] fail · SRT_1340
error: 이어쓰기 입력란을 찾지 못했습니다.
--- page ---
AI Image 5시간 제한에 도달했습니다. 8월 27일 오전 2:12에 재설정됩니다
---
5시간 제한
---
세션 한도 도달
AI Image 5시간 제한에 도달했습니다. 8월 27일 오전 2:12에 재설정됩니다
OK
---
세션 한도 도달
AI Image 5시간 제한에 도달했습니다. 8월 27일 오전 2:12에 재설정됩니다
OK
---
5시간 제한
---
 table, continuation, or background guide.
이미지 생성
5시간 제한에 근접했습니다.
Nano Banana 2 Flash Lite
재생성
리믹스
이미지를 동영상으로

「SRT_200 이미지가 성공적으로 생성되었습니다.」

===== CHARACTER LOOK (SRT_220) =====
State keys: Jin≈19|blood_robe
Jin Muhan, approximately nineteen years old, East-Asian young swordsman, sharp narrow phoenix eyes, high straight nose, thin lips, defined jawline, youthful East-Asian face with ancient weary eyes, cool fair skin with porcelain complexion, slender wiry physique, calm unreadable expression, jet-black waist-length hair in warrior topknot with jade hairpin, white Huashan pale-teal robes with fresh blood spatters on chest and sleeves, silver plum embroidery, dark blue sash, refined jian, optional light blood on cheek, no deep wound, slender wiry build, calm unreadable expression
Always preserve facial identity: same face, sharp narrow phoenix eyes, high straight nose, thin lips, defined jawline, youthful East-Asian face with ancient weary eyes, cool fair skin with porcelain complexion, slender wiry swordsman physique, calm unreadable expression (unless emotion scene). Hair, robe damage, blood, and wounds must follow the State Layer only — do not invent random outfit changes. Do not change facial identity, eye shape, or physique across scenes.

===== SRT [220, 240) =====
진무한의 눈…
============================================================
[2026-08-26 21:36:08] fail_streak · SRT_1340
error: 이어쓰기 입력란을 찾지 못했습니다.
extra: streak=57
============================================================
[2026-08-26 21:36:13] fail · SRT_1360
error: 이어쓰기 입력란을 찾지 못했습니다.
--- page ---
AI Image 5시간 제한에 도달했습니다. 8월 27일 오전 2:12에 재설정됩니다
---
5시간 제한
---
세션 한도 도달
AI Image 5시간 제한에 도달했습니다. 8월 27일 오전 2:12에 재설정됩니다
OK
---
세션 한도 도달
AI Image 5시간 제한에 도달했습니다. 8월 27일 오전 2:12에 재설정됩니다
OK
---
5시간 제한
---
 table, continuation, or background guide.
이미지 생성
5시간 제한에 근접했습니다.
Nano Banana 2 Flash Lite
재생성
리믹스
이미지를 동영상으로

「SRT_200 이미지가 성공적으로 생성되었습니다.」

===== CHARACTER LOOK (SRT_220) =====
State keys: Jin≈19|blood_robe
Jin Muhan, approximately nineteen years old, East-Asian young swordsman, sharp narrow phoenix eyes, high straight nose, thin lips, defined jawline, youthful East-Asian face with ancient weary eyes, cool fair skin with porcelain complexion, slender wiry physique, calm unreadable expression, jet-black waist-length hair in warrior topknot with jade hairpin, white Huashan pale-teal robes with fresh blood spatters on chest and sleeves, silver plum embroidery, dark blue sash, refined jian, optional light blood on cheek, no deep wound, slender wiry build, calm unreadable expression
Always preserve facial identity: same face, sharp narrow phoenix eyes, high straight nose, thin lips, defined jawline, youthful East-Asian face with ancient weary eyes, cool fair skin with porcelain complexion, slender wiry swordsman physique, calm unreadable expression (unless emotion scene). Hair, robe damage, blood, and wounds must follow the State Layer only — do not invent random outfit changes. Do not change facial identity, eye shape, or physique across scenes.

===== SRT [220, 240) =====
진무한의 눈…
============================================================
[2026-08-26 21:36:13] fail_streak · SRT_1360
error: 이어쓰기 입력란을 찾지 못했습니다.
extra: streak=58
============================================================
[2026-08-26 21:36:17] fail · SRT_1380
error: 이어쓰기 입력란을 찾지 못했습니다.
--- page ---
AI Image 5시간 제한에 도달했습니다. 8월 27일 오전 2:12에 재설정됩니다
---
5시간 제한
---
세션 한도 도달
AI Image 5시간 제한에 도달했습니다. 8월 27일 오전 2:12에 재설정됩니다
OK
---
세션 한도 도달
AI Image 5시간 제한에 도달했습니다. 8월 27일 오전 2:12에 재설정됩니다
OK
---
5시간 제한
---
 table, continuation, or background guide.
이미지 생성
5시간 제한에 근접했습니다.
Nano Banana 2 Flash Lite
재생성
리믹스
이미지를 동영상으로

「SRT_200 이미지가 성공적으로 생성되었습니다.」

===== CHARACTER LOOK (SRT_220) =====
State keys: Jin≈19|blood_robe
Jin Muhan, approximately nineteen years old, East-Asian young swordsman, sharp narrow phoenix eyes, high straight nose, thin lips, defined jawline, youthful East-Asian face with ancient weary eyes, cool fair skin with porcelain complexion, slender wiry physique, calm unreadable expression, jet-black waist-length hair in warrior topknot with jade hairpin, white Huashan pale-teal robes with fresh blood spatters on chest and sleeves, silver plum embroidery, dark blue sash, refined jian, optional light blood on cheek, no deep wound, slender wiry build, calm unreadable expression
Always preserve facial identity: same face, sharp narrow phoenix eyes, high straight nose, thin lips, defined jawline, youthful East-Asian face with ancient weary eyes, cool fair skin with porcelain complexion, slender wiry swordsman physique, calm unreadable expression (unless emotion scene). Hair, robe damage, blood, and wounds must follow the State Layer only — do not invent random outfit changes. Do not change facial identity, eye shape, or physique across scenes.

===== SRT [220, 240) =====
진무한의 눈…
============================================================
[2026-08-26 21:36:17] fail_streak · SRT_1380
error: 이어쓰기 입력란을 찾지 못했습니다.
extra: streak=59
============================================================
[2026-08-26 21:36:22] fail · SRT_1400
error: 이어쓰기 입력란을 찾지 못했습니다.
--- page ---
AI Image 5시간 제한에 도달했습니다. 8월 27일 오전 2:12에 재설정됩니다
---
5시간 제한
---
세션 한도 도달
AI Image 5시간 제한에 도달했습니다. 8월 27일 오전 2:12에 재설정됩니다
OK
---
세션 한도 도달
AI Image 5시간 제한에 도달했습니다. 8월 27일 오전 2:12에 재설정됩니다
OK
---
5시간 제한
---
 table, continuation, or background guide.
이미지 생성
5시간 제한에 근접했습니다.
Nano Banana 2 Flash Lite
재생성
리믹스
이미지를 동영상으로

「SRT_200 이미지가 성공적으로 생성되었습니다.」

===== CHARACTER LOOK (SRT_220) =====
State keys: Jin≈19|blood_robe
Jin Muhan, approximately nineteen years old, East-Asian young swordsman, sharp narrow phoenix eyes, high straight nose, thin lips, defined jawline, youthful East-Asian face with ancient weary eyes, cool fair skin with porcelain complexion, slender wiry physique, calm unreadable expression, jet-black waist-length hair in warrior topknot with jade hairpin, white Huashan pale-teal robes with fresh blood spatters on chest and sleeves, silver plum embroidery, dark blue sash, refined jian, optional light blood on cheek, no deep wound, slender wiry build, calm unreadable expression
Always preserve facial identity: same face, sharp narrow phoenix eyes, high straight nose, thin lips, defined jawline, youthful East-Asian face with ancient weary eyes, cool fair skin with porcelain complexion, slender wiry swordsman physique, calm unreadable expression (unless emotion scene). Hair, robe damage, blood, and wounds must follow the State Layer only — do not invent random outfit changes. Do not change facial identity, eye shape, or physique across scenes.

===== SRT [220, 240) =====
진무한의 눈…
============================================================
[2026-08-26 21:36:22] fail_streak · SRT_1400
error: 이어쓰기 입력란을 찾지 못했습니다.
extra: streak=60
============================================================
[2026-08-26 21:36:27] fail · SRT_1420
error: 이어쓰기 입력란을 찾지 못했습니다.
--- page ---
AI Image 5시간 제한에 도달했습니다. 8월 27일 오전 2:12에 재설정됩니다
---
5시간 제한
---
세션 한도 도달
AI Image 5시간 제한에 도달했습니다. 8월 27일 오전 2:12에 재설정됩니다
OK
---
세션 한도 도달
AI Image 5시간 제한에 도달했습니다. 8월 27일 오전 2:12에 재설정됩니다
OK
---
5시간 제한
---
 table, continuation, or background guide.
이미지 생성
5시간 제한에 근접했습니다.
Nano Banana 2 Flash Lite
재생성
리믹스
이미지를 동영상으로

「SRT_200 이미지가 성공적으로 생성되었습니다.」

===== CHARACTER LOOK (SRT_220) =====
State keys: Jin≈19|blood_robe
Jin Muhan, approximately nineteen years old, East-Asian young swordsman, sharp narrow phoenix eyes, high straight nose, thin lips, defined jawline, youthful East-Asian face with ancient weary eyes, cool fair skin with porcelain complexion, slender wiry physique, calm unreadable expression, jet-black waist-length hair in warrior topknot with jade hairpin, white Huashan pale-teal robes with fresh blood spatters on chest and sleeves, silver plum embroidery, dark blue sash, refined jian, optional light blood on cheek, no deep wound, slender wiry build, calm unreadable expression
Always preserve facial identity: same face, sharp narrow phoenix eyes, high straight nose, thin lips, defined jawline, youthful East-Asian face with ancient weary eyes, cool fair skin with porcelain complexion, slender wiry swordsman physique, calm unreadable expression (unless emotion scene). Hair, robe damage, blood, and wounds must follow the State Layer only — do not invent random outfit changes. Do not change facial identity, eye shape, or physique across scenes.

===== SRT [220, 240) =====
진무한의 눈…
============================================================
[2026-08-26 21:36:27] fail_streak · SRT_1420
error: 이어쓰기 입력란을 찾지 못했습니다.
extra: streak=61
============================================================
[2026-08-26 21:36:32] fail · SRT_1440
error: 이어쓰기 입력란을 찾지 못했습니다.
--- page ---
AI Image 5시간 제한에 도달했습니다. 8월 27일 오전 2:12에 재설정됩니다
---
5시간 제한
---
세션 한도 도달
AI Image 5시간 제한에 도달했습니다. 8월 27일 오전 2:12에 재설정됩니다
OK
---
세션 한도 도달
AI Image 5시간 제한에 도달했습니다. 8월 27일 오전 2:12에 재설정됩니다
OK
---
5시간 제한
---
 table, continuation, or background guide.
이미지 생성
5시간 제한에 근접했습니다.
Nano Banana 2 Flash Lite
재생성
리믹스
이미지를 동영상으로

「SRT_200 이미지가 성공적으로 생성되었습니다.」

===== CHARACTER LOOK (SRT_220) =====
State keys: Jin≈19|blood_robe
Jin Muhan, approximately nineteen years old, East-Asian young swordsman, sharp narrow phoenix eyes, high straight nose, thin lips, defined jawline, youthful East-Asian face with ancient weary eyes, cool fair skin with porcelain complexion, slender wiry physique, calm unreadable expression, jet-black waist-length hair in warrior topknot with jade hairpin, white Huashan pale-teal robes with fresh blood spatters on chest and sleeves, silver plum embroidery, dark blue sash, refined jian, optional light blood on cheek, no deep wound, slender wiry build, calm unreadable expression
Always preserve facial identity: same face, sharp narrow phoenix eyes, high straight nose, thin lips, defined jawline, youthful East-Asian face with ancient weary eyes, cool fair skin with porcelain complexion, slender wiry swordsman physique, calm unreadable expression (unless emotion scene). Hair, robe damage, blood, and wounds must follow the State Layer only — do not invent random outfit changes. Do not change facial identity, eye shape, or physique across scenes.

===== SRT [220, 240) =====
진무한의 눈…
============================================================
[2026-08-26 21:36:32] fail_streak · SRT_1440
error: 이어쓰기 입력란을 찾지 못했습니다.
extra: streak=62
============================================================
[2026-08-26 21:36:36] fail · SRT_1460
error: 이어쓰기 입력란을 찾지 못했습니다.
--- page ---
AI Image 5시간 제한에 도달했습니다. 8월 27일 오전 2:12에 재설정됩니다
---
5시간 제한
---
세션 한도 도달
AI Image 5시간 제한에 도달했습니다. 8월 27일 오전 2:12에 재설정됩니다
OK
---
세션 한도 도달
AI Image 5시간 제한에 도달했습니다. 8월 27일 오전 2:12에 재설정됩니다
OK
---
5시간 제한
---
 table, continuation, or background guide.
이미지 생성
5시간 제한에 근접했습니다.
Nano Banana 2 Flash Lite
재생성
리믹스
이미지를 동영상으로

「SRT_200 이미지가 성공적으로 생성되었습니다.」

===== CHARACTER LOOK (SRT_220) =====
State keys: Jin≈19|blood_robe
Jin Muhan, approximately nineteen years old, East-Asian young swordsman, sharp narrow phoenix eyes, high straight nose, thin lips, defined jawline, youthful East-Asian face with ancient weary eyes, cool fair skin with porcelain complexion, slender wiry physique, calm unreadable expression, jet-black waist-length hair in warrior topknot with jade hairpin, white Huashan pale-teal robes with fresh blood spatters on chest and sleeves, silver plum embroidery, dark blue sash, refined jian, optional light blood on cheek, no deep wound, slender wiry build, calm unreadable expression
Always preserve facial identity: same face, sharp narrow phoenix eyes, high straight nose, thin lips, defined jawline, youthful East-Asian face with ancient weary eyes, cool fair skin with porcelain complexion, slender wiry swordsman physique, calm unreadable expression (unless emotion scene). Hair, robe damage, blood, and wounds must follow the State Layer only — do not invent random outfit changes. Do not change facial identity, eye shape, or physique across scenes.

===== SRT [220, 240) =====
진무한의 눈…
============================================================
[2026-08-26 21:36:36] fail_streak · SRT_1460
error: 이어쓰기 입력란을 찾지 못했습니다.
extra: streak=63
============================================================
[2026-08-26 21:36:41] fail · SRT_1480
error: 이어쓰기 입력란을 찾지 못했습니다.
--- page ---
AI Image 5시간 제한에 도달했습니다. 8월 27일 오전 2:12에 재설정됩니다
---
5시간 제한
---
세션 한도 도달
AI Image 5시간 제한에 도달했습니다. 8월 27일 오전 2:12에 재설정됩니다
OK
---
세션 한도 도달
AI Image 5시간 제한에 도달했습니다. 8월 27일 오전 2:12에 재설정됩니다
OK
---
5시간 제한
---
 table, continuation, or background guide.
이미지 생성
5시간 제한에 근접했습니다.
Nano Banana 2 Flash Lite
재생성
리믹스
이미지를 동영상으로

「SRT_200 이미지가 성공적으로 생성되었습니다.」

===== CHARACTER LOOK (SRT_220) =====
State keys: Jin≈19|blood_robe
Jin Muhan, approximately nineteen years old, East-Asian young swordsman, sharp narrow phoenix eyes, high straight nose, thin lips, defined jawline, youthful East-Asian face with ancient weary eyes, cool fair skin with porcelain complexion, slender wiry physique, calm unreadable expression, jet-black waist-length hair in warrior topknot with jade hairpin, white Huashan pale-teal robes with fresh blood spatters on chest and sleeves, silver plum embroidery, dark blue sash, refined jian, optional light blood on cheek, no deep wound, slender wiry build, calm unreadable expression
Always preserve facial identity: same face, sharp narrow phoenix eyes, high straight nose, thin lips, defined jawline, youthful East-Asian face with ancient weary eyes, cool fair skin with porcelain complexion, slender wiry swordsman physique, calm unreadable expression (unless emotion scene). Hair, robe damage, blood, and wounds must follow the State Layer only — do not invent random outfit changes. Do not change facial identity, eye shape, or physique across scenes.

===== SRT [220, 240) =====
진무한의 눈…
============================================================
[2026-08-26 21:36:41] fail_streak · SRT_1480
error: 이어쓰기 입력란을 찾지 못했습니다.
extra: streak=64
============================================================
[2026-08-26 21:36:46] fail · SRT_1500
error: 이어쓰기 입력란을 찾지 못했습니다.
--- page ---
AI Image 5시간 제한에 도달했습니다. 8월 27일 오전 2:12에 재설정됩니다
---
5시간 제한
---
세션 한도 도달
AI Image 5시간 제한에 도달했습니다. 8월 27일 오전 2:12에 재설정됩니다
OK
---
세션 한도 도달
AI Image 5시간 제한에 도달했습니다. 8월 27일 오전 2:12에 재설정됩니다
OK
---
5시간 제한
---
 table, continuation, or background guide.
이미지 생성
5시간 제한에 근접했습니다.
Nano Banana 2 Flash Lite
재생성
리믹스
이미지를 동영상으로

「SRT_200 이미지가 성공적으로 생성되었습니다.」

===== CHARACTER LOOK (SRT_220) =====
State keys: Jin≈19|blood_robe
Jin Muhan, approximately nineteen years old, East-Asian young swordsman, sharp narrow phoenix eyes, high straight nose, thin lips, defined jawline, youthful East-Asian face with ancient weary eyes, cool fair skin with porcelain complexion, slender wiry physique, calm unreadable expression, jet-black waist-length hair in warrior topknot with jade hairpin, white Huashan pale-teal robes with fresh blood spatters on chest and sleeves, silver plum embroidery, dark blue sash, refined jian, optional light blood on cheek, no deep wound, slender wiry build, calm unreadable expression
Always preserve facial identity: same face, sharp narrow phoenix eyes, high straight nose, thin lips, defined jawline, youthful East-Asian face with ancient weary eyes, cool fair skin with porcelain complexion, slender wiry swordsman physique, calm unreadable expression (unless emotion scene). Hair, robe damage, blood, and wounds must follow the State Layer only — do not invent random outfit changes. Do not change facial identity, eye shape, or physique across scenes.

===== SRT [220, 240) =====
진무한의 눈…
============================================================
[2026-08-26 21:36:46] fail_streak · SRT_1500
error: 이어쓰기 입력란을 찾지 못했습니다.
extra: streak=65
============================================================
[2026-08-26 21:36:51] fail · SRT_1520
error: 이어쓰기 입력란을 찾지 못했습니다.
--- page ---
AI Image 5시간 제한에 도달했습니다. 8월 27일 오전 2:12에 재설정됩니다
---
5시간 제한
---
세션 한도 도달
AI Image 5시간 제한에 도달했습니다. 8월 27일 오전 2:12에 재설정됩니다
OK
---
세션 한도 도달
AI Image 5시간 제한에 도달했습니다. 8월 27일 오전 2:12에 재설정됩니다
OK
---
5시간 제한
---
 table, continuation, or background guide.
이미지 생성
5시간 제한에 근접했습니다.
Nano Banana 2 Flash Lite
재생성
리믹스
이미지를 동영상으로

「SRT_200 이미지가 성공적으로 생성되었습니다.」

===== CHARACTER LOOK (SRT_220) =====
State keys: Jin≈19|blood_robe
Jin Muhan, approximately nineteen years old, East-Asian young swordsman, sharp narrow phoenix eyes, high straight nose, thin lips, defined jawline, youthful East-Asian face with ancient weary eyes, cool fair skin with porcelain complexion, slender wiry physique, calm unreadable expression, jet-black waist-length hair in warrior topknot with jade hairpin, white Huashan pale-teal robes with fresh blood spatters on chest and sleeves, silver plum embroidery, dark blue sash, refined jian, optional light blood on cheek, no deep wound, slender wiry build, calm unreadable expression
Always preserve facial identity: same face, sharp narrow phoenix eyes, high straight nose, thin lips, defined jawline, youthful East-Asian face with ancient weary eyes, cool fair skin with porcelain complexion, slender wiry swordsman physique, calm unreadable expression (unless emotion scene). Hair, robe damage, blood, and wounds must follow the State Layer only — do not invent random outfit changes. Do not change facial identity, eye shape, or physique across scenes.

===== SRT [220, 240) =====
진무한의 눈…
============================================================
[2026-08-26 21:36:51] fail_streak · SRT_1520
error: 이어쓰기 입력란을 찾지 못했습니다.
extra: streak=66
============================================================
[2026-08-26 21:36:56] fail · SRT_1540
error: 이어쓰기 입력란을 찾지 못했습니다.
--- page ---
AI Image 5시간 제한에 도달했습니다. 8월 27일 오전 2:12에 재설정됩니다
---
5시간 제한
---
세션 한도 도달
AI Image 5시간 제한에 도달했습니다. 8월 27일 오전 2:12에 재설정됩니다
OK
---
세션 한도 도달
AI Image 5시간 제한에 도달했습니다. 8월 27일 오전 2:12에 재설정됩니다
OK
---
5시간 제한
---
 table, continuation, or background guide.
이미지 생성
5시간 제한에 근접했습니다.
Nano Banana 2 Flash Lite
재생성
리믹스
이미지를 동영상으로

「SRT_200 이미지가 성공적으로 생성되었습니다.」

===== CHARACTER LOOK (SRT_220) =====
State keys: Jin≈19|blood_robe
Jin Muhan, approximately nineteen years old, East-Asian young swordsman, sharp narrow phoenix eyes, high straight nose, thin lips, defined jawline, youthful East-Asian face with ancient weary eyes, cool fair skin with porcelain complexion, slender wiry physique, calm unreadable expression, jet-black waist-length hair in warrior topknot with jade hairpin, white Huashan pale-teal robes with fresh blood spatters on chest and sleeves, silver plum embroidery, dark blue sash, refined jian, optional light blood on cheek, no deep wound, slender wiry build, calm unreadable expression
Always preserve facial identity: same face, sharp narrow phoenix eyes, high straight nose, thin lips, defined jawline, youthful East-Asian face with ancient weary eyes, cool fair skin with porcelain complexion, slender wiry swordsman physique, calm unreadable expression (unless emotion scene). Hair, robe damage, blood, and wounds must follow the State Layer only — do not invent random outfit changes. Do not change facial identity, eye shape, or physique across scenes.

===== SRT [220, 240) =====
진무한의 눈…
============================================================
[2026-08-26 21:36:56] fail_streak · SRT_1540
error: 이어쓰기 입력란을 찾지 못했습니다.
extra: streak=67
============================================================
[2026-08-26 21:37:00] fail · SRT_1560
error: 이어쓰기 입력란을 찾지 못했습니다.
--- page ---
AI Image 5시간 제한에 도달했습니다. 8월 27일 오전 2:12에 재설정됩니다
---
5시간 제한
---
세션 한도 도달
AI Image 5시간 제한에 도달했습니다. 8월 27일 오전 2:12에 재설정됩니다
OK
---
세션 한도 도달
AI Image 5시간 제한에 도달했습니다. 8월 27일 오전 2:12에 재설정됩니다
OK
---
5시간 제한
---
 table, continuation, or background guide.
이미지 생성
5시간 제한에 근접했습니다.
Nano Banana 2 Flash Lite
재생성
리믹스
이미지를 동영상으로

「SRT_200 이미지가 성공적으로 생성되었습니다.」

===== CHARACTER LOOK (SRT_220) =====
State keys: Jin≈19|blood_robe
Jin Muhan, approximately nineteen years old, East-Asian young swordsman, sharp narrow phoenix eyes, high straight nose, thin lips, defined jawline, youthful East-Asian face with ancient weary eyes, cool fair skin with porcelain complexion, slender wiry physique, calm unreadable expression, jet-black waist-length hair in warrior topknot with jade hairpin, white Huashan pale-teal robes with fresh blood spatters on chest and sleeves, silver plum embroidery, dark blue sash, refined jian, optional light blood on cheek, no deep wound, slender wiry build, calm unreadable expression
Always preserve facial identity: same face, sharp narrow phoenix eyes, high straight nose, thin lips, defined jawline, youthful East-Asian face with ancient weary eyes, cool fair skin with porcelain complexion, slender wiry swordsman physique, calm unreadable expression (unless emotion scene). Hair, robe damage, blood, and wounds must follow the State Layer only — do not invent random outfit changes. Do not change facial identity, eye shape, or physique across scenes.

===== SRT [220, 240) =====
진무한의 눈…
============================================================
[2026-08-26 21:37:00] fail_streak · SRT_1560
error: 이어쓰기 입력란을 찾지 못했습니다.
extra: streak=68
============================================================
[2026-08-26 21:37:05] fail · SRT_1580
error: 이어쓰기 입력란을 찾지 못했습니다.
--- page ---
AI Image 5시간 제한에 도달했습니다. 8월 27일 오전 2:12에 재설정됩니다
---
5시간 제한
---
세션 한도 도달
AI Image 5시간 제한에 도달했습니다. 8월 27일 오전 2:12에 재설정됩니다
OK
---
세션 한도 도달
AI Image 5시간 제한에 도달했습니다. 8월 27일 오전 2:12에 재설정됩니다
OK
---
5시간 제한
---
 table, continuation, or background guide.
이미지 생성
5시간 제한에 근접했습니다.
Nano Banana 2 Flash Lite
재생성
리믹스
이미지를 동영상으로

「SRT_200 이미지가 성공적으로 생성되었습니다.」

===== CHARACTER LOOK (SRT_220) =====
State keys: Jin≈19|blood_robe
Jin Muhan, approximately nineteen years old, East-Asian young swordsman, sharp narrow phoenix eyes, high straight nose, thin lips, defined jawline, youthful East-Asian face with ancient weary eyes, cool fair skin with porcelain complexion, slender wiry physique, calm unreadable expression, jet-black waist-length hair in warrior topknot with jade hairpin, white Huashan pale-teal robes with fresh blood spatters on chest and sleeves, silver plum embroidery, dark blue sash, refined jian, optional light blood on cheek, no deep wound, slender wiry build, calm unreadable expression
Always preserve facial identity: same face, sharp narrow phoenix eyes, high straight nose, thin lips, defined jawline, youthful East-Asian face with ancient weary eyes, cool fair skin with porcelain complexion, slender wiry swordsman physique, calm unreadable expression (unless emotion scene). Hair, robe damage, blood, and wounds must follow the State Layer only — do not invent random outfit changes. Do not change facial identity, eye shape, or physique across scenes.

===== SRT [220, 240) =====
진무한의 눈…
============================================================
[2026-08-26 21:37:05] fail_streak · SRT_1580
error: 이어쓰기 입력란을 찾지 못했습니다.
extra: streak=69
============================================================
[2026-08-26 21:37:10] fail · SRT_1600
error: 이어쓰기 입력란을 찾지 못했습니다.
--- page ---
AI Image 5시간 제한에 도달했습니다. 8월 27일 오전 2:12에 재설정됩니다
---
5시간 제한
---
세션 한도 도달
AI Image 5시간 제한에 도달했습니다. 8월 27일 오전 2:12에 재설정됩니다
OK
---
세션 한도 도달
AI Image 5시간 제한에 도달했습니다. 8월 27일 오전 2:12에 재설정됩니다
OK
---
5시간 제한
---
 table, continuation, or background guide.
이미지 생성
5시간 제한에 근접했습니다.
Nano Banana 2 Flash Lite
재생성
리믹스
이미지를 동영상으로

「SRT_200 이미지가 성공적으로 생성되었습니다.」

===== CHARACTER LOOK (SRT_220) =====
State keys: Jin≈19|blood_robe
Jin Muhan, approximately nineteen years old, East-Asian young swordsman, sharp narrow phoenix eyes, high straight nose, thin lips, defined jawline, youthful East-Asian face with ancient weary eyes, cool fair skin with porcelain complexion, slender wiry physique, calm unreadable expression, jet-black waist-length hair in warrior topknot with jade hairpin, white Huashan pale-teal robes with fresh blood spatters on chest and sleeves, silver plum embroidery, dark blue sash, refined jian, optional light blood on cheek, no deep wound, slender wiry build, calm unreadable expression
Always preserve facial identity: same face, sharp narrow phoenix eyes, high straight nose, thin lips, defined jawline, youthful East-Asian face with ancient weary eyes, cool fair skin with porcelain complexion, slender wiry swordsman physique, calm unreadable expression (unless emotion scene). Hair, robe damage, blood, and wounds must follow the State Layer only — do not invent random outfit changes. Do not change facial identity, eye shape, or physique across scenes.

===== SRT [220, 240) =====
진무한의 눈…
============================================================
[2026-08-26 21:37:10] fail_streak · SRT_1600
error: 이어쓰기 입력란을 찾지 못했습니다.
extra: streak=70
============================================================
[2026-08-26 21:37:15] fail · SRT_1620
error: 이어쓰기 입력란을 찾지 못했습니다.
--- page ---
AI Image 5시간 제한에 도달했습니다. 8월 27일 오전 2:12에 재설정됩니다
---
5시간 제한
---
세션 한도 도달
AI Image 5시간 제한에 도달했습니다. 8월 27일 오전 2:12에 재설정됩니다
OK
---
세션 한도 도달
AI Image 5시간 제한에 도달했습니다. 8월 27일 오전 2:12에 재설정됩니다
OK
---
5시간 제한
---
 table, continuation, or background guide.
이미지 생성
5시간 제한에 근접했습니다.
Nano Banana 2 Flash Lite
재생성
리믹스
이미지를 동영상으로

「SRT_200 이미지가 성공적으로 생성되었습니다.」

===== CHARACTER LOOK (SRT_220) =====
State keys: Jin≈19|blood_robe
Jin Muhan, approximately nineteen years old, East-Asian young swordsman, sharp narrow phoenix eyes, high straight nose, thin lips, defined jawline, youthful East-Asian face with ancient weary eyes, cool fair skin with porcelain complexion, slender wiry physique, calm unreadable expression, jet-black waist-length hair in warrior topknot with jade hairpin, white Huashan pale-teal robes with fresh blood spatters on chest and sleeves, silver plum embroidery, dark blue sash, refined jian, optional light blood on cheek, no deep wound, slender wiry build, calm unreadable expression
Always preserve facial identity: same face, sharp narrow phoenix eyes, high straight nose, thin lips, defined jawline, youthful East-Asian face with ancient weary eyes, cool fair skin with porcelain complexion, slender wiry swordsman physique, calm unreadable expression (unless emotion scene). Hair, robe damage, blood, and wounds must follow the State Layer only — do not invent random outfit changes. Do not change facial identity, eye shape, or physique across scenes.

===== SRT [220, 240) =====
진무한의 눈…
============================================================
[2026-08-26 21:37:15] fail_streak · SRT_1620
error: 이어쓰기 입력란을 찾지 못했습니다.
extra: streak=71
============================================================
[2026-08-26 21:37:19] fail · SRT_1640
error: 이어쓰기 입력란을 찾지 못했습니다.
--- page ---
AI Image 5시간 제한에 도달했습니다. 8월 27일 오전 2:12에 재설정됩니다
---
5시간 제한
---
세션 한도 도달
AI Image 5시간 제한에 도달했습니다. 8월 27일 오전 2:12에 재설정됩니다
OK
---
세션 한도 도달
AI Image 5시간 제한에 도달했습니다. 8월 27일 오전 2:12에 재설정됩니다
OK
---
5시간 제한
---
 table, continuation, or background guide.
이미지 생성
5시간 제한에 근접했습니다.
Nano Banana 2 Flash Lite
재생성
리믹스
이미지를 동영상으로

「SRT_200 이미지가 성공적으로 생성되었습니다.」

===== CHARACTER LOOK (SRT_220) =====
State keys: Jin≈19|blood_robe
Jin Muhan, approximately nineteen years old, East-Asian young swordsman, sharp narrow phoenix eyes, high straight nose, thin lips, defined jawline, youthful East-Asian face with ancient weary eyes, cool fair skin with porcelain complexion, slender wiry physique, calm unreadable expression, jet-black waist-length hair in warrior topknot with jade hairpin, white Huashan pale-teal robes with fresh blood spatters on chest and sleeves, silver plum embroidery, dark blue sash, refined jian, optional light blood on cheek, no deep wound, slender wiry build, calm unreadable expression
Always preserve facial identity: same face, sharp narrow phoenix eyes, high straight nose, thin lips, defined jawline, youthful East-Asian face with ancient weary eyes, cool fair skin with porcelain complexion, slender wiry swordsman physique, calm unreadable expression (unless emotion scene). Hair, robe damage, blood, and wounds must follow the State Layer only — do not invent random outfit changes. Do not change facial identity, eye shape, or physique across scenes.

===== SRT [220, 240) =====
진무한의 눈…
============================================================
[2026-08-26 21:37:19] fail_streak · SRT_1640
error: 이어쓰기 입력란을 찾지 못했습니다.
extra: streak=72
============================================================
[2026-08-26 21:37:24] fail · SRT_1660
error: 이어쓰기 입력란을 찾지 못했습니다.
--- page ---
AI Image 5시간 제한에 도달했습니다. 8월 27일 오전 2:12에 재설정됩니다
---
5시간 제한
---
세션 한도 도달
AI Image 5시간 제한에 도달했습니다. 8월 27일 오전 2:12에 재설정됩니다
OK
---
세션 한도 도달
AI Image 5시간 제한에 도달했습니다. 8월 27일 오전 2:12에 재설정됩니다
OK
---
5시간 제한
---
 table, continuation, or background guide.
이미지 생성
5시간 제한에 근접했습니다.
Nano Banana 2 Flash Lite
재생성
리믹스
이미지를 동영상으로

「SRT_200 이미지가 성공적으로 생성되었습니다.」

===== CHARACTER LOOK (SRT_220) =====
State keys: Jin≈19|blood_robe
Jin Muhan, approximately nineteen years old, East-Asian young swordsman, sharp narrow phoenix eyes, high straight nose, thin lips, defined jawline, youthful East-Asian face with ancient weary eyes, cool fair skin with porcelain complexion, slender wiry physique, calm unreadable expression, jet-black waist-length hair in warrior topknot with jade hairpin, white Huashan pale-teal robes with fresh blood spatters on chest and sleeves, silver plum embroidery, dark blue sash, refined jian, optional light blood on cheek, no deep wound, slender wiry build, calm unreadable expression
Always preserve facial identity: same face, sharp narrow phoenix eyes, high straight nose, thin lips, defined jawline, youthful East-Asian face with ancient weary eyes, cool fair skin with porcelain complexion, slender wiry swordsman physique, calm unreadable expression (unless emotion scene). Hair, robe damage, blood, and wounds must follow the State Layer only — do not invent random outfit changes. Do not change facial identity, eye shape, or physique across scenes.

===== SRT [220, 240) =====
진무한의 눈…
============================================================
[2026-08-26 21:37:24] fail_streak · SRT_1660
error: 이어쓰기 입력란을 찾지 못했습니다.
extra: streak=73
============================================================
[2026-08-26 21:37:29] fail · SRT_1680
error: 이어쓰기 입력란을 찾지 못했습니다.
--- page ---
AI Image 5시간 제한에 도달했습니다. 8월 27일 오전 2:12에 재설정됩니다
---
5시간 제한
---
세션 한도 도달
AI Image 5시간 제한에 도달했습니다. 8월 27일 오전 2:12에 재설정됩니다
OK
---
세션 한도 도달
AI Image 5시간 제한에 도달했습니다. 8월 27일 오전 2:12에 재설정됩니다
OK
---
5시간 제한
---
 table, continuation, or background guide.
이미지 생성
5시간 제한에 근접했습니다.
Nano Banana 2 Flash Lite
재생성
리믹스
이미지를 동영상으로

「SRT_200 이미지가 성공적으로 생성되었습니다.」

===== CHARACTER LOOK (SRT_220) =====
State keys: Jin≈19|blood_robe
Jin Muhan, approximately nineteen years old, East-Asian young swordsman, sharp narrow phoenix eyes, high straight nose, thin lips, defined jawline, youthful East-Asian face with ancient weary eyes, cool fair skin with porcelain complexion, slender wiry physique, calm unreadable expression, jet-black waist-length hair in warrior topknot with jade hairpin, white Huashan pale-teal robes with fresh blood spatters on chest and sleeves, silver plum embroidery, dark blue sash, refined jian, optional light blood on cheek, no deep wound, slender wiry build, calm unreadable expression
Always preserve facial identity: same face, sharp narrow phoenix eyes, high straight nose, thin lips, defined jawline, youthful East-Asian face with ancient weary eyes, cool fair skin with porcelain complexion, slender wiry swordsman physique, calm unreadable expression (unless emotion scene). Hair, robe damage, blood, and wounds must follow the State Layer only — do not invent random outfit changes. Do not change facial identity, eye shape, or physique across scenes.

===== SRT [220, 240) =====
진무한의 눈…
============================================================
[2026-08-26 21:37:29] fail_streak · SRT_1680
error: 이어쓰기 입력란을 찾지 못했습니다.
extra: streak=74
============================================================
[2026-08-26 21:37:33] fail · SRT_1700
error: 이어쓰기 입력란을 찾지 못했습니다.
--- page ---
AI Image 5시간 제한에 도달했습니다. 8월 27일 오전 2:12에 재설정됩니다
---
5시간 제한
---
세션 한도 도달
AI Image 5시간 제한에 도달했습니다. 8월 27일 오전 2:12에 재설정됩니다
OK
---
세션 한도 도달
AI Image 5시간 제한에 도달했습니다. 8월 27일 오전 2:12에 재설정됩니다
OK
---
5시간 제한
---
 table, continuation, or background guide.
이미지 생성
5시간 제한에 근접했습니다.
Nano Banana 2 Flash Lite
재생성
리믹스
이미지를 동영상으로

「SRT_200 이미지가 성공적으로 생성되었습니다.」

===== CHARACTER LOOK (SRT_220) =====
State keys: Jin≈19|blood_robe
Jin Muhan, approximately nineteen years old, East-Asian young swordsman, sharp narrow phoenix eyes, high straight nose, thin lips, defined jawline, youthful East-Asian face with ancient weary eyes, cool fair skin with porcelain complexion, slender wiry physique, calm unreadable expression, jet-black waist-length hair in warrior topknot with jade hairpin, white Huashan pale-teal robes with fresh blood spatters on chest and sleeves, silver plum embroidery, dark blue sash, refined jian, optional light blood on cheek, no deep wound, slender wiry build, calm unreadable expression
Always preserve facial identity: same face, sharp narrow phoenix eyes, high straight nose, thin lips, defined jawline, youthful East-Asian face with ancient weary eyes, cool fair skin with porcelain complexion, slender wiry swordsman physique, calm unreadable expression (unless emotion scene). Hair, robe damage, blood, and wounds must follow the State Layer only — do not invent random outfit changes. Do not change facial identity, eye shape, or physique across scenes.

===== SRT [220, 240) =====
진무한의 눈…
============================================================
[2026-08-26 21:37:33] fail_streak · SRT_1700
error: 이어쓰기 입력란을 찾지 못했습니다.
extra: streak=75
============================================================
[2026-08-26 21:37:38] fail · SRT_1720
error: 이어쓰기 입력란을 찾지 못했습니다.
--- page ---
AI Image 5시간 제한에 도달했습니다. 8월 27일 오전 2:12에 재설정됩니다
---
5시간 제한
---
세션 한도 도달
AI Image 5시간 제한에 도달했습니다. 8월 27일 오전 2:12에 재설정됩니다
OK
---
세션 한도 도달
AI Image 5시간 제한에 도달했습니다. 8월 27일 오전 2:12에 재설정됩니다
OK
---
5시간 제한
---
 table, continuation, or background guide.
이미지 생성
5시간 제한에 근접했습니다.
Nano Banana 2 Flash Lite
재생성
리믹스
이미지를 동영상으로

「SRT_200 이미지가 성공적으로 생성되었습니다.」

===== CHARACTER LOOK (SRT_220) =====
State keys: Jin≈19|blood_robe
Jin Muhan, approximately nineteen years old, East-Asian young swordsman, sharp narrow phoenix eyes, high straight nose, thin lips, defined jawline, youthful East-Asian face with ancient weary eyes, cool fair skin with porcelain complexion, slender wiry physique, calm unreadable expression, jet-black waist-length hair in warrior topknot with jade hairpin, white Huashan pale-teal robes with fresh blood spatters on chest and sleeves, silver plum embroidery, dark blue sash, refined jian, optional light blood on cheek, no deep wound, slender wiry build, calm unreadable expression
Always preserve facial identity: same face, sharp narrow phoenix eyes, high straight nose, thin lips, defined jawline, youthful East-Asian face with ancient weary eyes, cool fair skin with porcelain complexion, slender wiry swordsman physique, calm unreadable expression (unless emotion scene). Hair, robe damage, blood, and wounds must follow the State Layer only — do not invent random outfit changes. Do not change facial identity, eye shape, or physique across scenes.

===== SRT [220, 240) =====
진무한의 눈…
============================================================
[2026-08-26 21:37:38] fail_streak · SRT_1720
error: 이어쓰기 입력란을 찾지 못했습니다.
extra: streak=76
============================================================
[2026-08-26 21:37:43] fail · SRT_1740
error: 이어쓰기 입력란을 찾지 못했습니다.
--- page ---
AI Image 5시간 제한에 도달했습니다. 8월 27일 오전 2:12에 재설정됩니다
---
5시간 제한
---
세션 한도 도달
AI Image 5시간 제한에 도달했습니다. 8월 27일 오전 2:12에 재설정됩니다
OK
---
세션 한도 도달
AI Image 5시간 제한에 도달했습니다. 8월 27일 오전 2:12에 재설정됩니다
OK
---
5시간 제한
---
 table, continuation, or background guide.
이미지 생성
5시간 제한에 근접했습니다.
Nano Banana 2 Flash Lite
재생성
리믹스
이미지를 동영상으로

「SRT_200 이미지가 성공적으로 생성되었습니다.」

===== CHARACTER LOOK (SRT_220) =====
State keys: Jin≈19|blood_robe
Jin Muhan, approximately nineteen years old, East-Asian young swordsman, sharp narrow phoenix eyes, high straight nose, thin lips, defined jawline, youthful East-Asian face with ancient weary eyes, cool fair skin with porcelain complexion, slender wiry physique, calm unreadable expression, jet-black waist-length hair in warrior topknot with jade hairpin, white Huashan pale-teal robes with fresh blood spatters on chest and sleeves, silver plum embroidery, dark blue sash, refined jian, optional light blood on cheek, no deep wound, slender wiry build, calm unreadable expression
Always preserve facial identity: same face, sharp narrow phoenix eyes, high straight nose, thin lips, defined jawline, youthful East-Asian face with ancient weary eyes, cool fair skin with porcelain complexion, slender wiry swordsman physique, calm unreadable expression (unless emotion scene). Hair, robe damage, blood, and wounds must follow the State Layer only — do not invent random outfit changes. Do not change facial identity, eye shape, or physique across scenes.

===== SRT [220, 240) =====
진무한의 눈…
============================================================
[2026-08-26 21:37:43] fail_streak · SRT_1740
error: 이어쓰기 입력란을 찾지 못했습니다.
extra: streak=77
============================================================
[2026-08-26 21:37:48] fail · SRT_1760
error: 이어쓰기 입력란을 찾지 못했습니다.
--- page ---
AI Image 5시간 제한에 도달했습니다. 8월 27일 오전 2:12에 재설정됩니다
---
5시간 제한
---
세션 한도 도달
AI Image 5시간 제한에 도달했습니다. 8월 27일 오전 2:12에 재설정됩니다
OK
---
세션 한도 도달
AI Image 5시간 제한에 도달했습니다. 8월 27일 오전 2:12에 재설정됩니다
OK
---
5시간 제한
---
 table, continuation, or background guide.
이미지 생성
5시간 제한에 근접했습니다.
Nano Banana 2 Flash Lite
재생성
리믹스
이미지를 동영상으로

「SRT_200 이미지가 성공적으로 생성되었습니다.」

===== CHARACTER LOOK (SRT_220) =====
State keys: Jin≈19|blood_robe
Jin Muhan, approximately nineteen years old, East-Asian young swordsman, sharp narrow phoenix eyes, high straight nose, thin lips, defined jawline, youthful East-Asian face with ancient weary eyes, cool fair skin with porcelain complexion, slender wiry physique, calm unreadable expression, jet-black waist-length hair in warrior topknot with jade hairpin, white Huashan pale-teal robes with fresh blood spatters on chest and sleeves, silver plum embroidery, dark blue sash, refined jian, optional light blood on cheek, no deep wound, slender wiry build, calm unreadable expression
Always preserve facial identity: same face, sharp narrow phoenix eyes, high straight nose, thin lips, defined jawline, youthful East-Asian face with ancient weary eyes, cool fair skin with porcelain complexion, slender wiry swordsman physique, calm unreadable expression (unless emotion scene). Hair, robe damage, blood, and wounds must follow the State Layer only — do not invent random outfit changes. Do not change facial identity, eye shape, or physique across scenes.

===== SRT [220, 240) =====
진무한의 눈…
============================================================
[2026-08-26 21:37:48] fail_streak · SRT_1760
error: 이어쓰기 입력란을 찾지 못했습니다.
extra: streak=78
============================================================
[2026-08-26 21:37:52] fail · SRT_1780
error: 이어쓰기 입력란을 찾지 못했습니다.
--- page ---
AI Image 5시간 제한에 도달했습니다. 8월 27일 오전 2:12에 재설정됩니다
---
5시간 제한
---
세션 한도 도달
AI Image 5시간 제한에 도달했습니다. 8월 27일 오전 2:12에 재설정됩니다
OK
---
세션 한도 도달
AI Image 5시간 제한에 도달했습니다. 8월 27일 오전 2:12에 재설정됩니다
OK
---
5시간 제한
---
 table, continuation, or background guide.
이미지 생성
5시간 제한에 근접했습니다.
Nano Banana 2 Flash Lite
재생성
리믹스
이미지를 동영상으로

「SRT_200 이미지가 성공적으로 생성되었습니다.」

===== CHARACTER LOOK (SRT_220) =====
State keys: Jin≈19|blood_robe
Jin Muhan, approximately nineteen years old, East-Asian young swordsman, sharp narrow phoenix eyes, high straight nose, thin lips, defined jawline, youthful East-Asian face with ancient weary eyes, cool fair skin with porcelain complexion, slender wiry physique, calm unreadable expression, jet-black waist-length hair in warrior topknot with jade hairpin, white Huashan pale-teal robes with fresh blood spatters on chest and sleeves, silver plum embroidery, dark blue sash, refined jian, optional light blood on cheek, no deep wound, slender wiry build, calm unreadable expression
Always preserve facial identity: same face, sharp narrow phoenix eyes, high straight nose, thin lips, defined jawline, youthful East-Asian face with ancient weary eyes, cool fair skin with porcelain complexion, slender wiry swordsman physique, calm unreadable expression (unless emotion scene). Hair, robe damage, blood, and wounds must follow the State Layer only — do not invent random outfit changes. Do not change facial identity, eye shape, or physique across scenes.

===== SRT [220, 240) =====
진무한의 눈…
============================================================
[2026-08-26 21:37:52] fail_streak · SRT_1780
error: 이어쓰기 입력란을 찾지 못했습니다.
extra: streak=79
============================================================
[2026-08-26 21:37:57] fail · SRT_1800
error: 이어쓰기 입력란을 찾지 못했습니다.
--- page ---
AI Image 5시간 제한에 도달했습니다. 8월 27일 오전 2:12에 재설정됩니다
---
5시간 제한
---
세션 한도 도달
AI Image 5시간 제한에 도달했습니다. 8월 27일 오전 2:12에 재설정됩니다
OK
---
세션 한도 도달
AI Image 5시간 제한에 도달했습니다. 8월 27일 오전 2:12에 재설정됩니다
OK
---
5시간 제한
---
 table, continuation, or background guide.
이미지 생성
5시간 제한에 근접했습니다.
Nano Banana 2 Flash Lite
재생성
리믹스
이미지를 동영상으로

「SRT_200 이미지가 성공적으로 생성되었습니다.」

===== CHARACTER LOOK (SRT_220) =====
State keys: Jin≈19|blood_robe
Jin Muhan, approximately nineteen years old, East-Asian young swordsman, sharp narrow phoenix eyes, high straight nose, thin lips, defined jawline, youthful East-Asian face with ancient weary eyes, cool fair skin with porcelain complexion, slender wiry physique, calm unreadable expression, jet-black waist-length hair in warrior topknot with jade hairpin, white Huashan pale-teal robes with fresh blood spatters on chest and sleeves, silver plum embroidery, dark blue sash, refined jian, optional light blood on cheek, no deep wound, slender wiry build, calm unreadable expression
Always preserve facial identity: same face, sharp narrow phoenix eyes, high straight nose, thin lips, defined jawline, youthful East-Asian face with ancient weary eyes, cool fair skin with porcelain complexion, slender wiry swordsman physique, calm unreadable expression (unless emotion scene). Hair, robe damage, blood, and wounds must follow the State Layer only — do not invent random outfit changes. Do not change facial identity, eye shape, or physique across scenes.

===== SRT [220, 240) =====
진무한의 눈…
============================================================
[2026-08-26 21:37:57] fail_streak · SRT_1800
error: 이어쓰기 입력란을 찾지 못했습니다.
extra: streak=80
============================================================
[2026-08-26 21:38:02] fail · SRT_1820
error: 이어쓰기 입력란을 찾지 못했습니다.
--- page ---
AI Image 5시간 제한에 도달했습니다. 8월 27일 오전 2:12에 재설정됩니다
---
5시간 제한
---
세션 한도 도달
AI Image 5시간 제한에 도달했습니다. 8월 27일 오전 2:12에 재설정됩니다
OK
---
세션 한도 도달
AI Image 5시간 제한에 도달했습니다. 8월 27일 오전 2:12에 재설정됩니다
OK
---
5시간 제한
---
 table, continuation, or background guide.
이미지 생성
5시간 제한에 근접했습니다.
Nano Banana 2 Flash Lite
재생성
리믹스
이미지를 동영상으로

「SRT_200 이미지가 성공적으로 생성되었습니다.」

===== CHARACTER LOOK (SRT_220) =====
State keys: Jin≈19|blood_robe
Jin Muhan, approximately nineteen years old, East-Asian young swordsman, sharp narrow phoenix eyes, high straight nose, thin lips, defined jawline, youthful East-Asian face with ancient weary eyes, cool fair skin with porcelain complexion, slender wiry physique, calm unreadable expression, jet-black waist-length hair in warrior topknot with jade hairpin, white Huashan pale-teal robes with fresh blood spatters on chest and sleeves, silver plum embroidery, dark blue sash, refined jian, optional light blood on cheek, no deep wound, slender wiry build, calm unreadable expression
Always preserve facial identity: same face, sharp narrow phoenix eyes, high straight nose, thin lips, defined jawline, youthful East-Asian face with ancient weary eyes, cool fair skin with porcelain complexion, slender wiry swordsman physique, calm unreadable expression (unless emotion scene). Hair, robe damage, blood, and wounds must follow the State Layer only — do not invent random outfit changes. Do not change facial identity, eye shape, or physique across scenes.

===== SRT [220, 240) =====
진무한의 눈…
============================================================
[2026-08-26 21:38:02] fail_streak · SRT_1820
error: 이어쓰기 입력란을 찾지 못했습니다.
extra: streak=81
============================================================
[2026-08-26 21:38:07] fail · SRT_1840
error: 이어쓰기 입력란을 찾지 못했습니다.
--- page ---
AI Image 5시간 제한에 도달했습니다. 8월 27일 오전 2:12에 재설정됩니다
---
5시간 제한
---
세션 한도 도달
AI Image 5시간 제한에 도달했습니다. 8월 27일 오전 2:12에 재설정됩니다
OK
---
세션 한도 도달
AI Image 5시간 제한에 도달했습니다. 8월 27일 오전 2:12에 재설정됩니다
OK
---
5시간 제한
---
 table, continuation, or background guide.
이미지 생성
5시간 제한에 근접했습니다.
Nano Banana 2 Flash Lite
재생성
리믹스
이미지를 동영상으로

「SRT_200 이미지가 성공적으로 생성되었습니다.」

===== CHARACTER LOOK (SRT_220) =====
State keys: Jin≈19|blood_robe
Jin Muhan, approximately nineteen years old, East-Asian young swordsman, sharp narrow phoenix eyes, high straight nose, thin lips, defined jawline, youthful East-Asian face with ancient weary eyes, cool fair skin with porcelain complexion, slender wiry physique, calm unreadable expression, jet-black waist-length hair in warrior topknot with jade hairpin, white Huashan pale-teal robes with fresh blood spatters on chest and sleeves, silver plum embroidery, dark blue sash, refined jian, optional light blood on cheek, no deep wound, slender wiry build, calm unreadable expression
Always preserve facial identity: same face, sharp narrow phoenix eyes, high straight nose, thin lips, defined jawline, youthful East-Asian face with ancient weary eyes, cool fair skin with porcelain complexion, slender wiry swordsman physique, calm unreadable expression (unless emotion scene). Hair, robe damage, blood, and wounds must follow the State Layer only — do not invent random outfit changes. Do not change facial identity, eye shape, or physique across scenes.

===== SRT [220, 240) =====
진무한의 눈…
============================================================
[2026-08-26 21:38:07] fail_streak · SRT_1840
error: 이어쓰기 입력란을 찾지 못했습니다.
extra: streak=82
============================================================
[2026-08-26 21:38:11] fail · SRT_1860
error: 이어쓰기 입력란을 찾지 못했습니다.
--- page ---
AI Image 5시간 제한에 도달했습니다. 8월 27일 오전 2:12에 재설정됩니다
---
5시간 제한
---
세션 한도 도달
AI Image 5시간 제한에 도달했습니다. 8월 27일 오전 2:12에 재설정됩니다
OK
---
세션 한도 도달
AI Image 5시간 제한에 도달했습니다. 8월 27일 오전 2:12에 재설정됩니다
OK
---
5시간 제한
---
 table, continuation, or background guide.
이미지 생성
5시간 제한에 근접했습니다.
Nano Banana 2 Flash Lite
재생성
리믹스
이미지를 동영상으로

「SRT_200 이미지가 성공적으로 생성되었습니다.」

===== CHARACTER LOOK (SRT_220) =====
State keys: Jin≈19|blood_robe
Jin Muhan, approximately nineteen years old, East-Asian young swordsman, sharp narrow phoenix eyes, high straight nose, thin lips, defined jawline, youthful East-Asian face with ancient weary eyes, cool fair skin with porcelain complexion, slender wiry physique, calm unreadable expression, jet-black waist-length hair in warrior topknot with jade hairpin, white Huashan pale-teal robes with fresh blood spatters on chest and sleeves, silver plum embroidery, dark blue sash, refined jian, optional light blood on cheek, no deep wound, slender wiry build, calm unreadable expression
Always preserve facial identity: same face, sharp narrow phoenix eyes, high straight nose, thin lips, defined jawline, youthful East-Asian face with ancient weary eyes, cool fair skin with porcelain complexion, slender wiry swordsman physique, calm unreadable expression (unless emotion scene). Hair, robe damage, blood, and wounds must follow the State Layer only — do not invent random outfit changes. Do not change facial identity, eye shape, or physique across scenes.

===== SRT [220, 240) =====
진무한의 눈…
============================================================
[2026-08-26 21:38:11] fail_streak · SRT_1860
error: 이어쓰기 입력란을 찾지 못했습니다.
extra: streak=83
============================================================
[2026-08-26 21:38:16] fail · SRT_1880
error: 이어쓰기 입력란을 찾지 못했습니다.
--- page ---
AI Image 5시간 제한에 도달했습니다. 8월 27일 오전 2:12에 재설정됩니다
---
5시간 제한
---
세션 한도 도달
AI Image 5시간 제한에 도달했습니다. 8월 27일 오전 2:12에 재설정됩니다
OK
---
세션 한도 도달
AI Image 5시간 제한에 도달했습니다. 8월 27일 오전 2:12에 재설정됩니다
OK
---
5시간 제한
---
 table, continuation, or background guide.
이미지 생성
5시간 제한에 근접했습니다.
Nano Banana 2 Flash Lite
재생성
리믹스
이미지를 동영상으로

「SRT_200 이미지가 성공적으로 생성되었습니다.」

===== CHARACTER LOOK (SRT_220) =====
State keys: Jin≈19|blood_robe
Jin Muhan, approximately nineteen years old, East-Asian young swordsman, sharp narrow phoenix eyes, high straight nose, thin lips, defined jawline, youthful East-Asian face with ancient weary eyes, cool fair skin with porcelain complexion, slender wiry physique, calm unreadable expression, jet-black waist-length hair in warrior topknot with jade hairpin, white Huashan pale-teal robes with fresh blood spatters on chest and sleeves, silver plum embroidery, dark blue sash, refined jian, optional light blood on cheek, no deep wound, slender wiry build, calm unreadable expression
Always preserve facial identity: same face, sharp narrow phoenix eyes, high straight nose, thin lips, defined jawline, youthful East-Asian face with ancient weary eyes, cool fair skin with porcelain complexion, slender wiry swordsman physique, calm unreadable expression (unless emotion scene). Hair, robe damage, blood, and wounds must follow the State Layer only — do not invent random outfit changes. Do not change facial identity, eye shape, or physique across scenes.

===== SRT [220, 240) =====
진무한의 눈…
============================================================
[2026-08-26 21:38:16] fail_streak · SRT_1880
error: 이어쓰기 입력란을 찾지 못했습니다.
extra: streak=84
============================================================
[2026-08-26 21:38:21] fail · SRT_1891
error: 이어쓰기 입력란을 찾지 못했습니다.
--- page ---
AI Image 5시간 제한에 도달했습니다. 8월 27일 오전 2:12에 재설정됩니다
---
5시간 제한
---
세션 한도 도달
AI Image 5시간 제한에 도달했습니다. 8월 27일 오전 2:12에 재설정됩니다
OK
---
세션 한도 도달
AI Image 5시간 제한에 도달했습니다. 8월 27일 오전 2:12에 재설정됩니다
OK
---
5시간 제한
---
 table, continuation, or background guide.
이미지 생성
5시간 제한에 근접했습니다.
Nano Banana 2 Flash Lite
재생성
리믹스
이미지를 동영상으로

「SRT_200 이미지가 성공적으로 생성되었습니다.」

===== CHARACTER LOOK (SRT_220) =====
State keys: Jin≈19|blood_robe
Jin Muhan, approximately nineteen years old, East-Asian young swordsman, sharp narrow phoenix eyes, high straight nose, thin lips, defined jawline, youthful East-Asian face with ancient weary eyes, cool fair skin with porcelain complexion, slender wiry physique, calm unreadable expression, jet-black waist-length hair in warrior topknot with jade hairpin, white Huashan pale-teal robes with fresh blood spatters on chest and sleeves, silver plum embroidery, dark blue sash, refined jian, optional light blood on cheek, no deep wound, slender wiry build, calm unreadable expression
Always preserve facial identity: same face, sharp narrow phoenix eyes, high straight nose, thin lips, defined jawline, youthful East-Asian face with ancient weary eyes, cool fair skin with porcelain complexion, slender wiry swordsman physique, calm unreadable expression (unless emotion scene). Hair, robe damage, blood, and wounds must follow the State Layer only — do not invent random outfit changes. Do not change facial identity, eye shape, or physique across scenes.

===== SRT [220, 240) =====
진무한의 눈…
============================================================
[2026-08-26 21:38:21] fail_streak · SRT_1891
error: 이어쓰기 입력란을 찾지 못했습니다.
extra: streak=85
============================================================
[2026-08-26 23:59:58] fail · SRT_000
error: 이어쓰기 전송 실패 — 입력창에 명령이 0자 남아 있습니다.
--- page ---
ican cars in ...
A world where shadows have become the primary real...
Terrain shaped by sound - echo mountains, reverb v...
An indigenous elder teaching grandchild about auro...
Venice sinking into the sea, gondolas floating pas...
The concept of infinity: endless doorways receding...
A Mongol archer shooting from galloping horse, com...
Clownfish family in anemone home, protective tenta...
Tea ceremony moment: matcha being whisked, steam r...
Shattered safety glass as star field, each fragmen...
Two hands almost touching across canvas, one young...
A detective in noir style examining evidence with ...
A tribal elder teaching fire-making to young hunte...
Backlit leaf veins as river delta, chlorophyll as ...
Wingsuit flyer soaring through Swiss Alps valley, ...
Surfer inside massive barrel wave, green room pers...
A wedding couple's first dance, groom dipping brid...
Abstract emotion of nostalgia: childhood bedroom d...
Shipwreck being reclaimed by ocean life, fish swim...
A coffee pour in extreme slow motion, cream creati...
Impossible architecture: a Möbius strip building w...
A spirit fox with nine tails running through a bam...
Visualization of music: sound waves transforming i...
Extreme athlete cliff diving from 27 meters, body ...
A giant whale skeleton on ocean floor being explor...
Thousands of monarch butterflies clustering on oya...
Draped fabric folds as slot canyon, light penetrat...
A forager examining chanterelle find in damp fores...
A young monk sweeping aut…
============================================================
[2026-08-26 23:59:58] fail · SRT_000
error: 이어쓰기 전송 실패 — 입력창에 명령이 0자 남아 있습니다.
extra: streak=1
============================================================
[2026-08-27 00:00:01] fail · SRT_220
error: 이어쓰기 전송 실패 — 입력창에 명령이 0자 남아 있습니다.
--- page ---
ican cars in ...
A world where shadows have become the primary real...
Terrain shaped by sound - echo mountains, reverb v...
An indigenous elder teaching grandchild about auro...
Venice sinking into the sea, gondolas floating pas...
The concept of infinity: endless doorways receding...
A Mongol archer shooting from galloping horse, com...
Clownfish family in anemone home, protective tenta...
Tea ceremony moment: matcha being whisked, steam r...
Shattered safety glass as star field, each fragmen...
Two hands almost touching across canvas, one young...
A detective in noir style examining evidence with ...
A tribal elder teaching fire-making to young hunte...
Backlit leaf veins as river delta, chlorophyll as ...
Wingsuit flyer soaring through Swiss Alps valley, ...
Surfer inside massive barrel wave, green room pers...
A wedding couple's first dance, groom dipping brid...
Abstract emotion of nostalgia: childhood bedroom d...
Shipwreck being reclaimed by ocean life, fish swim...
A coffee pour in extreme slow motion, cream creati...
Impossible architecture: a Möbius strip building w...
A spirit fox with nine tails running through a bam...
Visualization of music: sound waves transforming i...
Extreme athlete cliff diving from 27 meters, body ...
A giant whale skeleton on ocean floor being explor...
Thousands of monarch butterflies clustering on oya...
Draped fabric folds as slot canyon, light penetrat...
A forager examining chanterelle find in damp fores...
A young monk sweeping aut…
============================================================
[2026-08-27 00:00:01] fail_streak · SRT_220
error: 이어쓰기 전송 실패 — 입력창에 명령이 0자 남아 있습니다.
extra: streak=2
============================================================
[2026-08-27 01:00:42] limit · SRT_220
error: AI Image 한도 - 재설정 2026-08-27 02:12
extra: reset_at=2026-08-27 02:12
--- page ---
AI Image 5시간 제한에 도달했습니다. 8월 27일 오전 2:12에 재설정됩니다
---
5시간 제한
---
세션 한도 도달
AI Image 5시간 제한에 도달했습니다. 8월 27일 오전 2:12에 재설정됩니다
OK
---
세션 한도 도달
AI Image 5시간 제한에 도달했습니다. 8월 27일 오전 2:12에 재설정됩니다
OK
---
5시간 제한
---
New
AI 이미지
홈
Skills
세컨드 브레인
더보기
진무한 캐릭터 무협 만화 스타일 일러스트 제작 요청
공유
pasted-text-1787760020757.txt
108.30 KB

===== CHARACTER LOOK (SRT_220) =====
State keys: Jin≈19|blood_robe
Jin Muhan, approximately nineteen years old, East-Asian young swordsman, sharp narrow phoenix eyes, high straight nose, thin lips, defined jawline, youthful East-Asian face with ancient weary eyes, cool fair skin with porcelain complexion, slender wiry physique, calm unreadable expression, jet-black waist-length hair in warrior topknot with jade hairpin, white Huashan pale-teal robes with fresh blood spatters on chest and sleeves, silver plum embroidery, dark blue sash, refined jian, optional light blood on cheek, no deep wound, slender wiry build, calm unreadable expression
Always preserve facial identity: same face, sharp narrow phoenix eyes, high straight nose, thin lips, defined jawline, youthful East-Asian face with ancient weary eyes, cool fair skin with porcelain complexion, slender wiry swordsman physique, calm unreadable expression (unless emotion scene). Hair, robe damage, blood, and wounds must follow the State Layer only — do not invent random outfit changes. Do not change facial identity, eye shape, or physique across scenes.

===== SRT [220, 240) =====
진무한의 눈이 좁아졌다. 바뀌었다?
형이 초원으로 간 사이에, 그러니까 열흘 …
============================================================
[2026-08-27 01:00:42] limit · SRT_220
error: AI Image 한도 - 재설정 2026-08-27 02:12
extra: streak=1 reset_at=2026-08-27 02:12
--- page ---
AI Image 5시간 제한에 도달했습니다. 8월 27일 오전 2:12에 재설정됩니다 --- 5시간 제한 --- 세션 한도 도달 AI Image 5시간 제한에 도달했습니다. 8월 27일 오전 2:12에 재설정됩니다 OK --- 세션 한도 도달
============================================================
[2026-08-27 02:24:51] limit · SRT_920
error: AI Image 한도 - 재설정 2026-08-27 07:12
extra: reset_at=2026-08-27 07:12
--- page ---
AI Image 5시간 제한에 도달했습니다. 8월 27일 오전 7:12에 재설정됩니다
---
5시간 제한
---
세션 한도 도달
AI Image 5시간 제한에 도달했습니다. 8월 27일 오전 7:12에 재설정됩니다
OK
---
세션 한도 도달
AI Image 5시간 제한에 도달했습니다. 8월 27일 오전 7:12에 재설정됩니다
OK
---
5시간 제한
---
assassin coldness, slightly tanned skin, wolf-like slanted eyes with faint red iris undertone, thick straight eyebrows, small scar under left ear, deceptively warm smile, lean athletic build, same face and ponytail, gray-black robes with blood spatters, red collar lining visible, White Night, optional jade shard, athletic agile build
Namgung Rin, approximately nineteen years old, quiet sharp-eyed East-Asian youth from a fallen clan branch, tall thin pale complexion, long narrow cold analytical eyes, dark hair in low ponytail with plain black cord and a single white mourning ribbon, neat gray branch-disciple robes, thin straight sword at back
Always preserve facial identity: same face, sharp narrow phoenix eyes, high straight nose, thin lips, defined jawline, youthful East-Asian face with ancient weary eyes, cool fair skin with porcelain complexion, slender wiry swordsman physique, calm unreadable expression (unless emotion scene). Hair, robe damage, blood, and wounds must follow the State Layer only — do not invent random outfit changes. Do not change facial identity, eye shape, or physique across scenes.

===== SRT [920, 940) =====
안다. 지금 가자. 남궁린의 거처.
진무한과 한백강이 함께 찾아갔다.
남궁린은 두 사람의 표정을 보는 순간,
무언가를 직감한 듯했다. 그의 얼굴에서 색이
빠졌다. ...확인됐소? 진무한이 고개를
끄덕였다. 직접 들었소. 남궁준이 폐관지에서

===== STYLE …
============================================================
[2026-08-27 02:24:51] limit · SRT_920
error: AI Image 한도 - 재설정 2026-08-27 07:12
extra: streak=1 reset_at=2026-08-27 07:12
--- page ---
AI Image 5시간 제한에 도달했습니다. 8월 27일 오전 7:12에 재설정됩니다 --- 5시간 제한 --- 세션 한도 도달 AI Image 5시간 제한에 도달했습니다. 8월 27일 오전 7:12에 재설정됩니다 OK --- 세션 한도 도달
============================================================
[2026-08-29 18:00:41] limit · SRT_740
error: AI Image 한도 - 재설정 2026-08-29 22:22
extra: reset_at=2026-08-29 22:22
--- page ---
AI Image 5시간 제한에 도달했습니다. 8월 29일 오후 10:22에 재설정됩니다
---
5시간 제한
---
세션 한도 도달
AI Image 5시간 제한에 도달했습니다. 8월 29일 오후 10:22에 재설정됩니다
OK
---
세션 한도 도달
AI Image 5시간 제한에 도달했습니다. 8월 29일 오후 10:22에 재설정됩니다
OK
---
5시간 제한
---
h-contrast lighting with mystical cyan/crimson/golden aura, classic Chinese manhua panel composition, epic mountain-river jianghu backdrop, 16:9 aspect ratio, ultra high resolution digital manhua art, no Studio Ghibli style, no Korean manhwa, no Japanese anime, no 3D render, no flat cartoon, no photoreal, no live-action photo, no speech bubbles, no comic balloons, no dialogue balloons, no thought bubbles, no tooltips, no help balloons, no UI tips, no callout boxes, no caption boxes, no chat bubbles, no watermarks, no logos, no Hangul, no Korean characters, no Korean written text on image, no hanbok, no Korean traditional clothing, no jeogori, no chima, no Japanese text on image, no English text on image, no Latin letters on image, no Chinese hanzi on image, no written text, no letters, no captions, no signs with readable writing, distinct individualized faces matching Character Bible Face Identity, each character visually unique, NOT generic bishonen, NOT same face as other disciples, expression follows each character's Face Identity (not uniform heroic pretty-boy look)

SRT_740 Chinese wuxia manhua illustration — generate this scene now. When multiple characters appear, keep each face visually distinct — do NOT merge into one generic bishonen face. Keep Face Identity and ba…
============================================================
[2026-08-29 18:00:41] limit · SRT_740
error: AI Image 한도 - 재설정 2026-08-29 22:22
extra: streak=1 reset_at=2026-08-29 22:22
--- page ---
AI Image 5시간 제한에 도달했습니다. 8월 29일 오후 10:22에 재설정됩니다 --- 5시간 제한 --- 세션 한도 도달 AI Image 5시간 제한에 도달했습니다. 8월 29일 오후 10:22에 재설정됩니다 OK --- 세션 한도
============================================================
[2026-08-29 22:52:49] fail · SRT_1700
error: 이어쓰기 전송 실패 — 입력창에 명령이 4314자 남아 있습니다.
--- page ---
high-contrast lighting with mystical cyan/crimson/golden aura, classic Chinese manhua panel composition, epic mountain-river jianghu backdrop, 16:9 aspect ratio, ultra high resolution digital manhua art, no Studio Ghibli style, no Korean manhwa, no Japanese anime, no 3D render, no flat cartoon, no photoreal, no live-action photo, no speech bubbles, no comic balloons, no dialogue balloons, no thought bubbles, no tooltips, no help balloons, no UI tips, no callout boxes, no caption boxes, no chat bubbles, no watermarks, no logos, no Hangul, no Korean characters, no Korean written text on image, no hanbok, no Korean traditional clothing, no jeogori, no chima, no Japanese text on image, no English text on image, no Latin letters on image, no Chinese hanzi on image, no written text, no letters, no captions, no signs with readable writing, distinct individualized faces matching Character Bible Face Identity, each character visually unique, NOT generic bishonen, NOT same face as other disciples, expression follows each character's Face Identity (not uniform heroic pretty-boy look)

SRT_1680 Chinese wuxia manhua illustration — generate this scene now. Keep Face Identity and base outfit in CHARACTER LOOK identical across scenes; only pose, action, camera, and background may change. Do NOT redesign face, hair, or robe colors. Do NOT add blood, wounds, or torn robes unless the dialogue clearly shows this character injured in combat in this scene. No text, speech bubbles, bubble, tooltip,…
============================================================
[2026-08-29 22:52:49] fail · SRT_1700
error: 이어쓰기 전송 실패 — 입력창에 명령이 4314자 남아 있습니다.
extra: streak=1
============================================================
[2026-08-29 22:53:15] fail · SRT_1720
error: 이어쓰기 전송 실패 — 입력창에 명령이 3946자 남아 있습니다.
--- page ---
ects, cinematic high-contrast lighting with mystical cyan/crimson/golden aura, classic Chinese manhua panel composition, epic mountain-river jianghu backdrop, 16:9 aspect ratio, ultra high resolution digital manhua art, no Studio Ghibli style, no Korean manhwa, no Japanese anime, no 3D render, no flat cartoon, no photoreal, no live-action photo, no speech bubbles, no comic balloons, no dialogue balloons, no thought bubbles, no tooltips, no help balloons, no UI tips, no callout boxes, no caption boxes, no chat bubbles, no watermarks, no logos, no Hangul, no Korean characters, no Korean written text on image, no hanbok, no Korean traditional clothing, no jeogori, no chima, no Japanese text on image, no English text on image, no Latin letters on image, no Chinese hanzi on image, no written text, no letters, no captions, no signs with readable writing, distinct individualized faces matching Character Bible Face Identity, each character visually unique, NOT generic bishonen, NOT same face as other disciples, expression follows each character's Face Identity (not uniform heroic pretty-boy look)

SRT_1680 Chinese wuxia manhua illustration — generate this scene now. Keep Face Identity and base outfit in CHARACTER LOOK identical across scenes; only pose, action, camera, and background may change. Do NOT redesign face, hair, or robe colors. Do NOT add blood, wounds, or torn robes unless the dialogue clearly shows this character injured in combat in this scene. No text, speech bubbles, …
============================================================
[2026-08-29 22:53:15] fail_streak · SRT_1720
error: 이어쓰기 전송 실패 — 입력창에 명령이 3946자 남아 있습니다.
extra: streak=2
