[21:21:55] 탭로그 ON — 브라우저 열기·생성 · 씬 96개 · reopen=True
[21:21:59] ChromeDebug 재시작 slot=1 port=9243 user_data=C:\ChromeDebug_2_5_slot1 reused=0
[21:24:25] 모델 이미 Pro: Nano Banana Pro
[21:24:25] 세션 준비 — login=확인 model=Nano Banana Pro auto=True
[21:24:25] ensure_page cur_sc=10 prefer_sc=10 cur=https://www.genspark.ai/ai_image prefer=https://www.genspark.ai/ai_image
[21:24:26] fill OK(clip) follow=False chars=72686
[21:24:26] 입력창 붙여넣기 — 프롬프트 45379자 + SRT 27264자 = 합계 72686자
  prompt=C:\Users\PC\AppData\Local\Temp\_MEI201322\md\image.wuxiz.txt
  srt=C:\cursor\wuxia\무협극장\검신귀환록\2부\16장\mp3\new.srt
[21:24:27] ensure_page cur_sc=10 prefer_sc=10 cur=https://www.genspark.ai/ai_image prefer=https://www.genspark.ai/ai_image
[21:24:28] 동일 입력창에 명령 추가(미실행): ===== CHARACTER LOOK (SRT_000) =====
State keys: Jin≈19|blood_robe; Baek≈19|blood_robe
Jin Muhan, approximately nineteen years old, East-Asian young swordsman, sharp narrow phoenix…
[21:24:29] 상태키 SRT_000 · Baek|blood_robe; Jin≈19|blood_robe
[21:24:29] run_scene 시작 SRT_000 · seen_files=0 · last_saved=
[21:24:29] ensure_page cur_sc=10 prefer_sc=10 cur=https://www.genspark.ai/ai_image prefer=https://www.genspark.ai/ai_image
[21:24:29] 모델 이미 Pro: Nano Banana Pro
[21:24:29] ⏱ 준비 SRT_000 0.0s · chars=2601
[21:24:29] submit 시작 composer=2601 url=https://www.genspark.ai/ai_image
[21:24:29] submit geo 실패 hit=no-btn
[21:24:29] submit 시도 method=geo geo=False
[21:24:30] submit 미확인 method=geo generating=False composer=2601
[21:24:30] submit geo 실패 hit=no-btn
[21:24:30] submit 시도 method=send send=False
[21:24:30] submit 미확인 method=send generating=False composer=2601
[21:24:31] submit 시도 method=ctrl
[21:24:31] submit 미확인 method=ctrl generating=False composer=2603
[21:24:31] submit 시도 method=enter
[21:24:32] submit 미확인 method=enter generating=False composer=2603
[21:24:32] submit geo 실패 hit=no-btn
[21:24:32] submit 시도 method=geo2 geo=False
[21:24:33] submit 미확인 method=geo2 generating=False composer=2603
[21:24:35] submit geo 실패 hit=no-editor
[21:24:35] submit 시도 method=send2 send=False
[21:24:35] submit 확인 method=send2 generating=False composer=0
[21:24:35] ⏱ 입력창전송 SRT_000 6.2s
[21:24:35] 제출 후 last_saved=
[21:24:35] ⏱ 생성대기 시작 SRT_000 max=120s
[21:24:46] SRT 근접 이미지 탐색 실패: Page.evaluate: TypeError: Failed to execute 'createTreeWalker' on 'Document': parameter 1 is not of type 'Node'.
    at eval (eval at evaluate (:302:30), <anonymous>:39:39)
    at UtilityScript.evaluate (<anonymous>:309:18)
    at UtilityScript.<anonymous> (<anonymous>:1:44)
[21:24:51] ⏱ 생성대기 진행 15.3s SRT_000 busy=False url_ok=False src=
[21:25:06] ⏱ 생성대기 진행 30.6s SRT_000 busy=False url_ok=False src=
[21:25:21] ⏱ 생성대기 진행 45.7s SRT_000 busy=False url_ok=False src=
[21:25:36] ⏱ 생성대기 진행 60.9s SRT_000 busy=False url_ok=False src=
[21:25:52] ⏱ 생성대기 진행 76.4s SRT_000 busy=False url_ok=False src=
[21:26:07] ⏱ 생성대기 진행 91.4s SRT_000 busy=False url_ok=False src=
[21:26:22] ⏱ 생성대기 진행 106.5s SRT_000 busy=False url_ok=False src=
[21:26:46] SRT 근접 이미지 탐색 실패: Page.evaluate: Execution context was destroyed, most likely because of a navigation
[21:26:48] SRT 근접 이미지 탐색 실패: Page.evaluate: Execution context was destroyed, most likely because of a navigation
[21:27:01] ⏱ 생성대기 시간초과 146.1s SRT_000 (새 api/files 이미지 없음, max=120s)
[21:27:01] ⏱ 생성대기구간 SRT_000 146.1s · ok=False
[21:27:01] run_scene 실패(재시도 없음): 새 이미지 대기 초과 (120s) — 다음 씬으로 진행
[21:27:01] SRT_000 실패 — 다음 씬 계속
새 이미지 대기 초과 (120s) — 다음 씬으로 진행
[21:27:02] 상태키 SRT_020 · Baek|blood_robe; Jin≈19|blood_robe
[21:27:02] 늦은이미지 회수 실패 SRT_000: SRT_000 요청 아래 새 이미지가 없습니다.
[21:27:02] run_scene 시작 SRT_020 · seen_files=0 · last_saved=
[21:27:02] ensure_page cur_sc=10 prefer_sc=10 cur=https://www.genspark.ai/ai_image prefer=https://www.genspark.ai/ai_image
[21:27:02] ⏱ 준비 SRT_020 0.0s · chars=2138
[21:27:03] ⏱ 다음명령유휴 SRT_020 1.0s · idle=True
[21:27:03] fill OK(clip) follow=True chars=2138
[21:27:03] submit 시작 composer=2138 url=https://www.genspark.ai/ai_image
[21:27:03] submit geo 실패 hit=no-btn
[21:27:03] submit 시도 method=geo geo=False
[21:27:04] submit 미확인 method=geo generating=False composer=2138
[21:27:04] submit geo 실패 hit=no-btn
[21:27:04] submit 시도 method=send send=False
[21:27:04] submit 미확인 method=send generating=False composer=2138
[21:27:05] submit 시도 method=ctrl
[21:27:05] submit 미확인 method=ctrl generating=False composer=2140
[21:27:06] submit 시도 method=enter
[21:27:06] submit 확인 method=enter generating=False composer=0
[21:27:06] ⏱ 입력·전송 SRT_020 3.6s · chars=2138
[21:27:06] 제출 후 last_saved=https://www.genspark.ai/api/files/s/z2sczxc9
[21:27:06] ⏱ 생성대기 시작 SRT_020 max=120s
[21:27:22] ⏱ 생성대기 진행 15.4s SRT_020 busy=False url_ok=False src=
[21:27:36] ⏱ 생성대기 완료 29.6s SRT_020 https://www.genspark.ai/api/files/s/fq5eat0t
[21:27:36] ⏱ 생성대기구간 SRT_020 29.6s · ok=True
[21:27:36] SRT_020 근접 이미지 https://www.genspark.ai/api/files/s/fq5eat0t
[21:27:36] 다운로드 files URL=https://www.genspark.ai/api/files/s/fq5eat0t → SRT_020.png
[21:27:37] ⏱ 다운로드 직접 0.7s size=604048 SRT_020.png
[21:27:37] ⏱ 다운로드구간 SRT_020 0.7s · SRT_020.png
[21:27:38] ⏱ 다운로드후유휴 SRT_020 1.1s · idle=True
[21:27:38] ⏱ 씬합계 SRT_020 36.2s · https://www.genspark.ai/api/files/s/fq5eat0t
[21:27:38] SRT_020 생성·다운로드 완료
C:\cursor\wuxia\무협극장\검신귀환록\2부\16장\png\SRT_020.png
[21:27:38] 상태키 SRT_040 · Baek|blood_robe; Jin≈19|blood_robe
[21:27:38] 늦은이미지 회수 실패 SRT_000: SRT_000 요청 아래 새 이미지가 없습니다.
[21:27:38] run_scene 시작 SRT_040 · seen_files=1 · last_saved=https://www.genspark.ai/api/files/s/fq5eat0t
[21:27:38] ⏱ 준비 SRT_040 0.0s · chars=2459
[21:27:39] ⏱ 다음명령유휴 SRT_040 1.0s · idle=True
[21:27:40] fill OK(clip) follow=True chars=2459
[21:27:40] submit 시작 composer=2459 url=https://www.genspark.ai/agents?id=830ed4bc-d93a-4af0-8df8-eaef178b24c6
[21:27:40] submit geo 실패 hit=no-btn
[21:27:40] submit 시도 method=geo geo=False
[21:27:40] submit 미확인 method=geo generating=False composer=2459
[21:27:40] submit geo 실패 hit=no-btn
[21:27:40] submit 시도 method=send send=False
[21:27:41] submit 미확인 method=send generating=False composer=2459
[21:27:41] submit 시도 method=ctrl
[21:27:42] submit 미확인 method=ctrl generating=False composer=2461
[21:27:42] submit 시도 method=enter
[21:27:43] submit 확인 method=enter generating=False composer=0
[21:27:43] ⏱ 입력·전송 SRT_040 3.5s · chars=2459
[21:27:43] 제출 후 last_saved=https://www.genspark.ai/api/files/s/fq5eat0t
[21:27:43] ⏱ 생성대기 시작 SRT_040 max=120s
[21:27:58] ⏱ 생성대기 진행 15.0s SRT_040 busy=False url_ok=False src=
[21:28:10] ⏱ 생성대기 완료 27.1s SRT_040 https://www.genspark.ai/api/files/s/xk7hzjxm
[21:28:10] ⏱ 생성대기구간 SRT_040 27.1s · ok=True
[21:28:10] SRT_040 근접 이미지 https://www.genspark.ai/api/files/s/xk7hzjxm
[21:28:10] 다운로드 files URL=https://www.genspark.ai/api/files/s/xk7hzjxm → SRT_040.png
[21:28:11] ⏱ 다운로드 직접 0.7s size=800589 SRT_040.png
[21:28:11] ⏱ 다운로드구간 SRT_040 0.7s · SRT_040.png
[21:28:12] ⏱ 다운로드후유휴 SRT_040 1.1s · idle=True
[21:28:12] ⏱ 씬합계 SRT_040 33.6s · https://www.genspark.ai/api/files/s/xk7hzjxm
[21:28:12] SRT_040 생성·다운로드 완료
C:\cursor\wuxia\무협극장\검신귀환록\2부\16장\png\SRT_040.png
[21:28:12] 상태키 SRT_060 · Baek|blood_robe; Jin≈19|blood_robe
[21:28:12] 늦은이미지 회수 실패 SRT_000: SRT_000 요청 아래 새 이미지가 없습니다.
[21:28:12] run_scene 시작 SRT_060 · seen_files=2 · last_saved=https://www.genspark.ai/api/files/s/xk7hzjxm
[21:28:12] ⏱ 준비 SRT_060 0.0s · chars=2926
[21:28:13] ⏱ 다음명령유휴 SRT_060 1.0s · idle=True
[21:28:13] fill OK(clip) follow=True chars=2926
[21:28:13] submit 시작 composer=2926 url=https://www.genspark.ai/agents?id=830ed4bc-d93a-4af0-8df8-eaef178b24c6
[21:28:13] submit geo 실패 hit=no-btn
[21:28:13] submit 시도 method=geo geo=False
[21:28:14] submit 미확인 method=geo generating=False composer=2926
[21:28:14] submit geo 실패 hit=no-btn
[21:28:14] submit 시도 method=send send=False
[21:28:15] submit 미확인 method=send generating=False composer=2926
[21:28:15] submit 시도 method=ctrl
[21:28:15] submit 미확인 method=ctrl generating=False composer=2928
[21:28:16] submit 시도 method=enter
[21:28:16] submit 확인 method=enter generating=False composer=0
[21:28:16] ⏱ 입력·전송 SRT_060 3.5s · chars=2926
[21:28:16] 제출 후 last_saved=https://www.genspark.ai/api/files/s/xk7hzjxm
[21:28:17] ⏱ 생성대기 시작 SRT_060 max=120s
[21:28:31] ⏱ 생성대기 완료(busy무시) 14.6s SRT_060 https://www.genspark.ai/api/files/s/w9e2mtyr
[21:28:31] ⏱ 생성대기구간 SRT_060 14.6s · ok=True
[21:28:31] SRT_060 근접 이미지 https://www.genspark.ai/api/files/s/w9e2mtyr
[21:28:31] 다운로드 files URL=https://www.genspark.ai/api/files/s/w9e2mtyr → SRT_060.png
[21:28:32] ⏱ 다운로드 직접 0.6s size=408192 SRT_060.png
[21:28:32] ⏱ 다운로드구간 SRT_060 0.7s · SRT_060.png
[21:28:33] ⏱ 다운로드후유휴 SRT_060 1.1s · idle=True
[21:28:33] ⏱ 씬합계 SRT_060 21.1s · https://www.genspark.ai/api/files/s/w9e2mtyr
[21:28:33] SRT_060 생성·다운로드 완료
C:\cursor\wuxia\무협극장\검신귀환록\2부\16장\png\SRT_060.png
[21:28:33] 상태키 SRT_080 · Baek|blood_robe; Jin≈19|blood_robe
[21:28:33] 늦은이미지 회수 실패 SRT_000: SRT_000 요청 아래 새 이미지가 없습니다.
[21:28:33] run_scene 시작 SRT_080 · seen_files=3 · last_saved=https://www.genspark.ai/api/files/s/w9e2mtyr
[21:28:33] ⏱ 준비 SRT_080 0.0s · chars=2953
[21:28:34] ⏱ 다음명령유휴 SRT_080 1.1s · idle=True
[21:28:34] fill OK(clip) follow=True chars=2953
[21:28:34] submit 시작 composer=2953 url=https://www.genspark.ai/agents?id=830ed4bc-d93a-4af0-8df8-eaef178b24c6
[21:28:35] submit geo 실패 hit=no-btn
[21:28:35] submit 시도 method=geo geo=False
[21:28:35] submit 미확인 method=geo generating=False composer=2953
[21:28:35] submit geo 실패 hit=no-btn
[21:28:35] submit 시도 method=send send=False
[21:28:36] submit 미확인 method=send generating=False composer=2953
[21:28:36] submit 시도 method=ctrl
[21:28:37] submit 미확인 method=ctrl generating=False composer=2955
[21:28:37] submit 시도 method=enter
[21:28:38] submit 확인 method=enter generating=False composer=0
[21:28:38] ⏱ 입력·전송 SRT_080 3.5s · chars=2953
[21:28:38] 제출 후 last_saved=https://www.genspark.ai/api/files/s/w9e2mtyr
[21:28:38] ⏱ 생성대기 시작 SRT_080 max=120s
[21:28:53] ⏱ 생성대기 진행 15.2s SRT_080 busy=False url_ok=False src=
[21:28:54] ⏱ 생성대기 완료(busy무시) 16.7s SRT_080 https://www.genspark.ai/api/files/s/eghlinwj
[21:28:54] ⏱ 생성대기구간 SRT_080 16.7s · ok=True
[21:28:54] SRT_080 근접 이미지 https://www.genspark.ai/api/files/s/eghlinwj
[21:28:54] 다운로드 files URL=https://www.genspark.ai/api/files/s/eghlinwj → SRT_080.png
[21:28:55] ⏱ 다운로드 직접 0.7s size=469935 SRT_080.png
[21:28:55] ⏱ 다운로드구간 SRT_080 0.7s · SRT_080.png
[21:28:56] ⏱ 다운로드후유휴 SRT_080 1.1s · idle=True
[21:28:56] ⏱ 씬합계 SRT_080 23.3s · https://www.genspark.ai/api/files/s/eghlinwj
[21:28:56] SRT_080 생성·다운로드 완료
C:\cursor\wuxia\무협극장\검신귀환록\2부\16장\png\SRT_080.png
[21:28:56] 상태키 SRT_100 · Baek|blood_robe; Jin≈19|blood_robe
[21:28:56] 늦은이미지 회수 실패 SRT_000: SRT_000 요청 아래 새 이미지가 없습니다.
[21:28:56] run_scene 시작 SRT_100 · seen_files=4 · last_saved=https://www.genspark.ai/api/files/s/eghlinwj
[21:28:56] ⏱ 준비 SRT_100 0.0s · chars=2463
[21:28:57] ⏱ 다음명령유휴 SRT_100 1.0s · idle=True
[21:29:01] fill OK(clip) follow=True chars=2463
[21:29:01] submit 시작 composer=2463 url=https://www.genspark.ai/agents?id=830ed4bc-d93a-4af0-8df8-eaef178b24c6
[21:29:02] submit geo 실패 hit=no-btn
[21:29:02] submit 시도 method=geo geo=False
[21:29:02] submit 미확인 method=geo generating=False composer=2463
[21:29:04] submit geo 실패 hit=no-btn
[21:29:04] submit 시도 method=send send=False
[21:29:05] submit 미확인 method=send generating=False composer=2463
[21:29:05] submit 시도 method=ctrl
[21:29:06] submit 미확인 method=ctrl generating=False composer=2465
[21:29:06] submit 시도 method=enter
[21:29:06] submit 확인 method=enter generating=False composer=0
[21:29:06] ⏱ 입력·전송 SRT_100 8.9s · chars=2463
[21:29:06] 제출 후 last_saved=https://www.genspark.ai/api/files/s/eghlinwj
[21:29:07] ⏱ 생성대기 시작 SRT_100 max=120s
[21:29:17] ⏱ 생성대기 완료 10.9s SRT_100 https://www.genspark.ai/api/files/s/2mxlldzb
[21:29:17] ⏱ 생성대기구간 SRT_100 10.9s · ok=True
[21:29:17] SRT_100 근접 이미지 https://www.genspark.ai/api/files/s/2mxlldzb
[21:29:17] 다운로드 files URL=https://www.genspark.ai/api/files/s/2mxlldzb → SRT_100.png
[21:29:18] ⏱ 다운로드 직접 0.7s size=390258 SRT_100.png
[21:29:18] ⏱ 다운로드구간 SRT_100 0.7s · SRT_100.png
[21:29:23] ⏱ 다운로드후유휴 SRT_100 4.6s · idle=True
[21:29:23] ⏱ 씬합계 SRT_100 26.4s · https://www.genspark.ai/api/files/s/2mxlldzb
[21:29:23] SRT_100 생성·다운로드 완료
C:\cursor\wuxia\무협극장\검신귀환록\2부\16장\png\SRT_100.png
[21:29:23] 상태키 SRT_120 · Baek|blood_robe; Jin≈19|blood_robe
[21:29:23] 늦은이미지 회수 실패 SRT_000: SRT_000 요청 아래 새 이미지가 없습니다.
[21:29:23] run_scene 시작 SRT_120 · seen_files=5 · last_saved=https://www.genspark.ai/api/files/s/2mxlldzb
[21:29:23] ⏱ 준비 SRT_120 0.0s · chars=2933
[21:29:24] ⏱ 다음명령유휴 SRT_120 1.1s · idle=True
[21:29:25] fill OK(clip) follow=True chars=2933
[21:29:25] submit 시작 composer=2933 url=https://www.genspark.ai/agents?id=830ed4bc-d93a-4af0-8df8-eaef178b24c6
[21:29:25] submit geo 실패 hit=no-btn
[21:29:25] submit 시도 method=geo geo=False
[21:29:25] submit 미확인 method=geo generating=False composer=2933
[21:29:25] submit geo 실패 hit=no-btn
[21:29:25] submit 시도 method=send send=False
[21:29:26] submit 미확인 method=send generating=False composer=2933
[21:29:26] submit 시도 method=ctrl
[21:29:27] submit 미확인 method=ctrl generating=False composer=2935
[21:29:27] submit 시도 method=enter
[21:29:28] submit 확인 method=enter generating=False composer=0
[21:29:28] ⏱ 입력·전송 SRT_120 3.6s · chars=2933
[21:29:28] 제출 후 last_saved=https://www.genspark.ai/api/files/s/2mxlldzb
[21:29:28] ⏱ 생성대기 시작 SRT_120 max=120s
[21:29:43] ⏱ 생성대기 완료 15.1s SRT_120 https://www.genspark.ai/api/files/s/e0jeamca
[21:29:43] ⏱ 생성대기구간 SRT_120 15.1s · ok=True
[21:29:43] SRT_120 근접 이미지 https://www.genspark.ai/api/files/s/e0jeamca
[21:29:43] 다운로드 files URL=https://www.genspark.ai/api/files/s/e0jeamca → SRT_120.png
[21:29:44] ⏱ 다운로드 직접 0.7s size=374992 SRT_120.png
[21:29:44] ⏱ 다운로드구간 SRT_120 0.7s · SRT_120.png
[21:29:45] ⏱ 다운로드후유휴 SRT_120 1.7s · idle=True
[21:29:45] ⏱ 씬합계 SRT_120 22.3s · https://www.genspark.ai/api/files/s/e0jeamca
[21:29:45] SRT_120 생성·다운로드 완료
C:\cursor\wuxia\무협극장\검신귀환록\2부\16장\png\SRT_120.png
[21:29:46] 상태키 SRT_140 · Baek|blood_robe; Jin≈19|blood_robe
[21:29:46] 늦은이미지 회수 실패 SRT_000: SRT_000 요청 아래 새 이미지가 없습니다.
[21:29:46] run_scene 시작 SRT_140 · seen_files=6 · last_saved=https://www.genspark.ai/api/files/s/e0jeamca
[21:29:46] ⏱ 준비 SRT_140 0.0s · chars=2469
[21:29:47] ⏱ 다음명령유휴 SRT_140 1.9s · idle=True
[21:29:48] fill OK(clip) follow=True chars=2469
[21:29:48] submit 시작 composer=2469 url=https://www.genspark.ai/agents?id=830ed4bc-d93a-4af0-8df8-eaef178b24c6
[21:29:48] submit geo 실패 hit=no-btn
[21:29:48] submit 시도 method=geo geo=False
[21:29:49] submit 미확인 method=geo generating=False composer=2469
[21:29:49] submit geo 실패 hit=no-btn
[21:29:49] submit 시도 method=send send=False
[21:29:50] submit 미확인 method=send generating=False composer=2469
[21:29:50] submit 시도 method=ctrl
[21:29:50] submit 미확인 method=ctrl generating=False composer=2471
[21:29:51] submit 시도 method=enter
[21:29:51] submit 확인 method=enter generating=False composer=0
[21:29:51] ⏱ 입력·전송 SRT_140 3.8s · chars=2469
[21:29:51] 제출 후 last_saved=https://www.genspark.ai/api/files/s/e0jeamca
[21:29:52] ⏱ 생성대기 시작 SRT_140 max=120s
[21:30:05] ⏱ 생성대기 완료 13.1s SRT_140 https://www.genspark.ai/api/files/s/raepnpwq
[21:30:05] ⏱ 생성대기구간 SRT_140 13.1s · ok=True
[21:30:05] SRT_140 근접 이미지 https://www.genspark.ai/api/files/s/raepnpwq
[21:30:05] 다운로드 files URL=https://www.genspark.ai/api/files/s/raepnpwq → SRT_140.png
[21:30:07] ⏱ 다운로드 직접 2.0s size=543766 SRT_140.png
[21:30:07] ⏱ 다운로드구간 SRT_140 2.0s · SRT_140.png
[21:30:08] ⏱ 다운로드후유휴 SRT_140 1.5s · idle=True
[21:30:08] ⏱ 씬합계 SRT_140 22.6s · https://www.genspark.ai/api/files/s/raepnpwq
[21:30:08] SRT_140 생성·다운로드 완료
C:\cursor\wuxia\무협극장\검신귀환록\2부\16장\png\SRT_140.png
[21:30:08] 상태키 SRT_160 · Baek|blood_robe; Jin≈19|blood_robe
[21:30:08] 늦은이미지 회수 실패 SRT_000: SRT_000 요청 아래 새 이미지가 없습니다.
[21:30:08] run_scene 시작 SRT_160 · seen_files=7 · last_saved=https://www.genspark.ai/api/files/s/raepnpwq
[21:30:08] ⏱ 준비 SRT_160 0.0s · chars=2115
[21:30:10] ⏱ 다음명령유휴 SRT_160 1.4s · idle=True
[21:30:10] fill OK(clip) follow=True chars=2115
[21:30:10] submit 시작 composer=2115 url=https://www.genspark.ai/agents?id=830ed4bc-d93a-4af0-8df8-eaef178b24c6
[21:30:11] submit geo 실패 hit=no-btn
[21:30:11] submit 시도 method=geo geo=False
[21:30:11] submit 미확인 method=geo generating=False composer=2115
[21:30:12] submit geo 실패 hit=no-btn
[21:30:12] submit 시도 method=send send=False
[21:30:12] submit 미확인 method=send generating=False composer=2115
[21:30:13] submit 시도 method=ctrl
[21:30:13] submit 미확인 method=ctrl generating=False composer=2117
[21:30:13] submit 시도 method=enter
[21:30:14] submit 확인 method=enter generating=False composer=0
[21:30:14] ⏱ 입력·전송 SRT_160 4.4s · chars=2115
[21:30:14] 제출 후 last_saved=https://www.genspark.ai/api/files/s/raepnpwq
[21:30:14] ⏱ 생성대기 시작 SRT_160 max=120s
[21:30:25] ⏱ 생성대기 완료 11.1s SRT_160 https://www.genspark.ai/api/files/s/v5gsp6hm
[21:30:25] ⏱ 생성대기구간 SRT_160 11.1s · ok=True
[21:30:25] SRT_160 근접 이미지 https://www.genspark.ai/api/files/s/v5gsp6hm
[21:30:25] 다운로드 files URL=https://www.genspark.ai/api/files/s/v5gsp6hm → SRT_160.png
[21:30:26] ⏱ 다운로드 직접 0.7s size=353214 SRT_160.png
[21:30:26] ⏱ 다운로드구간 SRT_160 0.7s · SRT_160.png
[21:30:29] ⏱ 다운로드후유휴 SRT_160 2.7s · idle=True
[21:30:29] ⏱ 씬합계 SRT_160 20.5s · https://www.genspark.ai/api/files/s/v5gsp6hm
[21:30:29] SRT_160 생성·다운로드 완료
C:\cursor\wuxia\무협극장\검신귀환록\2부\16장\png\SRT_160.png
[21:30:29] 상태키 SRT_180 · Baek|blood_robe; Jin≈19|blood_robe
[21:30:29] 늦은이미지 회수 실패 SRT_000: SRT_000 요청 아래 새 이미지가 없습니다.
[21:30:29] run_scene 시작 SRT_180 · seen_files=8 · last_saved=https://www.genspark.ai/api/files/s/v5gsp6hm
[21:30:29] ⏱ 준비 SRT_180 0.0s · chars=1550
[21:30:30] ⏱ 다음명령유휴 SRT_180 1.1s · idle=True
[21:30:31] fill OK(clip) follow=True chars=1550
[21:30:31] submit 시작 composer=1550 url=https://www.genspark.ai/agents?id=830ed4bc-d93a-4af0-8df8-eaef178b24c6
[21:30:31] submit geo 실패 hit=no-btn
[21:30:31] submit 시도 method=geo geo=False
[21:30:31] submit 미확인 method=geo generating=False composer=1550
[21:30:32] submit geo 실패 hit=no-btn
[21:30:32] submit 시도 method=send send=False
[21:30:32] submit 미확인 method=send generating=False composer=1550
[21:30:32] submit 시도 method=ctrl
[21:30:33] submit 미확인 method=ctrl generating=False composer=1552
[21:30:33] submit 시도 method=enter
[21:30:34] submit 확인 method=enter generating=False composer=0
[21:30:34] ⏱ 입력·전송 SRT_180 3.8s · chars=1550
[21:30:34] 제출 후 last_saved=https://www.genspark.ai/api/files/s/v5gsp6hm
[21:30:34] ⏱ 생성대기 시작 SRT_180 max=120s
[21:30:49] ⏱ 생성대기 진행 15.3s SRT_180 busy=False url_ok=False src=
[21:30:50] ⏱ 생성대기 완료(busy무시) 16.3s SRT_180 https://www.genspark.ai/api/files/s/9wvoen6x
[21:30:50] ⏱ 생성대기구간 SRT_180 16.3s · ok=True
[21:30:50] SRT_180 근접 이미지 https://www.genspark.ai/api/files/s/9wvoen6x
[21:30:50] 다운로드 files URL=https://www.genspark.ai/api/files/s/9wvoen6x → SRT_180.png
[21:30:51] ⏱ 다운로드 직접 0.7s size=383356 SRT_180.png
[21:30:51] ⏱ 다운로드구간 SRT_180 0.7s · SRT_180.png
[21:30:53] ⏱ 다운로드후유휴 SRT_180 1.7s · idle=True
[21:30:53] ⏱ 씬합계 SRT_180 23.9s · https://www.genspark.ai/api/files/s/9wvoen6x
[21:30:53] SRT_180 생성·다운로드 완료
C:\cursor\wuxia\무협극장\검신귀환록\2부\16장\png\SRT_180.png
[21:30:53] 상태키 SRT_200 · Baek|blood_robe; Jin≈19|blood_robe
[21:30:53] 늦은이미지 회수 실패 SRT_000: SRT_000 요청 아래 새 이미지가 없습니다.
[21:30:53] run_scene 시작 SRT_200 · seen_files=9 · last_saved=https://www.genspark.ai/api/files/s/9wvoen6x
[21:30:53] ⏱ 준비 SRT_200 0.0s · chars=2127
[21:30:55] ⏱ 다음명령유휴 SRT_200 1.5s · idle=True
[21:30:55] fill OK(clip) follow=True chars=2127
[21:30:55] submit 시작 composer=2127 url=https://www.genspark.ai/agents?id=830ed4bc-d93a-4af0-8df8-eaef178b24c6
[21:30:56] submit geo 실패 hit=no-btn
[21:30:56] submit 시도 method=geo geo=False
[21:30:56] submit 미확인 method=geo generating=False composer=2127
[21:30:57] submit geo 실패 hit=no-btn
[21:30:57] submit 시도 method=send send=False
[21:30:57] submit 미확인 method=send generating=False composer=2127
[21:30:57] submit 시도 method=ctrl
[21:30:58] submit 미확인 method=ctrl generating=False composer=2129
[21:30:58] submit 시도 method=enter
[21:30:59] submit 확인 method=enter generating=False composer=0
[21:30:59] ⏱ 입력·전송 SRT_200 4.3s · chars=2127
[21:30:59] 제출 후 last_saved=https://www.genspark.ai/api/files/s/9wvoen6x
[21:30:59] ⏱ 생성대기 시작 SRT_200 max=120s
[21:31:13] ⏱ 생성대기 완료 13.5s SRT_200 https://www.genspark.ai/api/files/s/r3efz4ah
[21:31:13] ⏱ 생성대기구간 SRT_200 13.5s · ok=True
[21:31:13] SRT_200 근접 이미지 https://www.genspark.ai/api/files/s/r3efz4ah
[21:31:13] 다운로드 files URL=https://www.genspark.ai/api/files/s/r3efz4ah → SRT_200.png
[21:31:14] ⏱ 다운로드 직접 0.9s size=607965 SRT_200.png
[21:31:14] ⏱ 다운로드구간 SRT_200 1.0s · SRT_200.png
[21:31:15] ⏱ 다운로드후유휴 SRT_200 1.3s · idle=True
[21:31:15] ⏱ 씬합계 SRT_200 21.8s · https://www.genspark.ai/api/files/s/r3efz4ah
[21:31:15] SRT_200 생성·다운로드 완료
C:\cursor\wuxia\무협극장\검신귀환록\2부\16장\png\SRT_200.png
[21:31:15] 상태키 SRT_220 · Baek|blood_robe; Jin≈19|blood_robe
[21:31:15] 늦은이미지 회수 실패 SRT_000: SRT_000 요청 아래 새 이미지가 없습니다.
[21:31:15] run_scene 시작 SRT_220 · seen_files=10 · last_saved=https://www.genspark.ai/api/files/s/r3efz4ah
[21:31:15] ⏱ 준비 SRT_220 0.0s · chars=2139
[21:31:16] ⏱ 다음명령유휴 SRT_220 1.2s · idle=True
[21:31:17] fill OK(clip) follow=True chars=2139
[21:31:17] submit 시작 composer=2139 url=https://www.genspark.ai/agents?id=830ed4bc-d93a-4af0-8df8-eaef178b24c6
[21:31:17] submit geo 실패 hit=no-btn
[21:31:17] submit 시도 method=geo geo=False
[21:31:18] submit 미확인 method=geo generating=False composer=2139
[21:31:18] submit geo 실패 hit=no-btn
[21:31:18] submit 시도 method=send send=False
[21:31:20] submit 미확인 method=send generating=False composer=2139
[21:31:22] submit 시도 method=ctrl
[21:31:22] submit 미확인 method=ctrl generating=False composer=2141
[21:31:23] submit 시도 method=enter
[21:31:24] submit 확인 method=enter generating=False composer=0
[21:31:24] ⏱ 입력·전송 SRT_220 7.3s · chars=2139
[21:31:24] 제출 후 last_saved=https://www.genspark.ai/api/files/s/r3efz4ah
[21:31:24] ⏱ 생성대기 시작 SRT_220 max=120s
[21:31:39] ⏱ 생성대기 진행 15.4s SRT_220 busy=False url_ok=False src=
[21:31:39] ⏱ 생성대기 한도감지 15.4s SRT_220 · AI Image 한도 - 재설정 2026-08-27 02:12 · AI Image 5시간 제한에 도달했습니다. 8월 27일 오전 2:12에 재설정됩니다 --- 5시간 제한 --- 세션 한도 도달 AI Image 5시간 제한에 도달했습니다. 8월 27일 오전 2:12에 재설정됩니다
[21:31:39] run_scene 실패(재시도 없음): AI Image 한도 - 재설정 2026-08-27 02:12
[21:31:39] SRT_220 실패 — 다음 씬 계속
AI Image 한도 - 재설정 2026-08-27 02:12
[21:31:39] 상태키 SRT_240 · Baek|blood_robe; Jin≈19|blood_robe
[21:31:39] 늦은이미지 회수 실패 SRT_000: SRT_000 요청 아래 새 이미지가 없습니다.
[21:31:40] 늦은이미지 회수 실패 SRT_220: SRT_220 요청 아래 새 이미지가 없습니다.
[21:31:40] run_scene 시작 SRT_240 · seen_files=10 · last_saved=https://www.genspark.ai/api/files/s/r3efz4ah
[21:31:40] ⏱ 준비 SRT_240 0.0s · chars=2488
[21:31:41] ⏱ 다음명령유휴 SRT_240 1.4s · idle=True
[21:31:44] fill 실패: 후보 1개
[21:31:44] run_scene 실패(재시도 없음): 이어쓰기 입력란을 찾지 못했습니다.
[21:31:44] SRT_240 실패 — 다음 씬 계속
이어쓰기 입력란을 찾지 못했습니다.
[21:31:44] 상태키 SRT_260 · Baek|blood_robe; Jin≈19|blood_robe
[21:31:44] 늦은이미지 회수 실패 SRT_000: SRT_000 요청 아래 새 이미지가 없습니다.
[21:31:44] 늦은이미지 회수 실패 SRT_220: SRT_220 요청 아래 새 이미지가 없습니다.
[21:31:44] 늦은이미지 회수 실패 SRT_240: SRT_240 요청 아래 새 이미지가 없습니다.
[21:31:44] run_scene 시작 SRT_260 · seen_files=10 · last_saved=https://www.genspark.ai/api/files/s/r3efz4ah
[21:31:44] ⏱ 준비 SRT_260 0.0s · chars=2925
[21:31:46] ⏱ 다음명령유휴 SRT_260 1.2s · idle=True
[21:31:49] fill 실패: 후보 1개
[21:31:49] run_scene 실패(재시도 없음): 이어쓰기 입력란을 찾지 못했습니다.
[21:31:49] SRT_260 실패 — 다음 씬 계속
이어쓰기 입력란을 찾지 못했습니다.
[21:31:49] 상태키 SRT_280 · Baek|blood_robe; Jin≈19|blood_robe
[21:31:49] 늦은이미지 회수 실패 SRT_000: SRT_000 요청 아래 새 이미지가 없습니다.
[21:31:49] 늦은이미지 회수 실패 SRT_220: SRT_220 요청 아래 새 이미지가 없습니다.
[21:31:49] 늦은이미지 회수 실패 SRT_240: SRT_240 요청 아래 새 이미지가 없습니다.
[21:31:49] 늦은이미지 회수 실패 SRT_260: SRT_260 요청 아래 새 이미지가 없습니다.
[21:31:49] run_scene 시작 SRT_280 · seen_files=10 · last_saved=https://www.genspark.ai/api/files/s/r3efz4ah
[21:31:49] ⏱ 준비 SRT_280 0.0s · chars=2884
[21:31:51] ⏱ 다음명령유휴 SRT_280 1.3s · idle=True
[21:31:54] fill 실패: 후보 1개
[21:31:54] run_scene 실패(재시도 없음): 이어쓰기 입력란을 찾지 못했습니다.
[21:31:54] SRT_280 실패 — 다음 씬 계속
이어쓰기 입력란을 찾지 못했습니다.
[21:31:54] 상태키 SRT_300 · Baek|blood_robe; Jin≈19|blood_robe
[21:31:54] 늦은이미지 회수 실패 SRT_000: SRT_000 요청 아래 새 이미지가 없습니다.
[21:31:54] 늦은이미지 회수 실패 SRT_220: SRT_220 요청 아래 새 이미지가 없습니다.
[21:31:54] 늦은이미지 회수 실패 SRT_240: SRT_240 요청 아래 새 이미지가 없습니다.
[21:31:54] 늦은이미지 회수 실패 SRT_260: SRT_260 요청 아래 새 이미지가 없습니다.
[21:31:54] 늦은이미지 회수 실패 SRT_280: SRT_280 요청 아래 새 이미지가 없습니다.
[21:31:54] run_scene 시작 SRT_300 · seen_files=10 · last_saved=https://www.genspark.ai/api/files/s/r3efz4ah
[21:31:54] ⏱ 준비 SRT_300 0.0s · chars=2488
[21:31:55] ⏱ 다음명령유휴 SRT_300 1.2s · idle=True
[21:31:59] fill 실패: 후보 1개
[21:31:59] run_scene 실패(재시도 없음): 이어쓰기 입력란을 찾지 못했습니다.
[21:31:59] SRT_300 실패 — 다음 씬 계속
이어쓰기 입력란을 찾지 못했습니다.
[21:31:59] 상태키 SRT_320 · Baek|blood_robe; Jin≈19|blood_robe
[21:31:59] 늦은이미지 회수 실패 SRT_000: SRT_000 요청 아래 새 이미지가 없습니다.
[21:31:59] 늦은이미지 회수 실패 SRT_220: SRT_220 요청 아래 새 이미지가 없습니다.
[21:31:59] 늦은이미지 회수 실패 SRT_240: SRT_240 요청 아래 새 이미지가 없습니다.
[21:31:59] 늦은이미지 회수 실패 SRT_260: SRT_260 요청 아래 새 이미지가 없습니다.
[21:31:59] 늦은이미지 회수 실패 SRT_280: SRT_280 요청 아래 새 이미지가 없습니다.
[21:31:59] 늦은이미지 회수 실패 SRT_300: SRT_300 요청 아래 새 이미지가 없습니다.
[21:31:59] run_scene 시작 SRT_320 · seen_files=10 · last_saved=https://www.genspark.ai/api/files/s/r3efz4ah
[21:31:59] ⏱ 준비 SRT_320 0.0s · chars=2902
[21:32:00] ⏱ 다음명령유휴 SRT_320 1.3s · idle=True
[21:32:04] fill 실패: 후보 1개
[21:32:04] run_scene 실패(재시도 없음): 이어쓰기 입력란을 찾지 못했습니다.
[21:32:04] SRT_320 실패 — 다음 씬 계속
이어쓰기 입력란을 찾지 못했습니다.
[21:32:04] 상태키 SRT_340 · Baek|blood_robe; Jin≈19|blood_robe
[21:32:04] 늦은이미지 회수 실패 SRT_000: SRT_000 요청 아래 새 이미지가 없습니다.
[21:32:04] 늦은이미지 회수 실패 SRT_220: SRT_220 요청 아래 새 이미지가 없습니다.
[21:32:04] 늦은이미지 회수 실패 SRT_240: SRT_240 요청 아래 새 이미지가 없습니다.
[21:32:04] 늦은이미지 회수 실패 SRT_260: SRT_260 요청 아래 새 이미지가 없습니다.
[21:32:04] 늦은이미지 회수 실패 SRT_280: SRT_280 요청 아래 새 이미지가 없습니다.
[21:32:04] 늦은이미지 회수 실패 SRT_300: SRT_300 요청 아래 새 이미지가 없습니다.
[21:32:04] 늦은이미지 회수 실패 SRT_320: SRT_320 요청 아래 새 이미지가 없습니다.
[21:32:04] run_scene 시작 SRT_340 · seen_files=10 · last_saved=https://www.genspark.ai/api/files/s/r3efz4ah
[21:32:04] ⏱ 준비 SRT_340 0.0s · chars=2466
[21:32:05] ⏱ 다음명령유휴 SRT_340 1.2s · idle=True
[21:32:08] fill 실패: 후보 1개
[21:32:08] run_scene 실패(재시도 없음): 이어쓰기 입력란을 찾지 못했습니다.
[21:32:08] SRT_340 실패 — 다음 씬 계속
이어쓰기 입력란을 찾지 못했습니다.
[21:32:09] 상태키 SRT_360 · Baek|blood_robe; Jin≈19|blood_robe
[21:32:09] 늦은이미지 회수 실패 SRT_000: SRT_000 요청 아래 새 이미지가 없습니다.
[21:32:09] 늦은이미지 회수 실패 SRT_220: SRT_220 요청 아래 새 이미지가 없습니다.
[21:32:09] 늦은이미지 회수 실패 SRT_240: SRT_240 요청 아래 새 이미지가 없습니다.
[21:32:09] 늦은이미지 회수 실패 SRT_260: SRT_260 요청 아래 새 이미지가 없습니다.
[21:32:09] 늦은이미지 회수 실패 SRT_280: SRT_280 요청 아래 새 이미지가 없습니다.
[21:32:09] 늦은이미지 회수 실패 SRT_300: SRT_300 요청 아래 새 이미지가 없습니다.
[21:32:09] 늦은이미지 회수 실패 SRT_320: SRT_320 요청 아래 새 이미지가 없습니다.
[21:32:09] 늦은이미지 회수 실패 SRT_340: SRT_340 요청 아래 새 이미지가 없습니다.
[21:32:09] run_scene 시작 SRT_360 · seen_files=10 · last_saved=https://www.genspark.ai/api/files/s/r3efz4ah
[21:32:09] ⏱ 준비 SRT_360 0.0s · chars=2140
[21:32:10] ⏱ 다음명령유휴 SRT_360 1.2s · idle=True
[21:32:13] fill 실패: 후보 1개
[21:32:13] run_scene 실패(재시도 없음): 이어쓰기 입력란을 찾지 못했습니다.
[21:32:13] SRT_360 실패 — 다음 씬 계속
이어쓰기 입력란을 찾지 못했습니다.
[21:32:13] 상태키 SRT_380 · Baek|blood_robe; Jin≈19|blood_robe
[21:32:13] 늦은이미지 회수 실패 SRT_000: SRT_000 요청 아래 새 이미지가 없습니다.
[21:32:13] 늦은이미지 회수 실패 SRT_220: SRT_220 요청 아래 새 이미지가 없습니다.
[21:32:13] 늦은이미지 회수 실패 SRT_240: SRT_240 요청 아래 새 이미지가 없습니다.
[21:32:13] 늦은이미지 회수 실패 SRT_260: SRT_260 요청 아래 새 이미지가 없습니다.
[21:32:13] 늦은이미지 회수 실패 SRT_280: SRT_280 요청 아래 새 이미지가 없습니다.
[21:32:13] 늦은이미지 회수 실패 SRT_300: SRT_300 요청 아래 새 이미지가 없습니다.
[21:32:13] 늦은이미지 회수 실패 SRT_320: SRT_320 요청 아래 새 이미지가 없습니다.
[21:32:13] 늦은이미지 회수 실패 SRT_340: SRT_340 요청 아래 새 이미지가 없습니다.
[21:32:13] 늦은이미지 회수 실패 SRT_360: SRT_360 요청 아래 새 이미지가 없습니다.
[21:32:13] run_scene 시작 SRT_380 · seen_files=10 · last_saved=https://www.genspark.ai/api/files/s/r3efz4ah
[21:32:13] ⏱ 준비 SRT_380 0.0s · chars=2484
[21:32:15] ⏱ 다음명령유휴 SRT_380 1.3s · idle=True
[21:32:18] fill 실패: 후보 1개
[21:32:18] run_scene 실패(재시도 없음): 이어쓰기 입력란을 찾지 못했습니다.
[21:32:18] SRT_380 실패 — 다음 씬 계속
이어쓰기 입력란을 찾지 못했습니다.
[21:32:18] 상태키 SRT_400 · Baek|blood_robe; Jin≈19|blood_robe
[21:32:18] 늦은이미지 회수 실패 SRT_220: SRT_220 요청 아래 새 이미지가 없습니다.
[21:32:18] 늦은이미지 회수 실패 SRT_240: SRT_240 요청 아래 새 이미지가 없습니다.
[21:32:18] 늦은이미지 회수 실패 SRT_260: SRT_260 요청 아래 새 이미지가 없습니다.
[21:32:18] 늦은이미지 회수 실패 SRT_280: SRT_280 요청 아래 새 이미지가 없습니다.
[21:32:18] 늦은이미지 회수 실패 SRT_300: SRT_300 요청 아래 새 이미지가 없습니다.
[21:32:18] 늦은이미지 회수 실패 SRT_320: SRT_320 요청 아래 새 이미지가 없습니다.
[21:32:18] 늦은이미지 회수 실패 SRT_340: SRT_340 요청 아래 새 이미지가 없습니다.
[21:32:18] 늦은이미지 회수 실패 SRT_360: SRT_360 요청 아래 새 이미지가 없습니다.
[21:32:18] 늦은이미지 회수 실패 SRT_380: SRT_380 요청 아래 새 이미지가 없습니다.
[21:32:18] run_scene 시작 SRT_400 · seen_files=10 · last_saved=https://www.genspark.ai/api/files/s/r3efz4ah
[21:32:18] ⏱ 준비 SRT_400 0.0s · chars=1392
[21:32:19] ⏱ 다음명령유휴 SRT_400 1.2s · idle=True
[21:32:23] fill 실패: 후보 1개
[21:32:23] run_scene 실패(재시도 없음): 이어쓰기 입력란을 찾지 못했습니다.
[21:32:23] SRT_400 실패 — 다음 씬 계속
이어쓰기 입력란을 찾지 못했습니다.
[21:32:23] 상태키 SRT_420 · Baek|blood_robe; Jin≈19|blood_robe
[21:32:23] 늦은이미지 회수 실패 SRT_240: SRT_240 요청 아래 새 이미지가 없습니다.
[21:32:23] 늦은이미지 회수 실패 SRT_260: SRT_260 요청 아래 새 이미지가 없습니다.
[21:32:23] 늦은이미지 회수 실패 SRT_280: SRT_280 요청 아래 새 이미지가 없습니다.
[21:32:23] 늦은이미지 회수 실패 SRT_300: SRT_300 요청 아래 새 이미지가 없습니다.
[21:32:23] 늦은이미지 회수 실패 SRT_320: SRT_320 요청 아래 새 이미지가 없습니다.
[21:32:23] 늦은이미지 회수 실패 SRT_340: SRT_340 요청 아래 새 이미지가 없습니다.
[21:32:23] 늦은이미지 회수 실패 SRT_360: SRT_360 요청 아래 새 이미지가 없습니다.
[21:32:23] 늦은이미지 회수 실패 SRT_380: SRT_380 요청 아래 새 이미지가 없습니다.
[21:32:23] 늦은이미지 회수 실패 SRT_400: SRT_400 요청 아래 새 이미지가 없습니다.
[21:32:23] run_scene 시작 SRT_420 · seen_files=10 · last_saved=https://www.genspark.ai/api/files/s/r3efz4ah
[21:32:23] ⏱ 준비 SRT_420 0.0s · chars=2473
[21:32:24] ⏱ 다음명령유휴 SRT_420 1.2s · idle=True
[21:32:27] fill 실패: 후보 1개
[21:32:27] run_scene 실패(재시도 없음): 이어쓰기 입력란을 찾지 못했습니다.
[21:32:27] SRT_420 실패 — 다음 씬 계속
이어쓰기 입력란을 찾지 못했습니다.
[21:32:28] 상태키 SRT_440 · Baek|blood_robe; Jin≈19|blood_robe
[21:32:28] 늦은이미지 회수 실패 SRT_260: SRT_260 요청 아래 새 이미지가 없습니다.
[21:32:28] 늦은이미지 회수 실패 SRT_280: SRT_280 요청 아래 새 이미지가 없습니다.
[21:32:28] 늦은이미지 회수 실패 SRT_300: SRT_300 요청 아래 새 이미지가 없습니다.
[21:32:28] 늦은이미지 회수 실패 SRT_320: SRT_320 요청 아래 새 이미지가 없습니다.
[21:32:28] 늦은이미지 회수 실패 SRT_340: SRT_340 요청 아래 새 이미지가 없습니다.
[21:32:28] 늦은이미지 회수 실패 SRT_360: SRT_360 요청 아래 새 이미지가 없습니다.
[21:32:28] 늦은이미지 회수 실패 SRT_380: SRT_380 요청 아래 새 이미지가 없습니다.
[21:32:28] 늦은이미지 회수 실패 SRT_400: SRT_400 요청 아래 새 이미지가 없습니다.
[21:32:28] 늦은이미지 회수 실패 SRT_420: SRT_420 요청 아래 새 이미지가 없습니다.
[21:32:28] run_scene 시작 SRT_440 · seen_files=10 · last_saved=https://www.genspark.ai/api/files/s/r3efz4ah
[21:32:28] ⏱ 준비 SRT_440 0.0s · chars=2491
[21:32:29] ⏱ 다음명령유휴 SRT_440 1.2s · idle=True
[21:32:32] fill 실패: 후보 1개
[21:32:32] run_scene 실패(재시도 없음): 이어쓰기 입력란을 찾지 못했습니다.
[21:32:32] SRT_440 실패 — 다음 씬 계속
이어쓰기 입력란을 찾지 못했습니다.
[21:32:32] 상태키 SRT_460 · Baek|blood_robe; Jin≈19|blood_robe
[21:32:32] 늦은이미지 회수 실패 SRT_280: SRT_280 요청 아래 새 이미지가 없습니다.
[21:32:32] 늦은이미지 회수 실패 SRT_300: SRT_300 요청 아래 새 이미지가 없습니다.
[21:32:32] 늦은이미지 회수 실패 SRT_320: SRT_320 요청 아래 새 이미지가 없습니다.
[21:32:32] 늦은이미지 회수 실패 SRT_340: SRT_340 요청 아래 새 이미지가 없습니다.
[21:32:33] 늦은이미지 회수 실패 SRT_360: SRT_360 요청 아래 새 이미지가 없습니다.
[21:32:33] 늦은이미지 회수 실패 SRT_380: SRT_380 요청 아래 새 이미지가 없습니다.
[21:32:33] 늦은이미지 회수 실패 SRT_400: SRT_400 요청 아래 새 이미지가 없습니다.
[21:32:33] 늦은이미지 회수 실패 SRT_420: SRT_420 요청 아래 새 이미지가 없습니다.
[21:32:33] 늦은이미지 회수 실패 SRT_440: SRT_440 요청 아래 새 이미지가 없습니다.
[21:32:33] run_scene 시작 SRT_460 · seen_files=10 · last_saved=https://www.genspark.ai/api/files/s/r3efz4ah
[21:32:33] ⏱ 준비 SRT_460 0.0s · chars=2438
[21:32:34] ⏱ 다음명령유휴 SRT_460 1.3s · idle=True
[21:32:37] fill 실패: 후보 1개
[21:32:37] run_scene 실패(재시도 없음): 이어쓰기 입력란을 찾지 못했습니다.
[21:32:37] SRT_460 실패 — 다음 씬 계속
이어쓰기 입력란을 찾지 못했습니다.
[21:32:37] 상태키 SRT_480 · Baek|blood_robe; Jin≈19|blood_robe
[21:32:37] 늦은이미지 회수 실패 SRT_300: SRT_300 요청 아래 새 이미지가 없습니다.
[21:32:37] 늦은이미지 회수 실패 SRT_320: SRT_320 요청 아래 새 이미지가 없습니다.
[21:32:37] 늦은이미지 회수 실패 SRT_340: SRT_340 요청 아래 새 이미지가 없습니다.
[21:32:37] 늦은이미지 회수 실패 SRT_360: SRT_360 요청 아래 새 이미지가 없습니다.
[21:32:37] 늦은이미지 회수 실패 SRT_380: SRT_380 요청 아래 새 이미지가 없습니다.
[21:32:37] 늦은이미지 회수 실패 SRT_400: SRT_400 요청 아래 새 이미지가 없습니다.
[21:32:37] 늦은이미지 회수 실패 SRT_420: SRT_420 요청 아래 새 이미지가 없습니다.
[21:32:37] 늦은이미지 회수 실패 SRT_440: SRT_440 요청 아래 새 이미지가 없습니다.
[21:32:37] 늦은이미지 회수 실패 SRT_460: SRT_460 요청 아래 새 이미지가 없습니다.
[21:32:37] run_scene 시작 SRT_480 · seen_files=10 · last_saved=https://www.genspark.ai/api/files/s/r3efz4ah
[21:32:37] ⏱ 준비 SRT_480 0.0s · chars=2137
[21:32:39] ⏱ 다음명령유휴 SRT_480 1.2s · idle=True
[21:32:42] fill 실패: 후보 1개
[21:32:42] run_scene 실패(재시도 없음): 이어쓰기 입력란을 찾지 못했습니다.
[21:32:42] SRT_480 실패 — 다음 씬 계속
이어쓰기 입력란을 찾지 못했습니다.
[21:32:42] 상태키 SRT_500 · Baek|blood_robe; Jin≈19|blood_robe
[21:32:42] 늦은이미지 회수 실패 SRT_320: SRT_320 요청 아래 새 이미지가 없습니다.
[21:32:42] 늦은이미지 회수 실패 SRT_340: SRT_340 요청 아래 새 이미지가 없습니다.
[21:32:42] 늦은이미지 회수 실패 SRT_360: SRT_360 요청 아래 새 이미지가 없습니다.
[21:32:42] 늦은이미지 회수 실패 SRT_380: SRT_380 요청 아래 새 이미지가 없습니다.
[21:32:42] 늦은이미지 회수 실패 SRT_400: SRT_400 요청 아래 새 이미지가 없습니다.
[21:32:42] 늦은이미지 회수 실패 SRT_420: SRT_420 요청 아래 새 이미지가 없습니다.
[21:32:42] 늦은이미지 회수 실패 SRT_440: SRT_440 요청 아래 새 이미지가 없습니다.
[21:32:42] 늦은이미지 회수 실패 SRT_460: SRT_460 요청 아래 새 이미지가 없습니다.
[21:32:42] 늦은이미지 회수 실패 SRT_480: SRT_480 요청 아래 새 이미지가 없습니다.
[21:32:42] run_scene 시작 SRT_500 · seen_files=10 · last_saved=https://www.genspark.ai/api/files/s/r3efz4ah
[21:32:42] ⏱ 준비 SRT_500 0.0s · chars=2467
[21:32:43] ⏱ 다음명령유휴 SRT_500 1.2s · idle=True
[21:32:47] fill 실패: 후보 1개
[21:32:47] run_scene 실패(재시도 없음): 이어쓰기 입력란을 찾지 못했습니다.
[21:32:47] SRT_500 실패 — 다음 씬 계속
이어쓰기 입력란을 찾지 못했습니다.
[21:32:47] 상태키 SRT_520 · Baek|blood_robe; Jin≈19|blood_robe
[21:32:47] 늦은이미지 회수 실패 SRT_340: SRT_340 요청 아래 새 이미지가 없습니다.
[21:32:47] 늦은이미지 회수 실패 SRT_360: SRT_360 요청 아래 새 이미지가 없습니다.
[21:32:47] 늦은이미지 회수 실패 SRT_380: SRT_380 요청 아래 새 이미지가 없습니다.
[21:32:47] 늦은이미지 회수 실패 SRT_400: SRT_400 요청 아래 새 이미지가 없습니다.
[21:32:47] 늦은이미지 회수 실패 SRT_420: SRT_420 요청 아래 새 이미지가 없습니다.
[21:32:47] 늦은이미지 회수 실패 SRT_440: SRT_440 요청 아래 새 이미지가 없습니다.
[21:32:47] 늦은이미지 회수 실패 SRT_460: SRT_460 요청 아래 새 이미지가 없습니다.
[21:32:47] 늦은이미지 회수 실패 SRT_480: SRT_480 요청 아래 새 이미지가 없습니다.
[21:32:47] 늦은이미지 회수 실패 SRT_500: SRT_500 요청 아래 새 이미지가 없습니다.
[21:32:47] run_scene 시작 SRT_520 · seen_files=10 · last_saved=https://www.genspark.ai/api/files/s/r3efz4ah
[21:32:47] ⏱ 준비 SRT_520 0.0s · chars=2138
[21:32:48] ⏱ 다음명령유휴 SRT_520 1.2s · idle=True
[21:32:51] fill 실패: 후보 1개
[21:32:51] run_scene 실패(재시도 없음): 이어쓰기 입력란을 찾지 못했습니다.
[21:32:51] SRT_520 실패 — 다음 씬 계속
이어쓰기 입력란을 찾지 못했습니다.
[21:32:52] 상태키 SRT_540 · Baek|blood_robe; Jin≈19|blood_robe
[21:32:52] 늦은이미지 회수 실패 SRT_360: SRT_360 요청 아래 새 이미지가 없습니다.
[21:32:52] 늦은이미지 회수 실패 SRT_380: SRT_380 요청 아래 새 이미지가 없습니다.
[21:32:52] 늦은이미지 회수 실패 SRT_400: SRT_400 요청 아래 새 이미지가 없습니다.
[21:32:52] 늦은이미지 회수 실패 SRT_420: SRT_420 요청 아래 새 이미지가 없습니다.
[21:32:52] 늦은이미지 회수 실패 SRT_440: SRT_440 요청 아래 새 이미지가 없습니다.
[21:32:52] 늦은이미지 회수 실패 SRT_460: SRT_460 요청 아래 새 이미지가 없습니다.
[21:32:52] 늦은이미지 회수 실패 SRT_480: SRT_480 요청 아래 새 이미지가 없습니다.
[21:32:52] 늦은이미지 회수 실패 SRT_500: SRT_500 요청 아래 새 이미지가 없습니다.
[21:32:52] 늦은이미지 회수 실패 SRT_520: SRT_520 요청 아래 새 이미지가 없습니다.
[21:32:52] run_scene 시작 SRT_540 · seen_files=10 · last_saved=https://www.genspark.ai/api/files/s/r3efz4ah
[21:32:52] ⏱ 준비 SRT_540 0.0s · chars=2141
[21:32:53] ⏱ 다음명령유휴 SRT_540 1.2s · idle=True
[21:32:56] fill 실패: 후보 1개
[21:32:56] run_scene 실패(재시도 없음): 이어쓰기 입력란을 찾지 못했습니다.
[21:32:56] SRT_540 실패 — 다음 씬 계속
이어쓰기 입력란을 찾지 못했습니다.
[21:32:56] 상태키 SRT_560 · Baek|blood_robe; Jin≈19|blood_robe
[21:32:56] 늦은이미지 회수 실패 SRT_380: SRT_380 요청 아래 새 이미지가 없습니다.
[21:32:56] 늦은이미지 회수 실패 SRT_400: SRT_400 요청 아래 새 이미지가 없습니다.
[21:32:56] 늦은이미지 회수 실패 SRT_420: SRT_420 요청 아래 새 이미지가 없습니다.
[21:32:56] 늦은이미지 회수 실패 SRT_440: SRT_440 요청 아래 새 이미지가 없습니다.
[21:32:57] 늦은이미지 회수 실패 SRT_460: SRT_460 요청 아래 새 이미지가 없습니다.
[21:32:57] 늦은이미지 회수 실패 SRT_480: SRT_480 요청 아래 새 이미지가 없습니다.
[21:32:57] 늦은이미지 회수 실패 SRT_500: SRT_500 요청 아래 새 이미지가 없습니다.
[21:32:57] 늦은이미지 회수 실패 SRT_520: SRT_520 요청 아래 새 이미지가 없습니다.
[21:32:57] 늦은이미지 회수 실패 SRT_540: SRT_540 요청 아래 새 이미지가 없습니다.
[21:32:57] run_scene 시작 SRT_560 · seen_files=10 · last_saved=https://www.genspark.ai/api/files/s/r3efz4ah
[21:32:57] ⏱ 준비 SRT_560 0.0s · chars=2153
[21:32:58] ⏱ 다음명령유휴 SRT_560 1.2s · idle=True
[21:33:01] fill 실패: 후보 1개
[21:33:01] run_scene 실패(재시도 없음): 이어쓰기 입력란을 찾지 못했습니다.
[21:33:01] SRT_560 실패 — 다음 씬 계속
이어쓰기 입력란을 찾지 못했습니다.
[21:33:01] 상태키 SRT_580 · Baek|blood_robe; Jin≈19|blood_robe
[21:33:01] 늦은이미지 회수 실패 SRT_400: SRT_400 요청 아래 새 이미지가 없습니다.
[21:33:01] 늦은이미지 회수 실패 SRT_420: SRT_420 요청 아래 새 이미지가 없습니다.
[21:33:01] 늦은이미지 회수 실패 SRT_440: SRT_440 요청 아래 새 이미지가 없습니다.
[21:33:01] 늦은이미지 회수 실패 SRT_460: SRT_460 요청 아래 새 이미지가 없습니다.
[21:33:01] 늦은이미지 회수 실패 SRT_480: SRT_480 요청 아래 새 이미지가 없습니다.
[21:33:01] 늦은이미지 회수 실패 SRT_500: SRT_500 요청 아래 새 이미지가 없습니다.
[21:33:01] 늦은이미지 회수 실패 SRT_520: SRT_520 요청 아래 새 이미지가 없습니다.
[21:33:01] 늦은이미지 회수 실패 SRT_540: SRT_540 요청 아래 새 이미지가 없습니다.
[21:33:01] 늦은이미지 회수 실패 SRT_560: SRT_560 요청 아래 새 이미지가 없습니다.
[21:33:01] run_scene 시작 SRT_580 · seen_files=10 · last_saved=https://www.genspark.ai/api/files/s/r3efz4ah
[21:33:01] ⏱ 준비 SRT_580 0.0s · chars=2118
[21:33:03] ⏱ 다음명령유휴 SRT_580 1.2s · idle=True
[21:33:06] fill 실패: 후보 1개
[21:33:06] run_scene 실패(재시도 없음): 이어쓰기 입력란을 찾지 못했습니다.
[21:33:06] SRT_580 실패 — 다음 씬 계속
이어쓰기 입력란을 찾지 못했습니다.
[21:33:06] 상태키 SRT_600 · Baek|blood_robe; Jin≈19|blood_robe
[21:33:06] 늦은이미지 회수 실패 SRT_420: SRT_420 요청 아래 새 이미지가 없습니다.
[21:33:06] 늦은이미지 회수 실패 SRT_440: SRT_440 요청 아래 새 이미지가 없습니다.
[21:33:06] 늦은이미지 회수 실패 SRT_460: SRT_460 요청 아래 새 이미지가 없습니다.
[21:33:06] 늦은이미지 회수 실패 SRT_480: SRT_480 요청 아래 새 이미지가 없습니다.
[21:33:06] 늦은이미지 회수 실패 SRT_500: SRT_500 요청 아래 새 이미지가 없습니다.
[21:33:06] 늦은이미지 회수 실패 SRT_520: SRT_520 요청 아래 새 이미지가 없습니다.
[21:33:06] 늦은이미지 회수 실패 SRT_540: SRT_540 요청 아래 새 이미지가 없습니다.
[21:33:06] 늦은이미지 회수 실패 SRT_560: SRT_560 요청 아래 새 이미지가 없습니다.
[21:33:06] 늦은이미지 회수 실패 SRT_580: SRT_580 요청 아래 새 이미지가 없습니다.
[21:33:06] run_scene 시작 SRT_600 · seen_files=10 · last_saved=https://www.genspark.ai/api/files/s/r3efz4ah
[21:33:06] ⏱ 준비 SRT_600 0.0s · chars=2435
[21:33:07] ⏱ 다음명령유휴 SRT_600 1.2s · idle=True
[21:33:11] fill 실패: 후보 1개
[21:33:11] run_scene 실패(재시도 없음): 이어쓰기 입력란을 찾지 못했습니다.
[21:33:11] SRT_600 실패 — 다음 씬 계속
이어쓰기 입력란을 찾지 못했습니다.
[21:33:11] 상태키 SRT_620 · Baek|blood_robe; Jin≈19|blood_robe
[21:33:11] 늦은이미지 회수 실패 SRT_440: SRT_440 요청 아래 새 이미지가 없습니다.
[21:33:11] 늦은이미지 회수 실패 SRT_460: SRT_460 요청 아래 새 이미지가 없습니다.
[21:33:11] 늦은이미지 회수 실패 SRT_480: SRT_480 요청 아래 새 이미지가 없습니다.
[21:33:11] 늦은이미지 회수 실패 SRT_500: SRT_500 요청 아래 새 이미지가 없습니다.
[21:33:11] 늦은이미지 회수 실패 SRT_520: SRT_520 요청 아래 새 이미지가 없습니다.
[21:33:11] 늦은이미지 회수 실패 SRT_540: SRT_540 요청 아래 새 이미지가 없습니다.
[21:33:11] 늦은이미지 회수 실패 SRT_560: SRT_560 요청 아래 새 이미지가 없습니다.
[21:33:11] 늦은이미지 회수 실패 SRT_580: SRT_580 요청 아래 새 이미지가 없습니다.
[21:33:11] 늦은이미지 회수 실패 SRT_600: SRT_600 요청 아래 새 이미지가 없습니다.
[21:33:11] run_scene 시작 SRT_620 · seen_files=10 · last_saved=https://www.genspark.ai/api/files/s/r3efz4ah
[21:33:11] ⏱ 준비 SRT_620 0.0s · chars=2177
[21:33:12] ⏱ 다음명령유휴 SRT_620 1.2s · idle=True
[21:33:15] fill 실패: 후보 1개
[21:33:15] run_scene 실패(재시도 없음): 이어쓰기 입력란을 찾지 못했습니다.
[21:33:15] SRT_620 실패 — 다음 씬 계속
이어쓰기 입력란을 찾지 못했습니다.
[21:33:16] 상태키 SRT_640 · Baek|blood_robe; Jin≈19|blood_robe
[21:33:16] 늦은이미지 회수 실패 SRT_460: SRT_460 요청 아래 새 이미지가 없습니다.
[21:33:16] 늦은이미지 회수 실패 SRT_480: SRT_480 요청 아래 새 이미지가 없습니다.
[21:33:16] 늦은이미지 회수 실패 SRT_500: SRT_500 요청 아래 새 이미지가 없습니다.
[21:33:16] 늦은이미지 회수 실패 SRT_520: SRT_520 요청 아래 새 이미지가 없습니다.
[21:33:16] 늦은이미지 회수 실패 SRT_540: SRT_540 요청 아래 새 이미지가 없습니다.
[21:33:16] 늦은이미지 회수 실패 SRT_560: SRT_560 요청 아래 새 이미지가 없습니다.
[21:33:16] 늦은이미지 회수 실패 SRT_580: SRT_580 요청 아래 새 이미지가 없습니다.
[21:33:16] 늦은이미지 회수 실패 SRT_600: SRT_600 요청 아래 새 이미지가 없습니다.
[21:33:16] 늦은이미지 회수 실패 SRT_620: SRT_620 요청 아래 새 이미지가 없습니다.
[21:33:16] run_scene 시작 SRT_640 · seen_files=10 · last_saved=https://www.genspark.ai/api/files/s/r3efz4ah
[21:33:16] ⏱ 준비 SRT_640 0.0s · chars=2487
[21:33:17] ⏱ 다음명령유휴 SRT_640 1.3s · idle=True
[21:33:20] fill 실패: 후보 1개
[21:33:20] run_scene 실패(재시도 없음): 이어쓰기 입력란을 찾지 못했습니다.
[21:33:20] SRT_640 실패 — 다음 씬 계속
이어쓰기 입력란을 찾지 못했습니다.
[21:33:20] 상태키 SRT_660 · Baek|blood_robe; Jin≈19|blood_robe
[21:33:20] 늦은이미지 회수 실패 SRT_480: SRT_480 요청 아래 새 이미지가 없습니다.
[21:33:20] 늦은이미지 회수 실패 SRT_500: SRT_500 요청 아래 새 이미지가 없습니다.
[21:33:20] 늦은이미지 회수 실패 SRT_520: SRT_520 요청 아래 새 이미지가 없습니다.
[21:33:20] 늦은이미지 회수 실패 SRT_540: SRT_540 요청 아래 새 이미지가 없습니다.
[21:33:21] 늦은이미지 회수 실패 SRT_560: SRT_560 요청 아래 새 이미지가 없습니다.
[21:33:21] 늦은이미지 회수 실패 SRT_580: SRT_580 요청 아래 새 이미지가 없습니다.
[21:33:21] 늦은이미지 회수 실패 SRT_600: SRT_600 요청 아래 새 이미지가 없습니다.
[21:33:21] 늦은이미지 회수 실패 SRT_620: SRT_620 요청 아래 새 이미지가 없습니다.
[21:33:21] 늦은이미지 회수 실패 SRT_640: SRT_640 요청 아래 새 이미지가 없습니다.
[21:33:21] run_scene 시작 SRT_660 · seen_files=10 · last_saved=https://www.genspark.ai/api/files/s/r3efz4ah
[21:33:21] ⏱ 준비 SRT_660 0.0s · chars=2135
[21:33:22] ⏱ 다음명령유휴 SRT_660 1.3s · idle=True
[21:33:25] fill 실패: 후보 1개
[21:33:25] run_scene 실패(재시도 없음): 이어쓰기 입력란을 찾지 못했습니다.
[21:33:25] SRT_660 실패 — 다음 씬 계속
이어쓰기 입력란을 찾지 못했습니다.
[21:33:25] 상태키 SRT_680 · Baek|blood_robe; Jin≈19|blood_robe
[21:33:25] 늦은이미지 회수 실패 SRT_500: SRT_500 요청 아래 새 이미지가 없습니다.
[21:33:25] 늦은이미지 회수 실패 SRT_520: SRT_520 요청 아래 새 이미지가 없습니다.
[21:33:25] 늦은이미지 회수 실패 SRT_540: SRT_540 요청 아래 새 이미지가 없습니다.
[21:33:25] 늦은이미지 회수 실패 SRT_560: SRT_560 요청 아래 새 이미지가 없습니다.
[21:33:25] 늦은이미지 회수 실패 SRT_580: SRT_580 요청 아래 새 이미지가 없습니다.
[21:33:25] 늦은이미지 회수 실패 SRT_600: SRT_600 요청 아래 새 이미지가 없습니다.
[21:33:25] 늦은이미지 회수 실패 SRT_620: SRT_620 요청 아래 새 이미지가 없습니다.
[21:33:25] 늦은이미지 회수 실패 SRT_640: SRT_640 요청 아래 새 이미지가 없습니다.
[21:33:25] 늦은이미지 회수 실패 SRT_660: SRT_660 요청 아래 새 이미지가 없습니다.
[21:33:25] run_scene 시작 SRT_680 · seen_files=10 · last_saved=https://www.genspark.ai/api/files/s/r3efz4ah
[21:33:25] ⏱ 준비 SRT_680 0.0s · chars=2132
[21:33:27] ⏱ 다음명령유휴 SRT_680 1.5s · idle=True
[21:33:30] fill 실패: 후보 1개
[21:33:30] run_scene 실패(재시도 없음): 이어쓰기 입력란을 찾지 못했습니다.
[21:33:30] SRT_680 실패 — 다음 씬 계속
이어쓰기 입력란을 찾지 못했습니다.
[21:33:30] 상태키 SRT_700 · Baek|blood_robe; Jin≈19|blood_robe
[21:33:30] 늦은이미지 회수 실패 SRT_520: SRT_520 요청 아래 새 이미지가 없습니다.
[21:33:30] 늦은이미지 회수 실패 SRT_540: SRT_540 요청 아래 새 이미지가 없습니다.
[21:33:30] 늦은이미지 회수 실패 SRT_560: SRT_560 요청 아래 새 이미지가 없습니다.
[21:33:30] 늦은이미지 회수 실패 SRT_580: SRT_580 요청 아래 새 이미지가 없습니다.
[21:33:30] 늦은이미지 회수 실패 SRT_600: SRT_600 요청 아래 새 이미지가 없습니다.
[21:33:30] 늦은이미지 회수 실패 SRT_620: SRT_620 요청 아래 새 이미지가 없습니다.
[21:33:30] 늦은이미지 회수 실패 SRT_640: SRT_640 요청 아래 새 이미지가 없습니다.
[21:33:30] 늦은이미지 회수 실패 SRT_660: SRT_660 요청 아래 새 이미지가 없습니다.
[21:33:30] 늦은이미지 회수 실패 SRT_680: SRT_680 요청 아래 새 이미지가 없습니다.
[21:33:30] run_scene 시작 SRT_700 · seen_files=10 · last_saved=https://www.genspark.ai/api/files/s/r3efz4ah
[21:33:30] ⏱ 준비 SRT_700 0.0s · chars=2926
[21:33:32] ⏱ 다음명령유휴 SRT_700 1.2s · idle=True
[21:33:35] fill 실패: 후보 1개
[21:33:35] run_scene 실패(재시도 없음): 이어쓰기 입력란을 찾지 못했습니다.
[21:33:35] SRT_700 실패 — 다음 씬 계속
이어쓰기 입력란을 찾지 못했습니다.
[21:33:35] 상태키 SRT_720 · Baek|blood_robe; Jin≈19|blood_robe
[21:33:35] 늦은이미지 회수 실패 SRT_540: SRT_540 요청 아래 새 이미지가 없습니다.
[21:33:35] 늦은이미지 회수 실패 SRT_560: SRT_560 요청 아래 새 이미지가 없습니다.
[21:33:35] 늦은이미지 회수 실패 SRT_580: SRT_580 요청 아래 새 이미지가 없습니다.
[21:33:35] 늦은이미지 회수 실패 SRT_600: SRT_600 요청 아래 새 이미지가 없습니다.
[21:33:35] 늦은이미지 회수 실패 SRT_620: SRT_620 요청 아래 새 이미지가 없습니다.
[21:33:35] 늦은이미지 회수 실패 SRT_640: SRT_640 요청 아래 새 이미지가 없습니다.
[21:33:35] 늦은이미지 회수 실패 SRT_660: SRT_660 요청 아래 새 이미지가 없습니다.
[21:33:35] 늦은이미지 회수 실패 SRT_680: SRT_680 요청 아래 새 이미지가 없습니다.
[21:33:35] 늦은이미지 회수 실패 SRT_700: SRT_700 요청 아래 새 이미지가 없습니다.
[21:33:35] run_scene 시작 SRT_720 · seen_files=10 · last_saved=https://www.genspark.ai/api/files/s/r3efz4ah
[21:33:35] ⏱ 준비 SRT_720 0.0s · chars=1853
[21:33:36] ⏱ 다음명령유휴 SRT_720 1.2s · idle=True
[21:33:40] fill 실패: 후보 1개
[21:33:40] run_scene 실패(재시도 없음): 이어쓰기 입력란을 찾지 못했습니다.
[21:33:40] SRT_720 실패 — 다음 씬 계속
이어쓰기 입력란을 찾지 못했습니다.
[21:33:40] 상태키 SRT_740 · Baek|blood_robe; Jin≈19|blood_robe
[21:33:40] 늦은이미지 회수 실패 SRT_560: SRT_560 요청 아래 새 이미지가 없습니다.
[21:33:40] 늦은이미지 회수 실패 SRT_580: SRT_580 요청 아래 새 이미지가 없습니다.
[21:33:40] 늦은이미지 회수 실패 SRT_600: SRT_600 요청 아래 새 이미지가 없습니다.
[21:33:40] 늦은이미지 회수 실패 SRT_620: SRT_620 요청 아래 새 이미지가 없습니다.
[21:33:40] 늦은이미지 회수 실패 SRT_640: SRT_640 요청 아래 새 이미지가 없습니다.
[21:33:40] 늦은이미지 회수 실패 SRT_660: SRT_660 요청 아래 새 이미지가 없습니다.
[21:33:40] 늦은이미지 회수 실패 SRT_680: SRT_680 요청 아래 새 이미지가 없습니다.
[21:33:40] 늦은이미지 회수 실패 SRT_700: SRT_700 요청 아래 새 이미지가 없습니다.
[21:33:40] 늦은이미지 회수 실패 SRT_720: SRT_720 요청 아래 새 이미지가 없습니다.
[21:33:40] run_scene 시작 SRT_740 · seen_files=10 · last_saved=https://www.genspark.ai/api/files/s/r3efz4ah
[21:33:40] ⏱ 준비 SRT_740 0.0s · chars=1979
[21:33:41] ⏱ 다음명령유휴 SRT_740 1.2s · idle=True
[21:33:44] fill 실패: 후보 1개
[21:33:44] run_scene 실패(재시도 없음): 이어쓰기 입력란을 찾지 못했습니다.
[21:33:44] SRT_740 실패 — 다음 씬 계속
이어쓰기 입력란을 찾지 못했습니다.
[21:33:45] 상태키 SRT_760 · Baek|blood_robe; Jin≈19|blood_robe
[21:33:45] 늦은이미지 회수 실패 SRT_580: SRT_580 요청 아래 새 이미지가 없습니다.
[21:33:45] 늦은이미지 회수 실패 SRT_600: SRT_600 요청 아래 새 이미지가 없습니다.
[21:33:45] 늦은이미지 회수 실패 SRT_620: SRT_620 요청 아래 새 이미지가 없습니다.
[21:33:45] 늦은이미지 회수 실패 SRT_640: SRT_640 요청 아래 새 이미지가 없습니다.
[21:33:45] 늦은이미지 회수 실패 SRT_660: SRT_660 요청 아래 새 이미지가 없습니다.
[21:33:45] 늦은이미지 회수 실패 SRT_680: SRT_680 요청 아래 새 이미지가 없습니다.
[21:33:45] 늦은이미지 회수 실패 SRT_700: SRT_700 요청 아래 새 이미지가 없습니다.
[21:33:45] 늦은이미지 회수 실패 SRT_720: SRT_720 요청 아래 새 이미지가 없습니다.
[21:33:45] 늦은이미지 회수 실패 SRT_740: SRT_740 요청 아래 새 이미지가 없습니다.
[21:33:45] run_scene 시작 SRT_760 · seen_files=10 · last_saved=https://www.genspark.ai/api/files/s/r3efz4ah
[21:33:45] ⏱ 준비 SRT_760 0.0s · chars=2446
[21:33:46] ⏱ 다음명령유휴 SRT_760 1.3s · idle=True
[21:33:49] fill 실패: 후보 1개
[21:33:49] run_scene 실패(재시도 없음): 이어쓰기 입력란을 찾지 못했습니다.
[21:33:49] SRT_760 실패 — 다음 씬 계속
이어쓰기 입력란을 찾지 못했습니다.
[21:33:50] 상태키 SRT_780 · Baek|blood_robe; Jin≈19|blood_robe
[21:33:50] 늦은이미지 회수 실패 SRT_600: SRT_600 요청 아래 새 이미지가 없습니다.
[21:33:50] 늦은이미지 회수 실패 SRT_620: SRT_620 요청 아래 새 이미지가 없습니다.
[21:33:50] 늦은이미지 회수 실패 SRT_640: SRT_640 요청 아래 새 이미지가 없습니다.
[21:33:50] 늦은이미지 회수 실패 SRT_660: SRT_660 요청 아래 새 이미지가 없습니다.
[21:33:50] 늦은이미지 회수 실패 SRT_680: SRT_680 요청 아래 새 이미지가 없습니다.
[21:33:50] 늦은이미지 회수 실패 SRT_700: SRT_700 요청 아래 새 이미지가 없습니다.
[21:33:50] 늦은이미지 회수 실패 SRT_720: SRT_720 요청 아래 새 이미지가 없습니다.
[21:33:50] 늦은이미지 회수 실패 SRT_740: SRT_740 요청 아래 새 이미지가 없습니다.
[21:33:50] 늦은이미지 회수 실패 SRT_760: SRT_760 요청 아래 새 이미지가 없습니다.
[21:33:50] run_scene 시작 SRT_780 · seen_files=10 · last_saved=https://www.genspark.ai/api/files/s/r3efz4ah
[21:33:50] ⏱ 준비 SRT_780 0.0s · chars=2466
[21:33:51] ⏱ 다음명령유휴 SRT_780 1.2s · idle=True
[21:33:54] fill 실패: 후보 1개
[21:33:54] run_scene 실패(재시도 없음): 이어쓰기 입력란을 찾지 못했습니다.
[21:33:54] SRT_780 실패 — 다음 씬 계속
이어쓰기 입력란을 찾지 못했습니다.
[21:33:54] 상태키 SRT_800 · Baek|blood_robe; Jin≈19|blood_robe
[21:33:54] 늦은이미지 회수 실패 SRT_620: SRT_620 요청 아래 새 이미지가 없습니다.
[21:33:54] 늦은이미지 회수 실패 SRT_640: SRT_640 요청 아래 새 이미지가 없습니다.
[21:33:54] 늦은이미지 회수 실패 SRT_660: SRT_660 요청 아래 새 이미지가 없습니다.
[21:33:54] 늦은이미지 회수 실패 SRT_680: SRT_680 요청 아래 새 이미지가 없습니다.
[21:33:54] 늦은이미지 회수 실패 SRT_700: SRT_700 요청 아래 새 이미지가 없습니다.
[21:33:54] 늦은이미지 회수 실패 SRT_720: SRT_720 요청 아래 새 이미지가 없습니다.
[21:33:54] 늦은이미지 회수 실패 SRT_740: SRT_740 요청 아래 새 이미지가 없습니다.
[21:33:54] 늦은이미지 회수 실패 SRT_760: SRT_760 요청 아래 새 이미지가 없습니다.
[21:33:54] 늦은이미지 회수 실패 SRT_780: SRT_780 요청 아래 새 이미지가 없습니다.
[21:33:54] run_scene 시작 SRT_800 · seen_files=10 · last_saved=https://www.genspark.ai/api/files/s/r3efz4ah
[21:33:54] ⏱ 준비 SRT_800 0.0s · chars=1398
[21:33:56] ⏱ 다음명령유휴 SRT_800 1.2s · idle=True
[21:33:59] fill 실패: 후보 1개
[21:33:59] run_scene 실패(재시도 없음): 이어쓰기 입력란을 찾지 못했습니다.
[21:33:59] SRT_800 실패 — 다음 씬 계속
이어쓰기 입력란을 찾지 못했습니다.
[21:33:59] 상태키 SRT_820 · Baek|blood_robe; Jin≈19|blood_robe
[21:33:59] 늦은이미지 회수 실패 SRT_640: SRT_640 요청 아래 새 이미지가 없습니다.
[21:33:59] 늦은이미지 회수 실패 SRT_660: SRT_660 요청 아래 새 이미지가 없습니다.
[21:33:59] 늦은이미지 회수 실패 SRT_680: SRT_680 요청 아래 새 이미지가 없습니다.
[21:33:59] 늦은이미지 회수 실패 SRT_700: SRT_700 요청 아래 새 이미지가 없습니다.
[21:33:59] 늦은이미지 회수 실패 SRT_720: SRT_720 요청 아래 새 이미지가 없습니다.
[21:33:59] 늦은이미지 회수 실패 SRT_740: SRT_740 요청 아래 새 이미지가 없습니다.
[21:33:59] 늦은이미지 회수 실패 SRT_760: SRT_760 요청 아래 새 이미지가 없습니다.
[21:33:59] 늦은이미지 회수 실패 SRT_780: SRT_780 요청 아래 새 이미지가 없습니다.
[21:33:59] 늦은이미지 회수 실패 SRT_800: SRT_800 요청 아래 새 이미지가 없습니다.
[21:33:59] run_scene 시작 SRT_820 · seen_files=10 · last_saved=https://www.genspark.ai/api/files/s/r3efz4ah
[21:33:59] ⏱ 준비 SRT_820 0.0s · chars=2137
[21:34:00] ⏱ 다음명령유휴 SRT_820 1.2s · idle=True
[21:34:04] fill 실패: 후보 1개
[21:34:04] run_scene 실패(재시도 없음): 이어쓰기 입력란을 찾지 못했습니다.
[21:34:04] SRT_820 실패 — 다음 씬 계속
이어쓰기 입력란을 찾지 못했습니다.
[21:34:04] 상태키 SRT_840 · Baek|blood_robe; Jin≈19|blood_robe
[21:34:04] 늦은이미지 회수 실패 SRT_660: SRT_660 요청 아래 새 이미지가 없습니다.
[21:34:04] 늦은이미지 회수 실패 SRT_680: SRT_680 요청 아래 새 이미지가 없습니다.
[21:34:04] 늦은이미지 회수 실패 SRT_700: SRT_700 요청 아래 새 이미지가 없습니다.
[21:34:04] 늦은이미지 회수 실패 SRT_720: SRT_720 요청 아래 새 이미지가 없습니다.
[21:34:04] 늦은이미지 회수 실패 SRT_740: SRT_740 요청 아래 새 이미지가 없습니다.
[21:34:04] 늦은이미지 회수 실패 SRT_760: SRT_760 요청 아래 새 이미지가 없습니다.
[21:34:04] 늦은이미지 회수 실패 SRT_780: SRT_780 요청 아래 새 이미지가 없습니다.
[21:34:04] 늦은이미지 회수 실패 SRT_800: SRT_800 요청 아래 새 이미지가 없습니다.
[21:34:04] 늦은이미지 회수 실패 SRT_820: SRT_820 요청 아래 새 이미지가 없습니다.
[21:34:04] run_scene 시작 SRT_840 · seen_files=10 · last_saved=https://www.genspark.ai/api/files/s/r3efz4ah
[21:34:04] ⏱ 준비 SRT_840 0.0s · chars=2146
[21:34:05] ⏱ 다음명령유휴 SRT_840 1.3s · idle=True
[21:34:09] fill 실패: 후보 1개
[21:34:09] run_scene 실패(재시도 없음): 이어쓰기 입력란을 찾지 못했습니다.
[21:34:09] SRT_840 실패 — 다음 씬 계속
이어쓰기 입력란을 찾지 못했습니다.
[21:34:09] 상태키 SRT_860 · Baek|blood_robe; Jin≈19|blood_robe
[21:34:09] 늦은이미지 회수 실패 SRT_680: SRT_680 요청 아래 새 이미지가 없습니다.
[21:34:09] 늦은이미지 회수 실패 SRT_700: SRT_700 요청 아래 새 이미지가 없습니다.
[21:34:09] 늦은이미지 회수 실패 SRT_720: SRT_720 요청 아래 새 이미지가 없습니다.
[21:34:09] 늦은이미지 회수 실패 SRT_740: SRT_740 요청 아래 새 이미지가 없습니다.
[21:34:09] 늦은이미지 회수 실패 SRT_760: SRT_760 요청 아래 새 이미지가 없습니다.
[21:34:09] 늦은이미지 회수 실패 SRT_780: SRT_780 요청 아래 새 이미지가 없습니다.
[21:34:09] 늦은이미지 회수 실패 SRT_800: SRT_800 요청 아래 새 이미지가 없습니다.
[21:34:09] 늦은이미지 회수 실패 SRT_820: SRT_820 요청 아래 새 이미지가 없습니다.
[21:34:09] 늦은이미지 회수 실패 SRT_840: SRT_840 요청 아래 새 이미지가 없습니다.
[21:34:09] run_scene 시작 SRT_860 · seen_files=10 · last_saved=https://www.genspark.ai/api/files/s/r3efz4ah
[21:34:09] ⏱ 준비 SRT_860 0.0s · chars=2467
[21:34:10] ⏱ 다음명령유휴 SRT_860 1.2s · idle=True
[21:34:13] fill 실패: 후보 1개
[21:34:13] run_scene 실패(재시도 없음): 이어쓰기 입력란을 찾지 못했습니다.
[21:34:13] SRT_860 실패 — 다음 씬 계속
이어쓰기 입력란을 찾지 못했습니다.
[21:34:14] 상태키 SRT_880 · Baek|blood_robe; Jin≈19|blood_robe
[21:34:14] 늦은이미지 회수 실패 SRT_700: SRT_700 요청 아래 새 이미지가 없습니다.
[21:34:14] 늦은이미지 회수 실패 SRT_720: SRT_720 요청 아래 새 이미지가 없습니다.
[21:34:14] 늦은이미지 회수 실패 SRT_740: SRT_740 요청 아래 새 이미지가 없습니다.
[21:34:14] 늦은이미지 회수 실패 SRT_760: SRT_760 요청 아래 새 이미지가 없습니다.
[21:34:14] 늦은이미지 회수 실패 SRT_780: SRT_780 요청 아래 새 이미지가 없습니다.
[21:34:14] 늦은이미지 회수 실패 SRT_800: SRT_800 요청 아래 새 이미지가 없습니다.
[21:34:14] 늦은이미지 회수 실패 SRT_820: SRT_820 요청 아래 새 이미지가 없습니다.
[21:34:14] 늦은이미지 회수 실패 SRT_840: SRT_840 요청 아래 새 이미지가 없습니다.
[21:34:14] 늦은이미지 회수 실패 SRT_860: SRT_860 요청 아래 새 이미지가 없습니다.
[21:34:14] run_scene 시작 SRT_880 · seen_files=10 · last_saved=https://www.genspark.ai/api/files/s/r3efz4ah
[21:34:14] ⏱ 준비 SRT_880 0.0s · chars=2912
[21:34:15] ⏱ 다음명령유휴 SRT_880 1.2s · idle=True
[21:34:18] fill 실패: 후보 1개
[21:34:18] run_scene 실패(재시도 없음): 이어쓰기 입력란을 찾지 못했습니다.
[21:34:18] SRT_880 실패 — 다음 씬 계속
이어쓰기 입력란을 찾지 못했습니다.
[21:34:18] 상태키 SRT_900 · Baek|blood_robe; Jin≈19|blood_robe
[21:34:18] 늦은이미지 회수 실패 SRT_720: SRT_720 요청 아래 새 이미지가 없습니다.
[21:34:18] 늦은이미지 회수 실패 SRT_740: SRT_740 요청 아래 새 이미지가 없습니다.
[21:34:18] 늦은이미지 회수 실패 SRT_760: SRT_760 요청 아래 새 이미지가 없습니다.
[21:34:18] 늦은이미지 회수 실패 SRT_780: SRT_780 요청 아래 새 이미지가 없습니다.
[21:34:18] 늦은이미지 회수 실패 SRT_800: SRT_800 요청 아래 새 이미지가 없습니다.
[21:34:18] 늦은이미지 회수 실패 SRT_820: SRT_820 요청 아래 새 이미지가 없습니다.
[21:34:18] 늦은이미지 회수 실패 SRT_840: SRT_840 요청 아래 새 이미지가 없습니다.
[21:34:18] 늦은이미지 회수 실패 SRT_860: SRT_860 요청 아래 새 이미지가 없습니다.
[21:34:18] 늦은이미지 회수 실패 SRT_880: SRT_880 요청 아래 새 이미지가 없습니다.
[21:34:18] run_scene 시작 SRT_900 · seen_files=10 · last_saved=https://www.genspark.ai/api/files/s/r3efz4ah
[21:34:18] ⏱ 준비 SRT_900 0.0s · chars=1836
[21:34:20] ⏱ 다음명령유휴 SRT_900 1.3s · idle=True
[21:34:23] fill 실패: 후보 1개
[21:34:23] run_scene 실패(재시도 없음): 이어쓰기 입력란을 찾지 못했습니다.
[21:34:23] SRT_900 실패 — 다음 씬 계속
이어쓰기 입력란을 찾지 못했습니다.
[21:34:23] 상태키 SRT_920 · Baek|blood_robe; Jin≈19|blood_robe
[21:34:23] 늦은이미지 회수 실패 SRT_740: SRT_740 요청 아래 새 이미지가 없습니다.
[21:34:23] 늦은이미지 회수 실패 SRT_760: SRT_760 요청 아래 새 이미지가 없습니다.
[21:34:23] 늦은이미지 회수 실패 SRT_780: SRT_780 요청 아래 새 이미지가 없습니다.
[21:34:23] 늦은이미지 회수 실패 SRT_800: SRT_800 요청 아래 새 이미지가 없습니다.
[21:34:23] 늦은이미지 회수 실패 SRT_820: SRT_820 요청 아래 새 이미지가 없습니다.
[21:34:23] 늦은이미지 회수 실패 SRT_840: SRT_840 요청 아래 새 이미지가 없습니다.
[21:34:23] 늦은이미지 회수 실패 SRT_860: SRT_860 요청 아래 새 이미지가 없습니다.
[21:34:23] 늦은이미지 회수 실패 SRT_880: SRT_880 요청 아래 새 이미지가 없습니다.
[21:34:23] 늦은이미지 회수 실패 SRT_900: SRT_900 요청 아래 새 이미지가 없습니다.
[21:34:23] run_scene 시작 SRT_920 · seen_files=10 · last_saved=https://www.genspark.ai/api/files/s/r3efz4ah
[21:34:23] ⏱ 준비 SRT_920 0.0s · chars=2921
[21:34:25] ⏱ 다음명령유휴 SRT_920 1.3s · idle=True
[21:34:28] fill 실패: 후보 1개
[21:34:28] run_scene 실패(재시도 없음): 이어쓰기 입력란을 찾지 못했습니다.
[21:34:28] SRT_920 실패 — 다음 씬 계속
이어쓰기 입력란을 찾지 못했습니다.
[21:34:28] 상태키 SRT_940 · Baek|blood_robe; Jin≈19|blood_robe
[21:34:28] 늦은이미지 회수 실패 SRT_760: SRT_760 요청 아래 새 이미지가 없습니다.
[21:34:28] 늦은이미지 회수 실패 SRT_780: SRT_780 요청 아래 새 이미지가 없습니다.
[21:34:28] 늦은이미지 회수 실패 SRT_800: SRT_800 요청 아래 새 이미지가 없습니다.
[21:34:28] 늦은이미지 회수 실패 SRT_820: SRT_820 요청 아래 새 이미지가 없습니다.
[21:34:28] 늦은이미지 회수 실패 SRT_840: SRT_840 요청 아래 새 이미지가 없습니다.
[21:34:28] 늦은이미지 회수 실패 SRT_860: SRT_860 요청 아래 새 이미지가 없습니다.
[21:34:28] 늦은이미지 회수 실패 SRT_880: SRT_880 요청 아래 새 이미지가 없습니다.
[21:34:28] 늦은이미지 회수 실패 SRT_900: SRT_900 요청 아래 새 이미지가 없습니다.
[21:34:28] 늦은이미지 회수 실패 SRT_920: SRT_920 요청 아래 새 이미지가 없습니다.
[21:34:28] run_scene 시작 SRT_940 · seen_files=10 · last_saved=https://www.genspark.ai/api/files/s/r3efz4ah
[21:34:28] ⏱ 준비 SRT_940 0.0s · chars=1395
[21:34:29] ⏱ 다음명령유휴 SRT_940 1.2s · idle=True
[21:34:33] fill 실패: 후보 1개
[21:34:33] run_scene 실패(재시도 없음): 이어쓰기 입력란을 찾지 못했습니다.
[21:34:33] SRT_940 실패 — 다음 씬 계속
이어쓰기 입력란을 찾지 못했습니다.
[21:34:33] 상태키 SRT_960 · Baek|blood_robe; Jin≈19|blood_robe
[21:34:33] 늦은이미지 회수 실패 SRT_780: SRT_780 요청 아래 새 이미지가 없습니다.
[21:34:33] 늦은이미지 회수 실패 SRT_800: SRT_800 요청 아래 새 이미지가 없습니다.
[21:34:33] 늦은이미지 회수 실패 SRT_820: SRT_820 요청 아래 새 이미지가 없습니다.
[21:34:33] 늦은이미지 회수 실패 SRT_840: SRT_840 요청 아래 새 이미지가 없습니다.
[21:34:33] 늦은이미지 회수 실패 SRT_860: SRT_860 요청 아래 새 이미지가 없습니다.
[21:34:33] 늦은이미지 회수 실패 SRT_880: SRT_880 요청 아래 새 이미지가 없습니다.
[21:34:33] 늦은이미지 회수 실패 SRT_900: SRT_900 요청 아래 새 이미지가 없습니다.
[21:34:33] 늦은이미지 회수 실패 SRT_920: SRT_920 요청 아래 새 이미지가 없습니다.
[21:34:33] 늦은이미지 회수 실패 SRT_940: SRT_940 요청 아래 새 이미지가 없습니다.
[21:34:33] run_scene 시작 SRT_960 · seen_files=10 · last_saved=https://www.genspark.ai/api/files/s/r3efz4ah
[21:34:33] ⏱ 준비 SRT_960 0.0s · chars=1956
[21:34:34] ⏱ 다음명령유휴 SRT_960 1.3s · idle=True
[21:34:38] fill 실패: 후보 1개
[21:34:38] run_scene 실패(재시도 없음): 이어쓰기 입력란을 찾지 못했습니다.
[21:34:38] SRT_960 실패 — 다음 씬 계속
이어쓰기 입력란을 찾지 못했습니다.
[21:34:38] 상태키 SRT_980 · Baek|blood_robe; Jin≈19|blood_robe
[21:34:38] 늦은이미지 회수 실패 SRT_800: SRT_800 요청 아래 새 이미지가 없습니다.
[21:34:38] 늦은이미지 회수 실패 SRT_820: SRT_820 요청 아래 새 이미지가 없습니다.
[21:34:38] 늦은이미지 회수 실패 SRT_840: SRT_840 요청 아래 새 이미지가 없습니다.
[21:34:38] 늦은이미지 회수 실패 SRT_860: SRT_860 요청 아래 새 이미지가 없습니다.
[21:34:38] 늦은이미지 회수 실패 SRT_880: SRT_880 요청 아래 새 이미지가 없습니다.
[21:34:38] 늦은이미지 회수 실패 SRT_900: SRT_900 요청 아래 새 이미지가 없습니다.
[21:34:38] 늦은이미지 회수 실패 SRT_920: SRT_920 요청 아래 새 이미지가 없습니다.
[21:34:38] 늦은이미지 회수 실패 SRT_940: SRT_940 요청 아래 새 이미지가 없습니다.
[21:34:38] 늦은이미지 회수 실패 SRT_960: SRT_960 요청 아래 새 이미지가 없습니다.
[21:34:38] run_scene 시작 SRT_980 · seen_files=10 · last_saved=https://www.genspark.ai/api/files/s/r3efz4ah
[21:34:38] ⏱ 준비 SRT_980 0.0s · chars=2438
[21:34:39] ⏱ 다음명령유휴 SRT_980 1.2s · idle=True
[21:34:42] fill 실패: 후보 1개
[21:34:42] run_scene 실패(재시도 없음): 이어쓰기 입력란을 찾지 못했습니다.
[21:34:42] SRT_980 실패 — 다음 씬 계속
이어쓰기 입력란을 찾지 못했습니다.
[21:34:43] 상태키 SRT_1000 · Baek|blood_robe; Jin≈19|blood_robe
[21:34:43] 늦은이미지 회수 실패 SRT_820: SRT_820 요청 아래 새 이미지가 없습니다.
[21:34:43] 늦은이미지 회수 실패 SRT_840: SRT_840 요청 아래 새 이미지가 없습니다.
[21:34:43] 늦은이미지 회수 실패 SRT_860: SRT_860 요청 아래 새 이미지가 없습니다.
[21:34:43] 늦은이미지 회수 실패 SRT_880: SRT_880 요청 아래 새 이미지가 없습니다.
[21:34:43] 늦은이미지 회수 실패 SRT_900: SRT_900 요청 아래 새 이미지가 없습니다.
[21:34:43] 늦은이미지 회수 실패 SRT_920: SRT_920 요청 아래 새 이미지가 없습니다.
[21:34:43] 늦은이미지 회수 실패 SRT_940: SRT_940 요청 아래 새 이미지가 없습니다.
[21:34:43] 늦은이미지 회수 실패 SRT_960: SRT_960 요청 아래 새 이미지가 없습니다.
[21:34:43] 늦은이미지 회수 실패 SRT_980: SRT_980 요청 아래 새 이미지가 없습니다.
[21:34:43] run_scene 시작 SRT_1000 · seen_files=10 · last_saved=https://www.genspark.ai/api/files/s/r3efz4ah
[21:34:43] ⏱ 준비 SRT_1000 0.0s · chars=1374
[21:34:44] ⏱ 다음명령유휴 SRT_1000 1.2s · idle=True
[21:34:47] fill 실패: 후보 1개
[21:34:47] run_scene 실패(재시도 없음): 이어쓰기 입력란을 찾지 못했습니다.
[21:34:47] SRT_1000 실패 — 다음 씬 계속
이어쓰기 입력란을 찾지 못했습니다.
[21:34:47] 상태키 SRT_1020 · Baek|blood_robe; Jin≈19|blood_robe
[21:34:47] 늦은이미지 회수 실패 SRT_840: SRT_840 요청 아래 새 이미지가 없습니다.
[21:34:47] 늦은이미지 회수 실패 SRT_860: SRT_860 요청 아래 새 이미지가 없습니다.
[21:34:47] 늦은이미지 회수 실패 SRT_880: SRT_880 요청 아래 새 이미지가 없습니다.
[21:34:47] 늦은이미지 회수 실패 SRT_900: SRT_900 요청 아래 새 이미지가 없습니다.
[21:34:47] 늦은이미지 회수 실패 SRT_920: SRT_920 요청 아래 새 이미지가 없습니다.
[21:34:47] 늦은이미지 회수 실패 SRT_940: SRT_940 요청 아래 새 이미지가 없습니다.
[21:34:47] 늦은이미지 회수 실패 SRT_960: SRT_960 요청 아래 새 이미지가 없습니다.
[21:34:47] 늦은이미지 회수 실패 SRT_980: SRT_980 요청 아래 새 이미지가 없습니다.
[21:34:47] 늦은이미지 회수 실패 SRT_1000: SRT_1000 요청 아래 새 이미지가 없습니다.
[21:34:47] run_scene 시작 SRT_1020 · seen_files=10 · last_saved=https://www.genspark.ai/api/files/s/r3efz4ah
[21:34:47] ⏱ 준비 SRT_1020 0.0s · chars=1394
[21:34:49] ⏱ 다음명령유휴 SRT_1020 1.2s · idle=True
[21:34:52] fill 실패: 후보 1개
[21:34:52] run_scene 실패(재시도 없음): 이어쓰기 입력란을 찾지 못했습니다.
[21:34:52] SRT_1020 실패 — 다음 씬 계속
이어쓰기 입력란을 찾지 못했습니다.
[21:34:52] 상태키 SRT_1040 · Baek|blood_robe; Jin≈19|blood_robe
[21:34:52] 늦은이미지 회수 실패 SRT_860: SRT_860 요청 아래 새 이미지가 없습니다.
[21:34:52] 늦은이미지 회수 실패 SRT_880: SRT_880 요청 아래 새 이미지가 없습니다.
[21:34:52] 늦은이미지 회수 실패 SRT_900: SRT_900 요청 아래 새 이미지가 없습니다.
[21:34:52] 늦은이미지 회수 실패 SRT_920: SRT_920 요청 아래 새 이미지가 없습니다.
[21:34:52] 늦은이미지 회수 실패 SRT_940: SRT_940 요청 아래 새 이미지가 없습니다.
[21:34:52] 늦은이미지 회수 실패 SRT_960: SRT_960 요청 아래 새 이미지가 없습니다.
[21:34:52] 늦은이미지 회수 실패 SRT_980: SRT_980 요청 아래 새 이미지가 없습니다.
[21:34:52] 늦은이미지 회수 실패 SRT_1000: SRT_1000 요청 아래 새 이미지가 없습니다.
[21:34:52] 늦은이미지 회수 실패 SRT_1020: SRT_1020 요청 아래 새 이미지가 없습니다.
[21:34:52] run_scene 시작 SRT_1040 · seen_files=10 · last_saved=https://www.genspark.ai/api/files/s/r3efz4ah
[21:34:52] ⏱ 준비 SRT_1040 0.0s · chars=2462
[21:34:53] ⏱ 다음명령유휴 SRT_1040 1.2s · idle=True
[21:34:57] fill 실패: 후보 1개
[21:34:57] run_scene 실패(재시도 없음): 이어쓰기 입력란을 찾지 못했습니다.
[21:34:57] SRT_1040 실패 — 다음 씬 계속
이어쓰기 입력란을 찾지 못했습니다.
[21:34:57] 상태키 SRT_1060 · Baek|blood_robe; Jin≈19|blood_robe
[21:34:57] 늦은이미지 회수 실패 SRT_880: SRT_880 요청 아래 새 이미지가 없습니다.
[21:34:57] 늦은이미지 회수 실패 SRT_900: SRT_900 요청 아래 새 이미지가 없습니다.
[21:34:57] 늦은이미지 회수 실패 SRT_920: SRT_920 요청 아래 새 이미지가 없습니다.
[21:34:57] 늦은이미지 회수 실패 SRT_940: SRT_940 요청 아래 새 이미지가 없습니다.
[21:34:57] 늦은이미지 회수 실패 SRT_960: SRT_960 요청 아래 새 이미지가 없습니다.
[21:34:57] 늦은이미지 회수 실패 SRT_980: SRT_980 요청 아래 새 이미지가 없습니다.
[21:34:57] 늦은이미지 회수 실패 SRT_1000: SRT_1000 요청 아래 새 이미지가 없습니다.
[21:34:57] 늦은이미지 회수 실패 SRT_1020: SRT_1020 요청 아래 새 이미지가 없습니다.
[21:34:57] 늦은이미지 회수 실패 SRT_1040: SRT_1040 요청 아래 새 이미지가 없습니다.
[21:34:57] run_scene 시작 SRT_1060 · seen_files=10 · last_saved=https://www.genspark.ai/api/files/s/r3efz4ah
[21:34:57] ⏱ 준비 SRT_1060 0.0s · chars=2932
[21:34:58] ⏱ 다음명령유휴 SRT_1060 1.2s · idle=True
[21:35:01] fill 실패: 후보 1개
[21:35:01] run_scene 실패(재시도 없음): 이어쓰기 입력란을 찾지 못했습니다.
[21:35:01] SRT_1060 실패 — 다음 씬 계속
이어쓰기 입력란을 찾지 못했습니다.
[21:35:02] 상태키 SRT_1080 · Baek|blood_robe; Jin≈19|blood_robe
[21:35:02] 늦은이미지 회수 실패 SRT_900: SRT_900 요청 아래 새 이미지가 없습니다.
[21:35:02] 늦은이미지 회수 실패 SRT_920: SRT_920 요청 아래 새 이미지가 없습니다.
[21:35:02] 늦은이미지 회수 실패 SRT_940: SRT_940 요청 아래 새 이미지가 없습니다.
[21:35:02] 늦은이미지 회수 실패 SRT_960: SRT_960 요청 아래 새 이미지가 없습니다.
[21:35:02] 늦은이미지 회수 실패 SRT_980: SRT_980 요청 아래 새 이미지가 없습니다.
[21:35:02] 늦은이미지 회수 실패 SRT_1000: SRT_1000 요청 아래 새 이미지가 없습니다.
[21:35:02] 늦은이미지 회수 실패 SRT_1020: SRT_1020 요청 아래 새 이미지가 없습니다.
[21:35:02] 늦은이미지 회수 실패 SRT_1040: SRT_1040 요청 아래 새 이미지가 없습니다.
[21:35:02] 늦은이미지 회수 실패 SRT_1060: SRT_1060 요청 아래 새 이미지가 없습니다.
[21:35:02] run_scene 시작 SRT_1080 · seen_files=10 · last_saved=https://www.genspark.ai/api/files/s/r3efz4ah
[21:35:02] ⏱ 준비 SRT_1080 0.0s · chars=1398
[21:35:03] ⏱ 다음명령유휴 SRT_1080 1.2s · idle=True
[21:35:06] fill 실패: 후보 1개
[21:35:06] run_scene 실패(재시도 없음): 이어쓰기 입력란을 찾지 못했습니다.
[21:35:06] SRT_1080 실패 — 다음 씬 계속
이어쓰기 입력란을 찾지 못했습니다.
[21:35:06] 상태키 SRT_1100 · Baek|blood_robe; Jin≈19|blood_robe
[21:35:06] 늦은이미지 회수 실패 SRT_920: SRT_920 요청 아래 새 이미지가 없습니다.
[21:35:06] 늦은이미지 회수 실패 SRT_940: SRT_940 요청 아래 새 이미지가 없습니다.
[21:35:06] 늦은이미지 회수 실패 SRT_960: SRT_960 요청 아래 새 이미지가 없습니다.
[21:35:06] 늦은이미지 회수 실패 SRT_980: SRT_980 요청 아래 새 이미지가 없습니다.
[21:35:06] 늦은이미지 회수 실패 SRT_1000: SRT_1000 요청 아래 새 이미지가 없습니다.
[21:35:06] 늦은이미지 회수 실패 SRT_1020: SRT_1020 요청 아래 새 이미지가 없습니다.
[21:35:06] 늦은이미지 회수 실패 SRT_1040: SRT_1040 요청 아래 새 이미지가 없습니다.
[21:35:06] 늦은이미지 회수 실패 SRT_1060: SRT_1060 요청 아래 새 이미지가 없습니다.
[21:35:06] 늦은이미지 회수 실패 SRT_1080: SRT_1080 요청 아래 새 이미지가 없습니다.
[21:35:06] run_scene 시작 SRT_1100 · seen_files=10 · last_saved=https://www.genspark.ai/api/files/s/r3efz4ah
[21:35:06] ⏱ 준비 SRT_1100 0.0s · chars=1391
[21:35:08] ⏱ 다음명령유휴 SRT_1100 1.2s · idle=True
[21:35:11] fill 실패: 후보 1개
[21:35:11] run_scene 실패(재시도 없음): 이어쓰기 입력란을 찾지 못했습니다.
[21:35:11] SRT_1100 실패 — 다음 씬 계속
이어쓰기 입력란을 찾지 못했습니다.
[21:35:11] 상태키 SRT_1120 · Baek|blood_robe; Jin≈19|blood_robe
[21:35:11] 늦은이미지 회수 실패 SRT_940: SRT_940 요청 아래 새 이미지가 없습니다.
[21:35:11] 늦은이미지 회수 실패 SRT_960: SRT_960 요청 아래 새 이미지가 없습니다.
[21:35:11] 늦은이미지 회수 실패 SRT_980: SRT_980 요청 아래 새 이미지가 없습니다.
[21:35:11] 늦은이미지 회수 실패 SRT_1000: SRT_1000 요청 아래 새 이미지가 없습니다.
[21:35:11] 늦은이미지 회수 실패 SRT_1020: SRT_1020 요청 아래 새 이미지가 없습니다.
[21:35:11] 늦은이미지 회수 실패 SRT_1040: SRT_1040 요청 아래 새 이미지가 없습니다.
[21:35:11] 늦은이미지 회수 실패 SRT_1060: SRT_1060 요청 아래 새 이미지가 없습니다.
[21:35:11] 늦은이미지 회수 실패 SRT_1080: SRT_1080 요청 아래 새 이미지가 없습니다.
[21:35:11] 늦은이미지 회수 실패 SRT_1100: SRT_1100 요청 아래 새 이미지가 없습니다.
[21:35:11] run_scene 시작 SRT_1120 · seen_files=10 · last_saved=https://www.genspark.ai/api/files/s/r3efz4ah
[21:35:11] ⏱ 준비 SRT_1120 0.0s · chars=2447
[21:35:12] ⏱ 다음명령유휴 SRT_1120 1.2s · idle=True
[21:35:16] fill 실패: 후보 1개
[21:35:16] run_scene 실패(재시도 없음): 이어쓰기 입력란을 찾지 못했습니다.
[21:35:16] SRT_1120 실패 — 다음 씬 계속
이어쓰기 입력란을 찾지 못했습니다.
[21:35:16] 상태키 SRT_1140 · Baek|blood_robe; Jin≈19|blood_robe
[21:35:16] 늦은이미지 회수 실패 SRT_960: SRT_960 요청 아래 새 이미지가 없습니다.
[21:35:16] 늦은이미지 회수 실패 SRT_980: SRT_980 요청 아래 새 이미지가 없습니다.
[21:35:16] 늦은이미지 회수 실패 SRT_1000: SRT_1000 요청 아래 새 이미지가 없습니다.
[21:35:16] 늦은이미지 회수 실패 SRT_1020: SRT_1020 요청 아래 새 이미지가 없습니다.
[21:35:16] 늦은이미지 회수 실패 SRT_1040: SRT_1040 요청 아래 새 이미지가 없습니다.
[21:35:16] 늦은이미지 회수 실패 SRT_1060: SRT_1060 요청 아래 새 이미지가 없습니다.
[21:35:16] 늦은이미지 회수 실패 SRT_1080: SRT_1080 요청 아래 새 이미지가 없습니다.
[21:35:16] 늦은이미지 회수 실패 SRT_1100: SRT_1100 요청 아래 새 이미지가 없습니다.
[21:35:16] 늦은이미지 회수 실패 SRT_1120: SRT_1120 요청 아래 새 이미지가 없습니다.
[21:35:16] run_scene 시작 SRT_1140 · seen_files=10 · last_saved=https://www.genspark.ai/api/files/s/r3efz4ah
[21:35:16] ⏱ 준비 SRT_1140 0.0s · chars=2426
[21:35:17] ⏱ 다음명령유휴 SRT_1140 1.2s · idle=True
[21:35:20] fill 실패: 후보 1개
[21:35:20] run_scene 실패(재시도 없음): 이어쓰기 입력란을 찾지 못했습니다.
[21:35:20] SRT_1140 실패 — 다음 씬 계속
이어쓰기 입력란을 찾지 못했습니다.
[21:35:21] 상태키 SRT_1160 · Baek|blood_robe; Jin≈19|blood_robe
[21:35:21] 늦은이미지 회수 실패 SRT_980: SRT_980 요청 아래 새 이미지가 없습니다.
[21:35:21] 늦은이미지 회수 실패 SRT_1000: SRT_1000 요청 아래 새 이미지가 없습니다.
[21:35:21] 늦은이미지 회수 실패 SRT_1020: SRT_1020 요청 아래 새 이미지가 없습니다.
[21:35:21] 늦은이미지 회수 실패 SRT_1040: SRT_1040 요청 아래 새 이미지가 없습니다.
[21:35:21] 늦은이미지 회수 실패 SRT_1060: SRT_1060 요청 아래 새 이미지가 없습니다.
[21:35:21] 늦은이미지 회수 실패 SRT_1080: SRT_1080 요청 아래 새 이미지가 없습니다.
[21:35:21] 늦은이미지 회수 실패 SRT_1100: SRT_1100 요청 아래 새 이미지가 없습니다.
[21:35:21] 늦은이미지 회수 실패 SRT_1120: SRT_1120 요청 아래 새 이미지가 없습니다.
[21:35:21] 늦은이미지 회수 실패 SRT_1140: SRT_1140 요청 아래 새 이미지가 없습니다.
[21:35:21] run_scene 시작 SRT_1160 · seen_files=10 · last_saved=https://www.genspark.ai/api/files/s/r3efz4ah
[21:35:21] ⏱ 준비 SRT_1160 0.0s · chars=2926
[21:35:22] ⏱ 다음명령유휴 SRT_1160 1.2s · idle=True
[21:35:25] fill 실패: 후보 1개
[21:35:25] run_scene 실패(재시도 없음): 이어쓰기 입력란을 찾지 못했습니다.
[21:35:25] SRT_1160 실패 — 다음 씬 계속
이어쓰기 입력란을 찾지 못했습니다.
[21:35:25] 상태키 SRT_1180 · Baek|blood_robe; Jin≈19|blood_robe
[21:35:25] 늦은이미지 회수 실패 SRT_1000: SRT_1000 요청 아래 새 이미지가 없습니다.
[21:35:25] 늦은이미지 회수 실패 SRT_1020: SRT_1020 요청 아래 새 이미지가 없습니다.
[21:35:25] 늦은이미지 회수 실패 SRT_1040: SRT_1040 요청 아래 새 이미지가 없습니다.
[21:35:25] 늦은이미지 회수 실패 SRT_1060: SRT_1060 요청 아래 새 이미지가 없습니다.
[21:35:25] 늦은이미지 회수 실패 SRT_1080: SRT_1080 요청 아래 새 이미지가 없습니다.
[21:35:25] 늦은이미지 회수 실패 SRT_1100: SRT_1100 요청 아래 새 이미지가 없습니다.
[21:35:25] 늦은이미지 회수 실패 SRT_1120: SRT_1120 요청 아래 새 이미지가 없습니다.
[21:35:25] 늦은이미지 회수 실패 SRT_1140: SRT_1140 요청 아래 새 이미지가 없습니다.
[21:35:25] 늦은이미지 회수 실패 SRT_1160: SRT_1160 요청 아래 새 이미지가 없습니다.
[21:35:25] run_scene 시작 SRT_1180 · seen_files=10 · last_saved=https://www.genspark.ai/api/files/s/r3efz4ah
[21:35:25] ⏱ 준비 SRT_1180 0.0s · chars=2929
[21:35:27] ⏱ 다음명령유휴 SRT_1180 1.2s · idle=True
[21:35:30] fill 실패: 후보 1개
[21:35:30] run_scene 실패(재시도 없음): 이어쓰기 입력란을 찾지 못했습니다.
[21:35:30] SRT_1180 실패 — 다음 씬 계속
이어쓰기 입력란을 찾지 못했습니다.
[21:35:30] 상태키 SRT_1200 · Baek|blood_robe; Jin≈19|blood_robe
[21:35:30] 늦은이미지 회수 실패 SRT_1020: SRT_1020 요청 아래 새 이미지가 없습니다.
[21:35:30] 늦은이미지 회수 실패 SRT_1040: SRT_1040 요청 아래 새 이미지가 없습니다.
[21:35:30] 늦은이미지 회수 실패 SRT_1060: SRT_1060 요청 아래 새 이미지가 없습니다.
[21:35:30] 늦은이미지 회수 실패 SRT_1080: SRT_1080 요청 아래 새 이미지가 없습니다.
[21:35:30] 늦은이미지 회수 실패 SRT_1100: SRT_1100 요청 아래 새 이미지가 없습니다.
[21:35:30] 늦은이미지 회수 실패 SRT_1120: SRT_1120 요청 아래 새 이미지가 없습니다.
[21:35:30] 늦은이미지 회수 실패 SRT_1140: SRT_1140 요청 아래 새 이미지가 없습니다.
[21:35:30] 늦은이미지 회수 실패 SRT_1160: SRT_1160 요청 아래 새 이미지가 없습니다.
[21:35:30] 늦은이미지 회수 실패 SRT_1180: SRT_1180 요청 아래 새 이미지가 없습니다.
[21:35:30] run_scene 시작 SRT_1200 · seen_files=10 · last_saved=https://www.genspark.ai/api/files/s/r3efz4ah
[21:35:30] ⏱ 준비 SRT_1200 0.0s · chars=1398
[21:35:31] ⏱ 다음명령유휴 SRT_1200 1.2s · idle=True
[21:35:35] fill 실패: 후보 1개
[21:35:35] run_scene 실패(재시도 없음): 이어쓰기 입력란을 찾지 못했습니다.
[21:35:35] SRT_1200 실패 — 다음 씬 계속
이어쓰기 입력란을 찾지 못했습니다.
[21:35:35] 상태키 SRT_1220 · Baek|blood_robe; Jin≈19|blood_robe
[21:35:35] 늦은이미지 회수 실패 SRT_1040: SRT_1040 요청 아래 새 이미지가 없습니다.
[21:35:35] 늦은이미지 회수 실패 SRT_1060: SRT_1060 요청 아래 새 이미지가 없습니다.
[21:35:35] 늦은이미지 회수 실패 SRT_1080: SRT_1080 요청 아래 새 이미지가 없습니다.
[21:35:35] 늦은이미지 회수 실패 SRT_1100: SRT_1100 요청 아래 새 이미지가 없습니다.
[21:35:35] 늦은이미지 회수 실패 SRT_1120: SRT_1120 요청 아래 새 이미지가 없습니다.
[21:35:35] 늦은이미지 회수 실패 SRT_1140: SRT_1140 요청 아래 새 이미지가 없습니다.
[21:35:35] 늦은이미지 회수 실패 SRT_1160: SRT_1160 요청 아래 새 이미지가 없습니다.
[21:35:35] 늦은이미지 회수 실패 SRT_1180: SRT_1180 요청 아래 새 이미지가 없습니다.
[21:35:35] 늦은이미지 회수 실패 SRT_1200: SRT_1200 요청 아래 새 이미지가 없습니다.
[21:35:35] run_scene 시작 SRT_1220 · seen_files=10 · last_saved=https://www.genspark.ai/api/files/s/r3efz4ah
[21:35:35] ⏱ 준비 SRT_1220 0.0s · chars=2212
[21:35:36] ⏱ 다음명령유휴 SRT_1220 1.2s · idle=True
[21:35:39] fill 실패: 후보 1개
[21:35:39] run_scene 실패(재시도 없음): 이어쓰기 입력란을 찾지 못했습니다.
[21:35:39] SRT_1220 실패 — 다음 씬 계속
이어쓰기 입력란을 찾지 못했습니다.
[21:35:40] 상태키 SRT_1240 · Baek|blood_robe; Jin≈19|blood_robe
[21:35:40] 늦은이미지 회수 실패 SRT_1060: SRT_1060 요청 아래 새 이미지가 없습니다.
[21:35:40] 늦은이미지 회수 실패 SRT_1080: SRT_1080 요청 아래 새 이미지가 없습니다.
[21:35:40] 늦은이미지 회수 실패 SRT_1100: SRT_1100 요청 아래 새 이미지가 없습니다.
[21:35:40] 늦은이미지 회수 실패 SRT_1120: SRT_1120 요청 아래 새 이미지가 없습니다.
[21:35:40] 늦은이미지 회수 실패 SRT_1140: SRT_1140 요청 아래 새 이미지가 없습니다.
[21:35:40] 늦은이미지 회수 실패 SRT_1160: SRT_1160 요청 아래 새 이미지가 없습니다.
[21:35:40] 늦은이미지 회수 실패 SRT_1180: SRT_1180 요청 아래 새 이미지가 없습니다.
[21:35:40] 늦은이미지 회수 실패 SRT_1200: SRT_1200 요청 아래 새 이미지가 없습니다.
[21:35:40] 늦은이미지 회수 실패 SRT_1220: SRT_1220 요청 아래 새 이미지가 없습니다.
[21:35:40] run_scene 시작 SRT_1240 · seen_files=10 · last_saved=https://www.genspark.ai/api/files/s/r3efz4ah
[21:35:40] ⏱ 준비 SRT_1240 0.0s · chars=1529
[21:35:41] ⏱ 다음명령유휴 SRT_1240 1.2s · idle=True
[21:35:44] fill 실패: 후보 1개
[21:35:44] run_scene 실패(재시도 없음): 이어쓰기 입력란을 찾지 못했습니다.
[21:35:44] SRT_1240 실패 — 다음 씬 계속
이어쓰기 입력란을 찾지 못했습니다.
[21:35:44] 상태키 SRT_1260 · Baek|blood_robe; Jin≈19|blood_robe
[21:35:44] 늦은이미지 회수 실패 SRT_1080: SRT_1080 요청 아래 새 이미지가 없습니다.
[21:35:44] 늦은이미지 회수 실패 SRT_1100: SRT_1100 요청 아래 새 이미지가 없습니다.
[21:35:44] 늦은이미지 회수 실패 SRT_1120: SRT_1120 요청 아래 새 이미지가 없습니다.
[21:35:44] 늦은이미지 회수 실패 SRT_1140: SRT_1140 요청 아래 새 이미지가 없습니다.
[21:35:44] 늦은이미지 회수 실패 SRT_1160: SRT_1160 요청 아래 새 이미지가 없습니다.
[21:35:44] 늦은이미지 회수 실패 SRT_1180: SRT_1180 요청 아래 새 이미지가 없습니다.
[21:35:44] 늦은이미지 회수 실패 SRT_1200: SRT_1200 요청 아래 새 이미지가 없습니다.
[21:35:44] 늦은이미지 회수 실패 SRT_1220: SRT_1220 요청 아래 새 이미지가 없습니다.
[21:35:44] 늦은이미지 회수 실패 SRT_1240: SRT_1240 요청 아래 새 이미지가 없습니다.
[21:35:44] run_scene 시작 SRT_1260 · seen_files=10 · last_saved=https://www.genspark.ai/api/files/s/r3efz4ah
[21:35:44] ⏱ 준비 SRT_1260 0.0s · chars=2099
[21:35:46] ⏱ 다음명령유휴 SRT_1260 1.2s · idle=True
[21:35:49] fill 실패: 후보 1개
[21:35:49] run_scene 실패(재시도 없음): 이어쓰기 입력란을 찾지 못했습니다.
[21:35:49] SRT_1260 실패 — 다음 씬 계속
이어쓰기 입력란을 찾지 못했습니다.
[21:35:49] 상태키 SRT_1280 · Baek|blood_robe; Jin≈19|blood_robe
[21:35:49] 늦은이미지 회수 실패 SRT_1100: SRT_1100 요청 아래 새 이미지가 없습니다.
[21:35:49] 늦은이미지 회수 실패 SRT_1120: SRT_1120 요청 아래 새 이미지가 없습니다.
[21:35:49] 늦은이미지 회수 실패 SRT_1140: SRT_1140 요청 아래 새 이미지가 없습니다.
[21:35:49] 늦은이미지 회수 실패 SRT_1160: SRT_1160 요청 아래 새 이미지가 없습니다.
[21:35:49] 늦은이미지 회수 실패 SRT_1180: SRT_1180 요청 아래 새 이미지가 없습니다.
[21:35:49] 늦은이미지 회수 실패 SRT_1200: SRT_1200 요청 아래 새 이미지가 없습니다.
[21:35:49] 늦은이미지 회수 실패 SRT_1220: SRT_1220 요청 아래 새 이미지가 없습니다.
[21:35:49] 늦은이미지 회수 실패 SRT_1240: SRT_1240 요청 아래 새 이미지가 없습니다.
[21:35:49] 늦은이미지 회수 실패 SRT_1260: SRT_1260 요청 아래 새 이미지가 없습니다.
[21:35:49] run_scene 시작 SRT_1280 · seen_files=10 · last_saved=https://www.genspark.ai/api/files/s/r3efz4ah
[21:35:49] ⏱ 준비 SRT_1280 0.0s · chars=2147
[21:35:50] ⏱ 다음명령유휴 SRT_1280 1.2s · idle=True
[21:35:54] fill 실패: 후보 1개
[21:35:54] run_scene 실패(재시도 없음): 이어쓰기 입력란을 찾지 못했습니다.
[21:35:54] SRT_1280 실패 — 다음 씬 계속
이어쓰기 입력란을 찾지 못했습니다.
[21:35:54] 상태키 SRT_1300 · Baek|blood_robe; Jin≈19|blood_robe
[21:35:54] 늦은이미지 회수 실패 SRT_1120: SRT_1120 요청 아래 새 이미지가 없습니다.
[21:35:54] 늦은이미지 회수 실패 SRT_1140: SRT_1140 요청 아래 새 이미지가 없습니다.
[21:35:54] 늦은이미지 회수 실패 SRT_1160: SRT_1160 요청 아래 새 이미지가 없습니다.
[21:35:54] 늦은이미지 회수 실패 SRT_1180: SRT_1180 요청 아래 새 이미지가 없습니다.
[21:35:54] 늦은이미지 회수 실패 SRT_1200: SRT_1200 요청 아래 새 이미지가 없습니다.
[21:35:54] 늦은이미지 회수 실패 SRT_1220: SRT_1220 요청 아래 새 이미지가 없습니다.
[21:35:54] 늦은이미지 회수 실패 SRT_1240: SRT_1240 요청 아래 새 이미지가 없습니다.
[21:35:54] 늦은이미지 회수 실패 SRT_1260: SRT_1260 요청 아래 새 이미지가 없습니다.
[21:35:54] 늦은이미지 회수 실패 SRT_1280: SRT_1280 요청 아래 새 이미지가 없습니다.
[21:35:54] run_scene 시작 SRT_1300 · seen_files=10 · last_saved=https://www.genspark.ai/api/files/s/r3efz4ah
[21:35:54] ⏱ 준비 SRT_1300 0.0s · chars=2122
[21:35:55] ⏱ 다음명령유휴 SRT_1300 1.2s · idle=True
[21:35:58] fill 실패: 후보 1개
[21:35:58] run_scene 실패(재시도 없음): 이어쓰기 입력란을 찾지 못했습니다.
[21:35:58] SRT_1300 실패 — 다음 씬 계속
이어쓰기 입력란을 찾지 못했습니다.
[21:35:59] 상태키 SRT_1320 · Baek|blood_robe; Jin≈19|blood_robe
[21:35:59] 늦은이미지 회수 실패 SRT_1140: SRT_1140 요청 아래 새 이미지가 없습니다.
[21:35:59] 늦은이미지 회수 실패 SRT_1160: SRT_1160 요청 아래 새 이미지가 없습니다.
[21:35:59] 늦은이미지 회수 실패 SRT_1180: SRT_1180 요청 아래 새 이미지가 없습니다.
[21:35:59] 늦은이미지 회수 실패 SRT_1200: SRT_1200 요청 아래 새 이미지가 없습니다.
[21:35:59] 늦은이미지 회수 실패 SRT_1220: SRT_1220 요청 아래 새 이미지가 없습니다.
[21:35:59] 늦은이미지 회수 실패 SRT_1240: SRT_1240 요청 아래 새 이미지가 없습니다.
[21:35:59] 늦은이미지 회수 실패 SRT_1260: SRT_1260 요청 아래 새 이미지가 없습니다.
[21:35:59] 늦은이미지 회수 실패 SRT_1280: SRT_1280 요청 아래 새 이미지가 없습니다.
[21:35:59] 늦은이미지 회수 실패 SRT_1300: SRT_1300 요청 아래 새 이미지가 없습니다.
[21:35:59] run_scene 시작 SRT_1320 · seen_files=10 · last_saved=https://www.genspark.ai/api/files/s/r3efz4ah
[21:35:59] ⏱ 준비 SRT_1320 0.0s · chars=2145
[21:36:00] ⏱ 다음명령유휴 SRT_1320 1.2s · idle=True
[21:36:03] fill 실패: 후보 1개
[21:36:03] run_scene 실패(재시도 없음): 이어쓰기 입력란을 찾지 못했습니다.
[21:36:03] SRT_1320 실패 — 다음 씬 계속
이어쓰기 입력란을 찾지 못했습니다.
[21:36:03] 상태키 SRT_1340 · Baek|blood_robe; Jin≈19|blood_robe
[21:36:03] 늦은이미지 회수 실패 SRT_1160: SRT_1160 요청 아래 새 이미지가 없습니다.
[21:36:03] 늦은이미지 회수 실패 SRT_1180: SRT_1180 요청 아래 새 이미지가 없습니다.
[21:36:03] 늦은이미지 회수 실패 SRT_1200: SRT_1200 요청 아래 새 이미지가 없습니다.
[21:36:03] 늦은이미지 회수 실패 SRT_1220: SRT_1220 요청 아래 새 이미지가 없습니다.
[21:36:03] 늦은이미지 회수 실패 SRT_1240: SRT_1240 요청 아래 새 이미지가 없습니다.
[21:36:03] 늦은이미지 회수 실패 SRT_1260: SRT_1260 요청 아래 새 이미지가 없습니다.
[21:36:03] 늦은이미지 회수 실패 SRT_1280: SRT_1280 요청 아래 새 이미지가 없습니다.
[21:36:03] 늦은이미지 회수 실패 SRT_1300: SRT_1300 요청 아래 새 이미지가 없습니다.
[21:36:03] 늦은이미지 회수 실패 SRT_1320: SRT_1320 요청 아래 새 이미지가 없습니다.
[21:36:03] run_scene 시작 SRT_1340 · seen_files=10 · last_saved=https://www.genspark.ai/api/files/s/r3efz4ah
[21:36:03] ⏱ 준비 SRT_1340 0.0s · chars=2117
[21:36:05] ⏱ 다음명령유휴 SRT_1340 1.2s · idle=True
[21:36:08] fill 실패: 후보 1개
[21:36:08] run_scene 실패(재시도 없음): 이어쓰기 입력란을 찾지 못했습니다.
[21:36:08] SRT_1340 실패 — 다음 씬 계속
이어쓰기 입력란을 찾지 못했습니다.
[21:36:08] 상태키 SRT_1360 · Baek|blood_robe; Jin≈19|blood_robe
[21:36:08] 늦은이미지 회수 실패 SRT_1180: SRT_1180 요청 아래 새 이미지가 없습니다.
[21:36:08] 늦은이미지 회수 실패 SRT_1200: SRT_1200 요청 아래 새 이미지가 없습니다.
[21:36:08] 늦은이미지 회수 실패 SRT_1220: SRT_1220 요청 아래 새 이미지가 없습니다.
[21:36:08] 늦은이미지 회수 실패 SRT_1240: SRT_1240 요청 아래 새 이미지가 없습니다.
[21:36:08] 늦은이미지 회수 실패 SRT_1260: SRT_1260 요청 아래 새 이미지가 없습니다.
[21:36:08] 늦은이미지 회수 실패 SRT_1280: SRT_1280 요청 아래 새 이미지가 없습니다.
[21:36:08] 늦은이미지 회수 실패 SRT_1300: SRT_1300 요청 아래 새 이미지가 없습니다.
[21:36:08] 늦은이미지 회수 실패 SRT_1320: SRT_1320 요청 아래 새 이미지가 없습니다.
[21:36:08] 늦은이미지 회수 실패 SRT_1340: SRT_1340 요청 아래 새 이미지가 없습니다.
[21:36:08] run_scene 시작 SRT_1360 · seen_files=10 · last_saved=https://www.genspark.ai/api/files/s/r3efz4ah
[21:36:08] ⏱ 준비 SRT_1360 0.0s · chars=2118
[21:36:09] ⏱ 다음명령유휴 SRT_1360 1.2s · idle=True
[21:36:13] fill 실패: 후보 1개
[21:36:13] run_scene 실패(재시도 없음): 이어쓰기 입력란을 찾지 못했습니다.
[21:36:13] SRT_1360 실패 — 다음 씬 계속
이어쓰기 입력란을 찾지 못했습니다.
[21:36:13] 상태키 SRT_1380 · Baek|blood_robe; Jin≈19|blood_robe
[21:36:13] 늦은이미지 회수 실패 SRT_1200: SRT_1200 요청 아래 새 이미지가 없습니다.
[21:36:13] 늦은이미지 회수 실패 SRT_1220: SRT_1220 요청 아래 새 이미지가 없습니다.
[21:36:13] 늦은이미지 회수 실패 SRT_1240: SRT_1240 요청 아래 새 이미지가 없습니다.
[21:36:13] 늦은이미지 회수 실패 SRT_1260: SRT_1260 요청 아래 새 이미지가 없습니다.
[21:36:13] 늦은이미지 회수 실패 SRT_1280: SRT_1280 요청 아래 새 이미지가 없습니다.
[21:36:13] 늦은이미지 회수 실패 SRT_1300: SRT_1300 요청 아래 새 이미지가 없습니다.
[21:36:13] 늦은이미지 회수 실패 SRT_1320: SRT_1320 요청 아래 새 이미지가 없습니다.
[21:36:13] 늦은이미지 회수 실패 SRT_1340: SRT_1340 요청 아래 새 이미지가 없습니다.
[21:36:13] 늦은이미지 회수 실패 SRT_1360: SRT_1360 요청 아래 새 이미지가 없습니다.
[21:36:13] run_scene 시작 SRT_1380 · seen_files=10 · last_saved=https://www.genspark.ai/api/files/s/r3efz4ah
[21:36:13] ⏱ 준비 SRT_1380 0.0s · chars=2154
[21:36:14] ⏱ 다음명령유휴 SRT_1380 1.2s · idle=True
[21:36:17] fill 실패: 후보 1개
[21:36:17] run_scene 실패(재시도 없음): 이어쓰기 입력란을 찾지 못했습니다.
[21:36:17] SRT_1380 실패 — 다음 씬 계속
이어쓰기 입력란을 찾지 못했습니다.
[21:36:18] 상태키 SRT_1400 · Baek|blood_robe; Jin≈19|blood_robe
[21:36:18] 늦은이미지 회수 실패 SRT_1220: SRT_1220 요청 아래 새 이미지가 없습니다.
[21:36:18] 늦은이미지 회수 실패 SRT_1240: SRT_1240 요청 아래 새 이미지가 없습니다.
[21:36:18] 늦은이미지 회수 실패 SRT_1260: SRT_1260 요청 아래 새 이미지가 없습니다.
[21:36:18] 늦은이미지 회수 실패 SRT_1280: SRT_1280 요청 아래 새 이미지가 없습니다.
[21:36:18] 늦은이미지 회수 실패 SRT_1300: SRT_1300 요청 아래 새 이미지가 없습니다.
[21:36:18] 늦은이미지 회수 실패 SRT_1320: SRT_1320 요청 아래 새 이미지가 없습니다.
[21:36:18] 늦은이미지 회수 실패 SRT_1340: SRT_1340 요청 아래 새 이미지가 없습니다.
[21:36:18] 늦은이미지 회수 실패 SRT_1360: SRT_1360 요청 아래 새 이미지가 없습니다.
[21:36:18] 늦은이미지 회수 실패 SRT_1380: SRT_1380 요청 아래 새 이미지가 없습니다.
[21:36:18] run_scene 시작 SRT_1400 · seen_files=10 · last_saved=https://www.genspark.ai/api/files/s/r3efz4ah
[21:36:18] ⏱ 준비 SRT_1400 0.0s · chars=1529
[21:36:19] ⏱ 다음명령유휴 SRT_1400 1.2s · idle=True
[21:36:22] fill 실패: 후보 1개
[21:36:22] run_scene 실패(재시도 없음): 이어쓰기 입력란을 찾지 못했습니다.
[21:36:22] SRT_1400 실패 — 다음 씬 계속
이어쓰기 입력란을 찾지 못했습니다.
[21:36:22] 상태키 SRT_1420 · Baek|blood_robe; Jin≈19|blood_robe
[21:36:22] 늦은이미지 회수 실패 SRT_1240: SRT_1240 요청 아래 새 이미지가 없습니다.
[21:36:22] 늦은이미지 회수 실패 SRT_1260: SRT_1260 요청 아래 새 이미지가 없습니다.
[21:36:22] 늦은이미지 회수 실패 SRT_1280: SRT_1280 요청 아래 새 이미지가 없습니다.
[21:36:22] 늦은이미지 회수 실패 SRT_1300: SRT_1300 요청 아래 새 이미지가 없습니다.
[21:36:22] 늦은이미지 회수 실패 SRT_1320: SRT_1320 요청 아래 새 이미지가 없습니다.
[21:36:22] 늦은이미지 회수 실패 SRT_1340: SRT_1340 요청 아래 새 이미지가 없습니다.
[21:36:22] 늦은이미지 회수 실패 SRT_1360: SRT_1360 요청 아래 새 이미지가 없습니다.
[21:36:22] 늦은이미지 회수 실패 SRT_1380: SRT_1380 요청 아래 새 이미지가 없습니다.
[21:36:23] 늦은이미지 회수 실패 SRT_1400: SRT_1400 요청 아래 새 이미지가 없습니다.
[21:36:23] run_scene 시작 SRT_1420 · seen_files=10 · last_saved=https://www.genspark.ai/api/files/s/r3efz4ah
[21:36:23] ⏱ 준비 SRT_1420 0.0s · chars=1613
[21:36:24] ⏱ 다음명령유휴 SRT_1420 1.2s · idle=True
[21:36:27] fill 실패: 후보 1개
[21:36:27] run_scene 실패(재시도 없음): 이어쓰기 입력란을 찾지 못했습니다.
[21:36:27] SRT_1420 실패 — 다음 씬 계속
이어쓰기 입력란을 찾지 못했습니다.
[21:36:27] 상태키 SRT_1440 · Baek|blood_robe; Jin≈19|blood_robe
[21:36:27] 늦은이미지 회수 실패 SRT_1260: SRT_1260 요청 아래 새 이미지가 없습니다.
[21:36:27] 늦은이미지 회수 실패 SRT_1280: SRT_1280 요청 아래 새 이미지가 없습니다.
[21:36:27] 늦은이미지 회수 실패 SRT_1300: SRT_1300 요청 아래 새 이미지가 없습니다.
[21:36:27] 늦은이미지 회수 실패 SRT_1320: SRT_1320 요청 아래 새 이미지가 없습니다.
[21:36:27] 늦은이미지 회수 실패 SRT_1340: SRT_1340 요청 아래 새 이미지가 없습니다.
[21:36:27] 늦은이미지 회수 실패 SRT_1360: SRT_1360 요청 아래 새 이미지가 없습니다.
[21:36:27] 늦은이미지 회수 실패 SRT_1380: SRT_1380 요청 아래 새 이미지가 없습니다.
[21:36:27] 늦은이미지 회수 실패 SRT_1400: SRT_1400 요청 아래 새 이미지가 없습니다.
[21:36:27] 늦은이미지 회수 실패 SRT_1420: SRT_1420 요청 아래 새 이미지가 없습니다.
[21:36:27] run_scene 시작 SRT_1440 · seen_files=10 · last_saved=https://www.genspark.ai/api/files/s/r3efz4ah
[21:36:27] ⏱ 준비 SRT_1440 0.0s · chars=1662
[21:36:28] ⏱ 다음명령유휴 SRT_1440 1.2s · idle=True
[21:36:32] fill 실패: 후보 1개
[21:36:32] run_scene 실패(재시도 없음): 이어쓰기 입력란을 찾지 못했습니다.
[21:36:32] SRT_1440 실패 — 다음 씬 계속
이어쓰기 입력란을 찾지 못했습니다.
[21:36:32] 상태키 SRT_1460 · Baek|blood_robe; Jin≈19|blood_robe
[21:36:32] 늦은이미지 회수 실패 SRT_1280: SRT_1280 요청 아래 새 이미지가 없습니다.
[21:36:32] 늦은이미지 회수 실패 SRT_1300: SRT_1300 요청 아래 새 이미지가 없습니다.
[21:36:32] 늦은이미지 회수 실패 SRT_1320: SRT_1320 요청 아래 새 이미지가 없습니다.
[21:36:32] 늦은이미지 회수 실패 SRT_1340: SRT_1340 요청 아래 새 이미지가 없습니다.
[21:36:32] 늦은이미지 회수 실패 SRT_1360: SRT_1360 요청 아래 새 이미지가 없습니다.
[21:36:32] 늦은이미지 회수 실패 SRT_1380: SRT_1380 요청 아래 새 이미지가 없습니다.
[21:36:32] 늦은이미지 회수 실패 SRT_1400: SRT_1400 요청 아래 새 이미지가 없습니다.
[21:36:32] 늦은이미지 회수 실패 SRT_1420: SRT_1420 요청 아래 새 이미지가 없습니다.
[21:36:32] 늦은이미지 회수 실패 SRT_1440: SRT_1440 요청 아래 새 이미지가 없습니다.
[21:36:32] run_scene 시작 SRT_1460 · seen_files=10 · last_saved=https://www.genspark.ai/api/files/s/r3efz4ah
[21:36:32] ⏱ 준비 SRT_1460 0.0s · chars=1631
[21:36:33] ⏱ 다음명령유휴 SRT_1460 1.2s · idle=True
[21:36:36] fill 실패: 후보 1개
[21:36:36] run_scene 실패(재시도 없음): 이어쓰기 입력란을 찾지 못했습니다.
[21:36:36] SRT_1460 실패 — 다음 씬 계속
이어쓰기 입력란을 찾지 못했습니다.
[21:36:37] 상태키 SRT_1480 · Baek|blood_robe; Jin≈19|blood_robe
[21:36:37] 늦은이미지 회수 실패 SRT_1300: SRT_1300 요청 아래 새 이미지가 없습니다.
[21:36:37] 늦은이미지 회수 실패 SRT_1320: SRT_1320 요청 아래 새 이미지가 없습니다.
[21:36:37] 늦은이미지 회수 실패 SRT_1340: SRT_1340 요청 아래 새 이미지가 없습니다.
[21:36:37] 늦은이미지 회수 실패 SRT_1360: SRT_1360 요청 아래 새 이미지가 없습니다.
[21:36:37] 늦은이미지 회수 실패 SRT_1380: SRT_1380 요청 아래 새 이미지가 없습니다.
[21:36:37] 늦은이미지 회수 실패 SRT_1400: SRT_1400 요청 아래 새 이미지가 없습니다.
[21:36:37] 늦은이미지 회수 실패 SRT_1420: SRT_1420 요청 아래 새 이미지가 없습니다.
[21:36:37] 늦은이미지 회수 실패 SRT_1440: SRT_1440 요청 아래 새 이미지가 없습니다.
[21:36:37] 늦은이미지 회수 실패 SRT_1460: SRT_1460 요청 아래 새 이미지가 없습니다.
[21:36:37] run_scene 시작 SRT_1480 · seen_files=10 · last_saved=https://www.genspark.ai/api/files/s/r3efz4ah
[21:36:37] ⏱ 준비 SRT_1480 0.0s · chars=2146
[21:36:38] ⏱ 다음명령유휴 SRT_1480 1.2s · idle=True
[21:36:41] fill 실패: 후보 1개
[21:36:41] run_scene 실패(재시도 없음): 이어쓰기 입력란을 찾지 못했습니다.
[21:36:41] SRT_1480 실패 — 다음 씬 계속
이어쓰기 입력란을 찾지 못했습니다.
[21:36:41] 상태키 SRT_1500 · Baek|blood_robe; Jin≈19|blood_robe
[21:36:41] 늦은이미지 회수 실패 SRT_1320: SRT_1320 요청 아래 새 이미지가 없습니다.
[21:36:41] 늦은이미지 회수 실패 SRT_1340: SRT_1340 요청 아래 새 이미지가 없습니다.
[21:36:41] 늦은이미지 회수 실패 SRT_1360: SRT_1360 요청 아래 새 이미지가 없습니다.
[21:36:41] 늦은이미지 회수 실패 SRT_1380: SRT_1380 요청 아래 새 이미지가 없습니다.
[21:36:41] 늦은이미지 회수 실패 SRT_1400: SRT_1400 요청 아래 새 이미지가 없습니다.
[21:36:41] 늦은이미지 회수 실패 SRT_1420: SRT_1420 요청 아래 새 이미지가 없습니다.
[21:36:41] 늦은이미지 회수 실패 SRT_1440: SRT_1440 요청 아래 새 이미지가 없습니다.
[21:36:41] 늦은이미지 회수 실패 SRT_1460: SRT_1460 요청 아래 새 이미지가 없습니다.
[21:36:41] 늦은이미지 회수 실패 SRT_1480: SRT_1480 요청 아래 새 이미지가 없습니다.
[21:36:41] run_scene 시작 SRT_1500 · seen_files=10 · last_saved=https://www.genspark.ai/api/files/s/r3efz4ah
[21:36:42] ⏱ 준비 SRT_1500 0.0s · chars=1637
[21:36:43] ⏱ 다음명령유휴 SRT_1500 1.2s · idle=True
[21:36:46] fill 실패: 후보 1개
[21:36:46] run_scene 실패(재시도 없음): 이어쓰기 입력란을 찾지 못했습니다.
[21:36:46] SRT_1500 실패 — 다음 씬 계속
이어쓰기 입력란을 찾지 못했습니다.
[21:36:46] 상태키 SRT_1520 · Baek|blood_robe; Jin≈19|blood_robe
[21:36:46] 늦은이미지 회수 실패 SRT_1340: SRT_1340 요청 아래 새 이미지가 없습니다.
[21:36:46] 늦은이미지 회수 실패 SRT_1360: SRT_1360 요청 아래 새 이미지가 없습니다.
[21:36:46] 늦은이미지 회수 실패 SRT_1380: SRT_1380 요청 아래 새 이미지가 없습니다.
[21:36:46] 늦은이미지 회수 실패 SRT_1400: SRT_1400 요청 아래 새 이미지가 없습니다.
[21:36:46] 늦은이미지 회수 실패 SRT_1420: SRT_1420 요청 아래 새 이미지가 없습니다.
[21:36:46] 늦은이미지 회수 실패 SRT_1440: SRT_1440 요청 아래 새 이미지가 없습니다.
[21:36:46] 늦은이미지 회수 실패 SRT_1460: SRT_1460 요청 아래 새 이미지가 없습니다.
[21:36:46] 늦은이미지 회수 실패 SRT_1480: SRT_1480 요청 아래 새 이미지가 없습니다.
[21:36:46] 늦은이미지 회수 실패 SRT_1500: SRT_1500 요청 아래 새 이미지가 없습니다.
[21:36:46] run_scene 시작 SRT_1520 · seen_files=10 · last_saved=https://www.genspark.ai/api/files/s/r3efz4ah
[21:36:46] ⏱ 준비 SRT_1520 0.0s · chars=2148
[21:36:48] ⏱ 다음명령유휴 SRT_1520 1.2s · idle=True
[21:36:51] fill 실패: 후보 1개
[21:36:51] run_scene 실패(재시도 없음): 이어쓰기 입력란을 찾지 못했습니다.
[21:36:51] SRT_1520 실패 — 다음 씬 계속
이어쓰기 입력란을 찾지 못했습니다.
[21:36:51] 상태키 SRT_1540 · Baek|blood_robe; Jin≈19|blood_robe
[21:36:51] 늦은이미지 회수 실패 SRT_1360: SRT_1360 요청 아래 새 이미지가 없습니다.
[21:36:51] 늦은이미지 회수 실패 SRT_1380: SRT_1380 요청 아래 새 이미지가 없습니다.
[21:36:51] 늦은이미지 회수 실패 SRT_1400: SRT_1400 요청 아래 새 이미지가 없습니다.
[21:36:51] 늦은이미지 회수 실패 SRT_1420: SRT_1420 요청 아래 새 이미지가 없습니다.
[21:36:51] 늦은이미지 회수 실패 SRT_1440: SRT_1440 요청 아래 새 이미지가 없습니다.
[21:36:51] 늦은이미지 회수 실패 SRT_1460: SRT_1460 요청 아래 새 이미지가 없습니다.
[21:36:51] 늦은이미지 회수 실패 SRT_1480: SRT_1480 요청 아래 새 이미지가 없습니다.
[21:36:51] 늦은이미지 회수 실패 SRT_1500: SRT_1500 요청 아래 새 이미지가 없습니다.
[21:36:51] 늦은이미지 회수 실패 SRT_1520: SRT_1520 요청 아래 새 이미지가 없습니다.
[21:36:51] run_scene 시작 SRT_1540 · seen_files=10 · last_saved=https://www.genspark.ai/api/files/s/r3efz4ah
[21:36:51] ⏱ 준비 SRT_1540 0.0s · chars=2123
[21:36:52] ⏱ 다음명령유휴 SRT_1540 1.2s · idle=True
[21:36:56] fill 실패: 후보 1개
[21:36:56] run_scene 실패(재시도 없음): 이어쓰기 입력란을 찾지 못했습니다.
[21:36:56] SRT_1540 실패 — 다음 씬 계속
이어쓰기 입력란을 찾지 못했습니다.
[21:36:56] 상태키 SRT_1560 · Baek|blood_robe; Jin≈19|blood_robe
[21:36:56] 늦은이미지 회수 실패 SRT_1380: SRT_1380 요청 아래 새 이미지가 없습니다.
[21:36:56] 늦은이미지 회수 실패 SRT_1400: SRT_1400 요청 아래 새 이미지가 없습니다.
[21:36:56] 늦은이미지 회수 실패 SRT_1420: SRT_1420 요청 아래 새 이미지가 없습니다.
[21:36:56] 늦은이미지 회수 실패 SRT_1440: SRT_1440 요청 아래 새 이미지가 없습니다.
[21:36:56] 늦은이미지 회수 실패 SRT_1460: SRT_1460 요청 아래 새 이미지가 없습니다.
[21:36:56] 늦은이미지 회수 실패 SRT_1480: SRT_1480 요청 아래 새 이미지가 없습니다.
[21:36:56] 늦은이미지 회수 실패 SRT_1500: SRT_1500 요청 아래 새 이미지가 없습니다.
[21:36:56] 늦은이미지 회수 실패 SRT_1520: SRT_1520 요청 아래 새 이미지가 없습니다.
[21:36:56] 늦은이미지 회수 실패 SRT_1540: SRT_1540 요청 아래 새 이미지가 없습니다.
[21:36:56] run_scene 시작 SRT_1560 · seen_files=10 · last_saved=https://www.genspark.ai/api/files/s/r3efz4ah
[21:36:56] ⏱ 준비 SRT_1560 0.0s · chars=1642
[21:36:57] ⏱ 다음명령유휴 SRT_1560 1.2s · idle=True
[21:37:00] fill 실패: 후보 1개
[21:37:00] run_scene 실패(재시도 없음): 이어쓰기 입력란을 찾지 못했습니다.
[21:37:00] SRT_1560 실패 — 다음 씬 계속
이어쓰기 입력란을 찾지 못했습니다.
[21:37:00] 상태키 SRT_1580 · Baek|blood_robe; Jin≈19|wounded_shoulder
[21:37:00] 늦은이미지 회수 실패 SRT_1400: SRT_1400 요청 아래 새 이미지가 없습니다.
[21:37:00] 늦은이미지 회수 실패 SRT_1420: SRT_1420 요청 아래 새 이미지가 없습니다.
[21:37:00] 늦은이미지 회수 실패 SRT_1440: SRT_1440 요청 아래 새 이미지가 없습니다.
[21:37:01] 늦은이미지 회수 실패 SRT_1460: SRT_1460 요청 아래 새 이미지가 없습니다.
[21:37:01] 늦은이미지 회수 실패 SRT_1480: SRT_1480 요청 아래 새 이미지가 없습니다.
[21:37:01] 늦은이미지 회수 실패 SRT_1500: SRT_1500 요청 아래 새 이미지가 없습니다.
[21:37:01] 늦은이미지 회수 실패 SRT_1520: SRT_1520 요청 아래 새 이미지가 없습니다.
[21:37:01] 늦은이미지 회수 실패 SRT_1540: SRT_1540 요청 아래 새 이미지가 없습니다.
[21:37:01] 늦은이미지 회수 실패 SRT_1560: SRT_1560 요청 아래 새 이미지가 없습니다.
[21:37:01] run_scene 시작 SRT_1580 · seen_files=10 · last_saved=https://www.genspark.ai/api/files/s/r3efz4ah
[21:37:01] ⏱ 준비 SRT_1580 0.0s · chars=2118
[21:37:02] ⏱ 다음명령유휴 SRT_1580 1.2s · idle=True
[21:37:05] fill 실패: 후보 1개
[21:37:05] run_scene 실패(재시도 없음): 이어쓰기 입력란을 찾지 못했습니다.
[21:37:05] SRT_1580 실패 — 다음 씬 계속
이어쓰기 입력란을 찾지 못했습니다.
[21:37:05] 상태키 SRT_1600 · Baek|blood_robe; Jin≈19|wounded_shoulder
[21:37:05] 늦은이미지 회수 실패 SRT_1420: SRT_1420 요청 아래 새 이미지가 없습니다.
[21:37:05] 늦은이미지 회수 실패 SRT_1440: SRT_1440 요청 아래 새 이미지가 없습니다.
[21:37:05] 늦은이미지 회수 실패 SRT_1460: SRT_1460 요청 아래 새 이미지가 없습니다.
[21:37:05] 늦은이미지 회수 실패 SRT_1480: SRT_1480 요청 아래 새 이미지가 없습니다.
[21:37:05] 늦은이미지 회수 실패 SRT_1500: SRT_1500 요청 아래 새 이미지가 없습니다.
[21:37:05] 늦은이미지 회수 실패 SRT_1520: SRT_1520 요청 아래 새 이미지가 없습니다.
[21:37:05] 늦은이미지 회수 실패 SRT_1540: SRT_1540 요청 아래 새 이미지가 없습니다.
[21:37:05] 늦은이미지 회수 실패 SRT_1560: SRT_1560 요청 아래 새 이미지가 없습니다.
[21:37:05] 늦은이미지 회수 실패 SRT_1580: SRT_1580 요청 아래 새 이미지가 없습니다.
[21:37:05] run_scene 시작 SRT_1600 · seen_files=10 · last_saved=https://www.genspark.ai/api/files/s/r3efz4ah
[21:37:05] ⏱ 준비 SRT_1600 0.0s · chars=2113
[21:37:07] ⏱ 다음명령유휴 SRT_1600 1.2s · idle=True
[21:37:10] fill 실패: 후보 1개
[21:37:10] run_scene 실패(재시도 없음): 이어쓰기 입력란을 찾지 못했습니다.
[21:37:10] SRT_1600 실패 — 다음 씬 계속
이어쓰기 입력란을 찾지 못했습니다.
[21:37:10] 상태키 SRT_1620 · Baek|blood_robe; Jin≈19|wounded_shoulder
[21:37:10] 늦은이미지 회수 실패 SRT_1440: SRT_1440 요청 아래 새 이미지가 없습니다.
[21:37:10] 늦은이미지 회수 실패 SRT_1460: SRT_1460 요청 아래 새 이미지가 없습니다.
[21:37:10] 늦은이미지 회수 실패 SRT_1480: SRT_1480 요청 아래 새 이미지가 없습니다.
[21:37:10] 늦은이미지 회수 실패 SRT_1500: SRT_1500 요청 아래 새 이미지가 없습니다.
[21:37:10] 늦은이미지 회수 실패 SRT_1520: SRT_1520 요청 아래 새 이미지가 없습니다.
[21:37:10] 늦은이미지 회수 실패 SRT_1540: SRT_1540 요청 아래 새 이미지가 없습니다.
[21:37:10] 늦은이미지 회수 실패 SRT_1560: SRT_1560 요청 아래 새 이미지가 없습니다.
[21:37:10] 늦은이미지 회수 실패 SRT_1580: SRT_1580 요청 아래 새 이미지가 없습니다.
[21:37:10] 늦은이미지 회수 실패 SRT_1600: SRT_1600 요청 아래 새 이미지가 없습니다.
[21:37:10] run_scene 시작 SRT_1620 · seen_files=10 · last_saved=https://www.genspark.ai/api/files/s/r3efz4ah
[21:37:10] ⏱ 준비 SRT_1620 0.0s · chars=2112
[21:37:11] ⏱ 다음명령유휴 SRT_1620 1.2s · idle=True
[21:37:15] fill 실패: 후보 1개
[21:37:15] run_scene 실패(재시도 없음): 이어쓰기 입력란을 찾지 못했습니다.
[21:37:15] SRT_1620 실패 — 다음 씬 계속
이어쓰기 입력란을 찾지 못했습니다.
[21:37:15] 상태키 SRT_1640 · Baek|blood_robe; Jin≈19|wounded_shoulder
[21:37:15] 늦은이미지 회수 실패 SRT_1460: SRT_1460 요청 아래 새 이미지가 없습니다.
[21:37:15] 늦은이미지 회수 실패 SRT_1480: SRT_1480 요청 아래 새 이미지가 없습니다.
[21:37:15] 늦은이미지 회수 실패 SRT_1500: SRT_1500 요청 아래 새 이미지가 없습니다.
[21:37:15] 늦은이미지 회수 실패 SRT_1520: SRT_1520 요청 아래 새 이미지가 없습니다.
[21:37:15] 늦은이미지 회수 실패 SRT_1540: SRT_1540 요청 아래 새 이미지가 없습니다.
[21:37:15] 늦은이미지 회수 실패 SRT_1560: SRT_1560 요청 아래 새 이미지가 없습니다.
[21:37:15] 늦은이미지 회수 실패 SRT_1580: SRT_1580 요청 아래 새 이미지가 없습니다.
[21:37:15] 늦은이미지 회수 실패 SRT_1600: SRT_1600 요청 아래 새 이미지가 없습니다.
[21:37:15] 늦은이미지 회수 실패 SRT_1620: SRT_1620 요청 아래 새 이미지가 없습니다.
[21:37:15] run_scene 시작 SRT_1640 · seen_files=10 · last_saved=https://www.genspark.ai/api/files/s/r3efz4ah
[21:37:15] ⏱ 준비 SRT_1640 0.0s · chars=2116
[21:37:16] ⏱ 다음명령유휴 SRT_1640 1.2s · idle=True
[21:37:19] fill 실패: 후보 1개
[21:37:19] run_scene 실패(재시도 없음): 이어쓰기 입력란을 찾지 못했습니다.
[21:37:19] SRT_1640 실패 — 다음 씬 계속
이어쓰기 입력란을 찾지 못했습니다.
[21:37:19] 상태키 SRT_1660 · Baek|blood_robe; Jin≈19|wounded_shoulder
[21:37:19] 늦은이미지 회수 실패 SRT_1480: SRT_1480 요청 아래 새 이미지가 없습니다.
[21:37:19] 늦은이미지 회수 실패 SRT_1500: SRT_1500 요청 아래 새 이미지가 없습니다.
[21:37:19] 늦은이미지 회수 실패 SRT_1520: SRT_1520 요청 아래 새 이미지가 없습니다.
[21:37:19] 늦은이미지 회수 실패 SRT_1540: SRT_1540 요청 아래 새 이미지가 없습니다.
[21:37:19] 늦은이미지 회수 실패 SRT_1560: SRT_1560 요청 아래 새 이미지가 없습니다.
[21:37:19] 늦은이미지 회수 실패 SRT_1580: SRT_1580 요청 아래 새 이미지가 없습니다.
[21:37:20] 늦은이미지 회수 실패 SRT_1600: SRT_1600 요청 아래 새 이미지가 없습니다.
[21:37:20] 늦은이미지 회수 실패 SRT_1620: SRT_1620 요청 아래 새 이미지가 없습니다.
[21:37:20] 늦은이미지 회수 실패 SRT_1640: SRT_1640 요청 아래 새 이미지가 없습니다.
[21:37:20] run_scene 시작 SRT_1660 · seen_files=10 · last_saved=https://www.genspark.ai/api/files/s/r3efz4ah
[21:37:20] ⏱ 준비 SRT_1660 0.0s · chars=2116
[21:37:21] ⏱ 다음명령유휴 SRT_1660 1.2s · idle=True
[21:37:24] fill 실패: 후보 1개
[21:37:24] run_scene 실패(재시도 없음): 이어쓰기 입력란을 찾지 못했습니다.
[21:37:24] SRT_1660 실패 — 다음 씬 계속
이어쓰기 입력란을 찾지 못했습니다.
[21:37:24] 상태키 SRT_1680 · Baek|blood_robe; Jin≈19|wounded_shoulder
[21:37:24] 늦은이미지 회수 실패 SRT_1500: SRT_1500 요청 아래 새 이미지가 없습니다.
[21:37:24] 늦은이미지 회수 실패 SRT_1520: SRT_1520 요청 아래 새 이미지가 없습니다.
[21:37:24] 늦은이미지 회수 실패 SRT_1540: SRT_1540 요청 아래 새 이미지가 없습니다.
[21:37:24] 늦은이미지 회수 실패 SRT_1560: SRT_1560 요청 아래 새 이미지가 없습니다.
[21:37:24] 늦은이미지 회수 실패 SRT_1580: SRT_1580 요청 아래 새 이미지가 없습니다.
[21:37:24] 늦은이미지 회수 실패 SRT_1600: SRT_1600 요청 아래 새 이미지가 없습니다.
[21:37:24] 늦은이미지 회수 실패 SRT_1620: SRT_1620 요청 아래 새 이미지가 없습니다.
[21:37:24] 늦은이미지 회수 실패 SRT_1640: SRT_1640 요청 아래 새 이미지가 없습니다.
[21:37:24] 늦은이미지 회수 실패 SRT_1660: SRT_1660 요청 아래 새 이미지가 없습니다.
[21:37:24] run_scene 시작 SRT_1680 · seen_files=10 · last_saved=https://www.genspark.ai/api/files/s/r3efz4ah
[21:37:24] ⏱ 준비 SRT_1680 0.0s · chars=2094
[21:37:25] ⏱ 다음명령유휴 SRT_1680 1.2s · idle=True
[21:37:29] fill 실패: 후보 1개
[21:37:29] run_scene 실패(재시도 없음): 이어쓰기 입력란을 찾지 못했습니다.
[21:37:29] SRT_1680 실패 — 다음 씬 계속
이어쓰기 입력란을 찾지 못했습니다.
[21:37:29] 상태키 SRT_1700 · Baek|blood_robe; Jin≈19|wounded_shoulder
[21:37:29] 늦은이미지 회수 실패 SRT_1520: SRT_1520 요청 아래 새 이미지가 없습니다.
[21:37:29] 늦은이미지 회수 실패 SRT_1540: SRT_1540 요청 아래 새 이미지가 없습니다.
[21:37:29] 늦은이미지 회수 실패 SRT_1560: SRT_1560 요청 아래 새 이미지가 없습니다.
[21:37:29] 늦은이미지 회수 실패 SRT_1580: SRT_1580 요청 아래 새 이미지가 없습니다.
[21:37:29] 늦은이미지 회수 실패 SRT_1600: SRT_1600 요청 아래 새 이미지가 없습니다.
[21:37:29] 늦은이미지 회수 실패 SRT_1620: SRT_1620 요청 아래 새 이미지가 없습니다.
[21:37:29] 늦은이미지 회수 실패 SRT_1640: SRT_1640 요청 아래 새 이미지가 없습니다.
[21:37:29] 늦은이미지 회수 실패 SRT_1660: SRT_1660 요청 아래 새 이미지가 없습니다.
[21:37:29] 늦은이미지 회수 실패 SRT_1680: SRT_1680 요청 아래 새 이미지가 없습니다.
[21:37:29] run_scene 시작 SRT_1700 · seen_files=10 · last_saved=https://www.genspark.ai/api/files/s/r3efz4ah
[21:37:29] ⏱ 준비 SRT_1700 0.0s · chars=2118
[21:37:30] ⏱ 다음명령유휴 SRT_1700 1.2s · idle=True
[21:37:33] fill 실패: 후보 1개
[21:37:33] run_scene 실패(재시도 없음): 이어쓰기 입력란을 찾지 못했습니다.
[21:37:33] SRT_1700 실패 — 다음 씬 계속
이어쓰기 입력란을 찾지 못했습니다.
[21:37:34] 상태키 SRT_1720 · Baek|blood_robe; Jin≈19|wounded_shoulder
[21:37:34] 늦은이미지 회수 실패 SRT_1540: SRT_1540 요청 아래 새 이미지가 없습니다.
[21:37:34] 늦은이미지 회수 실패 SRT_1560: SRT_1560 요청 아래 새 이미지가 없습니다.
[21:37:34] 늦은이미지 회수 실패 SRT_1580: SRT_1580 요청 아래 새 이미지가 없습니다.
[21:37:34] 늦은이미지 회수 실패 SRT_1600: SRT_1600 요청 아래 새 이미지가 없습니다.
[21:37:34] 늦은이미지 회수 실패 SRT_1620: SRT_1620 요청 아래 새 이미지가 없습니다.
[21:37:34] 늦은이미지 회수 실패 SRT_1640: SRT_1640 요청 아래 새 이미지가 없습니다.
[21:37:34] 늦은이미지 회수 실패 SRT_1660: SRT_1660 요청 아래 새 이미지가 없습니다.
[21:37:34] 늦은이미지 회수 실패 SRT_1680: SRT_1680 요청 아래 새 이미지가 없습니다.
[21:37:34] 늦은이미지 회수 실패 SRT_1700: SRT_1700 요청 아래 새 이미지가 없습니다.
[21:37:34] run_scene 시작 SRT_1720 · seen_files=10 · last_saved=https://www.genspark.ai/api/files/s/r3efz4ah
[21:37:34] ⏱ 준비 SRT_1720 0.0s · chars=1397
[21:37:35] ⏱ 다음명령유휴 SRT_1720 1.1s · idle=True
[21:37:38] fill 실패: 후보 1개
[21:37:38] run_scene 실패(재시도 없음): 이어쓰기 입력란을 찾지 못했습니다.
[21:37:38] SRT_1720 실패 — 다음 씬 계속
이어쓰기 입력란을 찾지 못했습니다.
[21:37:38] 상태키 SRT_1740 · Baek|blood_robe; Jin≈19|wounded_shoulder
[21:37:38] 늦은이미지 회수 실패 SRT_1560: SRT_1560 요청 아래 새 이미지가 없습니다.
[21:37:38] 늦은이미지 회수 실패 SRT_1580: SRT_1580 요청 아래 새 이미지가 없습니다.
[21:37:38] 늦은이미지 회수 실패 SRT_1600: SRT_1600 요청 아래 새 이미지가 없습니다.
[21:37:38] 늦은이미지 회수 실패 SRT_1620: SRT_1620 요청 아래 새 이미지가 없습니다.
[21:37:38] 늦은이미지 회수 실패 SRT_1640: SRT_1640 요청 아래 새 이미지가 없습니다.
[21:37:38] 늦은이미지 회수 실패 SRT_1660: SRT_1660 요청 아래 새 이미지가 없습니다.
[21:37:38] 늦은이미지 회수 실패 SRT_1680: SRT_1680 요청 아래 새 이미지가 없습니다.
[21:37:38] 늦은이미지 회수 실패 SRT_1700: SRT_1700 요청 아래 새 이미지가 없습니다.
[21:37:38] 늦은이미지 회수 실패 SRT_1720: SRT_1720 요청 아래 새 이미지가 없습니다.
[21:37:38] run_scene 시작 SRT_1740 · seen_files=10 · last_saved=https://www.genspark.ai/api/files/s/r3efz4ah
[21:37:38] ⏱ 준비 SRT_1740 0.0s · chars=3258
[21:37:40] ⏱ 다음명령유휴 SRT_1740 1.3s · idle=True
[21:37:43] fill 실패: 후보 1개
[21:37:43] run_scene 실패(재시도 없음): 이어쓰기 입력란을 찾지 못했습니다.
[21:37:43] SRT_1740 실패 — 다음 씬 계속
이어쓰기 입력란을 찾지 못했습니다.
[21:37:43] 상태키 SRT_1760 · Baek|blood_robe; Jin≈19|wounded_shoulder
[21:37:43] 늦은이미지 회수 실패 SRT_1580: SRT_1580 요청 아래 새 이미지가 없습니다.
[21:37:43] 늦은이미지 회수 실패 SRT_1600: SRT_1600 요청 아래 새 이미지가 없습니다.
[21:37:43] 늦은이미지 회수 실패 SRT_1620: SRT_1620 요청 아래 새 이미지가 없습니다.
[21:37:43] 늦은이미지 회수 실패 SRT_1640: SRT_1640 요청 아래 새 이미지가 없습니다.
[21:37:43] 늦은이미지 회수 실패 SRT_1660: SRT_1660 요청 아래 새 이미지가 없습니다.
[21:37:43] 늦은이미지 회수 실패 SRT_1680: SRT_1680 요청 아래 새 이미지가 없습니다.
[21:37:43] 늦은이미지 회수 실패 SRT_1700: SRT_1700 요청 아래 새 이미지가 없습니다.
[21:37:43] 늦은이미지 회수 실패 SRT_1720: SRT_1720 요청 아래 새 이미지가 없습니다.
[21:37:43] 늦은이미지 회수 실패 SRT_1740: SRT_1740 요청 아래 새 이미지가 없습니다.
[21:37:43] run_scene 시작 SRT_1760 · seen_files=10 · last_saved=https://www.genspark.ai/api/files/s/r3efz4ah
[21:37:43] ⏱ 준비 SRT_1760 0.0s · chars=2445
[21:37:44] ⏱ 다음명령유휴 SRT_1760 1.2s · idle=True
[21:37:48] fill 실패: 후보 1개
[21:37:48] run_scene 실패(재시도 없음): 이어쓰기 입력란을 찾지 못했습니다.
[21:37:48] SRT_1760 실패 — 다음 씬 계속
이어쓰기 입력란을 찾지 못했습니다.
[21:37:48] 상태키 SRT_1780 · Baek|blood_robe; Jin≈19|wounded_shoulder
[21:37:48] 늦은이미지 회수 실패 SRT_1600: SRT_1600 요청 아래 새 이미지가 없습니다.
[21:37:48] 늦은이미지 회수 실패 SRT_1620: SRT_1620 요청 아래 새 이미지가 없습니다.
[21:37:48] 늦은이미지 회수 실패 SRT_1640: SRT_1640 요청 아래 새 이미지가 없습니다.
[21:37:48] 늦은이미지 회수 실패 SRT_1660: SRT_1660 요청 아래 새 이미지가 없습니다.
[21:37:48] 늦은이미지 회수 실패 SRT_1680: SRT_1680 요청 아래 새 이미지가 없습니다.
[21:37:48] 늦은이미지 회수 실패 SRT_1700: SRT_1700 요청 아래 새 이미지가 없습니다.
[21:37:48] 늦은이미지 회수 실패 SRT_1720: SRT_1720 요청 아래 새 이미지가 없습니다.
[21:37:48] 늦은이미지 회수 실패 SRT_1740: SRT_1740 요청 아래 새 이미지가 없습니다.
[21:37:48] 늦은이미지 회수 실패 SRT_1760: SRT_1760 요청 아래 새 이미지가 없습니다.
[21:37:48] run_scene 시작 SRT_1780 · seen_files=10 · last_saved=https://www.genspark.ai/api/files/s/r3efz4ah
[21:37:48] ⏱ 준비 SRT_1780 0.0s · chars=1401
[21:37:49] ⏱ 다음명령유휴 SRT_1780 1.1s · idle=True
[21:37:52] fill 실패: 후보 1개
[21:37:52] run_scene 실패(재시도 없음): 이어쓰기 입력란을 찾지 못했습니다.
[21:37:52] SRT_1780 실패 — 다음 씬 계속
이어쓰기 입력란을 찾지 못했습니다.
[21:37:53] 상태키 SRT_1800 · Baek|blood_robe; Jin≈19|wounded_shoulder
[21:37:53] 늦은이미지 회수 실패 SRT_1620: SRT_1620 요청 아래 새 이미지가 없습니다.
[21:37:53] 늦은이미지 회수 실패 SRT_1640: SRT_1640 요청 아래 새 이미지가 없습니다.
[21:37:53] 늦은이미지 회수 실패 SRT_1660: SRT_1660 요청 아래 새 이미지가 없습니다.
[21:37:53] 늦은이미지 회수 실패 SRT_1680: SRT_1680 요청 아래 새 이미지가 없습니다.
[21:37:53] 늦은이미지 회수 실패 SRT_1700: SRT_1700 요청 아래 새 이미지가 없습니다.
[21:37:53] 늦은이미지 회수 실패 SRT_1720: SRT_1720 요청 아래 새 이미지가 없습니다.
[21:37:53] 늦은이미지 회수 실패 SRT_1740: SRT_1740 요청 아래 새 이미지가 없습니다.
[21:37:53] 늦은이미지 회수 실패 SRT_1760: SRT_1760 요청 아래 새 이미지가 없습니다.
[21:37:53] 늦은이미지 회수 실패 SRT_1780: SRT_1780 요청 아래 새 이미지가 없습니다.
[21:37:53] run_scene 시작 SRT_1800 · seen_files=10 · last_saved=https://www.genspark.ai/api/files/s/r3efz4ah
[21:37:53] ⏱ 준비 SRT_1800 0.0s · chars=2421
[21:37:54] ⏱ 다음명령유휴 SRT_1800 1.1s · idle=True
[21:37:57] fill 실패: 후보 1개
[21:37:57] run_scene 실패(재시도 없음): 이어쓰기 입력란을 찾지 못했습니다.
[21:37:57] SRT_1800 실패 — 다음 씬 계속
이어쓰기 입력란을 찾지 못했습니다.
[21:37:57] 상태키 SRT_1820 · Baek|blood_robe; Jin≈19|wounded_shoulder
[21:37:57] 늦은이미지 회수 실패 SRT_1640: SRT_1640 요청 아래 새 이미지가 없습니다.
[21:37:57] 늦은이미지 회수 실패 SRT_1660: SRT_1660 요청 아래 새 이미지가 없습니다.
[21:37:57] 늦은이미지 회수 실패 SRT_1680: SRT_1680 요청 아래 새 이미지가 없습니다.
[21:37:57] 늦은이미지 회수 실패 SRT_1700: SRT_1700 요청 아래 새 이미지가 없습니다.
[21:37:57] 늦은이미지 회수 실패 SRT_1720: SRT_1720 요청 아래 새 이미지가 없습니다.
[21:37:57] 늦은이미지 회수 실패 SRT_1740: SRT_1740 요청 아래 새 이미지가 없습니다.
[21:37:57] 늦은이미지 회수 실패 SRT_1760: SRT_1760 요청 아래 새 이미지가 없습니다.
[21:37:57] 늦은이미지 회수 실패 SRT_1780: SRT_1780 요청 아래 새 이미지가 없습니다.
[21:37:57] 늦은이미지 회수 실패 SRT_1800: SRT_1800 요청 아래 새 이미지가 없습니다.
[21:37:57] run_scene 시작 SRT_1820 · seen_files=10 · last_saved=https://www.genspark.ai/api/files/s/r3efz4ah
[21:37:57] ⏱ 준비 SRT_1820 0.0s · chars=2448
[21:37:59] ⏱ 다음명령유휴 SRT_1820 1.2s · idle=True
[21:38:02] fill 실패: 후보 1개
[21:38:02] run_scene 실패(재시도 없음): 이어쓰기 입력란을 찾지 못했습니다.
[21:38:02] SRT_1820 실패 — 다음 씬 계속
이어쓰기 입력란을 찾지 못했습니다.
[21:38:02] 상태키 SRT_1840 · Baek|blood_robe; Jin≈19|blood_robe
[21:38:02] 늦은이미지 회수 실패 SRT_1660: SRT_1660 요청 아래 새 이미지가 없습니다.
[21:38:02] 늦은이미지 회수 실패 SRT_1680: SRT_1680 요청 아래 새 이미지가 없습니다.
[21:38:02] 늦은이미지 회수 실패 SRT_1700: SRT_1700 요청 아래 새 이미지가 없습니다.
[21:38:02] 늦은이미지 회수 실패 SRT_1720: SRT_1720 요청 아래 새 이미지가 없습니다.
[21:38:02] 늦은이미지 회수 실패 SRT_1740: SRT_1740 요청 아래 새 이미지가 없습니다.
[21:38:02] 늦은이미지 회수 실패 SRT_1760: SRT_1760 요청 아래 새 이미지가 없습니다.
[21:38:02] 늦은이미지 회수 실패 SRT_1780: SRT_1780 요청 아래 새 이미지가 없습니다.
[21:38:02] 늦은이미지 회수 실패 SRT_1800: SRT_1800 요청 아래 새 이미지가 없습니다.
[21:38:02] 늦은이미지 회수 실패 SRT_1820: SRT_1820 요청 아래 새 이미지가 없습니다.
[21:38:02] run_scene 시작 SRT_1840 · seen_files=10 · last_saved=https://www.genspark.ai/api/files/s/r3efz4ah
[21:38:02] ⏱ 준비 SRT_1840 0.0s · chars=2954
[21:38:03] ⏱ 다음명령유휴 SRT_1840 1.2s · idle=True
[21:38:07] fill 실패: 후보 1개
[21:38:07] run_scene 실패(재시도 없음): 이어쓰기 입력란을 찾지 못했습니다.
[21:38:07] SRT_1840 실패 — 다음 씬 계속
이어쓰기 입력란을 찾지 못했습니다.
[21:38:07] 상태키 SRT_1860 · Baek|blood_robe; Jin≈19|blood_robe
[21:38:07] 늦은이미지 회수 실패 SRT_1680: SRT_1680 요청 아래 새 이미지가 없습니다.
[21:38:07] 늦은이미지 회수 실패 SRT_1700: SRT_1700 요청 아래 새 이미지가 없습니다.
[21:38:07] 늦은이미지 회수 실패 SRT_1720: SRT_1720 요청 아래 새 이미지가 없습니다.
[21:38:07] 늦은이미지 회수 실패 SRT_1740: SRT_1740 요청 아래 새 이미지가 없습니다.
[21:38:07] 늦은이미지 회수 실패 SRT_1760: SRT_1760 요청 아래 새 이미지가 없습니다.
[21:38:07] 늦은이미지 회수 실패 SRT_1780: SRT_1780 요청 아래 새 이미지가 없습니다.
[21:38:07] 늦은이미지 회수 실패 SRT_1800: SRT_1800 요청 아래 새 이미지가 없습니다.
[21:38:07] 늦은이미지 회수 실패 SRT_1820: SRT_1820 요청 아래 새 이미지가 없습니다.
[21:38:07] 늦은이미지 회수 실패 SRT_1840: SRT_1840 요청 아래 새 이미지가 없습니다.
[21:38:07] run_scene 시작 SRT_1860 · seen_files=10 · last_saved=https://www.genspark.ai/api/files/s/r3efz4ah
[21:38:07] ⏱ 준비 SRT_1860 0.0s · chars=2931
[21:38:08] ⏱ 다음명령유휴 SRT_1860 1.2s · idle=True
[21:38:11] fill 실패: 후보 1개
[21:38:11] run_scene 실패(재시도 없음): 이어쓰기 입력란을 찾지 못했습니다.
[21:38:11] SRT_1860 실패 — 다음 씬 계속
이어쓰기 입력란을 찾지 못했습니다.
[21:38:12] 상태키 SRT_1880 · Baek|blood_robe; Jin≈19|blood_robe
[21:38:12] 늦은이미지 회수 실패 SRT_1700: SRT_1700 요청 아래 새 이미지가 없습니다.
[21:38:12] 늦은이미지 회수 실패 SRT_1720: SRT_1720 요청 아래 새 이미지가 없습니다.
[21:38:12] 늦은이미지 회수 실패 SRT_1740: SRT_1740 요청 아래 새 이미지가 없습니다.
[21:38:12] 늦은이미지 회수 실패 SRT_1760: SRT_1760 요청 아래 새 이미지가 없습니다.
[21:38:12] 늦은이미지 회수 실패 SRT_1780: SRT_1780 요청 아래 새 이미지가 없습니다.
[21:38:12] 늦은이미지 회수 실패 SRT_1800: SRT_1800 요청 아래 새 이미지가 없습니다.
[21:38:12] 늦은이미지 회수 실패 SRT_1820: SRT_1820 요청 아래 새 이미지가 없습니다.
[21:38:12] 늦은이미지 회수 실패 SRT_1840: SRT_1840 요청 아래 새 이미지가 없습니다.
[21:38:12] 늦은이미지 회수 실패 SRT_1860: SRT_1860 요청 아래 새 이미지가 없습니다.
[21:38:12] run_scene 시작 SRT_1880 · seen_files=10 · last_saved=https://www.genspark.ai/api/files/s/r3efz4ah
[21:38:12] ⏱ 준비 SRT_1880 0.0s · chars=1346
[21:38:13] ⏱ 다음명령유휴 SRT_1880 1.2s · idle=True
[21:38:16] fill 실패: 후보 1개
[21:38:16] run_scene 실패(재시도 없음): 이어쓰기 입력란을 찾지 못했습니다.
[21:38:16] SRT_1880 실패 — 다음 씬 계속
이어쓰기 입력란을 찾지 못했습니다.
[21:38:16] 상태키 SRT_1891 · Baek|blood_robe; Jin≈19|blood_robe
[21:38:16] 늦은이미지 회수 실패 SRT_1720: SRT_1720 요청 아래 새 이미지가 없습니다.
[21:38:16] 늦은이미지 회수 실패 SRT_1740: SRT_1740 요청 아래 새 이미지가 없습니다.
[21:38:16] 늦은이미지 회수 실패 SRT_1760: SRT_1760 요청 아래 새 이미지가 없습니다.
[21:38:16] 늦은이미지 회수 실패 SRT_1780: SRT_1780 요청 아래 새 이미지가 없습니다.
[21:38:16] 늦은이미지 회수 실패 SRT_1800: SRT_1800 요청 아래 새 이미지가 없습니다.
[21:38:16] 늦은이미지 회수 실패 SRT_1820: SRT_1820 요청 아래 새 이미지가 없습니다.
[21:38:16] 늦은이미지 회수 실패 SRT_1840: SRT_1840 요청 아래 새 이미지가 없습니다.
[21:38:16] 늦은이미지 회수 실패 SRT_1860: SRT_1860 요청 아래 새 이미지가 없습니다.
[21:38:16] 늦은이미지 회수 실패 SRT_1880: SRT_1880 요청 아래 새 이미지가 없습니다.
[21:38:16] run_scene 시작 SRT_1891 · seen_files=10 · last_saved=https://www.genspark.ai/api/files/s/r3efz4ah
[21:38:16] ⏱ 준비 SRT_1891 0.0s · chars=1282
[21:38:18] ⏱ 다음명령유휴 SRT_1891 1.1s · idle=True
[21:38:21] fill 실패: 후보 1개
[21:38:21] run_scene 실패(재시도 없음): 이어쓰기 입력란을 찾지 못했습니다.
[21:38:21] SRT_1891 실패 — 다음 씬 계속
이어쓰기 입력란을 찾지 못했습니다.
[23:59:46] 탭로그 ON — 브라우저 열기·생성 · 씬 86개 · reopen=True · 한도대기ON
[23:59:50] ChromeDebug 재시작 slot=1 port=9243 user_data=C:\ChromeDebug_2_5_slot1 reused=0
[23:59:52] 모델 이미 Pro: Nano Banana Pro
[23:59:52] 세션 준비 — login=OK model=Nano Banana Pro auto=True
[23:59:52] ensure_page cur_sc=10 prefer_sc=10 cur=https://www.genspark.ai/ai_image prefer=https://www.genspark.ai/ai_image
[23:59:53] fill OK(clip) follow=False chars=72686
[23:59:54] 입력창 붙여넣기 — 프롬프트 45379자 + SRT 27264자 = 합계 72686자
  prompt=C:\Users\PC\AppData\Local\Temp\_MEI101922\md\image.wuxiz.txt
  srt=C:\cursor\wuxia\무협극장\검신귀환록\2부\16장\mp3\new.srt
[23:59:55] ensure_page cur_sc=10 prefer_sc=10 cur=https://www.genspark.ai/ai_image prefer=https://www.genspark.ai/ai_image
[23:59:56] 동일 입력창에 명령 추가(미실행): ===== CHARACTER LOOK (SRT_000) =====
State keys: Jin≈19|blood_robe; Baek≈19|blood_robe
Jin Muhan, approximately nineteen years old, East-Asian young swordsman, sharp narrow phoenix…
[23:59:56] 상태키 SRT_000 · Baek|blood_robe; Jin≈19|blood_robe
[23:59:56] run_scene 시작 SRT_000 · seen_files=10 · last_saved=https://www.genspark.ai/api/files/s/r3efz4ah
[23:59:56] ensure_page cur_sc=10 prefer_sc=10 cur=https://www.genspark.ai/ai_image prefer=https://www.genspark.ai/ai_image
[23:59:56] 모델 이미 Pro: Nano Banana Pro
[23:59:56] ⏱ 준비 SRT_000 0.0s · chars=2601
[23:59:56] submit 시작 composer=0 url=https://www.genspark.ai/ai_image
[23:59:56] submit 건너뜀: 입력창 비어 있음
[23:59:56] submit 재시도 2/3
[23:59:57] submit 시작 composer=0 url=https://www.genspark.ai/ai_image
[23:59:57] submit 건너뜀: 입력창 비어 있음
[23:59:57] submit 재시도 3/3
[23:59:57] submit 시작 composer=0 url=https://www.genspark.ai/ai_image
[23:59:57] submit 건너뜀: 입력창 비어 있음
[23:59:57] submit 재시도 4/3
[23:59:58] run_scene 실패(재시도 없음): 이어쓰기 전송 실패 — 입력창에 명령이 0자 남아 있습니다.
[23:59:58] SRT_000 실패 — 다음 씬 계속
이어쓰기 전송 실패 — 입력창에 명령이 0자 남아 있습니다.
[23:59:58] 상태키 SRT_220 · Baek|blood_robe; Jin≈19|blood_robe
[23:59:58] 늦은이미지 회수 실패 SRT_000: SRT_000 요청 아래 새 이미지가 없습니다.
[23:59:58] run_scene 시작 SRT_220 · seen_files=10 · last_saved=https://www.genspark.ai/api/files/s/r3efz4ah
[23:59:58] ensure_page cur_sc=10 prefer_sc=10 cur=https://www.genspark.ai/ai_image prefer=https://www.genspark.ai/ai_image
[23:59:58] ⏱ 준비 SRT_220 0.0s · chars=2139
[23:59:59] ⏱ 다음명령유휴 SRT_220 1.0s · idle=True
[23:59:59] fill OK(clip) follow=True chars=2139
[23:59:59] submit 시작 composer=0 url=https://www.genspark.ai/ai_image
[23:59:59] submit 건너뜀: 입력창 비어 있음
[23:59:59] submit 재시도 2/3
[00:00:00] submit 시작 composer=0 url=https://www.genspark.ai/ai_image
[00:00:00] submit 건너뜀: 입력창 비어 있음
[00:00:00] submit 재시도 3/3
[00:00:00] submit 시작 composer=0 url=https://www.genspark.ai/ai_image
[00:00:00] submit 건너뜀: 입력창 비어 있음
[00:00:00] submit 재시도 4/3
[00:00:01] run_scene 실패(재시도 없음): 이어쓰기 전송 실패 — 입력창에 명령이 0자 남아 있습니다.
[00:00:01] SRT_220 실패(한도 추정 streak=2) — 브라우저 종료 후 대기·재오픈
이어쓰기 전송 실패 — 입력창에 명령이 0자 남아 있습니다.
[00:00:03] 한도 대기 전 ChromeDebug 종료
[00:00:03] 한도 대기 60분(probe1h) 시작 — SRT_220 한도 · 1h시험생성
[01:00:13] 한도 대기 종료(probe1h) — 재시도
[01:00:13] 한도 대기 종료 — 브라우저 재오픈 후 SRT_220 재개
[01:00:17] ChromeDebug 재시작 slot=1 port=9243 user_data=C:\ChromeDebug_2_5_slot1 reused=0
[01:00:19] 모델 이미 Pro: Nano Banana Pro
[01:00:19] 세션 준비 — login=OK model=Nano Banana Pro auto=True
[01:00:19] ensure_page cur_sc=10 prefer_sc=10 cur=https://www.genspark.ai/ai_image prefer=https://www.genspark.ai/ai_image
[01:00:20] fill OK(clip) follow=False chars=72686
[01:00:21] 입력창 붙여넣기 — 프롬프트 45379자 + SRT 27264자 = 합계 72686자
  prompt=C:\Users\PC\AppData\Local\Temp\_MEI101922\md\image.wuxiz.txt
  srt=C:\cursor\wuxia\무협극장\검신귀환록\2부\16장\mp3\new.srt
[01:00:22] ensure_page cur_sc=10 prefer_sc=10 cur=https://www.genspark.ai/ai_image prefer=https://www.genspark.ai/ai_image
[01:00:23] 동일 입력창에 명령 추가(미실행): ===== CHARACTER LOOK (SRT_220) =====
State keys: Jin≈19|blood_robe
Jin Muhan, approximately nineteen years old, East-Asian young swordsman, sharp narrow phoenix eyes, high straight…
[01:00:23] 상태키 SRT_220 · Baek|blood_robe; Jin≈19|blood_robe
[01:00:23] run_scene 시작 SRT_220 · seen_files=10 · last_saved=https://www.genspark.ai/api/files/s/r3efz4ah
[01:00:23] ensure_page cur_sc=10 prefer_sc=10 cur=https://www.genspark.ai/ai_image prefer=https://www.genspark.ai/ai_image
[01:00:23] ⏱ 준비 SRT_220 0.0s · chars=2139
[01:00:23] submit 시작 composer=2139 url=https://www.genspark.ai/ai_image
[01:00:24] submit geo 실패 hit=no-btn
[01:00:24] submit 시도 method=geo geo=False
[01:00:24] submit 미확인 method=geo generating=False composer=2139
[01:00:24] submit geo 실패 hit=no-btn
[01:00:24] submit 시도 method=send send=False
[01:00:25] submit 미확인 method=send generating=False composer=2139
[01:00:25] submit 시도 method=ctrl
[01:00:26] submit 미확인 method=ctrl generating=False composer=2141
[01:00:26] submit 시도 method=enter
[01:00:27] submit 확인 method=enter generating=False composer=0
[01:00:27] ⏱ 입력창전송 SRT_220 3.2s
[01:00:27] 제출 후 last_saved=https://www.genspark.ai/api/files/s/r3efz4ah
[01:00:27] ⏱ 생성대기 시작 SRT_220 max=120s
[01:00:42] ⏱ 생성대기 진행 15.3s SRT_220 busy=False url_ok=False src=
[01:00:42] ⏱ 생성대기 한도감지 15.3s SRT_220 · AI Image 한도 - 재설정 2026-08-27 02:12 · AI Image 5시간 제한에 도달했습니다. 8월 27일 오전 2:12에 재설정됩니다 --- 5시간 제한 --- 세션 한도 도달 AI Image 5시간 제한에 도달했습니다. 8월 27일 오전 2:12에 재설정됩니다
[01:00:42] run_scene 실패(재시도 없음): AI Image 한도 - 재설정 2026-08-27 02:12
[01:00:42] SRT_220 실패(한도 확정 streak=1) — 브라우저 종료 후 대기·재오픈
AI Image 한도 - 재설정 2026-08-27 02:12
[01:00:44] 한도 대기 전 ChromeDebug 종료
[01:00:44] 한도 대기 71분(until_reset) 시작 — SRT_220 한도 · 재설정 08/27 02:12
[02:12:30] 한도 대기 종료(until_reset) — 재시도
[02:12:30] 한도 대기 종료 — 브라우저 재오픈 후 SRT_220 재개
[02:12:33] ChromeDebug 재시작 slot=1 port=9243 user_data=C:\ChromeDebug_2_5_slot1 reused=0
[02:12:36] 모델 이미 Pro: Nano Banana Pro
[02:12:36] 세션 준비 — login=OK model=Nano Banana Pro auto=True
[02:12:36] ensure_page cur_sc=10 prefer_sc=10 cur=https://www.genspark.ai/ai_image prefer=https://www.genspark.ai/ai_image
[02:12:37] fill OK(clip) follow=False chars=72686
[02:12:37] 입력창 붙여넣기 — 프롬프트 45379자 + SRT 27264자 = 합계 72686자
  prompt=C:\Users\PC\AppData\Local\Temp\_MEI101922\md\image.wuxiz.txt
  srt=C:\cursor\wuxia\무협극장\검신귀환록\2부\16장\mp3\new.srt
[02:12:38] ensure_page cur_sc=10 prefer_sc=10 cur=https://www.genspark.ai/ai_image prefer=https://www.genspark.ai/ai_image
[02:12:39] 동일 입력창에 명령 추가(미실행): ===== CHARACTER LOOK (SRT_220) =====
State keys: Jin≈19|blood_robe
Jin Muhan, approximately nineteen years old, East-Asian young swordsman, sharp narrow phoenix eyes, high straight…
[02:12:40] 상태키 SRT_220 · Baek|blood_robe; Jin≈19|blood_robe
[02:12:40] run_scene 시작 SRT_220 · seen_files=10 · last_saved=https://www.genspark.ai/api/files/s/r3efz4ah
[02:12:40] ensure_page cur_sc=10 prefer_sc=10 cur=https://www.genspark.ai/ai_image prefer=https://www.genspark.ai/ai_image
[02:12:40] ⏱ 준비 SRT_220 0.0s · chars=2139
[02:12:40] submit 시작 composer=2139 url=https://www.genspark.ai/ai_image
[02:12:40] submit geo 실패 hit=no-btn
[02:12:40] submit 시도 method=geo geo=False
[02:12:40] submit 미확인 method=geo generating=False composer=2139
[02:12:41] submit geo 실패 hit=no-btn
[02:12:41] submit 시도 method=send send=False
[02:12:41] submit 미확인 method=send generating=False composer=2139
[02:12:41] submit 시도 method=ctrl
[02:12:42] submit 미확인 method=ctrl generating=False composer=2141
[02:12:42] submit 시도 method=enter
[02:12:43] submit 확인 method=enter generating=False composer=0
[02:12:43] ⏱ 입력창전송 SRT_220 3.3s
[02:12:43] 제출 후 last_saved=https://www.genspark.ai/api/files/s/r3efz4ah
[02:12:43] ⏱ 생성대기 시작 SRT_220 max=120s
[02:12:58] ⏱ 생성대기 진행 15.2s SRT_220 busy=True url_ok=False src=
[02:12:59] ⏱ 생성대기 완료 16.1s SRT_220 https://www.genspark.ai/api/files/s/rycustf3
[02:12:59] ⏱ 생성대기구간 SRT_220 16.1s · ok=True
[02:12:59] SRT_220 근접 이미지 https://www.genspark.ai/api/files/s/rycustf3
[02:12:59] 다운로드 files URL=https://www.genspark.ai/api/files/s/rycustf3 → SRT_220.png
[02:13:00] ⏱ 다운로드 직접 0.7s size=562450 SRT_220.png
[02:13:00] ⏱ 다운로드구간 SRT_220 0.7s · SRT_220.png
[02:13:01] ⏱ 다운로드후유휴 SRT_220 1.1s · idle=True
[02:13:01] ⏱ 씬합계 SRT_220 21.4s · https://www.genspark.ai/api/files/s/rycustf3
[02:13:01] SRT_220 생성·다운로드 완료
C:\cursor\wuxia\무협극장\검신귀환록\2부\16장\png\SRT_220.png
[02:13:01] 상태키 SRT_240 · Baek|blood_robe; Jin≈19|blood_robe
[02:13:01] run_scene 시작 SRT_240 · seen_files=11 · last_saved=https://www.genspark.ai/api/files/s/rycustf3
[02:13:01] ⏱ 준비 SRT_240 0.0s · chars=2488
[02:13:02] ⏱ 다음명령유휴 SRT_240 1.0s · idle=True
[02:13:03] fill OK(clip) follow=True chars=2488
[02:13:03] submit 시작 composer=2488 url=https://www.genspark.ai/agents?id=a21dcdce-bd70-4585-9099-f3bba746b889
[02:13:03] submit geo 실패 hit=no-btn
[02:13:03] submit 시도 method=geo geo=False
[02:13:03] submit 미확인 method=geo generating=False composer=2488
[02:13:04] submit geo 실패 hit=no-btn
[02:13:04] submit 시도 method=send send=False
[02:13:04] submit 미확인 method=send generating=False composer=2488
[02:13:04] submit 시도 method=ctrl
[02:13:05] submit 미확인 method=ctrl generating=False composer=2490
[02:13:05] submit 시도 method=enter
[02:13:06] submit 확인 method=enter generating=False composer=0
[02:13:06] ⏱ 입력·전송 SRT_240 3.5s · chars=2488
[02:13:06] 제출 후 last_saved=https://www.genspark.ai/api/files/s/rycustf3
[02:13:06] ⏱ 생성대기 시작 SRT_240 max=120s
[02:13:19] ⏱ 생성대기 완료 12.6s SRT_240 https://www.genspark.ai/api/files/s/omqsytur
[02:13:19] ⏱ 생성대기구간 SRT_240 12.6s · ok=True
[02:13:19] SRT_240 근접 이미지 https://www.genspark.ai/api/files/s/omqsytur
[02:13:19] 다운로드 files URL=https://www.genspark.ai/api/files/s/omqsytur → SRT_240.png
[02:13:19] ⏱ 다운로드 직접 0.7s size=572006 SRT_240.png
[02:13:19] ⏱ 다운로드구간 SRT_240 0.7s · SRT_240.png
[02:13:20] ⏱ 다운로드후유휴 SRT_240 1.0s · idle=True
[02:13:20] ⏱ 씬합계 SRT_240 19.1s · https://www.genspark.ai/api/files/s/omqsytur
[02:13:20] SRT_240 생성·다운로드 완료
C:\cursor\wuxia\무협극장\검신귀환록\2부\16장\png\SRT_240.png
[02:13:21] 상태키 SRT_260 · Baek|blood_robe; Jin≈19|blood_robe
[02:13:21] run_scene 시작 SRT_260 · seen_files=12 · last_saved=https://www.genspark.ai/api/files/s/omqsytur
[02:13:21] ⏱ 준비 SRT_260 0.0s · chars=2925
[02:13:22] ⏱ 다음명령유휴 SRT_260 1.0s · idle=True
[02:13:22] fill OK(clip) follow=True chars=2925
[02:13:22] submit 시작 composer=2925 url=https://www.genspark.ai/agents?id=a21dcdce-bd70-4585-9099-f3bba746b889
[02:13:22] submit geo 실패 hit=no-btn
[02:13:22] submit 시도 method=geo geo=False
[02:13:23] submit 미확인 method=geo generating=False composer=2925
[02:13:23] submit geo 실패 hit=no-btn
[02:13:23] submit 시도 method=send send=False
[02:13:23] submit 미확인 method=send generating=False composer=2925
[02:13:24] submit 시도 method=ctrl
[02:13:24] submit 미확인 method=ctrl generating=False composer=2927
[02:13:25] submit 시도 method=enter
[02:13:25] submit 확인 method=enter generating=False composer=0
[02:13:25] ⏱ 입력·전송 SRT_260 3.5s · chars=2925
[02:13:25] 제출 후 last_saved=https://www.genspark.ai/api/files/s/omqsytur
[02:13:25] ⏱ 생성대기 시작 SRT_260 max=120s
[02:13:38] ⏱ 생성대기 완료 12.3s SRT_260 https://www.genspark.ai/api/files/s/hwmikfbe
[02:13:38] ⏱ 생성대기구간 SRT_260 12.3s · ok=True
[02:13:38] SRT_260 근접 이미지 https://www.genspark.ai/api/files/s/hwmikfbe
[02:13:38] 다운로드 files URL=https://www.genspark.ai/api/files/s/hwmikfbe → SRT_260.png
[02:13:38] ⏱ 다운로드 직접 0.7s size=525173 SRT_260.png
[02:13:38] ⏱ 다운로드구간 SRT_260 0.7s · SRT_260.png
[02:13:41] ⏱ 다운로드후유휴 SRT_260 3.1s · idle=True
[02:13:41] ⏱ 씬합계 SRT_260 20.8s · https://www.genspark.ai/api/files/s/hwmikfbe
[02:13:41] SRT_260 생성·다운로드 완료
C:\cursor\wuxia\무협극장\검신귀환록\2부\16장\png\SRT_260.png
[02:13:42] 상태키 SRT_280 · Baek|blood_robe; Jin≈19|blood_robe
[02:13:42] run_scene 시작 SRT_280 · seen_files=13 · last_saved=https://www.genspark.ai/api/files/s/hwmikfbe
[02:13:42] ⏱ 준비 SRT_280 0.0s · chars=2884
[02:13:43] ⏱ 다음명령유휴 SRT_280 1.0s · idle=True
[02:13:43] fill OK(clip) follow=True chars=2884
[02:13:43] submit 시작 composer=2884 url=https://www.genspark.ai/agents?id=a21dcdce-bd70-4585-9099-f3bba746b889
[02:13:43] submit geo 실패 hit=no-btn
[02:13:43] submit 시도 method=geo geo=False
[02:13:44] submit 미확인 method=geo generating=False composer=2884
[02:13:44] submit geo 실패 hit=no-btn
[02:13:44] submit 시도 method=send send=False
[02:13:44] submit 미확인 method=send generating=False composer=2884
[02:13:45] submit 시도 method=ctrl
[02:13:45] submit 미확인 method=ctrl generating=False composer=2886
[02:13:45] submit 시도 method=enter
[02:13:46] submit 확인 method=enter generating=False composer=0
[02:13:46] ⏱ 입력·전송 SRT_280 3.5s · chars=2884
[02:13:46] 제출 후 last_saved=https://www.genspark.ai/api/files/s/hwmikfbe
[02:13:46] ⏱ 생성대기 시작 SRT_280 max=120s
[02:13:58] ⏱ 생성대기 완료 11.6s SRT_280 https://www.genspark.ai/api/files/s/p1zj7euu
[02:13:58] ⏱ 생성대기구간 SRT_280 11.6s · ok=True
[02:13:58] SRT_280 근접 이미지 https://www.genspark.ai/api/files/s/p1zj7euu
[02:13:58] 다운로드 files URL=https://www.genspark.ai/api/files/s/p1zj7euu → SRT_280.png
[02:13:59] ⏱ 다운로드 직접 0.7s size=506687 SRT_280.png
[02:13:59] ⏱ 다운로드구간 SRT_280 0.7s · SRT_280.png
[02:14:00] ⏱ 다운로드후유휴 SRT_280 1.1s · idle=True
[02:14:00] ⏱ 씬합계 SRT_280 18.1s · https://www.genspark.ai/api/files/s/p1zj7euu
[02:14:00] SRT_280 생성·다운로드 완료
C:\cursor\wuxia\무협극장\검신귀환록\2부\16장\png\SRT_280.png
[02:14:00] 상태키 SRT_300 · Baek|blood_robe; Jin≈19|blood_robe
[02:14:00] run_scene 시작 SRT_300 · seen_files=14 · last_saved=https://www.genspark.ai/api/files/s/p1zj7euu
[02:14:00] ⏱ 준비 SRT_300 0.0s · chars=2488
[02:14:01] ⏱ 다음명령유휴 SRT_300 1.0s · idle=True
[02:14:01] fill OK(clip) follow=True chars=2488
[02:14:01] submit 시작 composer=2488 url=https://www.genspark.ai/agents?id=a21dcdce-bd70-4585-9099-f3bba746b889
[02:14:01] submit geo 실패 hit=no-btn
[02:14:01] submit 시도 method=geo geo=False
[02:14:02] submit 미확인 method=geo generating=False composer=2488
[02:14:02] submit geo 실패 hit=no-btn
[02:14:02] submit 시도 method=send send=False
[02:14:03] submit 미확인 method=send generating=False composer=2488
[02:14:03] submit 시도 method=ctrl
[02:14:03] submit 미확인 method=ctrl generating=False composer=2490
[02:14:04] submit 시도 method=enter
[02:14:04] submit 확인 method=enter generating=False composer=0
[02:14:04] ⏱ 입력·전송 SRT_300 3.5s · chars=2488
[02:14:04] 제출 후 last_saved=https://www.genspark.ai/api/files/s/p1zj7euu
[02:14:04] ⏱ 생성대기 시작 SRT_300 max=120s
[02:14:19] ⏱ 생성대기 완료 14.9s SRT_300 https://www.genspark.ai/api/files/s/zh7ft3qo
[02:14:19] ⏱ 생성대기구간 SRT_300 14.9s · ok=True
[02:14:19] SRT_300 근접 이미지 https://www.genspark.ai/api/files/s/zh7ft3qo
[02:14:19] 다운로드 files URL=https://www.genspark.ai/api/files/s/zh7ft3qo → SRT_300.png
[02:14:20] ⏱ 다운로드 직접 0.6s size=417630 SRT_300.png
[02:14:20] ⏱ 다운로드구간 SRT_300 0.6s · SRT_300.png
[02:14:21] ⏱ 다운로드후유휴 SRT_300 1.0s · idle=True
[02:14:21] ⏱ 씬합계 SRT_300 21.4s · https://www.genspark.ai/api/files/s/zh7ft3qo
[02:14:21] SRT_300 생성·다운로드 완료
C:\cursor\wuxia\무협극장\검신귀환록\2부\16장\png\SRT_300.png
[02:14:21] 상태키 SRT_320 · Baek|blood_robe; Jin≈19|blood_robe
[02:14:21] run_scene 시작 SRT_320 · seen_files=15 · last_saved=https://www.genspark.ai/api/files/s/zh7ft3qo
[02:14:21] ⏱ 준비 SRT_320 0.0s · chars=2902
[02:14:22] ⏱ 다음명령유휴 SRT_320 1.0s · idle=True
[02:14:23] fill OK(clip) follow=True chars=2902
[02:14:23] submit 시작 composer=2902 url=https://www.genspark.ai/agents?id=a21dcdce-bd70-4585-9099-f3bba746b889
[02:14:23] submit geo 실패 hit=no-btn
[02:14:23] submit 시도 method=geo geo=False
[02:14:23] submit 미확인 method=geo generating=False composer=2902
[02:14:24] submit geo 실패 hit=no-btn
[02:14:24] submit 시도 method=send send=False
[02:14:24] submit 미확인 method=send generating=False composer=2902
[02:14:24] submit 시도 method=ctrl
[02:14:25] submit 미확인 method=ctrl generating=False composer=2904
[02:14:25] submit 시도 method=enter
[02:14:26] submit 확인 method=enter generating=False composer=0
[02:14:26] ⏱ 입력·전송 SRT_320 3.5s · chars=2902
[02:14:26] 제출 후 last_saved=https://www.genspark.ai/api/files/s/zh7ft3qo
[02:14:26] ⏱ 생성대기 시작 SRT_320 max=120s
[02:14:41] ⏱ 생성대기 완료 15.1s SRT_320 https://www.genspark.ai/api/files/s/6aymqhwy
[02:14:41] ⏱ 생성대기구간 SRT_320 15.1s · ok=True
[02:14:41] SRT_320 근접 이미지 https://www.genspark.ai/api/files/s/6aymqhwy
[02:14:41] 다운로드 files URL=https://www.genspark.ai/api/files/s/6aymqhwy → SRT_320.png
[02:14:42] ⏱ 다운로드 직접 1.1s size=543247 SRT_320.png
[02:14:42] ⏱ 다운로드구간 SRT_320 1.1s · SRT_320.png
[02:14:43] ⏱ 다운로드후유휴 SRT_320 1.0s · idle=True
[02:14:43] ⏱ 씬합계 SRT_320 22.0s · https://www.genspark.ai/api/files/s/6aymqhwy
[02:14:43] SRT_320 생성·다운로드 완료
C:\cursor\wuxia\무협극장\검신귀환록\2부\16장\png\SRT_320.png
[02:14:43] 상태키 SRT_340 · Baek|blood_robe; Jin≈19|blood_robe
[02:14:43] run_scene 시작 SRT_340 · seen_files=16 · last_saved=https://www.genspark.ai/api/files/s/6aymqhwy
[02:14:43] ⏱ 준비 SRT_340 0.0s · chars=2466
[02:14:45] ⏱ 다음명령유휴 SRT_340 1.1s · idle=True
[02:14:45] fill OK(clip) follow=True chars=2466
[02:14:45] submit 시작 composer=2466 url=https://www.genspark.ai/agents?id=a21dcdce-bd70-4585-9099-f3bba746b889
[02:14:45] submit geo 실패 hit=no-btn
[02:14:45] submit 시도 method=geo geo=False
[02:14:46] submit 미확인 method=geo generating=False composer=2466
[02:14:46] submit geo 실패 hit=no-btn
[02:14:46] submit 시도 method=send send=False
[02:14:46] submit 미확인 method=send generating=False composer=2466
[02:14:47] submit 시도 method=ctrl
[02:14:47] submit 미확인 method=ctrl generating=False composer=2468
[02:14:47] submit 시도 method=enter
[02:14:48] submit 확인 method=enter generating=False composer=0
[02:14:48] ⏱ 입력·전송 SRT_340 3.5s · chars=2466
[02:14:48] 제출 후 last_saved=https://www.genspark.ai/api/files/s/6aymqhwy
[02:14:48] ⏱ 생성대기 시작 SRT_340 max=120s
[02:15:01] ⏱ 생성대기 완료 13.0s SRT_340 https://www.genspark.ai/api/files/s/vtplnz4l
[02:15:01] ⏱ 생성대기구간 SRT_340 13.0s · ok=True
[02:15:01] SRT_340 근접 이미지 https://www.genspark.ai/api/files/s/vtplnz4l
[02:15:01] 다운로드 files URL=https://www.genspark.ai/api/files/s/vtplnz4l → SRT_340.png
[02:15:02] ⏱ 다운로드 직접 0.7s size=682182 SRT_340.png
[02:15:02] ⏱ 다운로드구간 SRT_340 0.7s · SRT_340.png
[02:15:03] ⏱ 다운로드후유휴 SRT_340 1.0s · idle=True
[02:15:03] ⏱ 씬합계 SRT_340 19.5s · https://www.genspark.ai/api/files/s/vtplnz4l
[02:15:03] SRT_340 생성·다운로드 완료
C:\cursor\wuxia\무협극장\검신귀환록\2부\16장\png\SRT_340.png
[02:15:03] 상태키 SRT_360 · Baek|blood_robe; Jin≈19|blood_robe
[02:15:03] run_scene 시작 SRT_360 · seen_files=17 · last_saved=https://www.genspark.ai/api/files/s/vtplnz4l
[02:15:03] ⏱ 준비 SRT_360 0.0s · chars=2140
[02:15:04] ⏱ 다음명령유휴 SRT_360 1.0s · idle=True
[02:15:05] fill OK(clip) follow=True chars=2140
[02:15:05] submit 시작 composer=2140 url=https://www.genspark.ai/agents?id=a21dcdce-bd70-4585-9099-f3bba746b889
[02:15:05] submit geo 실패 hit=no-btn
[02:15:05] submit 시도 method=geo geo=False
[02:15:05] submit 미확인 method=geo generating=False composer=2140
[02:15:05] submit geo 실패 hit=no-btn
[02:15:05] submit 시도 method=send send=False
[02:15:06] submit 미확인 method=send generating=False composer=2140
[02:15:06] submit 시도 method=ctrl
[02:15:07] submit 미확인 method=ctrl generating=False composer=2142
[02:15:07] submit 시도 method=enter
[02:15:08] submit 확인 method=enter generating=False composer=0
[02:15:08] ⏱ 입력·전송 SRT_360 3.5s · chars=2140
[02:15:08] 제출 후 last_saved=https://www.genspark.ai/api/files/s/vtplnz4l
[02:15:08] ⏱ 생성대기 시작 SRT_360 max=120s
[02:15:20] ⏱ 생성대기 완료 11.7s SRT_360 https://www.genspark.ai/api/files/s/dbykg6gu
[02:15:20] ⏱ 생성대기구간 SRT_360 11.7s · ok=True
[02:15:20] SRT_360 근접 이미지 https://www.genspark.ai/api/files/s/dbykg6gu
[02:15:20] 다운로드 files URL=https://www.genspark.ai/api/files/s/dbykg6gu → SRT_360.png
[02:15:20] ⏱ 다운로드 직접 0.7s size=668735 SRT_360.png
[02:15:20] ⏱ 다운로드구간 SRT_360 0.7s · SRT_360.png
[02:15:21] ⏱ 다운로드후유휴 SRT_360 1.1s · idle=True
[02:15:21] ⏱ 씬합계 SRT_360 18.2s · https://www.genspark.ai/api/files/s/dbykg6gu
[02:15:21] SRT_360 생성·다운로드 완료
C:\cursor\wuxia\무협극장\검신귀환록\2부\16장\png\SRT_360.png
[02:15:22] 상태키 SRT_380 · Baek|blood_robe; Jin≈19|blood_robe
[02:15:22] run_scene 시작 SRT_380 · seen_files=18 · last_saved=https://www.genspark.ai/api/files/s/dbykg6gu
[02:15:22] ⏱ 준비 SRT_380 0.0s · chars=2484
[02:15:23] ⏱ 다음명령유휴 SRT_380 1.0s · idle=True
[02:15:23] fill OK(clip) follow=True chars=2484
[02:15:23] submit 시작 composer=2484 url=https://www.genspark.ai/agents?id=a21dcdce-bd70-4585-9099-f3bba746b889
[02:15:23] submit geo 실패 hit=no-btn
[02:15:23] submit 시도 method=geo geo=False
[02:15:24] submit 미확인 method=geo generating=False composer=2484
[02:15:24] submit geo 실패 hit=no-btn
[02:15:24] submit 시도 method=send send=False
[02:15:24] submit 미확인 method=send generating=False composer=2484
[02:15:25] submit 시도 method=ctrl
[02:15:25] submit 미확인 method=ctrl generating=False composer=2486
[02:15:26] submit 시도 method=enter
[02:15:26] submit 확인 method=enter generating=False composer=0
[02:15:26] ⏱ 입력·전송 SRT_380 3.5s · chars=2484
[02:15:26] 제출 후 last_saved=https://www.genspark.ai/api/files/s/dbykg6gu
[02:15:26] ⏱ 생성대기 시작 SRT_380 max=120s
[02:15:39] ⏱ 생성대기 완료 12.3s SRT_380 https://www.genspark.ai/api/files/s/svbqd8gb
[02:15:39] ⏱ 생성대기구간 SRT_380 12.3s · ok=True
[02:15:39] SRT_380 근접 이미지 https://www.genspark.ai/api/files/s/svbqd8gb
[02:15:39] 다운로드 files URL=https://www.genspark.ai/api/files/s/svbqd8gb → SRT_380.png
[02:15:39] ⏱ 다운로드 직접 0.6s size=647169 SRT_380.png
[02:15:39] ⏱ 다운로드구간 SRT_380 0.6s · SRT_380.png
[02:15:40] ⏱ 다운로드후유휴 SRT_380 1.0s · idle=True
[02:15:40] ⏱ 씬합계 SRT_380 18.7s · https://www.genspark.ai/api/files/s/svbqd8gb
[02:15:40] SRT_380 생성·다운로드 완료
C:\cursor\wuxia\무협극장\검신귀환록\2부\16장\png\SRT_380.png
[02:15:40] 상태키 SRT_400 · Baek|blood_robe; Jin≈19|blood_robe
[02:15:40] run_scene 시작 SRT_400 · seen_files=19 · last_saved=https://www.genspark.ai/api/files/s/svbqd8gb
[02:15:40] ⏱ 준비 SRT_400 0.0s · chars=1392
[02:15:41] ⏱ 다음명령유휴 SRT_400 1.1s · idle=True
[02:15:42] fill OK(clip) follow=True chars=1392
[02:15:42] submit 시작 composer=1392 url=https://www.genspark.ai/agents?id=a21dcdce-bd70-4585-9099-f3bba746b889
[02:15:42] submit geo 실패 hit=no-btn
[02:15:42] submit 시도 method=geo geo=False
[02:15:43] submit 미확인 method=geo generating=False composer=1392
[02:15:43] submit geo 실패 hit=no-btn
[02:15:43] submit 시도 method=send send=False
[02:15:43] submit 미확인 method=send generating=False composer=1392
[02:15:44] submit 시도 method=ctrl
[02:15:44] submit 미확인 method=ctrl generating=False composer=1394
[02:15:44] submit 시도 method=enter
[02:15:45] submit 확인 method=enter generating=False composer=0
[02:15:45] ⏱ 입력·전송 SRT_400 3.5s · chars=1392
[02:15:45] 제출 후 last_saved=https://www.genspark.ai/api/files/s/svbqd8gb
[02:15:45] ⏱ 생성대기 시작 SRT_400 max=120s
[02:15:57] ⏱ 생성대기 완료 12.2s SRT_400 https://www.genspark.ai/api/files/s/bylh3t1p
[02:15:57] ⏱ 생성대기구간 SRT_400 12.2s · ok=True
[02:15:57] SRT_400 근접 이미지 https://www.genspark.ai/api/files/s/bylh3t1p
[02:15:57] 다운로드 files URL=https://www.genspark.ai/api/files/s/bylh3t1p → SRT_400.png
[02:15:58] ⏱ 다운로드 직접 0.9s size=687159 SRT_400.png
[02:15:58] ⏱ 다운로드구간 SRT_400 0.9s · SRT_400.png
[02:15:59] ⏱ 다운로드후유휴 SRT_400 1.0s · idle=True
[02:15:59] ⏱ 씬합계 SRT_400 18.9s · https://www.genspark.ai/api/files/s/bylh3t1p
[02:15:59] SRT_400 생성·다운로드 완료
C:\cursor\wuxia\무협극장\검신귀환록\2부\16장\png\SRT_400.png
[02:15:59] 상태키 SRT_420 · Baek|blood_robe; Jin≈19|blood_robe
[02:15:59] run_scene 시작 SRT_420 · seen_files=20 · last_saved=https://www.genspark.ai/api/files/s/bylh3t1p
[02:15:59] ⏱ 준비 SRT_420 0.0s · chars=2473
[02:16:01] ⏱ 다음명령유휴 SRT_420 1.0s · idle=True
[02:16:01] fill OK(clip) follow=True chars=2473
[02:16:01] submit 시작 composer=2473 url=https://www.genspark.ai/agents?id=a21dcdce-bd70-4585-9099-f3bba746b889
[02:16:01] submit geo 실패 hit=no-btn
[02:16:01] submit 시도 method=geo geo=False
[02:16:02] submit 미확인 method=geo generating=False composer=2473
[02:16:02] submit geo 실패 hit=no-btn
[02:16:02] submit 시도 method=send send=False
[02:16:02] submit 미확인 method=send generating=False composer=2473
[02:16:03] submit 시도 method=ctrl
[02:16:03] submit 미확인 method=ctrl generating=False composer=2475
[02:16:03] submit 시도 method=enter
[02:16:04] submit 확인 method=enter generating=False composer=0
[02:16:04] ⏱ 입력·전송 SRT_420 3.5s · chars=2473
[02:16:04] 제출 후 last_saved=https://www.genspark.ai/api/files/s/bylh3t1p
[02:16:04] ⏱ 생성대기 시작 SRT_420 max=120s
[02:16:17] ⏱ 생성대기 완료 12.7s SRT_420 https://www.genspark.ai/api/files/s/jojyynlq
[02:16:17] ⏱ 생성대기구간 SRT_420 12.7s · ok=True
[02:16:17] SRT_420 근접 이미지 https://www.genspark.ai/api/files/s/jojyynlq
[02:16:17] 다운로드 files URL=https://www.genspark.ai/api/files/s/jojyynlq → SRT_420.png
[02:16:18] ⏱ 다운로드 직접 0.7s size=782857 SRT_420.png
[02:16:18] ⏱ 다운로드구간 SRT_420 0.7s · SRT_420.png
[02:16:19] ⏱ 다운로드후유휴 SRT_420 1.1s · idle=True
[02:16:19] ⏱ 씬합계 SRT_420 19.2s · https://www.genspark.ai/api/files/s/jojyynlq
[02:16:19] SRT_420 생성·다운로드 완료
C:\cursor\wuxia\무협극장\검신귀환록\2부\16장\png\SRT_420.png
[02:16:19] 상태키 SRT_440 · Baek|blood_robe; Jin≈19|blood_robe
[02:16:19] run_scene 시작 SRT_440 · seen_files=21 · last_saved=https://www.genspark.ai/api/files/s/jojyynlq
[02:16:19] ⏱ 준비 SRT_440 0.0s · chars=2491
[02:16:20] ⏱ 다음명령유휴 SRT_440 1.0s · idle=True
[02:16:20] fill OK(clip) follow=True chars=2491
[02:16:20] submit 시작 composer=2491 url=https://www.genspark.ai/agents?id=a21dcdce-bd70-4585-9099-f3bba746b889
[02:16:21] submit geo 실패 hit=no-btn
[02:16:21] submit 시도 method=geo geo=False
[02:16:21] submit 미확인 method=geo generating=False composer=2491
[02:16:21] submit geo 실패 hit=no-btn
[02:16:21] submit 시도 method=send send=False
[02:16:22] submit 미확인 method=send generating=False composer=2491
[02:16:22] submit 시도 method=ctrl
[02:16:23] submit 미확인 method=ctrl generating=False composer=2493
[02:16:23] submit 시도 method=enter
[02:16:23] submit 확인 method=enter generating=False composer=0
[02:16:23] ⏱ 입력·전송 SRT_440 3.5s · chars=2491
[02:16:23] 제출 후 last_saved=https://www.genspark.ai/api/files/s/jojyynlq
[02:16:24] ⏱ 생성대기 시작 SRT_440 max=120s
[02:16:37] ⏱ 생성대기 완료 13.0s SRT_440 https://www.genspark.ai/api/files/s/iry0zq3e
[02:16:37] ⏱ 생성대기구간 SRT_440 13.0s · ok=True
[02:16:37] SRT_440 근접 이미지 https://www.genspark.ai/api/files/s/iry0zq3e
[02:16:37] 다운로드 files URL=https://www.genspark.ai/api/files/s/iry0zq3e → SRT_440.png
[02:16:37] ⏱ 다운로드 직접 0.8s size=756712 SRT_440.png
[02:16:37] ⏱ 다운로드구간 SRT_440 0.8s · SRT_440.png
[02:16:39] ⏱ 다운로드후유휴 SRT_440 1.1s · idle=True
[02:16:39] ⏱ 씬합계 SRT_440 19.6s · https://www.genspark.ai/api/files/s/iry0zq3e
[02:16:39] SRT_440 생성·다운로드 완료
C:\cursor\wuxia\무협극장\검신귀환록\2부\16장\png\SRT_440.png
[02:16:39] 상태키 SRT_460 · Baek|blood_robe; Jin≈19|blood_robe
[02:16:39] run_scene 시작 SRT_460 · seen_files=22 · last_saved=https://www.genspark.ai/api/files/s/iry0zq3e
[02:16:39] ⏱ 준비 SRT_460 0.0s · chars=2438
[02:16:40] ⏱ 다음명령유휴 SRT_460 1.0s · idle=True
[02:16:40] fill OK(clip) follow=True chars=2438
[02:16:40] submit 시작 composer=2438 url=https://www.genspark.ai/agents?id=a21dcdce-bd70-4585-9099-f3bba746b889
[02:16:40] submit geo 실패 hit=no-btn
[02:16:40] submit 시도 method=geo geo=False
[02:16:41] submit 미확인 method=geo generating=False composer=2438
[02:16:41] submit geo 실패 hit=no-btn
[02:16:41] submit 시도 method=send send=False
[02:16:42] submit 미확인 method=send generating=False composer=2438
[02:16:42] submit 시도 method=ctrl
[02:16:42] submit 미확인 method=ctrl generating=False composer=2440
[02:16:43] submit 시도 method=enter
[02:16:43] submit 확인 method=enter generating=False composer=0
[02:16:43] ⏱ 입력·전송 SRT_460 3.5s · chars=2438
[02:16:43] 제출 후 last_saved=https://www.genspark.ai/api/files/s/iry0zq3e
[02:16:43] ⏱ 생성대기 시작 SRT_460 max=120s
[02:16:56] ⏱ 생성대기 완료 12.6s SRT_460 https://www.genspark.ai/api/files/s/zuvmu1at
[02:16:56] ⏱ 생성대기구간 SRT_460 12.6s · ok=True
[02:16:56] SRT_460 근접 이미지 https://www.genspark.ai/api/files/s/zuvmu1at
[02:16:56] 다운로드 files URL=https://www.genspark.ai/api/files/s/zuvmu1at → SRT_460.png
[02:16:57] ⏱ 다운로드 직접 0.7s size=612873 SRT_460.png
[02:16:57] ⏱ 다운로드구간 SRT_460 0.7s · SRT_460.png
[02:16:58] ⏱ 다운로드후유휴 SRT_460 1.0s · idle=True
[02:16:58] ⏱ 씬합계 SRT_460 19.0s · https://www.genspark.ai/api/files/s/zuvmu1at
[02:16:58] SRT_460 생성·다운로드 완료
C:\cursor\wuxia\무협극장\검신귀환록\2부\16장\png\SRT_460.png
[02:16:58] 상태키 SRT_480 · Baek|blood_robe; Jin≈19|blood_robe
[02:16:58] run_scene 시작 SRT_480 · seen_files=23 · last_saved=https://www.genspark.ai/api/files/s/zuvmu1at
[02:16:58] ⏱ 준비 SRT_480 0.0s · chars=2137
[02:16:59] ⏱ 다음명령유휴 SRT_480 1.1s · idle=True
[02:16:59] fill OK(clip) follow=True chars=2137
[02:16:59] submit 시작 composer=2137 url=https://www.genspark.ai/agents?id=a21dcdce-bd70-4585-9099-f3bba746b889
[02:17:00] submit geo 실패 hit=no-btn
[02:17:00] submit 시도 method=geo geo=False
[02:17:00] submit 미확인 method=geo generating=False composer=2137
[02:17:00] submit geo 실패 hit=no-btn
[02:17:00] submit 시도 method=send send=False
[02:17:01] submit 미확인 method=send generating=False composer=2137
[02:17:01] submit 시도 method=ctrl
[02:17:02] submit 미확인 method=ctrl generating=False composer=2139
[02:17:02] submit 시도 method=enter
[02:17:02] submit 확인 method=enter generating=False composer=0
[02:17:02] ⏱ 입력·전송 SRT_480 3.5s · chars=2137
[02:17:02] 제출 후 last_saved=https://www.genspark.ai/api/files/s/zuvmu1at
[02:17:03] ⏱ 생성대기 시작 SRT_480 max=120s
[02:17:15] ⏱ 생성대기 완료 12.0s SRT_480 https://www.genspark.ai/api/files/s/owfkmcdt
[02:17:15] ⏱ 생성대기구간 SRT_480 12.0s · ok=True
[02:17:15] SRT_480 근접 이미지 https://www.genspark.ai/api/files/s/owfkmcdt
[02:17:15] 다운로드 files URL=https://www.genspark.ai/api/files/s/owfkmcdt → SRT_480.png
[02:17:16] ⏱ 다운로드 직접 1.6s size=541108 SRT_480.png
[02:17:16] ⏱ 다운로드구간 SRT_480 1.6s · SRT_480.png
[02:17:17] ⏱ 다운로드후유휴 SRT_480 1.0s · idle=True
[02:17:17] ⏱ 씬합계 SRT_480 19.5s · https://www.genspark.ai/api/files/s/owfkmcdt
[02:17:17] SRT_480 생성·다운로드 완료
C:\cursor\wuxia\무협극장\검신귀환록\2부\16장\png\SRT_480.png
[02:17:18] 상태키 SRT_500 · Baek|blood_robe; Jin≈19|blood_robe
[02:17:18] run_scene 시작 SRT_500 · seen_files=24 · last_saved=https://www.genspark.ai/api/files/s/owfkmcdt
[02:17:18] ⏱ 준비 SRT_500 0.0s · chars=2467
[02:17:19] ⏱ 다음명령유휴 SRT_500 1.0s · idle=True
[02:17:19] fill OK(clip) follow=True chars=2467
[02:17:19] submit 시작 composer=2467 url=https://www.genspark.ai/agents?id=a21dcdce-bd70-4585-9099-f3bba746b889
[02:17:19] submit geo 실패 hit=no-btn
[02:17:19] submit 시도 method=geo geo=False
[02:17:20] submit 미확인 method=geo generating=False composer=2467
[02:17:20] submit geo 실패 hit=no-btn
[02:17:20] submit 시도 method=send send=False
[02:17:20] submit 미확인 method=send generating=False composer=2467
[02:17:21] submit 시도 method=ctrl
[02:17:21] submit 미확인 method=ctrl generating=False composer=2469
[02:17:22] submit 시도 method=enter
[02:17:22] submit 확인 method=enter generating=False composer=0
[02:17:22] ⏱ 입력·전송 SRT_500 3.5s · chars=2467
[02:17:22] 제출 후 last_saved=https://www.genspark.ai/api/files/s/owfkmcdt
[02:17:22] ⏱ 생성대기 시작 SRT_500 max=120s
[02:17:36] ⏱ 생성대기 완료 13.5s SRT_500 https://www.genspark.ai/api/files/s/l7wu0zz4
[02:17:36] ⏱ 생성대기구간 SRT_500 13.5s · ok=True
[02:17:36] SRT_500 근접 이미지 https://www.genspark.ai/api/files/s/l7wu0zz4
[02:17:36] 다운로드 files URL=https://www.genspark.ai/api/files/s/l7wu0zz4 → SRT_500.png
[02:17:37] ⏱ 다운로드 직접 0.8s size=566418 SRT_500.png
[02:17:37] ⏱ 다운로드구간 SRT_500 0.8s · SRT_500.png
[02:17:38] ⏱ 다운로드후유휴 SRT_500 1.1s · idle=True
[02:17:38] ⏱ 씬합계 SRT_500 20.2s · https://www.genspark.ai/api/files/s/l7wu0zz4
[02:17:38] SRT_500 생성·다운로드 완료
C:\cursor\wuxia\무협극장\검신귀환록\2부\16장\png\SRT_500.png
[02:17:38] 상태키 SRT_520 · Baek|blood_robe; Jin≈19|blood_robe
[02:17:38] run_scene 시작 SRT_520 · seen_files=25 · last_saved=https://www.genspark.ai/api/files/s/l7wu0zz4
[02:17:38] ⏱ 준비 SRT_520 0.0s · chars=2138
[02:17:39] ⏱ 다음명령유휴 SRT_520 1.0s · idle=True
[02:17:39] fill OK(clip) follow=True chars=2138
[02:17:39] submit 시작 composer=2138 url=https://www.genspark.ai/agents?id=a21dcdce-bd70-4585-9099-f3bba746b889
[02:17:40] submit geo 실패 hit=no-btn
[02:17:40] submit 시도 method=geo geo=False
[02:17:40] submit 미확인 method=geo generating=False composer=2138
[02:17:40] submit geo 실패 hit=no-btn
[02:17:40] submit 시도 method=send send=False
[02:17:41] submit 미확인 method=send generating=False composer=2138
[02:17:41] submit 시도 method=ctrl
[02:17:42] submit 미확인 method=ctrl generating=False composer=2140
[02:17:42] submit 시도 method=enter
[02:17:42] submit 확인 method=enter generating=False composer=0
[02:17:42] ⏱ 입력·전송 SRT_520 3.5s · chars=2138
[02:17:42] 제출 후 last_saved=https://www.genspark.ai/api/files/s/l7wu0zz4
[02:17:43] ⏱ 생성대기 시작 SRT_520 max=120s
[02:17:57] ⏱ 생성대기 완료 13.9s SRT_520 https://www.genspark.ai/api/files/s/1tppx0wu
[02:17:57] ⏱ 생성대기구간 SRT_520 13.9s · ok=True
[02:17:57] SRT_520 근접 이미지 https://www.genspark.ai/api/files/s/1tppx0wu
[02:17:57] 다운로드 files URL=https://www.genspark.ai/api/files/s/1tppx0wu → SRT_520.png
[02:17:57] ⏱ 다운로드 직접 0.7s size=576211 SRT_520.png
[02:17:57] ⏱ 다운로드구간 SRT_520 0.7s · SRT_520.png
[02:17:58] ⏱ 다운로드후유휴 SRT_520 1.1s · idle=True
[02:17:58] ⏱ 씬합계 SRT_520 20.5s · https://www.genspark.ai/api/files/s/1tppx0wu
[02:17:58] SRT_520 생성·다운로드 완료
C:\cursor\wuxia\무협극장\검신귀환록\2부\16장\png\SRT_520.png
[02:17:59] 상태키 SRT_540 · Baek|blood_robe; Jin≈19|blood_robe
[02:17:59] run_scene 시작 SRT_540 · seen_files=26 · last_saved=https://www.genspark.ai/api/files/s/1tppx0wu
[02:17:59] ⏱ 준비 SRT_540 0.0s · chars=2141
[02:18:00] ⏱ 다음명령유휴 SRT_540 1.1s · idle=True
[02:18:00] fill OK(clip) follow=True chars=2141
[02:18:00] submit 시작 composer=2141 url=https://www.genspark.ai/agents?id=a21dcdce-bd70-4585-9099-f3bba746b889
[02:18:00] submit geo 실패 hit=no-btn
[02:18:00] submit 시도 method=geo geo=False
[02:18:01] submit 미확인 method=geo generating=False composer=2141
[02:18:01] submit geo 실패 hit=no-btn
[02:18:01] submit 시도 method=send send=False
[02:18:01] submit 미확인 method=send generating=False composer=2141
[02:18:02] submit 시도 method=ctrl
[02:18:02] submit 미확인 method=ctrl generating=False composer=2143
[02:18:03] submit 시도 method=enter
[02:18:03] submit 확인 method=enter generating=False composer=0
[02:18:03] ⏱ 입력·전송 SRT_540 3.5s · chars=2141
[02:18:03] 제출 후 last_saved=https://www.genspark.ai/api/files/s/1tppx0wu
[02:18:03] ⏱ 생성대기 시작 SRT_540 max=120s
[02:18:19] ⏱ 생성대기 진행 15.2s SRT_540 busy=False url_ok=True src=https://www.genspark.ai/api/files/s/ctevrt0h
[02:18:19] ⏱ 생성대기 완료 15.4s SRT_540 https://www.genspark.ai/api/files/s/ctevrt0h
[02:18:19] ⏱ 생성대기구간 SRT_540 15.4s · ok=True
[02:18:19] SRT_540 근접 이미지 https://www.genspark.ai/api/files/s/ctevrt0h
[02:18:19] 다운로드 files URL=https://www.genspark.ai/api/files/s/ctevrt0h → SRT_540.png
[02:18:19] ⏱ 다운로드 직접 0.7s size=633425 SRT_540.png
[02:18:19] ⏱ 다운로드구간 SRT_540 0.7s · SRT_540.png
[02:18:21] ⏱ 다운로드후유휴 SRT_540 1.1s · idle=True
[02:18:21] ⏱ 씬합계 SRT_540 22.0s · https://www.genspark.ai/api/files/s/ctevrt0h
[02:18:21] SRT_540 생성·다운로드 완료
C:\cursor\wuxia\무협극장\검신귀환록\2부\16장\png\SRT_540.png
[02:18:21] 상태키 SRT_560 · Baek|blood_robe; Jin≈19|blood_robe
[02:18:21] run_scene 시작 SRT_560 · seen_files=27 · last_saved=https://www.genspark.ai/api/files/s/ctevrt0h
[02:18:21] ⏱ 준비 SRT_560 0.0s · chars=2153
[02:18:22] ⏱ 다음명령유휴 SRT_560 1.1s · idle=True
[02:18:22] fill OK(clip) follow=True chars=2153
[02:18:22] submit 시작 composer=2153 url=https://www.genspark.ai/agents?id=a21dcdce-bd70-4585-9099-f3bba746b889
[02:18:22] submit geo 실패 hit=no-btn
[02:18:22] submit 시도 method=geo geo=False
[02:18:23] submit 미확인 method=geo generating=False composer=2153
[02:18:23] submit geo 실패 hit=no-btn
[02:18:23] submit 시도 method=send send=False
[02:18:24] submit 미확인 method=send generating=False composer=2153
[02:18:24] submit 시도 method=ctrl
[02:18:24] submit 미확인 method=ctrl generating=False composer=2155
[02:18:25] submit 시도 method=enter
[02:18:25] submit 확인 method=enter generating=False composer=0
[02:18:25] ⏱ 입력·전송 SRT_560 3.5s · chars=2153
[02:18:25] 제출 후 last_saved=https://www.genspark.ai/api/files/s/ctevrt0h
[02:18:26] ⏱ 생성대기 시작 SRT_560 max=120s
[02:18:38] ⏱ 생성대기 완료 12.9s SRT_560 https://www.genspark.ai/api/files/s/bborvxsd
[02:18:38] ⏱ 생성대기구간 SRT_560 12.9s · ok=True
[02:18:38] SRT_560 근접 이미지 https://www.genspark.ai/api/files/s/bborvxsd
[02:18:38] 다운로드 files URL=https://www.genspark.ai/api/files/s/bborvxsd → SRT_560.png
[02:18:39] ⏱ 다운로드 직접 0.7s size=696216 SRT_560.png
[02:18:39] ⏱ 다운로드구간 SRT_560 0.7s · SRT_560.png
[02:18:40] ⏱ 다운로드후유휴 SRT_560 1.1s · idle=True
[02:18:40] ⏱ 씬합계 SRT_560 19.5s · https://www.genspark.ai/api/files/s/bborvxsd
[02:18:40] SRT_560 생성·다운로드 완료
C:\cursor\wuxia\무협극장\검신귀환록\2부\16장\png\SRT_560.png
[02:18:40] 상태키 SRT_580 · Baek|blood_robe; Jin≈19|blood_robe
[02:18:40] run_scene 시작 SRT_580 · seen_files=28 · last_saved=https://www.genspark.ai/api/files/s/bborvxsd
[02:18:40] ⏱ 준비 SRT_580 0.0s · chars=2118
[02:18:41] ⏱ 다음명령유휴 SRT_580 1.0s · idle=True
[02:18:42] fill OK(clip) follow=True chars=2118
[02:18:42] submit 시작 composer=2118 url=https://www.genspark.ai/agents?id=a21dcdce-bd70-4585-9099-f3bba746b889
[02:18:42] submit geo 실패 hit=no-btn
[02:18:42] submit 시도 method=geo geo=False
[02:18:43] submit 미확인 method=geo generating=False composer=2118
[02:18:43] submit geo 실패 hit=no-btn
[02:18:43] submit 시도 method=send send=False
[02:18:43] submit 미확인 method=send generating=False composer=2118
[02:18:44] submit 시도 method=ctrl
[02:18:44] submit 미확인 method=ctrl generating=False composer=2120
[02:18:44] submit 시도 method=enter
[02:18:45] submit 확인 method=enter generating=False composer=0
[02:18:45] ⏱ 입력·전송 SRT_580 3.6s · chars=2118
[02:18:45] 제출 후 last_saved=https://www.genspark.ai/api/files/s/bborvxsd
[02:18:45] ⏱ 생성대기 시작 SRT_580 max=120s
[02:18:58] ⏱ 생성대기 완료 12.6s SRT_580 https://www.genspark.ai/api/files/s/l7dsnvfd
[02:18:58] ⏱ 생성대기구간 SRT_580 12.6s · ok=True
[02:18:58] SRT_580 근접 이미지 https://www.genspark.ai/api/files/s/l7dsnvfd
[02:18:58] 다운로드 files URL=https://www.genspark.ai/api/files/s/l7dsnvfd → SRT_580.png
[02:18:59] ⏱ 다운로드 직접 0.8s size=616460 SRT_580.png
[02:18:59] ⏱ 다운로드구간 SRT_580 0.9s · SRT_580.png
[02:19:01] ⏱ 다운로드후유휴 SRT_580 2.1s · idle=True
[02:19:01] ⏱ 씬합계 SRT_580 20.3s · https://www.genspark.ai/api/files/s/l7dsnvfd
[02:19:01] SRT_580 생성·다운로드 완료
C:\cursor\wuxia\무협극장\검신귀환록\2부\16장\png\SRT_580.png
[02:19:01] 상태키 SRT_600 · Baek|blood_robe; Jin≈19|blood_robe
[02:19:01] run_scene 시작 SRT_600 · seen_files=29 · last_saved=https://www.genspark.ai/api/files/s/l7dsnvfd
[02:19:01] ⏱ 준비 SRT_600 0.0s · chars=2435
[02:19:02] ⏱ 다음명령유휴 SRT_600 1.1s · idle=True
[02:19:02] fill OK(clip) follow=True chars=2435
[02:19:02] submit 시작 composer=2435 url=https://www.genspark.ai/agents?id=a21dcdce-bd70-4585-9099-f3bba746b889
[02:19:03] submit geo 실패 hit=no-btn
[02:19:03] submit 시도 method=geo geo=False
[02:19:03] submit 미확인 method=geo generating=False composer=2435
[02:19:03] submit geo 실패 hit=no-btn
[02:19:03] submit 시도 method=send send=False
[02:19:04] submit 미확인 method=send generating=False composer=2435
[02:19:04] submit 시도 method=ctrl
[02:19:05] submit 미확인 method=ctrl generating=False composer=2437
[02:19:05] submit 시도 method=enter
[02:19:05] submit 확인 method=enter generating=False composer=0
[02:19:05] ⏱ 입력·전송 SRT_600 3.6s · chars=2435
[02:19:05] 제출 후 last_saved=https://www.genspark.ai/api/files/s/l7dsnvfd
[02:19:06] ⏱ 생성대기 시작 SRT_600 max=120s
[02:19:18] ⏱ 생성대기 완료(busy무시) 12.3s SRT_600 https://www.genspark.ai/api/files/s/lxwae98o
[02:19:18] ⏱ 생성대기구간 SRT_600 12.3s · ok=True
[02:19:18] SRT_600 근접 이미지 https://www.genspark.ai/api/files/s/lxwae98o
[02:19:18] 다운로드 files URL=https://www.genspark.ai/api/files/s/lxwae98o → SRT_600.png
[02:19:19] ⏱ 다운로드 직접 0.7s size=628072 SRT_600.png
[02:19:19] ⏱ 다운로드구간 SRT_600 0.7s · SRT_600.png
[02:19:20] ⏱ 다운로드후유휴 SRT_600 1.1s · idle=True
[02:19:20] ⏱ 씬합계 SRT_600 18.9s · https://www.genspark.ai/api/files/s/lxwae98o
[02:19:20] SRT_600 생성·다운로드 완료
C:\cursor\wuxia\무협극장\검신귀환록\2부\16장\png\SRT_600.png
[02:19:20] 상태키 SRT_620 · Baek|blood_robe; Jin≈19|blood_robe
[02:19:20] run_scene 시작 SRT_620 · seen_files=30 · last_saved=https://www.genspark.ai/api/files/s/lxwae98o
[02:19:20] ⏱ 준비 SRT_620 0.0s · chars=2177
[02:19:21] ⏱ 다음명령유휴 SRT_620 1.1s · idle=True
[02:19:21] fill OK(clip) follow=True chars=2177
[02:19:21] submit 시작 composer=2177 url=https://www.genspark.ai/agents?id=a21dcdce-bd70-4585-9099-f3bba746b889
[02:19:22] submit geo 실패 hit=no-btn
[02:19:22] submit 시도 method=geo geo=False
[02:19:22] submit 미확인 method=geo generating=False composer=2177
[02:19:22] submit geo 실패 hit=no-btn
[02:19:22] submit 시도 method=send send=False
[02:19:23] submit 미확인 method=send generating=False composer=2177
[02:19:23] submit 시도 method=ctrl
[02:19:24] submit 미확인 method=ctrl generating=False composer=2179
[02:19:24] submit 시도 method=enter
[02:19:25] submit 확인 method=enter generating=False composer=0
[02:19:25] ⏱ 입력·전송 SRT_620 3.5s · chars=2177
[02:19:25] 제출 후 last_saved=https://www.genspark.ai/api/files/s/lxwae98o
[02:19:25] ⏱ 생성대기 시작 SRT_620 max=120s
[02:19:38] ⏱ 생성대기 완료 13.2s SRT_620 https://www.genspark.ai/api/files/s/3tcrqlil
[02:19:38] ⏱ 생성대기구간 SRT_620 13.2s · ok=True
[02:19:38] SRT_620 근접 이미지 https://www.genspark.ai/api/files/s/3tcrqlil
[02:19:38] 다운로드 files URL=https://www.genspark.ai/api/files/s/3tcrqlil → SRT_620.png
[02:19:39] ⏱ 다운로드 직접 0.7s size=551187 SRT_620.png
[02:19:39] ⏱ 다운로드구간 SRT_620 0.7s · SRT_620.png
[02:19:40] ⏱ 다운로드후유휴 SRT_620 1.1s · idle=True
[02:19:40] ⏱ 씬합계 SRT_620 19.7s · https://www.genspark.ai/api/files/s/3tcrqlil
[02:19:40] SRT_620 생성·다운로드 완료
C:\cursor\wuxia\무협극장\검신귀환록\2부\16장\png\SRT_620.png
[02:19:40] 상태키 SRT_640 · Baek|blood_robe; Jin≈19|blood_robe
[02:19:40] run_scene 시작 SRT_640 · seen_files=31 · last_saved=https://www.genspark.ai/api/files/s/3tcrqlil
[02:19:40] ⏱ 준비 SRT_640 0.0s · chars=2487
[02:19:41] ⏱ 다음명령유휴 SRT_640 1.0s · idle=True
[02:19:41] fill OK(clip) follow=True chars=2487
[02:19:41] submit 시작 composer=2487 url=https://www.genspark.ai/agents?id=a21dcdce-bd70-4585-9099-f3bba746b889
[02:19:42] submit geo 실패 hit=no-btn
[02:19:42] submit 시도 method=geo geo=False
[02:19:42] submit 미확인 method=geo generating=False composer=2487
[02:19:42] submit geo 실패 hit=no-btn
[02:19:42] submit 시도 method=send send=False
[02:19:43] submit 미확인 method=send generating=False composer=2487
[02:19:43] submit 시도 method=ctrl
[02:19:44] submit 미확인 method=ctrl generating=False composer=2489
[02:19:44] submit 시도 method=enter
[02:19:44] submit 확인 method=enter generating=False composer=0
[02:19:44] ⏱ 입력·전송 SRT_640 3.6s · chars=2487
[02:19:44] 제출 후 last_saved=https://www.genspark.ai/api/files/s/3tcrqlil
[02:19:45] ⏱ 생성대기 시작 SRT_640 max=120s
[02:19:57] ⏱ 생성대기 완료(busy무시) 12.8s SRT_640 https://www.genspark.ai/api/files/s/svcs3uaf
[02:19:57] ⏱ 생성대기구간 SRT_640 12.8s · ok=True
[02:19:58] SRT_640 근접 이미지 https://www.genspark.ai/api/files/s/svcs3uaf
[02:19:58] 다운로드 files URL=https://www.genspark.ai/api/files/s/svcs3uaf → SRT_640.png
[02:19:59] ⏱ 다운로드 직접 1.1s size=621534 SRT_640.png
[02:19:59] ⏱ 다운로드구간 SRT_640 1.1s · SRT_640.png
[02:20:00] ⏱ 다운로드후유휴 SRT_640 1.1s · idle=True
[02:20:00] ⏱ 씬합계 SRT_640 19.8s · https://www.genspark.ai/api/files/s/svcs3uaf
[02:20:00] SRT_640 생성·다운로드 완료
C:\cursor\wuxia\무협극장\검신귀환록\2부\16장\png\SRT_640.png
[02:20:00] 상태키 SRT_660 · Baek|blood_robe; Jin≈19|blood_robe
[02:20:00] run_scene 시작 SRT_660 · seen_files=32 · last_saved=https://www.genspark.ai/api/files/s/svcs3uaf
[02:20:00] ⏱ 준비 SRT_660 0.0s · chars=2135
[02:20:01] ⏱ 다음명령유휴 SRT_660 1.1s · idle=True
[02:20:01] fill OK(clip) follow=True chars=2135
[02:20:01] submit 시작 composer=2135 url=https://www.genspark.ai/agents?id=a21dcdce-bd70-4585-9099-f3bba746b889
[02:20:02] submit geo 실패 hit=no-btn
[02:20:02] submit 시도 method=geo geo=False
[02:20:02] submit 미확인 method=geo generating=False composer=2135
[02:20:02] submit geo 실패 hit=no-btn
[02:20:02] submit 시도 method=send send=False
[02:20:03] submit 미확인 method=send generating=False composer=2135
[02:20:03] submit 시도 method=ctrl
[02:20:04] submit 미확인 method=ctrl generating=False composer=2137
[02:20:04] submit 시도 method=enter
[02:20:04] submit 확인 method=enter generating=False composer=0
[02:20:04] ⏱ 입력·전송 SRT_660 3.6s · chars=2135
[02:20:04] 제출 후 last_saved=https://www.genspark.ai/api/files/s/svcs3uaf
[02:20:05] ⏱ 생성대기 시작 SRT_660 max=120s
[02:20:17] ⏱ 생성대기 완료 12.1s SRT_660 https://www.genspark.ai/api/files/s/e4hzgxg6
[02:20:17] ⏱ 생성대기구간 SRT_660 12.1s · ok=True
[02:20:17] SRT_660 근접 이미지 https://www.genspark.ai/api/files/s/e4hzgxg6
[02:20:17] 다운로드 files URL=https://www.genspark.ai/api/files/s/e4hzgxg6 → SRT_660.png
[02:20:17] ⏱ 다운로드 직접 0.7s size=630131 SRT_660.png
[02:20:17] ⏱ 다운로드구간 SRT_660 0.7s · SRT_660.png
[02:20:19] ⏱ 다운로드후유휴 SRT_660 1.1s · idle=True
[02:20:19] ⏱ 씬합계 SRT_660 18.7s · https://www.genspark.ai/api/files/s/e4hzgxg6
[02:20:19] SRT_660 생성·다운로드 완료
C:\cursor\wuxia\무협극장\검신귀환록\2부\16장\png\SRT_660.png
[02:20:19] 상태키 SRT_680 · Baek|blood_robe; Jin≈19|blood_robe
[02:20:19] run_scene 시작 SRT_680 · seen_files=33 · last_saved=https://www.genspark.ai/api/files/s/e4hzgxg6
[02:20:19] ⏱ 준비 SRT_680 0.0s · chars=2132
[02:20:20] ⏱ 다음명령유휴 SRT_680 1.1s · idle=True
[02:20:20] fill OK(clip) follow=True chars=2132
[02:20:20] submit 시작 composer=2132 url=https://www.genspark.ai/agents?id=a21dcdce-bd70-4585-9099-f3bba746b889
[02:20:20] submit geo 실패 hit=no-btn
[02:20:20] submit 시도 method=geo geo=False
[02:20:21] submit 미확인 method=geo generating=False composer=2132
[02:20:21] submit geo 실패 hit=no-btn
[02:20:21] submit 시도 method=send send=False
[02:20:22] submit 미확인 method=send generating=False composer=2132
[02:20:22] submit 시도 method=ctrl
[02:20:23] submit 미확인 method=ctrl generating=False composer=2134
[02:20:23] submit 시도 method=enter
[02:20:23] submit 확인 method=enter generating=False composer=0
[02:20:23] ⏱ 입력·전송 SRT_680 3.6s · chars=2132
[02:20:23] 제출 후 last_saved=https://www.genspark.ai/api/files/s/e4hzgxg6
[02:20:24] ⏱ 생성대기 시작 SRT_680 max=120s
[02:20:39] ⏱ 생성대기 진행 15.3s SRT_680 busy=False url_ok=False src=
[02:20:40] ⏱ 생성대기 완료 16.0s SRT_680 https://www.genspark.ai/api/files/s/mesert1w
[02:20:40] ⏱ 생성대기구간 SRT_680 16.0s · ok=True
[02:20:40] SRT_680 근접 이미지 https://www.genspark.ai/api/files/s/mesert1w
[02:20:40] 다운로드 files URL=https://www.genspark.ai/api/files/s/mesert1w → SRT_680.png
[02:20:41] ⏱ 다운로드 직접 1.0s size=699676 SRT_680.png
[02:20:41] ⏱ 다운로드구간 SRT_680 1.0s · SRT_680.png
[02:20:42] ⏱ 다운로드후유휴 SRT_680 1.1s · idle=True
[02:20:42] ⏱ 씬합계 SRT_680 23.0s · https://www.genspark.ai/api/files/s/mesert1w
[02:20:42] SRT_680 생성·다운로드 완료
C:\cursor\wuxia\무협극장\검신귀환록\2부\16장\png\SRT_680.png
[02:20:42] 상태키 SRT_700 · Baek|blood_robe; Jin≈19|blood_robe
[02:20:42] run_scene 시작 SRT_700 · seen_files=34 · last_saved=https://www.genspark.ai/api/files/s/mesert1w
[02:20:42] ⏱ 준비 SRT_700 0.0s · chars=2926
[02:20:43] ⏱ 다음명령유휴 SRT_700 1.1s · idle=True
[02:20:43] fill OK(clip) follow=True chars=2926
[02:20:43] submit 시작 composer=2926 url=https://www.genspark.ai/agents?id=a21dcdce-bd70-4585-9099-f3bba746b889
[02:20:44] submit geo 실패 hit=no-btn
[02:20:44] submit 시도 method=geo geo=False
[02:20:44] submit 미확인 method=geo generating=False composer=2926
[02:20:44] submit geo 실패 hit=no-btn
[02:20:44] submit 시도 method=send send=False
[02:20:45] submit 미확인 method=send generating=False composer=2926
[02:20:45] submit 시도 method=ctrl
[02:20:46] submit 미확인 method=ctrl generating=False composer=2928
[02:20:46] submit 시도 method=enter
[02:20:46] submit 확인 method=enter generating=False composer=0
[02:20:46] ⏱ 입력·전송 SRT_700 3.6s · chars=2926
[02:20:46] 제출 후 last_saved=https://www.genspark.ai/api/files/s/mesert1w
[02:20:47] ⏱ 생성대기 시작 SRT_700 max=120s
[02:21:00] ⏱ 생성대기 완료 13.8s SRT_700 https://www.genspark.ai/api/files/s/f8kjxa3i
[02:21:00] ⏱ 생성대기구간 SRT_700 13.8s · ok=True
[02:21:01] SRT_700 근접 이미지 https://www.genspark.ai/api/files/s/f8kjxa3i
[02:21:01] 다운로드 files URL=https://www.genspark.ai/api/files/s/f8kjxa3i → SRT_700.png
[02:21:01] ⏱ 다운로드 직접 1.0s size=667019 SRT_700.png
[02:21:01] ⏱ 다운로드구간 SRT_700 1.0s · SRT_700.png
[02:21:03] ⏱ 다운로드후유휴 SRT_700 1.1s · idle=True
[02:21:03] ⏱ 씬합계 SRT_700 20.7s · https://www.genspark.ai/api/files/s/f8kjxa3i
[02:21:03] SRT_700 생성·다운로드 완료
C:\cursor\wuxia\무협극장\검신귀환록\2부\16장\png\SRT_700.png
[02:21:03] 상태키 SRT_720 · Baek|blood_robe; Jin≈19|blood_robe
[02:21:03] run_scene 시작 SRT_720 · seen_files=35 · last_saved=https://www.genspark.ai/api/files/s/f8kjxa3i
[02:21:03] ⏱ 준비 SRT_720 0.0s · chars=1853
[02:21:04] ⏱ 다음명령유휴 SRT_720 1.1s · idle=True
[02:21:04] fill OK(clip) follow=True chars=1853
[02:21:04] submit 시작 composer=1853 url=https://www.genspark.ai/agents?id=a21dcdce-bd70-4585-9099-f3bba746b889
[02:21:04] submit geo 실패 hit=no-btn
[02:21:04] submit 시도 method=geo geo=False
[02:21:05] submit 미확인 method=geo generating=False composer=1853
[02:21:05] submit geo 실패 hit=no-btn
[02:21:05] submit 시도 method=send send=False
[02:21:06] submit 미확인 method=send generating=False composer=1853
[02:21:06] submit 시도 method=ctrl
[02:21:07] submit 미확인 method=ctrl generating=False composer=1855
[02:21:07] submit 시도 method=enter
[02:21:07] submit 확인 method=enter generating=False composer=0
[02:21:07] ⏱ 입력·전송 SRT_720 3.6s · chars=1853
[02:21:07] 제출 후 last_saved=https://www.genspark.ai/api/files/s/f8kjxa3i
[02:21:08] ⏱ 생성대기 시작 SRT_720 max=120s
[02:21:21] ⏱ 생성대기 완료 13.4s SRT_720 https://www.genspark.ai/api/files/s/klsu0meu
[02:21:21] ⏱ 생성대기구간 SRT_720 13.4s · ok=True
[02:21:21] SRT_720 근접 이미지 https://www.genspark.ai/api/files/s/klsu0meu
[02:21:21] 다운로드 files URL=https://www.genspark.ai/api/files/s/klsu0meu → SRT_720.png
[02:21:22] ⏱ 다운로드 직접 0.6s size=450932 SRT_720.png
[02:21:22] ⏱ 다운로드구간 SRT_720 0.7s · SRT_720.png
[02:21:23] ⏱ 다운로드후유휴 SRT_720 1.1s · idle=True
[02:21:23] ⏱ 씬합계 SRT_720 20.0s · https://www.genspark.ai/api/files/s/klsu0meu
[02:21:23] SRT_720 생성·다운로드 완료
C:\cursor\wuxia\무협극장\검신귀환록\2부\16장\png\SRT_720.png
[02:21:23] 상태키 SRT_740 · Baek|blood_robe; Jin≈19|blood_robe
[02:21:23] run_scene 시작 SRT_740 · seen_files=36 · last_saved=https://www.genspark.ai/api/files/s/klsu0meu
[02:21:23] ⏱ 준비 SRT_740 0.0s · chars=1979
[02:21:24] ⏱ 다음명령유휴 SRT_740 1.1s · idle=True
[02:21:24] fill OK(clip) follow=True chars=1979
[02:21:24] submit 시작 composer=1979 url=https://www.genspark.ai/agents?id=a21dcdce-bd70-4585-9099-f3bba746b889
[02:21:25] submit geo 실패 hit=no-btn
[02:21:25] submit 시도 method=geo geo=False
[02:21:25] submit 미확인 method=geo generating=False composer=1979
[02:21:25] submit geo 실패 hit=no-btn
[02:21:25] submit 시도 method=send send=False
[02:21:26] submit 미확인 method=send generating=False composer=1979
[02:21:26] submit 시도 method=ctrl
[02:21:27] submit 미확인 method=ctrl generating=False composer=1981
[02:21:27] submit 시도 method=enter
[02:21:27] submit 확인 method=enter generating=False composer=0
[02:21:27] ⏱ 입력·전송 SRT_740 3.6s · chars=1979
[02:21:27] 제출 후 last_saved=https://www.genspark.ai/api/files/s/klsu0meu
[02:21:28] ⏱ 생성대기 시작 SRT_740 max=120s
[02:21:43] ⏱ 생성대기 진행 15.4s SRT_740 busy=False url_ok=False src=
[02:21:51] ⏱ 생성대기 완료 23.7s SRT_740 https://www.genspark.ai/api/files/s/2onyk96t
[02:21:51] ⏱ 생성대기구간 SRT_740 23.7s · ok=True
[02:21:51] SRT_740 근접 이미지 https://www.genspark.ai/api/files/s/2onyk96t
[02:21:51] 다운로드 files URL=https://www.genspark.ai/api/files/s/2onyk96t → SRT_740.png
[02:21:52] ⏱ 다운로드 직접 0.7s size=647126 SRT_740.png
[02:21:52] ⏱ 다운로드구간 SRT_740 0.7s · SRT_740.png
[02:21:53] ⏱ 다운로드후유휴 SRT_740 1.1s · idle=True
[02:21:53] ⏱ 씬합계 SRT_740 30.3s · https://www.genspark.ai/api/files/s/2onyk96t
[02:21:53] SRT_740 생성·다운로드 완료
C:\cursor\wuxia\무협극장\검신귀환록\2부\16장\png\SRT_740.png
[02:21:53] 상태키 SRT_760 · Baek|blood_robe; Jin≈19|blood_robe
[02:21:53] run_scene 시작 SRT_760 · seen_files=37 · last_saved=https://www.genspark.ai/api/files/s/2onyk96t
[02:21:53] ⏱ 준비 SRT_760 0.0s · chars=2446
[02:21:54] ⏱ 다음명령유휴 SRT_760 1.1s · idle=True
[02:21:55] fill OK(clip) follow=True chars=2446
[02:21:55] submit 시작 composer=2446 url=https://www.genspark.ai/agents?id=a21dcdce-bd70-4585-9099-f3bba746b889
[02:21:55] submit geo 실패 hit=no-btn
[02:21:55] submit 시도 method=geo geo=False
[02:21:56] submit 미확인 method=geo generating=False composer=2446
[02:21:56] submit geo 실패 hit=no-btn
[02:21:56] submit 시도 method=send send=False
[02:21:56] submit 미확인 method=send generating=False composer=2446
[02:21:57] submit 시도 method=ctrl
[02:21:57] submit 미확인 method=ctrl generating=False composer=2448
[02:21:57] submit 시도 method=enter
[02:21:58] submit 확인 method=enter generating=False composer=0
[02:21:58] ⏱ 입력·전송 SRT_760 3.5s · chars=2446
[02:21:58] 제출 후 last_saved=https://www.genspark.ai/api/files/s/2onyk96t
[02:21:58] ⏱ 생성대기 시작 SRT_760 max=120s
[02:22:09] ⏱ 생성대기 완료 11.1s SRT_760 https://www.genspark.ai/api/files/s/ulz8sg6s
[02:22:09] ⏱ 생성대기구간 SRT_760 11.1s · ok=True
[02:22:09] SRT_760 근접 이미지 https://www.genspark.ai/api/files/s/ulz8sg6s
[02:22:09] 다운로드 files URL=https://www.genspark.ai/api/files/s/ulz8sg6s → SRT_760.png
[02:22:10] ⏱ 다운로드 직접 0.7s size=532343 SRT_760.png
[02:22:10] ⏱ 다운로드구간 SRT_760 0.7s · SRT_760.png
[02:22:11] ⏱ 다운로드후유휴 SRT_760 1.1s · idle=True
[02:22:11] ⏱ 씬합계 SRT_760 17.8s · https://www.genspark.ai/api/files/s/ulz8sg6s
[02:22:11] SRT_760 생성·다운로드 완료
C:\cursor\wuxia\무협극장\검신귀환록\2부\16장\png\SRT_760.png
[02:22:11] 상태키 SRT_780 · Baek|blood_robe; Jin≈19|blood_robe
[02:22:11] run_scene 시작 SRT_780 · seen_files=38 · last_saved=https://www.genspark.ai/api/files/s/ulz8sg6s
[02:22:11] ⏱ 준비 SRT_780 0.0s · chars=2466
[02:22:12] ⏱ 다음명령유휴 SRT_780 1.1s · idle=True
[02:22:13] fill OK(clip) follow=True chars=2466
[02:22:13] submit 시작 composer=2466 url=https://www.genspark.ai/agents?id=a21dcdce-bd70-4585-9099-f3bba746b889
[02:22:13] submit geo 실패 hit=no-btn
[02:22:13] submit 시도 method=geo geo=False
[02:22:14] submit 미확인 method=geo generating=False composer=2466
[02:22:14] submit geo 실패 hit=no-btn
[02:22:14] submit 시도 method=send send=False
[02:22:14] submit 미확인 method=send generating=False composer=2466
[02:22:15] submit 시도 method=ctrl
[02:22:15] submit 미확인 method=ctrl generating=False composer=2468
[02:22:15] submit 시도 method=enter
[02:22:16] submit 확인 method=enter generating=False composer=0
[02:22:16] ⏱ 입력·전송 SRT_780 3.6s · chars=2466
[02:22:16] 제출 후 last_saved=https://www.genspark.ai/api/files/s/ulz8sg6s
[02:22:16] ⏱ 생성대기 시작 SRT_780 max=120s
[02:22:29] ⏱ 생성대기 완료 12.7s SRT_780 https://www.genspark.ai/api/files/s/f0nlljfv
[02:22:29] ⏱ 생성대기구간 SRT_780 12.7s · ok=True
[02:22:29] SRT_780 근접 이미지 https://www.genspark.ai/api/files/s/f0nlljfv
[02:22:29] 다운로드 files URL=https://www.genspark.ai/api/files/s/f0nlljfv → SRT_780.png
[02:22:30] ⏱ 다운로드 직접 0.7s size=741425 SRT_780.png
[02:22:30] ⏱ 다운로드구간 SRT_780 0.8s · SRT_780.png
[02:22:31] ⏱ 다운로드후유휴 SRT_780 1.1s · idle=True
[02:22:31] ⏱ 씬합계 SRT_780 19.5s · https://www.genspark.ai/api/files/s/f0nlljfv
[02:22:31] SRT_780 생성·다운로드 완료
C:\cursor\wuxia\무협극장\검신귀환록\2부\16장\png\SRT_780.png
[02:22:31] 상태키 SRT_800 · Baek|blood_robe; Jin≈19|blood_robe
[02:22:31] run_scene 시작 SRT_800 · seen_files=39 · last_saved=https://www.genspark.ai/api/files/s/f0nlljfv
[02:22:31] ⏱ 준비 SRT_800 0.0s · chars=1398
[02:22:32] ⏱ 다음명령유휴 SRT_800 1.1s · idle=True
[02:22:32] fill OK(clip) follow=True chars=1398
[02:22:32] submit 시작 composer=1398 url=https://www.genspark.ai/agents?id=a21dcdce-bd70-4585-9099-f3bba746b889
[02:22:33] submit geo 실패 hit=no-btn
[02:22:33] submit 시도 method=geo geo=False
[02:22:33] submit 미확인 method=geo generating=False composer=1398
[02:22:33] submit geo 실패 hit=no-btn
[02:22:33] submit 시도 method=send send=False
[02:22:34] submit 미확인 method=send generating=False composer=1398
[02:22:34] submit 시도 method=ctrl
[02:22:35] submit 미확인 method=ctrl generating=False composer=1400
[02:22:35] submit 시도 method=enter
[02:22:36] submit 확인 method=enter generating=False composer=0
[02:22:36] ⏱ 입력·전송 SRT_800 3.6s · chars=1398
[02:22:36] 제출 후 last_saved=https://www.genspark.ai/api/files/s/f0nlljfv
[02:22:36] ⏱ 생성대기 시작 SRT_800 max=120s
[02:22:48] ⏱ 생성대기 완료 12.3s SRT_800 https://www.genspark.ai/api/files/s/qbtyzwik
[02:22:48] ⏱ 생성대기구간 SRT_800 12.3s · ok=True
[02:22:48] SRT_800 근접 이미지 https://www.genspark.ai/api/files/s/qbtyzwik
[02:22:48] 다운로드 files URL=https://www.genspark.ai/api/files/s/qbtyzwik → SRT_800.png
[02:22:49] ⏱ 다운로드 직접 0.7s size=610115 SRT_800.png
[02:22:49] ⏱ 다운로드구간 SRT_800 0.7s · SRT_800.png
[02:22:50] ⏱ 다운로드후유휴 SRT_800 1.1s · idle=True
[02:22:50] ⏱ 씬합계 SRT_800 19.0s · https://www.genspark.ai/api/files/s/qbtyzwik
[02:22:50] SRT_800 생성·다운로드 완료
C:\cursor\wuxia\무협극장\검신귀환록\2부\16장\png\SRT_800.png
[02:22:50] 상태키 SRT_820 · Baek|blood_robe; Jin≈19|blood_robe
[02:22:50] run_scene 시작 SRT_820 · seen_files=40 · last_saved=https://www.genspark.ai/api/files/s/qbtyzwik
[02:22:50] ⏱ 준비 SRT_820 0.0s · chars=2137
[02:22:51] ⏱ 다음명령유휴 SRT_820 1.1s · idle=True
[02:22:52] fill OK(clip) follow=True chars=2137
[02:22:52] submit 시작 composer=2137 url=https://www.genspark.ai/agents?id=a21dcdce-bd70-4585-9099-f3bba746b889
[02:22:52] submit geo 실패 hit=no-btn
[02:22:52] submit 시도 method=geo geo=False
[02:22:52] submit 미확인 method=geo generating=False composer=2137
[02:22:52] submit geo 실패 hit=no-btn
[02:22:52] submit 시도 method=send send=False
[02:22:53] submit 미확인 method=send generating=False composer=2137
[02:22:53] submit 시도 method=ctrl
[02:22:54] submit 미확인 method=ctrl generating=False composer=2139
[02:22:54] submit 시도 method=enter
[02:22:55] submit 확인 method=enter generating=False composer=0
[02:22:55] ⏱ 입력·전송 SRT_820 3.6s · chars=2137
[02:22:55] 제출 후 last_saved=https://www.genspark.ai/api/files/s/qbtyzwik
[02:22:55] ⏱ 생성대기 시작 SRT_820 max=120s
[02:23:06] ⏱ 생성대기 완료 11.3s SRT_820 https://www.genspark.ai/api/files/s/ma4zaaen
[02:23:06] ⏱ 생성대기구간 SRT_820 11.3s · ok=True
[02:23:06] SRT_820 근접 이미지 https://www.genspark.ai/api/files/s/ma4zaaen
[02:23:06] 다운로드 files URL=https://www.genspark.ai/api/files/s/ma4zaaen → SRT_820.png
[02:23:07] ⏱ 다운로드 직접 0.7s size=646500 SRT_820.png
[02:23:07] ⏱ 다운로드구간 SRT_820 0.7s · SRT_820.png
[02:23:08] ⏱ 다운로드후유휴 SRT_820 1.1s · idle=True
[02:23:08] ⏱ 씬합계 SRT_820 17.9s · https://www.genspark.ai/api/files/s/ma4zaaen
[02:23:08] SRT_820 생성·다운로드 완료
C:\cursor\wuxia\무협극장\검신귀환록\2부\16장\png\SRT_820.png
[02:23:08] 상태키 SRT_840 · Baek|blood_robe; Jin≈19|blood_robe
[02:23:08] run_scene 시작 SRT_840 · seen_files=41 · last_saved=https://www.genspark.ai/api/files/s/ma4zaaen
[02:23:08] ⏱ 준비 SRT_840 0.0s · chars=2146
[02:23:09] ⏱ 다음명령유휴 SRT_840 1.1s · idle=True
[02:23:10] fill OK(clip) follow=True chars=2146
[02:23:10] submit 시작 composer=2146 url=https://www.genspark.ai/agents?id=a21dcdce-bd70-4585-9099-f3bba746b889
[02:23:10] submit geo 실패 hit=no-btn
[02:23:10] submit 시도 method=geo geo=False
[02:23:10] submit 미확인 method=geo generating=False composer=2146
[02:23:10] submit geo 실패 hit=no-btn
[02:23:10] submit 시도 method=send send=False
[02:23:11] submit 미확인 method=send generating=False composer=2146
[02:23:11] submit 시도 method=ctrl
[02:23:12] submit 미확인 method=ctrl generating=False composer=2148
[02:23:12] submit 시도 method=enter
[02:23:13] submit 확인 method=enter generating=False composer=0
[02:23:13] ⏱ 입력·전송 SRT_840 3.6s · chars=2146
[02:23:13] 제출 후 last_saved=https://www.genspark.ai/api/files/s/ma4zaaen
[02:23:13] ⏱ 생성대기 시작 SRT_840 max=120s
[02:23:27] ⏱ 생성대기 완료 13.7s SRT_840 https://www.genspark.ai/api/files/s/iuizlwe5
[02:23:27] ⏱ 생성대기구간 SRT_840 13.7s · ok=True
[02:23:27] SRT_840 근접 이미지 https://www.genspark.ai/api/files/s/iuizlwe5
[02:23:27] 다운로드 files URL=https://www.genspark.ai/api/files/s/iuizlwe5 → SRT_840.png
[02:23:27] ⏱ 다운로드 직접 0.7s size=570744 SRT_840.png
[02:23:27] ⏱ 다운로드구간 SRT_840 0.7s · SRT_840.png
[02:23:28] ⏱ 다운로드후유휴 SRT_840 1.1s · idle=True
[02:23:28] ⏱ 씬합계 SRT_840 20.3s · https://www.genspark.ai/api/files/s/iuizlwe5
[02:23:28] SRT_840 생성·다운로드 완료
C:\cursor\wuxia\무협극장\검신귀환록\2부\16장\png\SRT_840.png
[02:23:29] 상태키 SRT_860 · Baek|blood_robe; Jin≈19|blood_robe
[02:23:29] run_scene 시작 SRT_860 · seen_files=42 · last_saved=https://www.genspark.ai/api/files/s/iuizlwe5
[02:23:29] ⏱ 준비 SRT_860 0.0s · chars=2467
[02:23:30] ⏱ 다음명령유휴 SRT_860 1.1s · idle=True
[02:23:30] fill OK(clip) follow=True chars=2467
[02:23:30] submit 시작 composer=2467 url=https://www.genspark.ai/agents?id=a21dcdce-bd70-4585-9099-f3bba746b889
[02:23:30] submit geo 실패 hit=no-btn
[02:23:30] submit 시도 method=geo geo=False
[02:23:31] submit 미확인 method=geo generating=False composer=2467
[02:23:31] submit geo 실패 hit=no-btn
[02:23:31] submit 시도 method=send send=False
[02:23:32] submit 미확인 method=send generating=False composer=2467
[02:23:32] submit 시도 method=ctrl
[02:23:32] submit 미확인 method=ctrl generating=False composer=2469
[02:23:33] submit 시도 method=enter
[02:23:33] submit 확인 method=enter generating=False composer=0
[02:23:33] ⏱ 입력·전송 SRT_860 3.6s · chars=2467
[02:23:33] 제출 후 last_saved=https://www.genspark.ai/api/files/s/iuizlwe5
[02:23:33] ⏱ 생성대기 시작 SRT_860 max=120s
[02:23:49] ⏱ 생성대기 진행 15.3s SRT_860 busy=False url_ok=True src=https://www.genspark.ai/api/files/s/mdgy6yay
[02:23:49] ⏱ 생성대기 완료 15.5s SRT_860 https://www.genspark.ai/api/files/s/mdgy6yay
[02:23:49] ⏱ 생성대기구간 SRT_860 15.5s · ok=True
[02:23:49] SRT_860 근접 이미지 https://www.genspark.ai/api/files/s/mdgy6yay
[02:23:49] 다운로드 files URL=https://www.genspark.ai/api/files/s/mdgy6yay → SRT_860.png
[02:23:50] ⏱ 다운로드 직접 0.7s size=651105 SRT_860.png
[02:23:50] ⏱ 다운로드구간 SRT_860 0.7s · SRT_860.png
[02:23:51] ⏱ 다운로드후유휴 SRT_860 1.1s · idle=True
[02:23:51] ⏱ 씬합계 SRT_860 22.2s · https://www.genspark.ai/api/files/s/mdgy6yay
[02:23:51] SRT_860 생성·다운로드 완료
C:\cursor\wuxia\무협극장\검신귀환록\2부\16장\png\SRT_860.png
[02:23:51] 상태키 SRT_880 · Baek|blood_robe; Jin≈19|blood_robe
[02:23:51] run_scene 시작 SRT_880 · seen_files=43 · last_saved=https://www.genspark.ai/api/files/s/mdgy6yay
[02:23:51] ⏱ 준비 SRT_880 0.0s · chars=2912
[02:23:52] ⏱ 다음명령유휴 SRT_880 1.1s · idle=True
[02:23:53] fill OK(clip) follow=True chars=2912
[02:23:53] submit 시작 composer=2912 url=https://www.genspark.ai/agents?id=a21dcdce-bd70-4585-9099-f3bba746b889
[02:23:53] submit geo 실패 hit=no-btn
[02:23:53] submit 시도 method=geo geo=False
[02:23:53] submit 미확인 method=geo generating=False composer=2912
[02:23:53] submit geo 실패 hit=no-btn
[02:23:53] submit 시도 method=send send=False
[02:23:54] submit 미확인 method=send generating=False composer=2912
[02:23:54] submit 시도 method=ctrl
[02:23:55] submit 미확인 method=ctrl generating=False composer=2914
[02:23:55] submit 시도 method=enter
[02:23:56] submit 확인 method=enter generating=False composer=0
[02:23:56] ⏱ 입력·전송 SRT_880 3.6s · chars=2912
[02:23:56] 제출 후 last_saved=https://www.genspark.ai/api/files/s/mdgy6yay
[02:23:56] ⏱ 생성대기 시작 SRT_880 max=120s
[02:24:10] ⏱ 생성대기 완료 13.8s SRT_880 https://www.genspark.ai/api/files/s/bv5k9ftn
[02:24:10] ⏱ 생성대기구간 SRT_880 13.8s · ok=True
[02:24:10] SRT_880 근접 이미지 https://www.genspark.ai/api/files/s/bv5k9ftn
[02:24:10] 다운로드 files URL=https://www.genspark.ai/api/files/s/bv5k9ftn → SRT_880.png
[02:24:10] ⏱ 다운로드 직접 0.6s size=463418 SRT_880.png
[02:24:10] ⏱ 다운로드구간 SRT_880 0.6s · SRT_880.png
[02:24:12] ⏱ 다운로드후유휴 SRT_880 1.3s · idle=True
[02:24:12] ⏱ 씬합계 SRT_880 20.7s · https://www.genspark.ai/api/files/s/bv5k9ftn
[02:24:12] SRT_880 생성·다운로드 완료
C:\cursor\wuxia\무협극장\검신귀환록\2부\16장\png\SRT_880.png
[02:24:12] 상태키 SRT_900 · Baek|blood_robe; Jin≈19|blood_robe
[02:24:12] run_scene 시작 SRT_900 · seen_files=44 · last_saved=https://www.genspark.ai/api/files/s/bv5k9ftn
[02:24:12] ⏱ 준비 SRT_900 0.0s · chars=1836
[02:24:13] ⏱ 다음명령유휴 SRT_900 1.1s · idle=True
[02:24:13] fill OK(clip) follow=True chars=1836
[02:24:13] submit 시작 composer=1836 url=https://www.genspark.ai/agents?id=a21dcdce-bd70-4585-9099-f3bba746b889
[02:24:13] submit geo 실패 hit=no-btn
[02:24:13] submit 시도 method=geo geo=False
[02:24:14] submit 미확인 method=geo generating=False composer=1836
[02:24:14] submit geo 실패 hit=no-btn
[02:24:14] submit 시도 method=send send=False
[02:24:15] submit 미확인 method=send generating=False composer=1836
[02:24:15] submit 시도 method=ctrl
[02:24:16] submit 미확인 method=ctrl generating=False composer=1838
[02:24:16] submit 시도 method=enter
[02:24:16] submit 확인 method=enter generating=False composer=0
[02:24:16] ⏱ 입력·전송 SRT_900 3.6s · chars=1836
[02:24:16] 제출 후 last_saved=https://www.genspark.ai/api/files/s/bv5k9ftn
[02:24:17] ⏱ 생성대기 시작 SRT_900 max=120s
[02:24:29] ⏱ 생성대기 완료 12.0s SRT_900 https://www.genspark.ai/api/files/s/5sz44vdr
[02:24:29] ⏱ 생성대기구간 SRT_900 12.0s · ok=True
[02:24:29] SRT_900 근접 이미지 https://www.genspark.ai/api/files/s/5sz44vdr
[02:24:29] 다운로드 files URL=https://www.genspark.ai/api/files/s/5sz44vdr → SRT_900.png
[02:24:29] ⏱ 다운로드 직접 0.6s size=478595 SRT_900.png
[02:24:29] ⏱ 다운로드구간 SRT_900 0.7s · SRT_900.png
[02:24:30] ⏱ 다운로드후유휴 SRT_900 1.1s · idle=True
[02:24:30] ⏱ 씬합계 SRT_900 18.7s · https://www.genspark.ai/api/files/s/5sz44vdr
[02:24:30] SRT_900 생성·다운로드 완료
C:\cursor\wuxia\무협극장\검신귀환록\2부\16장\png\SRT_900.png
[02:24:31] 상태키 SRT_920 · Baek|blood_robe; Jin≈19|blood_robe
[02:24:31] run_scene 시작 SRT_920 · seen_files=45 · last_saved=https://www.genspark.ai/api/files/s/5sz44vdr
[02:24:31] ⏱ 준비 SRT_920 0.0s · chars=2921
[02:24:32] ⏱ 다음명령유휴 SRT_920 1.1s · idle=True
[02:24:32] fill OK(clip) follow=True chars=2921
[02:24:32] submit 시작 composer=2921 url=https://www.genspark.ai/agents?id=a21dcdce-bd70-4585-9099-f3bba746b889
[02:24:32] submit geo 실패 hit=no-btn
[02:24:32] submit 시도 method=geo geo=False
[02:24:33] submit 미확인 method=geo generating=False composer=2921
[02:24:33] submit geo 실패 hit=no-btn
[02:24:33] submit 시도 method=send send=False
[02:24:34] submit 미확인 method=send generating=False composer=2921
[02:24:34] submit 시도 method=ctrl
[02:24:34] submit 미확인 method=ctrl generating=False composer=2923
[02:24:35] submit 시도 method=enter
[02:24:35] submit 확인 method=enter generating=False composer=0
[02:24:35] ⏱ 입력·전송 SRT_920 3.6s · chars=2921
[02:24:35] 제출 후 last_saved=https://www.genspark.ai/api/files/s/5sz44vdr
[02:24:36] ⏱ 생성대기 시작 SRT_920 max=120s
[02:24:51] ⏱ 생성대기 진행 15.4s SRT_920 busy=False url_ok=False src=
[02:24:51] ⏱ 생성대기 한도감지 15.4s SRT_920 · AI Image 한도 - 재설정 2026-08-27 07:12 · AI Image 5시간 제한에 도달했습니다. 8월 27일 오전 7:12에 재설정됩니다 --- 5시간 제한 --- 세션 한도 도달 AI Image 5시간 제한에 도달했습니다. 8월 27일 오전 7:12에 재설정됩니다
[02:24:51] run_scene 실패(재시도 없음): AI Image 한도 - 재설정 2026-08-27 07:12
[02:24:51] SRT_920 실패(한도 확정 streak=1) — 브라우저 종료 후 대기·재오픈
AI Image 한도 - 재설정 2026-08-27 07:12
[02:24:53] 한도 대기 전 ChromeDebug 종료
[02:24:53] 한도 대기 287분(until_reset) 시작 — SRT_920 한도 · 재설정 08/27 07:12
[17:48:26] 탭로그 ON — 실행·생성 · 씬 85개 · reopen=True · 한도대기ON
[17:48:31] ChromeDebug 재시작 slot=0 port=9242 user_data=C:\ChromeDebug_2_5 reused=0
[17:48:36] 모델 이미 Pro: Nano Banana Pro
[17:48:36] 세션 준비 — login=OK model=Nano Banana Pro auto=True
[17:48:36] ensure_page cur_sc=10 prefer_sc=10 cur=https://www.genspark.ai/ai_image prefer=https://www.genspark.ai/ai_image
[17:48:38] fill OK(clip) follow=True chars=78135
[17:48:38] 입력창 붙여넣기 — 프롬프트 50827자 + SRT 27265자 = 합계 78135자
  prompt=C:/cursor/wuxia/2_5_sceneImage/md/image.wuxiz.txt
  srt=C:\cursor\wuxia\workspace\swardmaster\2부\16장\mp3\new.srt
[17:48:39] ensure_page cur_sc=10 prefer_sc=10 cur=https://www.genspark.ai/ai_image prefer=https://www.genspark.ai/ai_image
[17:48:40] 동일 입력창에 명령 추가(미실행): ===== CHARACTER LOOK (SRT_000) =====
Look keys (state tracking OFF): Jin≈19|base; Baek≈19|base
Jin Muhan, approximately nineteen years old, East-Asian young swordsman, sharp narrow…
[17:48:41] 상태키 SRT_000 · tracking=OFF; Baek|base; Jin|base
[17:48:41] run_scene 시작 SRT_000 · seen_files=45 · last_saved=https://www.genspark.ai/api/files/s/5sz44vdr
[17:48:41] ensure_page cur_sc=10 prefer_sc=10 cur=https://www.genspark.ai/ai_image prefer=https://www.genspark.ai/ai_image
[17:48:41] 모델 선택 시작 현재=(없음)
[17:48:41] 모델 선택 결과 ok=False 칩=(없음) picked=
[17:48:41] ⏱ 준비 SRT_000 0.1s · chars=5091
[17:48:41] submit 시작 composer=5091 url=https://www.genspark.ai/ai_image
[17:48:41] submit geo 실패 hit=no-btn
[17:48:41] submit 시도 method=geo geo=False
[17:48:42] submit 미확인 method=geo generating=False composer=5091
[17:48:42] submit geo 실패 hit=no-btn
[17:48:42] submit 시도 method=send send=False
[17:48:43] submit 미확인 method=send generating=False composer=5091
[17:48:43] submit 시도 method=ctrl
[17:48:44] submit 미확인 method=ctrl generating=False composer=5093
[17:48:44] submit 시도 method=enter
[17:48:45] submit 확인 method=enter generating=False composer=0
[17:48:45] ⏱ 입력창전송 SRT_000 4.3s
[17:48:45] 제출 후 last_saved=https://www.genspark.ai/api/files/s/5sz44vdr
[17:48:46] ⏱ 생성대기 시작 SRT_000 max=120s
[17:49:01] ⏱ 생성대기 진행 15.6s SRT_000 busy=True url_ok=False src=
[17:49:06] ⏱ 생성대기 완료(busy무시) 19.8s SRT_000 https://www.genspark.ai/api/files/s/d1r0rnff
[17:49:06] ⏱ 생성대기구간 SRT_000 19.8s · ok=True
[17:49:06] SRT_000 근접 이미지 https://www.genspark.ai/api/files/s/d1r0rnff
[17:49:06] 다운로드 files URL=https://www.genspark.ai/api/files/s/d1r0rnff → SRT_000.png
[17:49:07] ⏱ 다운로드 직접 1.3s size=761158 SRT_000.png
[17:49:07] ⏱ 다운로드구간 SRT_000 1.3s · SRT_000.png
[17:49:47] ⏱ 다운로드후유휴 SRT_000 40.3s · idle=False
[17:49:47] ⏱ 씬합계 SRT_000 66.1s · https://www.genspark.ai/api/files/s/d1r0rnff
[17:49:47] SRT_000 생성·다운로드 완료
C:\cursor\wuxia\workspace\swardmaster\2부\16장\png\SRT_000.png
[17:49:47] 상태키 SRT_200 · tracking=OFF; Baek|base; Jin|base
[17:49:47] run_scene 시작 SRT_200 · seen_files=46 · last_saved=https://www.genspark.ai/api/files/s/d1r0rnff
[17:49:47] ⏱ 준비 SRT_200 0.0s · chars=4306
[17:50:28] 다음명령 유휴 대기 시간 초과 — 입력 시도
[17:50:28] ⏱ 다음명령유휴 SRT_200 40.3s · idle=False
[17:50:28] fill OK(clip) follow=True chars=4306
[17:50:28] submit 시작 composer=4306 url=https://www.genspark.ai/agents?id=583466b9-96b9-4da1-bddc-fba835af6191
[17:50:29] submit geo 실패 hit=no-btn
[17:50:29] submit 시도 method=geo geo=False
[17:50:29] submit 미확인 method=geo generating=True composer=4306
[17:50:29] submit geo 실패 hit=no-btn
[17:50:29] submit 시도 method=send send=False
[17:50:30] submit 미확인 method=send generating=True composer=4306
[17:50:30] submit 시도 method=ctrl
[17:50:31] submit 미확인 method=ctrl generating=True composer=4308
[17:50:31] submit 시도 method=enter
[17:50:32] submit 확인 method=enter generating=False composer=0
[17:50:32] ⏱ 입력·전송 SRT_200 4.2s · chars=4306
[17:50:32] 제출 후 last_saved=https://www.genspark.ai/api/files/s/d1r0rnff
[17:50:32] ⏱ 생성대기 시작 SRT_200 max=120s
[17:50:44] ⏱ 생성대기 완료(busy무시) 11.7s SRT_200 https://www.genspark.ai/api/files/s/n5xao2l2
[17:50:44] ⏱ 생성대기구간 SRT_200 11.7s · ok=True
[17:50:44] SRT_200 근접 이미지 https://www.genspark.ai/api/files/s/n5xao2l2
[17:50:44] 다운로드 files URL=https://www.genspark.ai/api/files/s/n5xao2l2 → SRT_200.png
[17:50:45] ⏱ 다운로드 직접 1.1s size=680295 SRT_200.png
[17:50:45] ⏱ 다운로드구간 SRT_200 1.1s · SRT_200.png
[17:50:47] ⏱ 다운로드후유휴 SRT_200 2.0s · idle=True
[17:50:47] ⏱ 씬합계 SRT_200 59.6s · https://www.genspark.ai/api/files/s/n5xao2l2
[17:50:47] SRT_200 생성·다운로드 완료
C:\cursor\wuxia\workspace\swardmaster\2부\16장\png\SRT_200.png
[17:50:47] 상태키 SRT_220 · tracking=OFF; Baek|base; Jin|base
[17:50:47] run_scene 시작 SRT_220 · seen_files=47 · last_saved=https://www.genspark.ai/api/files/s/n5xao2l2
[17:50:47] ⏱ 준비 SRT_220 0.0s · chars=4305
[17:50:49] ⏱ 다음명령유휴 SRT_220 1.4s · idle=True
[17:50:49] fill OK(clip) follow=True chars=4305
[17:50:50] submit 시작 composer=4305 url=https://www.genspark.ai/agents?id=583466b9-96b9-4da1-bddc-fba835af6191
[17:50:50] submit geo 실패 hit=no-btn
[17:50:50] submit 시도 method=geo geo=False
[17:50:50] submit 미확인 method=geo generating=False composer=4305
[17:50:51] submit geo 실패 hit=no-btn
[17:50:51] submit 시도 method=send send=False
[17:50:51] submit 미확인 method=send generating=False composer=4305
[17:50:52] submit 시도 method=ctrl
[17:50:52] submit 미확인 method=ctrl generating=False composer=4307
[17:50:53] submit 시도 method=enter
[17:50:53] submit 확인 method=enter generating=False composer=0
[17:50:53] ⏱ 입력·전송 SRT_220 4.6s · chars=4305
[17:50:53] 제출 후 last_saved=https://www.genspark.ai/api/files/s/n5xao2l2
[17:50:53] ⏱ 생성대기 시작 SRT_220 max=120s
[17:51:06] ⏱ 생성대기 완료 12.7s SRT_220 https://www.genspark.ai/api/files/s/uuclaefu
[17:51:06] ⏱ 생성대기구간 SRT_220 12.7s · ok=True
[17:51:06] SRT_220 근접 이미지 https://www.genspark.ai/api/files/s/uuclaefu
[17:51:06] 다운로드 files URL=https://www.genspark.ai/api/files/s/uuclaefu → SRT_220.png
[17:51:07] ⏱ 다운로드 직접 1.1s size=690024 SRT_220.png
[17:51:07] ⏱ 다운로드구간 SRT_220 1.1s · SRT_220.png
[17:51:09] ⏱ 다운로드후유휴 SRT_220 1.4s · idle=True
[17:51:09] ⏱ 씬합계 SRT_220 21.5s · https://www.genspark.ai/api/files/s/uuclaefu
[17:51:09] SRT_220 생성·다운로드 완료
C:\cursor\wuxia\workspace\swardmaster\2부\16장\png\SRT_220.png
[17:51:09] 상태키 SRT_240 · tracking=OFF; Baek|base; Jin|base
[17:51:09] run_scene 시작 SRT_240 · seen_files=48 · last_saved=https://www.genspark.ai/api/files/s/uuclaefu
[17:51:09] ⏱ 준비 SRT_240 0.0s · chars=5662
[17:51:10] ⏱ 다음명령유휴 SRT_240 1.4s · idle=True
[17:51:11] fill OK(clip) follow=True chars=5662
[17:51:11] submit 시작 composer=5662 url=https://www.genspark.ai/agents?id=583466b9-96b9-4da1-bddc-fba835af6191
[17:51:11] submit geo 실패 hit=no-btn
[17:51:11] submit 시도 method=geo geo=False
[17:51:12] submit 미확인 method=geo generating=False composer=5662
[17:51:12] submit geo 실패 hit=no-btn
[17:51:12] submit 시도 method=send send=False
[17:51:13] submit 미확인 method=send generating=False composer=5662
[17:51:13] submit 시도 method=ctrl
[17:51:14] submit 미확인 method=ctrl generating=False composer=5664
[17:51:14] submit 시도 method=enter
[17:51:15] submit 확인 method=enter generating=False composer=0
[17:51:15] ⏱ 입력·전송 SRT_240 4.3s · chars=5662
[17:51:15] 제출 후 last_saved=https://www.genspark.ai/api/files/s/uuclaefu
[17:51:15] ⏱ 생성대기 시작 SRT_240 max=120s
[17:51:27] ⏱ 생성대기 완료 12.1s SRT_240 https://www.genspark.ai/api/files/s/wxbyh4aj
[17:51:27] ⏱ 생성대기구간 SRT_240 12.1s · ok=True
[17:51:27] SRT_240 근접 이미지 https://www.genspark.ai/api/files/s/wxbyh4aj
[17:51:27] 다운로드 files URL=https://www.genspark.ai/api/files/s/wxbyh4aj → SRT_240.png
[17:51:28] ⏱ 다운로드 직접 0.8s size=628360 SRT_240.png
[17:51:28] ⏱ 다운로드구간 SRT_240 0.8s · SRT_240.png
[17:51:29] ⏱ 다운로드후유휴 SRT_240 1.5s · idle=True
[17:51:29] ⏱ 씬합계 SRT_240 20.4s · https://www.genspark.ai/api/files/s/wxbyh4aj
[17:51:29] SRT_240 생성·다운로드 완료
C:\cursor\wuxia\workspace\swardmaster\2부\16장\png\SRT_240.png
[17:51:29] 상태키 SRT_260 · tracking=OFF; Baek|base; Jin|base
[17:51:29] run_scene 시작 SRT_260 · seen_files=49 · last_saved=https://www.genspark.ai/api/files/s/wxbyh4aj
[17:51:29] ⏱ 준비 SRT_260 0.0s · chars=6677
[17:51:31] ⏱ 다음명령유휴 SRT_260 1.4s · idle=True
[17:51:32] fill OK(clip) follow=True chars=6677
[17:51:32] submit 시작 composer=6677 url=https://www.genspark.ai/agents?id=583466b9-96b9-4da1-bddc-fba835af6191
[17:51:32] submit geo 실패 hit=no-btn
[17:51:32] submit 시도 method=geo geo=False
[17:51:32] submit 미확인 method=geo generating=False composer=6677
[17:51:33] submit geo 실패 hit=no-btn
[17:51:33] submit 시도 method=send send=False
[17:51:33] submit 미확인 method=send generating=False composer=6677
[17:51:34] submit 시도 method=ctrl
[17:51:34] submit 미확인 method=ctrl generating=False composer=6679
[17:51:34] submit 시도 method=enter
[17:51:35] submit 확인 method=enter generating=False composer=0
[17:51:35] ⏱ 입력·전송 SRT_260 4.2s · chars=6677
[17:51:35] 제출 후 last_saved=https://www.genspark.ai/api/files/s/wxbyh4aj
[17:51:35] ⏱ 생성대기 시작 SRT_260 max=120s
[17:51:48] ⏱ 생성대기 완료 12.9s SRT_260 https://www.genspark.ai/api/files/s/y3l7shis
[17:51:48] ⏱ 생성대기구간 SRT_260 12.9s · ok=True
[17:51:48] SRT_260 근접 이미지 https://www.genspark.ai/api/files/s/y3l7shis
[17:51:48] 다운로드 files URL=https://www.genspark.ai/api/files/s/y3l7shis → SRT_260.png
[17:51:49] ⏱ 다운로드 직접 0.8s size=710796 SRT_260.png
[17:51:49] ⏱ 다운로드구간 SRT_260 0.8s · SRT_260.png
[17:51:51] ⏱ 다운로드후유휴 SRT_260 1.6s · idle=True
[17:51:51] ⏱ 씬합계 SRT_260 21.2s · https://www.genspark.ai/api/files/s/y3l7shis
[17:51:51] SRT_260 생성·다운로드 완료
C:\cursor\wuxia\workspace\swardmaster\2부\16장\png\SRT_260.png
[17:51:51] 상태키 SRT_280 · tracking=OFF; Baek|base; Jin|base
[17:51:51] run_scene 시작 SRT_280 · seen_files=50 · last_saved=https://www.genspark.ai/api/files/s/y3l7shis
[17:51:51] ⏱ 준비 SRT_280 0.0s · chars=6640
[17:51:52] ⏱ 다음명령유휴 SRT_280 1.5s · idle=True
[17:51:53] fill OK(clip) follow=True chars=6640
[17:51:53] submit 시작 composer=6640 url=https://www.genspark.ai/agents?id=583466b9-96b9-4da1-bddc-fba835af6191
[17:51:53] submit geo 실패 hit=no-btn
[17:51:53] submit 시도 method=geo geo=False
[17:51:54] submit 미확인 method=geo generating=False composer=6640
[17:51:54] submit geo 실패 hit=no-btn
[17:51:54] submit 시도 method=send send=False
[17:51:55] submit 미확인 method=send generating=False composer=6640
[17:51:55] submit 시도 method=ctrl
[17:51:56] submit 미확인 method=ctrl generating=False composer=6642
[17:51:56] submit 시도 method=enter
[17:51:57] submit 확인 method=enter generating=False composer=0
[17:51:57] ⏱ 입력·전송 SRT_280 4.4s · chars=6640
[17:51:57] 제출 후 last_saved=https://www.genspark.ai/api/files/s/y3l7shis
[17:51:57] ⏱ 생성대기 시작 SRT_280 max=120s
[17:52:09] ⏱ 생성대기 완료 12.6s SRT_280 https://www.genspark.ai/api/files/s/sawxc9wr
[17:52:09] ⏱ 생성대기구간 SRT_280 12.6s · ok=True
[17:52:10] SRT_280 근접 이미지 https://www.genspark.ai/api/files/s/sawxc9wr
[17:52:10] 다운로드 files URL=https://www.genspark.ai/api/files/s/sawxc9wr → SRT_280.png
[17:52:10] ⏱ 다운로드 직접 0.9s size=677730 SRT_280.png
[17:52:10] ⏱ 다운로드구간 SRT_280 0.9s · SRT_280.png
[17:52:12] ⏱ 다운로드후유휴 SRT_280 1.4s · idle=True
[17:52:12] ⏱ 씬합계 SRT_280 21.1s · https://www.genspark.ai/api/files/s/sawxc9wr
[17:52:12] SRT_280 생성·다운로드 완료
C:\cursor\wuxia\workspace\swardmaster\2부\16장\png\SRT_280.png
[17:52:12] 상태키 SRT_300 · tracking=OFF; Baek|base; Jin|base
[17:52:12] run_scene 시작 SRT_300 · seen_files=51 · last_saved=https://www.genspark.ai/api/files/s/sawxc9wr
[17:52:12] ⏱ 준비 SRT_300 0.0s · chars=5617
[17:52:13] ⏱ 다음명령유휴 SRT_300 1.4s · idle=True
[17:52:14] fill OK(clip) follow=True chars=5617
[17:52:14] submit 시작 composer=5617 url=https://www.genspark.ai/agents?id=583466b9-96b9-4da1-bddc-fba835af6191
[17:52:14] submit geo 실패 hit=no-btn
[17:52:14] submit 시도 method=geo geo=False
[17:52:15] submit 미확인 method=geo generating=False composer=5617
[17:52:15] submit geo 실패 hit=no-btn
[17:52:15] submit 시도 method=send send=False
[17:52:16] submit 미확인 method=send generating=False composer=5617
[17:52:16] submit 시도 method=ctrl
[17:52:17] submit 미확인 method=ctrl generating=False composer=5619
[17:52:17] submit 시도 method=enter
[17:52:18] submit 확인 method=enter generating=False composer=0
[17:52:18] ⏱ 입력·전송 SRT_300 4.3s · chars=5617
[17:52:18] 제출 후 last_saved=https://www.genspark.ai/api/files/s/sawxc9wr
[17:52:18] ⏱ 생성대기 시작 SRT_300 max=120s
[17:52:31] ⏱ 생성대기 완료 13.2s SRT_300 https://www.genspark.ai/api/files/s/y3e9ydtz
[17:52:31] ⏱ 생성대기구간 SRT_300 13.2s · ok=True
[17:52:31] SRT_300 근접 이미지 https://www.genspark.ai/api/files/s/y3e9ydtz
[17:52:31] 다운로드 files URL=https://www.genspark.ai/api/files/s/y3e9ydtz → SRT_300.png
[17:52:32] ⏱ 다운로드 직접 0.8s size=741571 SRT_300.png
[17:52:32] ⏱ 다운로드구간 SRT_300 0.9s · SRT_300.png
[17:52:34] ⏱ 다운로드후유휴 SRT_300 1.6s · idle=True
[17:52:34] ⏱ 씬합계 SRT_300 21.6s · https://www.genspark.ai/api/files/s/y3e9ydtz
[17:52:34] SRT_300 생성·다운로드 완료
C:\cursor\wuxia\workspace\swardmaster\2부\16장\png\SRT_300.png
[17:52:34] 상태키 SRT_320 · tracking=OFF; Baek|base; Jin|base
[17:52:34] run_scene 시작 SRT_320 · seen_files=52 · last_saved=https://www.genspark.ai/api/files/s/y3e9ydtz
[17:52:34] ⏱ 준비 SRT_320 0.0s · chars=6614
[17:52:37] ⏱ 다음명령유휴 SRT_320 2.9s · idle=True
[17:52:39] fill OK(clip) follow=True chars=6614
[17:52:39] submit 시작 composer=6614 url=https://www.genspark.ai/agents?id=583466b9-96b9-4da1-bddc-fba835af6191
[17:52:39] submit geo 실패 hit=no-btn
[17:52:39] submit 시도 method=geo geo=False
[17:52:40] submit 미확인 method=geo generating=False composer=6614
[17:52:40] submit geo 실패 hit=no-btn
[17:52:40] submit 시도 method=send send=False
[17:52:41] submit 미확인 method=send generating=False composer=6614
[17:52:41] submit 시도 method=ctrl
[17:52:42] submit 미확인 method=ctrl generating=False composer=6616
[17:52:42] submit 시도 method=enter
[17:52:43] submit 확인 method=enter generating=False composer=0
[17:52:43] ⏱ 입력·전송 SRT_320 6.2s · chars=6614
[17:52:43] 제출 후 last_saved=https://www.genspark.ai/api/files/s/y3e9ydtz
[17:52:43] ⏱ 생성대기 시작 SRT_320 max=120s
[17:52:56] ⏱ 생성대기 완료 12.6s SRT_320 https://www.genspark.ai/api/files/s/vdiotxdi
[17:52:56] ⏱ 생성대기구간 SRT_320 12.6s · ok=True
[17:52:56] SRT_320 근접 이미지 https://www.genspark.ai/api/files/s/vdiotxdi
[17:52:56] 다운로드 files URL=https://www.genspark.ai/api/files/s/vdiotxdi → SRT_320.png
[17:52:57] ⏱ 다운로드 직접 1.0s size=839526 SRT_320.png
[17:52:57] ⏱ 다운로드구간 SRT_320 1.0s · SRT_320.png
[17:52:58] ⏱ 다운로드후유휴 SRT_320 1.5s · idle=True
[17:52:58] ⏱ 씬합계 SRT_320 24.5s · https://www.genspark.ai/api/files/s/vdiotxdi
[17:52:58] SRT_320 생성·다운로드 완료
C:\cursor\wuxia\workspace\swardmaster\2부\16장\png\SRT_320.png
[17:52:58] 상태키 SRT_340 · tracking=OFF; Baek|base; Jin|base
[17:52:58] run_scene 시작 SRT_340 · seen_files=53 · last_saved=https://www.genspark.ai/api/files/s/vdiotxdi
[17:52:59] ⏱ 준비 SRT_340 0.0s · chars=5571
[17:53:00] ⏱ 다음명령유휴 SRT_340 1.4s · idle=True
[17:53:01] fill OK(clip) follow=True chars=5571
[17:53:01] submit 시작 composer=5571 url=https://www.genspark.ai/agents?id=583466b9-96b9-4da1-bddc-fba835af6191
[17:53:01] submit geo 실패 hit=no-btn
[17:53:01] submit 시도 method=geo geo=False
[17:53:01] submit 미확인 method=geo generating=False composer=5571
[17:53:02] submit geo 실패 hit=no-btn
[17:53:02] submit 시도 method=send send=False
[17:53:02] submit 미확인 method=send generating=False composer=5571
[17:53:03] submit 시도 method=ctrl
[17:53:03] submit 미확인 method=ctrl generating=False composer=5573
[17:53:04] submit 시도 method=enter
[17:53:04] submit 확인 method=enter generating=False composer=0
[17:53:04] ⏱ 입력·전송 SRT_340 4.3s · chars=5571
[17:53:04] 제출 후 last_saved=https://www.genspark.ai/api/files/s/vdiotxdi
[17:53:04] ⏱ 생성대기 시작 SRT_340 max=120s
[17:53:18] ⏱ 생성대기 완료 13.9s SRT_340 https://www.genspark.ai/api/files/s/1paza4ph
[17:53:18] ⏱ 생성대기구간 SRT_340 13.9s · ok=True
[17:53:18] SRT_340 근접 이미지 https://www.genspark.ai/api/files/s/1paza4ph
[17:53:18] 다운로드 files URL=https://www.genspark.ai/api/files/s/1paza4ph → SRT_340.png
[17:53:19] ⏱ 다운로드 직접 0.7s size=782457 SRT_340.png
[17:53:19] ⏱ 다운로드구간 SRT_340 0.8s · SRT_340.png
[17:53:20] ⏱ 다운로드후유휴 SRT_340 1.4s · idle=True
[17:53:20] ⏱ 씬합계 SRT_340 22.0s · https://www.genspark.ai/api/files/s/1paza4ph
[17:53:20] SRT_340 생성·다운로드 완료
C:\cursor\wuxia\workspace\swardmaster\2부\16장\png\SRT_340.png
[17:53:21] 상태키 SRT_360 · tracking=OFF; Baek|base; Jin|base
[17:53:21] run_scene 시작 SRT_360 · seen_files=54 · last_saved=https://www.genspark.ai/api/files/s/1paza4ph
[17:53:21] ⏱ 준비 SRT_360 0.1s · chars=4310
[17:53:25] ⏱ 다음명령유휴 SRT_360 4.0s · idle=True
[17:53:26] fill OK(clip) follow=True chars=4310
[17:53:26] submit 시작 composer=4310 url=https://www.genspark.ai/agents?id=583466b9-96b9-4da1-bddc-fba835af6191
[17:53:26] submit geo 실패 hit=no-btn
[17:53:26] submit 시도 method=geo geo=False
[17:53:26] submit 미확인 method=geo generating=False composer=4310
[17:53:27] submit geo 실패 hit=no-btn
[17:53:27] submit 시도 method=send send=False
[17:53:27] submit 미확인 method=send generating=False composer=4310
[17:53:28] submit 시도 method=ctrl
[17:53:28] submit 미확인 method=ctrl generating=False composer=4312
[17:53:29] submit 시도 method=enter
[17:53:29] submit 확인 method=enter generating=False composer=0
[17:53:29] ⏱ 입력·전송 SRT_360 4.4s · chars=4310
[17:53:29] 제출 후 last_saved=https://www.genspark.ai/api/files/s/1paza4ph
[17:53:29] ⏱ 생성대기 시작 SRT_360 max=120s
[17:53:43] ⏱ 생성대기 완료 13.2s SRT_360 https://www.genspark.ai/api/files/s/ti9aqwah
[17:53:43] ⏱ 생성대기구간 SRT_360 13.2s · ok=True
[17:53:43] SRT_360 근접 이미지 https://www.genspark.ai/api/files/s/ti9aqwah
[17:53:43] 다운로드 files URL=https://www.genspark.ai/api/files/s/ti9aqwah → SRT_360.png
[17:53:44] ⏱ 다운로드 직접 0.8s size=722999 SRT_360.png
[17:53:44] ⏱ 다운로드구간 SRT_360 0.9s · SRT_360.png
[17:53:45] ⏱ 다운로드후유휴 SRT_360 1.4s · idle=True
[17:53:45] ⏱ 씬합계 SRT_360 24.2s · https://www.genspark.ai/api/files/s/ti9aqwah
[17:53:45] SRT_360 생성·다운로드 완료
C:\cursor\wuxia\workspace\swardmaster\2부\16장\png\SRT_360.png
[17:53:45] 상태키 SRT_380 · tracking=OFF; Baek|base; Jin|base
[17:53:45] run_scene 시작 SRT_380 · seen_files=55 · last_saved=https://www.genspark.ai/api/files/s/ti9aqwah
[17:53:45] ⏱ 준비 SRT_380 0.0s · chars=5613
[17:53:47] ⏱ 다음명령유휴 SRT_380 1.4s · idle=True
[17:53:47] fill OK(clip) follow=True chars=5613
[17:53:47] submit 시작 composer=5613 url=https://www.genspark.ai/agents?id=583466b9-96b9-4da1-bddc-fba835af6191
[17:53:48] submit geo 실패 hit=no-btn
[17:53:48] submit 시도 method=geo geo=False
[17:53:48] submit 미확인 method=geo generating=False composer=5613
[17:53:48] submit geo 실패 hit=no-btn
[17:53:48] submit 시도 method=send send=False
[17:53:49] submit 미확인 method=send generating=False composer=5613
[17:53:49] submit 시도 method=ctrl
[17:53:50] submit 미확인 method=ctrl generating=False composer=5615
[17:53:50] submit 시도 method=enter
[17:53:51] submit 확인 method=enter generating=False composer=0
[17:53:51] ⏱ 입력·전송 SRT_380 4.2s · chars=5613
[17:53:51] 제출 후 last_saved=https://www.genspark.ai/api/files/s/ti9aqwah
[17:53:51] ⏱ 생성대기 시작 SRT_380 max=120s
[17:54:04] ⏱ 생성대기 완료 12.8s SRT_380 https://www.genspark.ai/api/files/s/hi7cn6yt
[17:54:04] ⏱ 생성대기구간 SRT_380 12.8s · ok=True
[17:54:04] SRT_380 근접 이미지 https://www.genspark.ai/api/files/s/hi7cn6yt
[17:54:04] 다운로드 files URL=https://www.genspark.ai/api/files/s/hi7cn6yt → SRT_380.png
[17:54:05] ⏱ 다운로드 직접 0.8s size=930870 SRT_380.png
[17:54:05] ⏱ 다운로드구간 SRT_380 0.8s · SRT_380.png
[17:54:06] ⏱ 다운로드후유휴 SRT_380 1.5s · idle=True
[17:54:06] ⏱ 씬합계 SRT_380 21.0s · https://www.genspark.ai/api/files/s/hi7cn6yt
[17:54:06] SRT_380 생성·다운로드 완료
C:\cursor\wuxia\workspace\swardmaster\2부\16장\png\SRT_380.png
[17:54:06] 상태키 SRT_420 · tracking=OFF; Baek|base; Jin|base
[17:54:06] run_scene 시작 SRT_420 · seen_files=56 · last_saved=https://www.genspark.ai/api/files/s/hi7cn6yt
[17:54:06] ⏱ 준비 SRT_420 0.0s · chars=5647
[17:54:08] ⏱ 다음명령유휴 SRT_420 1.4s · idle=True
[17:54:09] fill OK(clip) follow=True chars=5647
[17:54:09] submit 시작 composer=5647 url=https://www.genspark.ai/agents?id=583466b9-96b9-4da1-bddc-fba835af6191
[17:54:09] submit geo 실패 hit=no-btn
[17:54:09] submit 시도 method=geo geo=False
[17:54:09] submit 미확인 method=geo generating=False composer=5647
[17:54:10] submit geo 실패 hit=no-btn
[17:54:10] submit 시도 method=send send=False
[17:54:10] submit 미확인 method=send generating=False composer=5647
[17:54:11] submit 시도 method=ctrl
[17:54:11] submit 미확인 method=ctrl generating=False composer=5649
[17:54:11] submit 시도 method=enter
[17:54:12] submit 확인 method=enter generating=False composer=0
[17:54:12] ⏱ 입력·전송 SRT_420 4.2s · chars=5647
[17:54:12] 제출 후 last_saved=https://www.genspark.ai/api/files/s/hi7cn6yt
[17:54:12] ⏱ 생성대기 시작 SRT_420 max=120s
[17:54:27] ⏱ 생성대기 진행 15.1s SRT_420 busy=False url_ok=False src=
[17:54:29] ⏱ 생성대기 완료 16.3s SRT_420 https://www.genspark.ai/api/files/s/ax4sadyb
[17:54:29] ⏱ 생성대기구간 SRT_420 16.3s · ok=True
[17:54:29] SRT_420 근접 이미지 https://www.genspark.ai/api/files/s/ax4sadyb
[17:54:29] 다운로드 files URL=https://www.genspark.ai/api/files/s/ax4sadyb → SRT_420.png
[17:54:30] ⏱ 다운로드 직접 0.9s size=850976 SRT_420.png
[17:54:30] ⏱ 다운로드구간 SRT_420 0.9s · SRT_420.png
[17:54:31] ⏱ 다운로드후유휴 SRT_420 1.5s · idle=True
[17:54:31] ⏱ 씬합계 SRT_420 24.7s · https://www.genspark.ai/api/files/s/ax4sadyb
[17:54:31] SRT_420 생성·다운로드 완료
C:\cursor\wuxia\workspace\swardmaster\2부\16장\png\SRT_420.png
[17:54:31] 상태키 SRT_440 · tracking=OFF; Baek|base; Jin|base
[17:54:31] run_scene 시작 SRT_440 · seen_files=57 · last_saved=https://www.genspark.ai/api/files/s/ax4sadyb
[17:54:31] ⏱ 준비 SRT_440 0.0s · chars=5670
[17:54:33] ⏱ 다음명령유휴 SRT_440 1.5s · idle=True
[17:54:33] fill OK(clip) follow=True chars=5670
[17:54:33] submit 시작 composer=5670 url=https://www.genspark.ai/agents?id=583466b9-96b9-4da1-bddc-fba835af6191
[17:54:34] submit geo 실패 hit=no-btn
[17:54:34] submit 시도 method=geo geo=False
[17:54:34] submit 미확인 method=geo generating=False composer=5670
[17:54:34] submit geo 실패 hit=no-btn
[17:54:34] submit 시도 method=send send=False
[17:54:35] submit 미확인 method=send generating=False composer=5670
[17:54:35] submit 시도 method=ctrl
[17:54:36] submit 미확인 method=ctrl generating=False composer=5672
[17:54:36] submit 시도 method=enter
[17:54:37] submit 확인 method=enter generating=False composer=0
[17:54:37] ⏱ 입력·전송 SRT_440 4.2s · chars=5670
[17:54:37] 제출 후 last_saved=https://www.genspark.ai/api/files/s/ax4sadyb
[17:54:37] ⏱ 생성대기 시작 SRT_440 max=120s
[17:54:49] ⏱ 생성대기 완료 12.1s SRT_440 https://www.genspark.ai/api/files/s/iuyegyro
[17:54:49] ⏱ 생성대기구간 SRT_440 12.1s · ok=True
[17:54:49] SRT_440 근접 이미지 https://www.genspark.ai/api/files/s/iuyegyro
[17:54:49] 다운로드 files URL=https://www.genspark.ai/api/files/s/iuyegyro → SRT_440.png
[17:54:50] ⏱ 다운로드 직접 0.9s size=924845 SRT_440.png
[17:54:50] ⏱ 다운로드구간 SRT_440 0.9s · SRT_440.png
[17:54:52] ⏱ 다운로드후유휴 SRT_440 1.5s · idle=True
[17:54:52] ⏱ 씬합계 SRT_440 20.4s · https://www.genspark.ai/api/files/s/iuyegyro
[17:54:52] SRT_440 생성·다운로드 완료
C:\cursor\wuxia\workspace\swardmaster\2부\16장\png\SRT_440.png
[17:54:52] 상태키 SRT_460 · tracking=OFF; Baek|base; Jin|base
[17:54:52] run_scene 시작 SRT_460 · seen_files=58 · last_saved=https://www.genspark.ai/api/files/s/iuyegyro
[17:54:52] ⏱ 준비 SRT_460 0.0s · chars=5620
[17:54:53] ⏱ 다음명령유휴 SRT_460 1.4s · idle=True
[17:54:54] fill OK(clip) follow=True chars=5620
[17:54:54] submit 시작 composer=5620 url=https://www.genspark.ai/agents?id=583466b9-96b9-4da1-bddc-fba835af6191
[17:54:54] submit geo 실패 hit=no-btn
[17:54:54] submit 시도 method=geo geo=False
[17:54:55] submit 미확인 method=geo generating=False composer=5620
[17:54:55] submit geo 실패 hit=no-btn
[17:54:55] submit 시도 method=send send=False
[17:54:56] submit 미확인 method=send generating=False composer=5620
[17:54:56] submit 시도 method=ctrl
[17:54:57] submit 미확인 method=ctrl generating=False composer=5622
[17:54:57] submit 시도 method=enter
[17:54:57] submit 확인 method=enter generating=False composer=0
[17:54:57] ⏱ 입력·전송 SRT_460 4.2s · chars=5620
[17:54:57] 제출 후 last_saved=https://www.genspark.ai/api/files/s/iuyegyro
[17:54:58] ⏱ 생성대기 시작 SRT_460 max=120s
[17:55:11] ⏱ 생성대기 완료 13.1s SRT_460 https://www.genspark.ai/api/files/s/alfeb6pf
[17:55:11] ⏱ 생성대기구간 SRT_460 13.1s · ok=True
[17:55:11] SRT_460 근접 이미지 https://www.genspark.ai/api/files/s/alfeb6pf
[17:55:11] 다운로드 files URL=https://www.genspark.ai/api/files/s/alfeb6pf → SRT_460.png
[17:55:12] ⏱ 다운로드 직접 1.1s size=882478 SRT_460.png
[17:55:12] ⏱ 다운로드구간 SRT_460 1.2s · SRT_460.png
[17:55:15] ⏱ 다운로드후유휴 SRT_460 2.9s · idle=True
[17:55:15] ⏱ 씬합계 SRT_460 23.2s · https://www.genspark.ai/api/files/s/alfeb6pf
[17:55:15] SRT_460 생성·다운로드 완료
C:\cursor\wuxia\workspace\swardmaster\2부\16장\png\SRT_460.png
[17:55:15] 상태키 SRT_480 · tracking=OFF; Baek|base; Jin|base
[17:55:15] run_scene 시작 SRT_480 · seen_files=59 · last_saved=https://www.genspark.ai/api/files/s/alfeb6pf
[17:55:15] ⏱ 준비 SRT_480 0.0s · chars=4315
[17:55:17] ⏱ 다음명령유휴 SRT_480 1.6s · idle=True
[17:55:18] fill OK(clip) follow=True chars=4315
[17:55:18] submit 시작 composer=4315 url=https://www.genspark.ai/agents?id=583466b9-96b9-4da1-bddc-fba835af6191
[17:55:18] submit geo 실패 hit=no-btn
[17:55:18] submit 시도 method=geo geo=False
[17:55:19] submit 미확인 method=geo generating=False composer=4315
[17:55:19] submit geo 실패 hit=no-btn
[17:55:19] submit 시도 method=send send=False
[17:55:20] submit 미확인 method=send generating=False composer=4315
[17:55:20] submit 시도 method=ctrl
[17:55:20] submit 미확인 method=ctrl generating=False composer=4317
[17:55:21] submit 시도 method=enter
[17:55:21] submit 확인 method=enter generating=False composer=0
[17:55:21] ⏱ 입력·전송 SRT_480 4.6s · chars=4315
[17:55:21] 제출 후 last_saved=https://www.genspark.ai/api/files/s/alfeb6pf
[17:55:22] ⏱ 생성대기 시작 SRT_480 max=120s
[17:55:35] ⏱ 생성대기 완료 13.5s SRT_480 https://www.genspark.ai/api/files/s/qukgk2jz
[17:55:35] ⏱ 생성대기구간 SRT_480 13.5s · ok=True
[17:55:35] SRT_480 근접 이미지 https://www.genspark.ai/api/files/s/qukgk2jz
[17:55:35] 다운로드 files URL=https://www.genspark.ai/api/files/s/qukgk2jz → SRT_480.png
[17:55:36] ⏱ 다운로드 직접 0.8s size=777079 SRT_480.png
[17:55:36] ⏱ 다운로드구간 SRT_480 0.8s · SRT_480.png
[17:55:37] ⏱ 다운로드후유휴 SRT_480 1.5s · idle=True
[17:55:37] ⏱ 씬합계 SRT_480 22.2s · https://www.genspark.ai/api/files/s/qukgk2jz
[17:55:37] SRT_480 생성·다운로드 완료
C:\cursor\wuxia\workspace\swardmaster\2부\16장\png\SRT_480.png
[17:55:38] 상태키 SRT_500 · tracking=OFF; Baek|base; Jin|base
[17:55:38] run_scene 시작 SRT_500 · seen_files=60 · last_saved=https://www.genspark.ai/api/files/s/qukgk2jz
[17:55:38] ⏱ 준비 SRT_500 0.0s · chars=5642
[17:55:39] ⏱ 다음명령유휴 SRT_500 1.4s · idle=True
[17:55:40] fill OK(clip) follow=True chars=5642
[17:55:40] submit 시작 composer=5642 url=https://www.genspark.ai/agents?id=583466b9-96b9-4da1-bddc-fba835af6191
[17:55:40] submit geo 실패 hit=no-btn
[17:55:40] submit 시도 method=geo geo=False
[17:55:41] submit 미확인 method=geo generating=False composer=5642
[17:55:41] submit geo 실패 hit=no-btn
[17:55:41] submit 시도 method=send send=False
[17:55:42] submit 미확인 method=send generating=False composer=5642
[17:55:42] submit 시도 method=ctrl
[17:55:43] submit 미확인 method=ctrl generating=False composer=5644
[17:55:43] submit 시도 method=enter
[17:55:43] submit 확인 method=enter generating=False composer=0
[17:55:43] ⏱ 입력·전송 SRT_500 4.3s · chars=5642
[17:55:43] 제출 후 last_saved=https://www.genspark.ai/api/files/s/qukgk2jz
[17:55:44] ⏱ 생성대기 시작 SRT_500 max=120s
[17:55:58] ⏱ 생성대기 완료 14.7s SRT_500 https://www.genspark.ai/api/files/s/5dhmu29z
[17:55:58] ⏱ 생성대기구간 SRT_500 14.7s · ok=True
[17:55:58] SRT_500 근접 이미지 https://www.genspark.ai/api/files/s/5dhmu29z
[17:55:58] 다운로드 files URL=https://www.genspark.ai/api/files/s/5dhmu29z → SRT_500.png
[17:55:59] ⏱ 다운로드 직접 0.8s size=635913 SRT_500.png
[17:55:59] ⏱ 다운로드구간 SRT_500 0.9s · SRT_500.png
[17:56:01] ⏱ 다운로드후유휴 SRT_500 1.6s · idle=True
[17:56:01] ⏱ 씬합계 SRT_500 23.1s · https://www.genspark.ai/api/files/s/5dhmu29z
[17:56:01] SRT_500 생성·다운로드 완료
C:\cursor\wuxia\workspace\swardmaster\2부\16장\png\SRT_500.png
[17:56:01] 상태키 SRT_520 · tracking=OFF; Baek|base; Jin|base
[17:56:01] run_scene 시작 SRT_520 · seen_files=61 · last_saved=https://www.genspark.ai/api/files/s/5dhmu29z
[17:56:01] ⏱ 준비 SRT_520 0.0s · chars=4313
[17:56:02] ⏱ 다음명령유휴 SRT_520 1.5s · idle=True
[17:56:03] fill OK(clip) follow=True chars=4313
[17:56:03] submit 시작 composer=4313 url=https://www.genspark.ai/agents?id=583466b9-96b9-4da1-bddc-fba835af6191
[17:56:03] submit geo 실패 hit=no-btn
[17:56:03] submit 시도 method=geo geo=False
[17:56:04] submit 미확인 method=geo generating=False composer=4313
[17:56:04] submit geo 실패 hit=no-btn
[17:56:04] submit 시도 method=send send=False
[17:56:05] submit 미확인 method=send generating=False composer=4313
[17:56:05] submit 시도 method=ctrl
[17:56:06] submit 미확인 method=ctrl generating=False composer=4315
[17:56:06] submit 시도 method=enter
[17:56:07] submit 확인 method=enter generating=False composer=0
[17:56:07] ⏱ 입력·전송 SRT_520 4.3s · chars=4313
[17:56:07] 제출 후 last_saved=https://www.genspark.ai/api/files/s/5dhmu29z
[17:56:07] ⏱ 생성대기 시작 SRT_520 max=120s
[17:56:20] ⏱ 생성대기 완료 13.5s SRT_520 https://www.genspark.ai/api/files/s/lbgzz6ix
[17:56:20] ⏱ 생성대기구간 SRT_520 13.5s · ok=True
[17:56:21] SRT_520 근접 이미지 https://www.genspark.ai/api/files/s/lbgzz6ix
[17:56:21] 다운로드 files URL=https://www.genspark.ai/api/files/s/lbgzz6ix → SRT_520.png
[17:56:21] ⏱ 다운로드 직접 0.8s size=759736 SRT_520.png
[17:56:21] ⏱ 다운로드구간 SRT_520 0.8s · SRT_520.png
[17:56:23] ⏱ 다운로드후유휴 SRT_520 1.8s · idle=True
[17:56:23] ⏱ 씬합계 SRT_520 22.2s · https://www.genspark.ai/api/files/s/lbgzz6ix
[17:56:23] SRT_520 생성·다운로드 완료
C:\cursor\wuxia\workspace\swardmaster\2부\16장\png\SRT_520.png
[17:56:23] 상태키 SRT_540 · tracking=OFF; Baek|base; Jin|base
[17:56:23] run_scene 시작 SRT_540 · seen_files=62 · last_saved=https://www.genspark.ai/api/files/s/lbgzz6ix
[17:56:23] ⏱ 준비 SRT_540 0.0s · chars=4322
[17:56:25] ⏱ 다음명령유휴 SRT_540 1.5s · idle=True
[17:56:26] fill OK(clip) follow=True chars=4322
[17:56:26] submit 시작 composer=4322 url=https://www.genspark.ai/agents?id=583466b9-96b9-4da1-bddc-fba835af6191
[17:56:26] submit geo 실패 hit=no-btn
[17:56:26] submit 시도 method=geo geo=False
[17:56:26] submit 미확인 method=geo generating=False composer=4322
[17:56:27] submit geo 실패 hit=no-btn
[17:56:27] submit 시도 method=send send=False
[17:56:28] submit 미확인 method=send generating=False composer=4322
[17:56:28] submit 시도 method=ctrl
[17:56:28] submit 미확인 method=ctrl generating=False composer=4324
[17:56:29] submit 시도 method=enter
[17:56:29] submit 확인 method=enter generating=False composer=0
[17:56:29] ⏱ 입력·전송 SRT_540 4.5s · chars=4322
[17:56:29] 제출 후 last_saved=https://www.genspark.ai/api/files/s/lbgzz6ix
[17:56:30] ⏱ 생성대기 시작 SRT_540 max=120s
[17:56:44] ⏱ 생성대기 완료 14.5s SRT_540 https://www.genspark.ai/api/files/s/pcllseyw
[17:56:44] ⏱ 생성대기구간 SRT_540 14.5s · ok=True
[17:56:44] SRT_540 근접 이미지 https://www.genspark.ai/api/files/s/pcllseyw
[17:56:44] 다운로드 files URL=https://www.genspark.ai/api/files/s/pcllseyw → SRT_540.png
[17:56:45] ⏱ 다운로드 직접 0.8s size=667167 SRT_540.png
[17:56:45] ⏱ 다운로드구간 SRT_540 0.8s · SRT_540.png
[17:56:47] ⏱ 다운로드후유휴 SRT_540 1.5s · idle=True
[17:56:47] ⏱ 씬합계 SRT_540 23.2s · https://www.genspark.ai/api/files/s/pcllseyw
[17:56:47] SRT_540 생성·다운로드 완료
C:\cursor\wuxia\workspace\swardmaster\2부\16장\png\SRT_540.png
[17:56:47] 상태키 SRT_560 · tracking=OFF; Baek|base; Jin|base
[17:56:47] run_scene 시작 SRT_560 · seen_files=63 · last_saved=https://www.genspark.ai/api/files/s/pcllseyw
[17:56:47] ⏱ 준비 SRT_560 0.0s · chars=4336
[17:56:48] ⏱ 다음명령유휴 SRT_560 1.4s · idle=True
[17:56:49] fill OK(clip) follow=True chars=4336
[17:56:49] submit 시작 composer=4336 url=https://www.genspark.ai/agents?id=583466b9-96b9-4da1-bddc-fba835af6191
[17:56:49] submit geo 실패 hit=no-btn
[17:56:49] submit 시도 method=geo geo=False
[17:56:50] submit 미확인 method=geo generating=False composer=4336
[17:56:50] submit geo 실패 hit=no-btn
[17:56:50] submit 시도 method=send send=False
[17:56:51] submit 미확인 method=send generating=False composer=4336
[17:56:51] submit 시도 method=ctrl
[17:56:52] submit 미확인 method=ctrl generating=False composer=4338
[17:56:52] submit 시도 method=enter
[17:56:52] submit 확인 method=enter generating=False composer=0
[17:56:52] ⏱ 입력·전송 SRT_560 4.3s · chars=4336
[17:56:52] 제출 후 last_saved=https://www.genspark.ai/api/files/s/pcllseyw
[17:56:53] ⏱ 생성대기 시작 SRT_560 max=120s
[17:57:05] ⏱ 생성대기 완료 12.5s SRT_560 https://www.genspark.ai/api/files/s/latbqypb
[17:57:05] ⏱ 생성대기구간 SRT_560 12.5s · ok=True
[17:57:05] SRT_560 근접 이미지 https://www.genspark.ai/api/files/s/latbqypb
[17:57:05] 다운로드 files URL=https://www.genspark.ai/api/files/s/latbqypb → SRT_560.png
[17:57:06] ⏱ 다운로드 직접 0.9s size=696071 SRT_560.png
[17:57:06] ⏱ 다운로드구간 SRT_560 1.0s · SRT_560.png
[17:57:08] ⏱ 다운로드후유휴 SRT_560 1.7s · idle=True
[17:57:08] ⏱ 씬합계 SRT_560 21.2s · https://www.genspark.ai/api/files/s/latbqypb
[17:57:08] SRT_560 생성·다운로드 완료
C:\cursor\wuxia\workspace\swardmaster\2부\16장\png\SRT_560.png
[17:57:08] 상태키 SRT_580 · tracking=OFF; Baek|base; Jin|base
[17:57:08] run_scene 시작 SRT_580 · seen_files=64 · last_saved=https://www.genspark.ai/api/files/s/latbqypb
[17:57:08] ⏱ 준비 SRT_580 0.0s · chars=4317
[17:57:10] ⏱ 다음명령유휴 SRT_580 1.8s · idle=True
[17:57:11] fill OK(clip) follow=True chars=4317
[17:57:11] submit 시작 composer=4317 url=https://www.genspark.ai/agents?id=583466b9-96b9-4da1-bddc-fba835af6191
[17:57:11] submit geo 실패 hit=no-btn
[17:57:11] submit 시도 method=geo geo=False
[17:57:12] submit 미확인 method=geo generating=False composer=4317
[17:57:12] submit geo 실패 hit=no-btn
[17:57:12] submit 시도 method=send send=False
[17:57:13] submit 미확인 method=send generating=False composer=4317
[17:57:13] submit 시도 method=ctrl
[17:57:14] submit 미확인 method=ctrl generating=False composer=4319
[17:57:14] submit 시도 method=enter
[17:57:14] submit 확인 method=enter generating=False composer=0
[17:57:15] ⏱ 입력·전송 SRT_580 4.6s · chars=4317
[17:57:15] 제출 후 last_saved=https://www.genspark.ai/api/files/s/latbqypb
[17:57:15] ⏱ 생성대기 시작 SRT_580 max=120s
[17:57:29] ⏱ 생성대기 완료 14.7s SRT_580 https://www.genspark.ai/api/files/s/engu3nb8
[17:57:29] ⏱ 생성대기구간 SRT_580 14.7s · ok=True
[17:57:29] SRT_580 근접 이미지 https://www.genspark.ai/api/files/s/engu3nb8
[17:57:30] 다운로드 files URL=https://www.genspark.ai/api/files/s/engu3nb8 → SRT_580.png
[17:57:30] ⏱ 다운로드 직접 0.7s size=674682 SRT_580.png
[17:57:30] ⏱ 다운로드구간 SRT_580 0.7s · SRT_580.png
[17:57:32] ⏱ 다운로드후유휴 SRT_580 1.6s · idle=True
[17:57:32] ⏱ 씬합계 SRT_580 23.8s · https://www.genspark.ai/api/files/s/engu3nb8
[17:57:32] SRT_580 생성·다운로드 완료
C:\cursor\wuxia\workspace\swardmaster\2부\16장\png\SRT_580.png
[17:57:32] 상태키 SRT_600 · tracking=OFF; Baek|base; Jin|base
[17:57:32] run_scene 시작 SRT_600 · seen_files=65 · last_saved=https://www.genspark.ai/api/files/s/engu3nb8
[17:57:32] ⏱ 준비 SRT_600 0.0s · chars=5594
[17:57:34] ⏱ 다음명령유휴 SRT_600 1.5s · idle=True
[17:57:34] fill OK(clip) follow=True chars=5594
[17:57:34] submit 시작 composer=5594 url=https://www.genspark.ai/agents?id=583466b9-96b9-4da1-bddc-fba835af6191
[17:57:35] submit geo 실패 hit=no-btn
[17:57:35] submit 시도 method=geo geo=False
[17:57:35] submit 미확인 method=geo generating=False composer=5594
[17:57:36] submit geo 실패 hit=no-btn
[17:57:36] submit 시도 method=send send=False
[17:57:36] submit 미확인 method=send generating=False composer=5594
[17:57:37] submit 시도 method=ctrl
[17:57:37] submit 미확인 method=ctrl generating=False composer=5596
[17:57:37] submit 시도 method=enter
[17:57:38] submit 확인 method=enter generating=False composer=0
[17:57:38] ⏱ 입력·전송 SRT_600 4.4s · chars=5594
[17:57:38] 제출 후 last_saved=https://www.genspark.ai/api/files/s/engu3nb8
[17:57:38] ⏱ 생성대기 시작 SRT_600 max=120s
[17:57:53] ⏱ 생성대기 진행 15.2s SRT_600 busy=False url_ok=False src=
[17:57:54] ⏱ 생성대기 완료 16.0s SRT_600 https://www.genspark.ai/api/files/s/tnqlfxno
[17:57:54] ⏱ 생성대기구간 SRT_600 16.0s · ok=True
[17:57:54] SRT_600 근접 이미지 https://www.genspark.ai/api/files/s/tnqlfxno
[17:57:54] 다운로드 files URL=https://www.genspark.ai/api/files/s/tnqlfxno → SRT_600.png
[17:57:55] ⏱ 다운로드 직접 0.9s size=720128 SRT_600.png
[17:57:55] ⏱ 다운로드구간 SRT_600 0.9s · SRT_600.png
[17:57:58] ⏱ 다운로드후유휴 SRT_600 2.5s · idle=True
[17:57:58] ⏱ 씬합계 SRT_600 25.6s · https://www.genspark.ai/api/files/s/tnqlfxno
[17:57:58] SRT_600 생성·다운로드 완료
C:\cursor\wuxia\workspace\swardmaster\2부\16장\png\SRT_600.png
[17:57:58] 상태키 SRT_620 · tracking=OFF; Baek|base; Jin|base
[17:57:58] run_scene 시작 SRT_620 · seen_files=66 · last_saved=https://www.genspark.ai/api/files/s/tnqlfxno
[17:57:58] ⏱ 준비 SRT_620 0.2s · chars=4344
[17:58:01] ⏱ 다음명령유휴 SRT_620 2.3s · idle=True
[17:58:01] fill OK(clip) follow=True chars=4344
[17:58:01] submit 시작 composer=4344 url=https://www.genspark.ai/agents?id=583466b9-96b9-4da1-bddc-fba835af6191
[17:58:02] submit geo 실패 hit=no-btn
[17:58:02] submit 시도 method=geo geo=False
[17:58:02] submit 미확인 method=geo generating=False composer=4344
[17:58:03] submit geo 실패 hit=no-btn
[17:58:03] submit 시도 method=send send=False
[17:58:03] submit 미확인 method=send generating=False composer=4344
[17:58:04] submit 시도 method=ctrl
[17:58:04] submit 미확인 method=ctrl generating=False composer=4346
[17:58:05] submit 시도 method=enter
[17:58:05] submit 확인 method=enter generating=False composer=0
[17:58:05] ⏱ 입력·전송 SRT_620 4.6s · chars=4344
[17:58:05] 제출 후 last_saved=https://www.genspark.ai/api/files/s/tnqlfxno
[17:58:05] ⏱ 생성대기 시작 SRT_620 max=120s
[17:58:20] ⏱ 생성대기 완료 14.6s SRT_620 https://www.genspark.ai/api/files/s/6m9uuhzp
[17:58:20] ⏱ 생성대기구간 SRT_620 14.6s · ok=True
[17:58:20] SRT_620 근접 이미지 https://www.genspark.ai/api/files/s/6m9uuhzp
[17:58:20] 다운로드 files URL=https://www.genspark.ai/api/files/s/6m9uuhzp → SRT_620.png
[17:58:21] ⏱ 다운로드 직접 0.9s size=746836 SRT_620.png
[17:58:21] ⏱ 다운로드구간 SRT_620 0.9s · SRT_620.png
[17:58:22] ⏱ 다운로드후유휴 SRT_620 1.4s · idle=True
[17:58:22] ⏱ 씬합계 SRT_620 24.3s · https://www.genspark.ai/api/files/s/6m9uuhzp
[17:58:22] SRT_620 생성·다운로드 완료
C:\cursor\wuxia\workspace\swardmaster\2부\16장\png\SRT_620.png
[17:58:23] 상태키 SRT_640 · tracking=OFF; Baek|base; Jin|base
[17:58:23] run_scene 시작 SRT_640 · seen_files=67 · last_saved=https://www.genspark.ai/api/files/s/6m9uuhzp
[17:58:23] ⏱ 준비 SRT_640 0.0s · chars=5613
[17:58:24] ⏱ 다음명령유휴 SRT_640 1.6s · idle=True
[17:58:25] fill OK(clip) follow=True chars=5613
[17:58:25] submit 시작 composer=5613 url=https://www.genspark.ai/agents?id=583466b9-96b9-4da1-bddc-fba835af6191
[17:58:25] submit geo 실패 hit=no-btn
[17:58:25] submit 시도 method=geo geo=False
[17:58:26] submit 미확인 method=geo generating=False composer=5613
[17:58:26] submit geo 실패 hit=no-btn
[17:58:26] submit 시도 method=send send=False
[17:58:27] submit 미확인 method=send generating=False composer=5613
[17:58:27] submit 시도 method=ctrl
[17:58:28] submit 미확인 method=ctrl generating=False composer=5615
[17:58:28] submit 시도 method=enter
[17:58:28] submit 확인 method=enter generating=False composer=0
[17:58:28] ⏱ 입력·전송 SRT_640 4.3s · chars=5613
[17:58:28] 제출 후 last_saved=https://www.genspark.ai/api/files/s/6m9uuhzp
[17:58:29] ⏱ 생성대기 시작 SRT_640 max=120s
[17:58:42] ⏱ 생성대기 완료 13.7s SRT_640 https://www.genspark.ai/api/files/s/fklcrjbj
[17:58:42] ⏱ 생성대기구간 SRT_640 13.7s · ok=True
[17:58:42] SRT_640 근접 이미지 https://www.genspark.ai/api/files/s/fklcrjbj
[17:58:42] 다운로드 files URL=https://www.genspark.ai/api/files/s/fklcrjbj → SRT_640.png
[17:58:43] ⏱ 다운로드 직접 0.9s size=694200 SRT_640.png
[17:58:43] ⏱ 다운로드구간 SRT_640 0.9s · SRT_640.png
[17:58:45] ⏱ 다운로드후유휴 SRT_640 1.5s · idle=True
[17:58:45] ⏱ 씬합계 SRT_640 22.3s · https://www.genspark.ai/api/files/s/fklcrjbj
[17:58:45] SRT_640 생성·다운로드 완료
C:\cursor\wuxia\workspace\swardmaster\2부\16장\png\SRT_640.png
[17:58:45] 상태키 SRT_660 · tracking=OFF; Baek|base; Jin|base
[17:58:45] run_scene 시작 SRT_660 · seen_files=68 · last_saved=https://www.genspark.ai/api/files/s/fklcrjbj
[17:58:45] ⏱ 준비 SRT_660 0.0s · chars=4276
[17:58:47] ⏱ 다음명령유휴 SRT_660 1.5s · idle=True
[17:58:47] fill OK(clip) follow=True chars=4276
[17:58:47] submit 시작 composer=4276 url=https://www.genspark.ai/agents?id=583466b9-96b9-4da1-bddc-fba835af6191
[17:58:48] submit geo 실패 hit=no-btn
[17:58:48] submit 시도 method=geo geo=False
[17:58:48] submit 미확인 method=geo generating=False composer=4276
[17:58:48] submit geo 실패 hit=no-btn
[17:58:48] submit 시도 method=send send=False
[17:58:49] submit 미확인 method=send generating=False composer=4276
[17:58:49] submit 시도 method=ctrl
[17:58:50] submit 미확인 method=ctrl generating=False composer=4278
[17:58:50] submit 시도 method=enter
[17:58:51] submit 확인 method=enter generating=False composer=0
[17:58:51] ⏱ 입력·전송 SRT_660 4.3s · chars=4276
[17:58:51] 제출 후 last_saved=https://www.genspark.ai/api/files/s/fklcrjbj
[17:58:51] ⏱ 생성대기 시작 SRT_660 max=120s
[17:59:05] ⏱ 생성대기 완료 14.3s SRT_660 https://www.genspark.ai/api/files/s/yykhq6t6
[17:59:05] ⏱ 생성대기구간 SRT_660 14.3s · ok=True
[17:59:05] SRT_660 근접 이미지 https://www.genspark.ai/api/files/s/yykhq6t6
[17:59:05] 다운로드 files URL=https://www.genspark.ai/api/files/s/yykhq6t6 → SRT_660.png
[17:59:06] ⏱ 다운로드 직접 0.9s size=711847 SRT_660.png
[17:59:06] ⏱ 다운로드구간 SRT_660 0.9s · SRT_660.png
[17:59:08] ⏱ 다운로드후유휴 SRT_660 1.5s · idle=True
[17:59:08] ⏱ 씬합계 SRT_660 22.9s · https://www.genspark.ai/api/files/s/yykhq6t6
[17:59:08] SRT_660 생성·다운로드 완료
C:\cursor\wuxia\workspace\swardmaster\2부\16장\png\SRT_660.png
[17:59:08] 상태키 SRT_680 · tracking=OFF; Baek|base; Jin|base
[17:59:08] run_scene 시작 SRT_680 · seen_files=69 · last_saved=https://www.genspark.ai/api/files/s/yykhq6t6
[17:59:08] ⏱ 준비 SRT_680 0.0s · chars=4299
[17:59:10] ⏱ 다음명령유휴 SRT_680 1.5s · idle=True
[17:59:10] fill OK(clip) follow=True chars=4299
[17:59:10] submit 시작 composer=4299 url=https://www.genspark.ai/agents?id=583466b9-96b9-4da1-bddc-fba835af6191
[17:59:10] submit geo 실패 hit=no-btn
[17:59:10] submit 시도 method=geo geo=False
[17:59:11] submit 미확인 method=geo generating=False composer=4299
[17:59:11] submit geo 실패 hit=no-btn
[17:59:11] submit 시도 method=send send=False
[17:59:12] submit 미확인 method=send generating=False composer=4299
[17:59:12] submit 시도 method=ctrl
[17:59:13] submit 미확인 method=ctrl generating=False composer=4301
[17:59:13] submit 시도 method=enter
[17:59:14] submit 확인 method=enter generating=False composer=0
[17:59:14] ⏱ 입력·전송 SRT_680 4.3s · chars=4299
[17:59:14] 제출 후 last_saved=https://www.genspark.ai/api/files/s/yykhq6t6
[17:59:14] ⏱ 생성대기 시작 SRT_680 max=120s
[17:59:29] ⏱ 생성대기 진행 15.2s SRT_680 busy=False url_ok=False src=
[17:59:31] ⏱ 생성대기 완료 17.0s SRT_680 https://www.genspark.ai/api/files/s/uc4lmuer
[17:59:31] ⏱ 생성대기구간 SRT_680 17.0s · ok=True
[17:59:31] SRT_680 근접 이미지 https://www.genspark.ai/api/files/s/uc4lmuer
[17:59:31] 다운로드 files URL=https://www.genspark.ai/api/files/s/uc4lmuer → SRT_680.png
[17:59:32] ⏱ 다운로드 직접 0.8s size=738510 SRT_680.png
[17:59:32] ⏱ 다운로드구간 SRT_680 0.9s · SRT_680.png
[17:59:33] ⏱ 다운로드후유휴 SRT_680 1.5s · idle=True
[17:59:33] ⏱ 씬합계 SRT_680 25.4s · https://www.genspark.ai/api/files/s/uc4lmuer
[17:59:33] SRT_680 생성·다운로드 완료
C:\cursor\wuxia\workspace\swardmaster\2부\16장\png\SRT_680.png
[17:59:34] 상태키 SRT_700 · tracking=OFF; Baek|base; Jin|base
[17:59:34] run_scene 시작 SRT_700 · seen_files=70 · last_saved=https://www.genspark.ai/api/files/s/uc4lmuer
[17:59:34] ⏱ 준비 SRT_700 0.0s · chars=6655
[17:59:35] ⏱ 다음명령유휴 SRT_700 1.5s · idle=True
[17:59:36] fill OK(clip) follow=True chars=6655
[17:59:36] submit 시작 composer=6655 url=https://www.genspark.ai/agents?id=583466b9-96b9-4da1-bddc-fba835af6191
[17:59:36] submit geo 실패 hit=no-btn
[17:59:36] submit 시도 method=geo geo=False
[17:59:37] submit 미확인 method=geo generating=False composer=6655
[17:59:37] submit geo 실패 hit=no-btn
[17:59:37] submit 시도 method=send send=False
[17:59:38] submit 미확인 method=send generating=False composer=6655
[17:59:38] submit 시도 method=ctrl
[17:59:39] submit 미확인 method=ctrl generating=False composer=6657
[17:59:39] submit 시도 method=enter
[17:59:39] submit 확인 method=enter generating=False composer=0
[17:59:39] ⏱ 입력·전송 SRT_700 4.4s · chars=6655
[17:59:39] 제출 후 last_saved=https://www.genspark.ai/api/files/s/uc4lmuer
[17:59:40] ⏱ 생성대기 시작 SRT_700 max=120s
[17:59:54] ⏱ 생성대기 완료 13.9s SRT_700 https://www.genspark.ai/api/files/s/uzgofba6
[17:59:54] ⏱ 생성대기구간 SRT_700 13.9s · ok=True
[17:59:54] SRT_700 근접 이미지 https://www.genspark.ai/api/files/s/uzgofba6
[17:59:54] 다운로드 files URL=https://www.genspark.ai/api/files/s/uzgofba6 → SRT_700.png
[17:59:54] ⏱ 다운로드 직접 0.8s size=758662 SRT_700.png
[17:59:54] ⏱ 다운로드구간 SRT_700 0.9s · SRT_700.png
[17:59:56] ⏱ 다운로드후유휴 SRT_700 1.7s · idle=True
[17:59:56] ⏱ 씬합계 SRT_700 22.6s · https://www.genspark.ai/api/files/s/uzgofba6
[17:59:56] SRT_700 생성·다운로드 완료
C:\cursor\wuxia\workspace\swardmaster\2부\16장\png\SRT_700.png
[17:59:56] 상태키 SRT_720 · tracking=OFF; Baek|base; Jin|base
[17:59:56] run_scene 시작 SRT_720 · seen_files=71 · last_saved=https://www.genspark.ai/api/files/s/uzgofba6
[17:59:56] ⏱ 준비 SRT_720 0.0s · chars=5365
[17:59:58] ⏱ 다음명령유휴 SRT_720 1.7s · idle=True
[17:59:59] fill OK(clip) follow=True chars=5365
[17:59:59] submit 시작 composer=5365 url=https://www.genspark.ai/agents?id=583466b9-96b9-4da1-bddc-fba835af6191
[17:59:59] submit geo 실패 hit=no-btn
[17:59:59] submit 시도 method=geo geo=False
[18:00:00] submit 미확인 method=geo generating=False composer=5365
[18:00:01] submit geo 실패 hit=no-btn
[18:00:01] submit 시도 method=send send=False
[18:00:01] submit 미확인 method=send generating=False composer=5365
[18:00:01] submit 시도 method=ctrl
[18:00:02] submit 미확인 method=ctrl generating=False composer=5367
[18:00:02] submit 시도 method=enter
[18:00:03] submit 확인 method=enter generating=False composer=0
[18:00:03] ⏱ 입력·전송 SRT_720 4.8s · chars=5365
[18:00:03] 제출 후 last_saved=https://www.genspark.ai/api/files/s/uzgofba6
[18:00:03] ⏱ 생성대기 시작 SRT_720 max=120s
[18:00:17] ⏱ 생성대기 완료 13.6s SRT_720 https://www.genspark.ai/api/files/s/6mhbfoeo
[18:00:17] ⏱ 생성대기구간 SRT_720 13.6s · ok=True
[18:00:17] SRT_720 근접 이미지 https://www.genspark.ai/api/files/s/6mhbfoeo
[18:00:17] 다운로드 files URL=https://www.genspark.ai/api/files/s/6mhbfoeo → SRT_720.png
[18:00:18] ⏱ 다운로드 직접 0.9s size=663085 SRT_720.png
[18:00:18] ⏱ 다운로드구간 SRT_720 0.9s · SRT_720.png
[18:00:19] ⏱ 다운로드후유휴 SRT_720 1.5s · idle=True
[18:00:19] ⏱ 씬합계 SRT_720 22.8s · https://www.genspark.ai/api/files/s/6mhbfoeo
[18:00:19] SRT_720 생성·다운로드 완료
C:\cursor\wuxia\workspace\swardmaster\2부\16장\png\SRT_720.png
[18:00:19] 상태키 SRT_740 · tracking=OFF; Baek|base; Jin|base
[18:00:19] run_scene 시작 SRT_740 · seen_files=72 · last_saved=https://www.genspark.ai/api/files/s/6mhbfoeo
[18:00:19] ⏱ 준비 SRT_740 0.0s · chars=5635
[18:00:21] ⏱ 다음명령유휴 SRT_740 1.5s · idle=True
[18:00:22] fill OK(clip) follow=True chars=5635
[18:00:22] submit 시작 composer=5635 url=https://www.genspark.ai/agents?id=583466b9-96b9-4da1-bddc-fba835af6191
[18:00:22] submit geo 실패 hit=no-btn
[18:00:22] submit 시도 method=geo geo=False
[18:00:22] submit 미확인 method=geo generating=False composer=5635
[18:00:23] submit geo 실패 hit=no-btn
[18:00:23] submit 시도 method=send send=False
[18:00:23] submit 미확인 method=send generating=False composer=5635
[18:00:24] submit 시도 method=ctrl
[18:00:24] submit 미확인 method=ctrl generating=False composer=5637
[18:00:25] submit 시도 method=enter
[18:00:25] submit 확인 method=enter generating=False composer=0
[18:00:25] ⏱ 입력·전송 SRT_740 4.4s · chars=5635
[18:00:25] 제출 후 last_saved=https://www.genspark.ai/api/files/s/6mhbfoeo
[18:00:25] ⏱ 생성대기 시작 SRT_740 max=120s
[18:00:41] ⏱ 생성대기 진행 15.2s SRT_740 busy=False url_ok=False src=
[18:00:41] ⏱ 생성대기 한도감지 15.2s SRT_740 · AI Image 한도 - 재설정 2026-08-29 22:22 · AI Image 5시간 제한에 도달했습니다. 8월 29일 오후 10:22에 재설정됩니다 --- 5시간 제한 --- 세션 한도 도달 AI Image 5시간 제한에 도달했습니다. 8월 29일 오후 10:22에 재설정됩니
[18:00:41] run_scene 실패(재시도 없음): AI Image 한도 - 재설정 2026-08-29 22:22
[18:00:41] SRT_740 실패(한도 확정 streak=1) — 브라우저 종료 후 대기·재오픈
AI Image 한도 - 재설정 2026-08-29 22:22
[18:00:46] 한도 대기 전 ChromeDebug 종료
[18:00:46] 한도 대기 시작 — 정상화 예상 2026-08-29 22:22 (261분) — SRT_740 한도
[22:32:24] 탭로그 ON — 실행·생성 · 씬 58개 · reopen=True · 한도대기ON
[22:32:33] ChromeDebug 재시작 slot=0 port=9242 user_data=C:\ChromeDebug_2_5 reused=0
[22:32:40] 모델 이미 Pro: Nano Banana Pro
[22:32:40] 세션 준비 — login=OK model=Nano Banana Pro auto=True
[22:32:40] ensure_page cur_sc=10 prefer_sc=10 cur=https://www.genspark.ai/ai_image prefer=https://www.genspark.ai/ai_image
[22:32:42] fill OK(clip) follow=True chars=78135
[22:32:43] 입력창 붙여넣기 — 프롬프트 50827자 + SRT 27265자 = 합계 78135자
  prompt=C:/cursor/wuxia/2_5_sceneImage/md/image.wuxiz.txt
  srt=C:\cursor\wuxia\workspace\swardmaster\2부\16장\mp3\new.srt
[22:32:44] ensure_page cur_sc=10 prefer_sc=10 cur=https://www.genspark.ai/ai_image prefer=https://www.genspark.ai/ai_image
[22:32:45] 동일 입력창에 명령 추가(미실행): ===== CHARACTER LOOK (SRT_740) =====
Look keys (state tracking OFF): Jin≈19|base; Namgung|base
Jin Muhan, approximately nineteen years old, East-Asian young swordsman, sharp narrow…
[22:32:46] 상태키 SRT_740 · tracking=OFF; Baek|base; Jin|base
[22:32:46] run_scene 시작 SRT_740 · seen_files=72 · last_saved=https://www.genspark.ai/api/files/s/6mhbfoeo
[22:32:46] ensure_page cur_sc=10 prefer_sc=10 cur=https://www.genspark.ai/ai_image prefer=https://www.genspark.ai/ai_image
[22:32:46] 모델 선택 시작 현재=(없음)
[22:32:46] 모델 선택 결과 ok=False 칩=(없음) picked=
[22:32:46] ⏱ 준비 SRT_740 0.2s · chars=5635
[22:32:46] submit 시작 composer=5635 url=https://www.genspark.ai/ai_image
[22:32:46] submit geo 실패 hit=no-btn
[22:32:46] submit 시도 method=geo geo=False
[22:32:47] submit 미확인 method=geo generating=False composer=5635
[22:32:47] submit geo 실패 hit=no-btn
[22:32:47] submit 시도 method=send send=False
[22:32:48] submit 미확인 method=send generating=False composer=5635
[22:32:48] submit 시도 method=ctrl
[22:32:49] submit 미확인 method=ctrl generating=False composer=5637
[22:32:49] submit 시도 method=enter
[22:32:50] submit 확인 method=enter generating=False composer=0
[22:32:50] ⏱ 입력창전송 SRT_740 4.4s
[22:32:50] 제출 후 last_saved=https://www.genspark.ai/api/files/s/6mhbfoeo
[22:32:51] ⏱ 생성대기 시작 SRT_740 max=120s
[22:33:06] ⏱ 생성대기 진행 15.3s SRT_740 busy=False url_ok=False src=
[22:33:10] ⏱ 생성대기 완료 19.1s SRT_740 https://www.genspark.ai/api/files/s/cd1ob0u2
[22:33:10] ⏱ 생성대기구간 SRT_740 19.1s · ok=True
[22:33:10] SRT_740 근접 이미지 https://www.genspark.ai/api/files/s/cd1ob0u2
[22:33:10] 다운로드 files URL=https://www.genspark.ai/api/files/s/cd1ob0u2 → SRT_740.png
[22:33:10] ⏱ 다운로드 직접 0.8s size=658428 SRT_740.png
[22:33:10] ⏱ 다운로드구간 SRT_740 0.8s · SRT_740.png
[22:33:12] ⏱ 다운로드후유휴 SRT_740 1.3s · idle=True
[22:33:12] ⏱ 씬합계 SRT_740 26.0s · https://www.genspark.ai/api/files/s/cd1ob0u2
[22:33:12] SRT_740 생성·다운로드 완료
C:\cursor\wuxia\workspace\swardmaster\2부\16장\png\SRT_740.png
[22:33:12] 상태키 SRT_760 · tracking=OFF; Baek|base; Jin|base
[22:33:12] run_scene 시작 SRT_760 · seen_files=73 · last_saved=https://www.genspark.ai/api/files/s/cd1ob0u2
[22:33:12] ⏱ 준비 SRT_760 0.0s · chars=5621
[22:33:13] ⏱ 다음명령유휴 SRT_760 1.3s · idle=True
[22:33:14] fill OK(clip) follow=True chars=5621
[22:33:14] submit 시작 composer=5621 url=https://www.genspark.ai/agents?id=06ed0ed6-dff8-4791-96f3-4304653f7bb3
[22:33:14] submit geo 실패 hit=no-btn
[22:33:14] submit 시도 method=geo geo=False
[22:33:15] submit 미확인 method=geo generating=False composer=5621
[22:33:15] submit geo 실패 hit=no-btn
[22:33:15] submit 시도 method=send send=False
[22:33:16] submit 미확인 method=send generating=False composer=5621
[22:33:16] submit 시도 method=ctrl
[22:33:17] submit 미확인 method=ctrl generating=False composer=5623
[22:33:17] submit 시도 method=enter
[22:33:17] submit 확인 method=enter generating=False composer=0
[22:33:17] ⏱ 입력·전송 SRT_760 4.2s · chars=5621
[22:33:17] 제출 후 last_saved=https://www.genspark.ai/api/files/s/cd1ob0u2
[22:33:18] ⏱ 생성대기 시작 SRT_760 max=120s
[22:33:32] ⏱ 생성대기 완료 14.7s SRT_760 https://www.genspark.ai/api/files/s/9zmy7r99
[22:33:32] ⏱ 생성대기구간 SRT_760 14.7s · ok=True
[22:33:32] SRT_760 근접 이미지 https://www.genspark.ai/api/files/s/9zmy7r99
[22:33:32] 다운로드 files URL=https://www.genspark.ai/api/files/s/9zmy7r99 → SRT_760.png
[22:33:33] ⏱ 다운로드 직접 0.8s size=783206 SRT_760.png
[22:33:33] ⏱ 다운로드구간 SRT_760 0.8s · SRT_760.png
[22:33:35] ⏱ 다운로드후유휴 SRT_760 1.5s · idle=True
[22:33:35] ⏱ 씬합계 SRT_760 22.7s · https://www.genspark.ai/api/files/s/9zmy7r99
[22:33:35] SRT_760 생성·다운로드 완료
C:\cursor\wuxia\workspace\swardmaster\2부\16장\png\SRT_760.png
[22:33:35] 상태키 SRT_780 · tracking=OFF; Baek|base; Jin|base
[22:33:35] run_scene 시작 SRT_780 · seen_files=74 · last_saved=https://www.genspark.ai/api/files/s/9zmy7r99
[22:33:35] ⏱ 준비 SRT_780 0.0s · chars=5620
[22:33:36] ⏱ 다음명령유휴 SRT_780 1.3s · idle=True
[22:33:37] fill OK(clip) follow=True chars=5620
[22:33:37] submit 시작 composer=5620 url=https://www.genspark.ai/agents?id=06ed0ed6-dff8-4791-96f3-4304653f7bb3
[22:33:37] submit geo 실패 hit=no-btn
[22:33:37] submit 시도 method=geo geo=False
[22:33:37] submit 미확인 method=geo generating=False composer=5620
[22:33:38] submit geo 실패 hit=no-btn
[22:33:38] submit 시도 method=send send=False
[22:33:38] submit 미확인 method=send generating=False composer=5620
[22:33:39] submit 시도 method=ctrl
[22:33:39] submit 미확인 method=ctrl generating=False composer=5622
[22:33:39] submit 시도 method=enter
[22:33:40] submit 확인 method=enter generating=False composer=0
[22:33:40] ⏱ 입력·전송 SRT_780 3.9s · chars=5620
[22:33:40] 제출 후 last_saved=https://www.genspark.ai/api/files/s/9zmy7r99
[22:33:40] ⏱ 생성대기 시작 SRT_780 max=120s
[22:33:56] ⏱ 생성대기 진행 15.4s SRT_780 busy=False url_ok=False src=
[22:33:58] ⏱ 생성대기 완료 17.4s SRT_780 https://www.genspark.ai/api/files/s/lopxcyu5
[22:33:58] ⏱ 생성대기구간 SRT_780 17.4s · ok=True
[22:33:58] SRT_780 근접 이미지 https://www.genspark.ai/api/files/s/lopxcyu5
[22:33:58] 다운로드 files URL=https://www.genspark.ai/api/files/s/lopxcyu5 → SRT_780.png
[22:33:58] ⏱ 다운로드 직접 0.8s size=763550 SRT_780.png
[22:33:58] ⏱ 다운로드구간 SRT_780 0.8s · SRT_780.png
[22:34:00] ⏱ 다운로드후유휴 SRT_780 1.5s · idle=True
[22:34:00] ⏱ 씬합계 SRT_780 25.2s · https://www.genspark.ai/api/files/s/lopxcyu5
[22:34:00] SRT_780 생성·다운로드 완료
C:\cursor\wuxia\workspace\swardmaster\2부\16장\png\SRT_780.png
[22:34:00] 상태키 SRT_820 · tracking=OFF; Baek|base; Jin|base
[22:34:00] run_scene 시작 SRT_820 · seen_files=75 · last_saved=https://www.genspark.ai/api/files/s/lopxcyu5
[22:34:00] ⏱ 준비 SRT_820 0.0s · chars=4298
[22:34:02] ⏱ 다음명령유휴 SRT_820 1.4s · idle=True
[22:34:02] fill OK(clip) follow=True chars=4298
[22:34:02] submit 시작 composer=4298 url=https://www.genspark.ai/agents?id=06ed0ed6-dff8-4791-96f3-4304653f7bb3
[22:34:02] submit geo 실패 hit=no-btn
[22:34:02] submit 시도 method=geo geo=False
[22:34:03] submit 미확인 method=geo generating=False composer=4298
[22:34:04] submit geo 실패 hit=no-btn
[22:34:04] submit 시도 method=send send=False
[22:34:05] submit 미확인 method=send generating=False composer=4298
[22:34:05] submit 시도 method=ctrl
[22:34:06] submit 미확인 method=ctrl generating=False composer=4300
[22:34:06] submit 시도 method=enter
[22:34:07] submit 확인 method=enter generating=False composer=0
[22:34:07] ⏱ 입력·전송 SRT_820 5.0s · chars=4298
[22:34:07] 제출 후 last_saved=https://www.genspark.ai/api/files/s/lopxcyu5
[22:34:07] ⏱ 생성대기 시작 SRT_820 max=120s
[22:34:21] ⏱ 생성대기 완료(busy무시) 14.5s SRT_820 https://www.genspark.ai/api/files/s/qzs4fjpi
[22:34:21] ⏱ 생성대기구간 SRT_820 14.5s · ok=True
[22:34:21] SRT_820 근접 이미지 https://www.genspark.ai/api/files/s/qzs4fjpi
[22:34:21] 다운로드 files URL=https://www.genspark.ai/api/files/s/qzs4fjpi → SRT_820.png
[22:34:22] ⏱ 다운로드 직접 0.7s size=710271 SRT_820.png
[22:34:22] ⏱ 다운로드구간 SRT_820 0.8s · SRT_820.png
[22:34:25] ⏱ 다운로드후유휴 SRT_820 2.5s · idle=True
[22:34:25] ⏱ 씬합계 SRT_820 24.4s · https://www.genspark.ai/api/files/s/qzs4fjpi
[22:34:25] SRT_820 생성·다운로드 완료
C:\cursor\wuxia\workspace\swardmaster\2부\16장\png\SRT_820.png
[22:34:25] 상태키 SRT_840 · tracking=OFF; Baek|base; Jin|base
[22:34:25] run_scene 시작 SRT_840 · seen_files=76 · last_saved=https://www.genspark.ai/api/files/s/qzs4fjpi
[22:34:25] ⏱ 준비 SRT_840 0.0s · chars=4325
[22:34:26] ⏱ 다음명령유휴 SRT_840 1.5s · idle=True
[22:34:27] fill OK(clip) follow=True chars=4325
[22:34:27] submit 시작 composer=4325 url=https://www.genspark.ai/agents?id=06ed0ed6-dff8-4791-96f3-4304653f7bb3
[22:34:27] submit geo 실패 hit=no-btn
[22:34:27] submit 시도 method=geo geo=False
[22:34:28] submit 미확인 method=geo generating=False composer=4325
[22:34:28] submit geo 실패 hit=no-btn
[22:34:28] submit 시도 method=send send=False
[22:34:29] submit 미확인 method=send generating=False composer=4325
[22:34:29] submit 시도 method=ctrl
[22:34:30] submit 미확인 method=ctrl generating=False composer=4327
[22:34:30] submit 시도 method=enter
[22:34:30] submit 확인 method=enter generating=False composer=0
[22:34:30] ⏱ 입력·전송 SRT_840 4.2s · chars=4325
[22:34:30] 제출 후 last_saved=https://www.genspark.ai/api/files/s/qzs4fjpi
[22:34:31] ⏱ 생성대기 시작 SRT_840 max=120s
[22:34:41] ⏱ 생성대기 완료(busy무시) 10.7s SRT_840 https://www.genspark.ai/api/files/s/wslo7lh9
[22:34:41] ⏱ 생성대기구간 SRT_840 10.7s · ok=True
[22:34:41] SRT_840 근접 이미지 https://www.genspark.ai/api/files/s/wslo7lh9
[22:34:41] 다운로드 files URL=https://www.genspark.ai/api/files/s/wslo7lh9 → SRT_840.png
[22:34:42] ⏱ 다운로드 직접 0.8s size=620219 SRT_840.png
[22:34:42] ⏱ 다운로드구간 SRT_840 0.8s · SRT_840.png
[22:34:44] ⏱ 다운로드후유휴 SRT_840 1.5s · idle=True
[22:34:44] ⏱ 씬합계 SRT_840 19.0s · https://www.genspark.ai/api/files/s/wslo7lh9
[22:34:44] SRT_840 생성·다운로드 완료
C:\cursor\wuxia\workspace\swardmaster\2부\16장\png\SRT_840.png
[22:34:44] 상태키 SRT_860 · tracking=OFF; Baek|base; Jin|base
[22:34:44] run_scene 시작 SRT_860 · seen_files=77 · last_saved=https://www.genspark.ai/api/files/s/wslo7lh9
[22:34:44] ⏱ 준비 SRT_860 0.0s · chars=5633
[22:34:45] ⏱ 다음명령유휴 SRT_860 1.5s · idle=True
[22:34:46] fill OK(clip) follow=True chars=5633
[22:34:46] submit 시작 composer=5633 url=https://www.genspark.ai/agents?id=06ed0ed6-dff8-4791-96f3-4304653f7bb3
[22:34:46] submit geo 실패 hit=no-btn
[22:34:46] submit 시도 method=geo geo=False
[22:34:47] submit 미확인 method=geo generating=False composer=5633
[22:34:48] submit geo 실패 hit=no-btn
[22:34:48] submit 시도 method=send send=False
[22:34:48] submit 미확인 method=send generating=False composer=5633
[22:34:49] submit 시도 method=ctrl
[22:34:50] submit 미확인 method=ctrl generating=False composer=5635
[22:34:50] submit 시도 method=enter
[22:34:51] submit 확인 method=enter generating=False composer=0
[22:34:51] ⏱ 입력·전송 SRT_860 5.2s · chars=5633
[22:34:51] 제출 후 last_saved=https://www.genspark.ai/api/files/s/wslo7lh9
[22:34:51] ⏱ 생성대기 시작 SRT_860 max=120s
[22:35:03] ⏱ 생성대기 완료 11.8s SRT_860 https://www.genspark.ai/api/files/s/jku3e1ke
[22:35:03] ⏱ 생성대기구간 SRT_860 11.8s · ok=True
[22:35:03] SRT_860 근접 이미지 https://www.genspark.ai/api/files/s/jku3e1ke
[22:35:03] 다운로드 files URL=https://www.genspark.ai/api/files/s/jku3e1ke → SRT_860.png
[22:35:03] ⏱ 다운로드 직접 0.7s size=635723 SRT_860.png
[22:35:03] ⏱ 다운로드구간 SRT_860 0.7s · SRT_860.png
[22:35:05] ⏱ 다운로드후유휴 SRT_860 1.5s · idle=True
[22:35:05] ⏱ 씬합계 SRT_860 21.0s · https://www.genspark.ai/api/files/s/jku3e1ke
[22:35:05] SRT_860 생성·다운로드 완료
C:\cursor\wuxia\workspace\swardmaster\2부\16장\png\SRT_860.png
[22:35:05] 상태키 SRT_880 · tracking=OFF; Baek|base; Jin|base
[22:35:05] run_scene 시작 SRT_880 · seen_files=78 · last_saved=https://www.genspark.ai/api/files/s/jku3e1ke
[22:35:05] ⏱ 준비 SRT_880 0.0s · chars=6656
[22:35:07] ⏱ 다음명령유휴 SRT_880 1.5s · idle=True
[22:35:07] fill OK(clip) follow=True chars=6656
[22:35:07] submit 시작 composer=6656 url=https://www.genspark.ai/agents?id=06ed0ed6-dff8-4791-96f3-4304653f7bb3
[22:35:08] submit geo 실패 hit=no-btn
[22:35:08] submit 시도 method=geo geo=False
[22:35:08] submit 미확인 method=geo generating=False composer=6656
[22:35:08] submit geo 실패 hit=no-btn
[22:35:08] submit 시도 method=send send=False
[22:35:09] submit 미확인 method=send generating=False composer=6656
[22:35:09] submit 시도 method=ctrl
[22:35:10] submit 미확인 method=ctrl generating=False composer=6658
[22:35:10] submit 시도 method=enter
[22:35:11] submit 확인 method=enter generating=False composer=0
[22:35:11] ⏱ 입력·전송 SRT_880 4.2s · chars=6656
[22:35:11] 제출 후 last_saved=https://www.genspark.ai/api/files/s/jku3e1ke
[22:35:11] ⏱ 생성대기 시작 SRT_880 max=120s
[22:35:25] ⏱ 생성대기 완료 13.7s SRT_880 https://www.genspark.ai/api/files/s/tzif9idf
[22:35:25] ⏱ 생성대기구간 SRT_880 13.7s · ok=True
[22:35:25] SRT_880 근접 이미지 https://www.genspark.ai/api/files/s/tzif9idf
[22:35:25] 다운로드 files URL=https://www.genspark.ai/api/files/s/tzif9idf → SRT_880.png
[22:35:26] ⏱ 다운로드 직접 1.1s size=629317 SRT_880.png
[22:35:26] ⏱ 다운로드구간 SRT_880 1.1s · SRT_880.png
[22:35:29] ⏱ 다운로드후유휴 SRT_880 3.1s · idle=True
[22:35:29] ⏱ 씬합계 SRT_880 23.9s · https://www.genspark.ai/api/files/s/tzif9idf
[22:35:29] SRT_880 생성·다운로드 완료
C:\cursor\wuxia\workspace\swardmaster\2부\16장\png\SRT_880.png
[22:35:29] 상태키 SRT_900 · tracking=OFF; Baek|base; Jin|base
[22:35:29] run_scene 시작 SRT_900 · seen_files=79 · last_saved=https://www.genspark.ai/api/files/s/tzif9idf
[22:35:29] ⏱ 준비 SRT_900 0.1s · chars=5345
[22:35:32] ⏱ 다음명령유휴 SRT_900 2.6s · idle=True
[22:35:33] fill OK(clip) follow=True chars=5345
[22:35:33] submit 시작 composer=5345 url=https://www.genspark.ai/agents?id=06ed0ed6-dff8-4791-96f3-4304653f7bb3
[22:35:33] submit geo 실패 hit=no-btn
[22:35:33] submit 시도 method=geo geo=False
[22:35:33] submit 미확인 method=geo generating=False composer=5345
[22:35:34] submit geo 실패 hit=no-btn
[22:35:34] submit 시도 method=send send=False
[22:35:34] submit 미확인 method=send generating=False composer=5345
[22:35:34] submit 시도 method=ctrl
[22:35:35] submit 미확인 method=ctrl generating=False composer=5347
[22:35:35] submit 시도 method=enter
[22:35:36] submit 확인 method=enter generating=False composer=0
[22:35:36] ⏱ 입력·전송 SRT_900 4.1s · chars=5345
[22:35:36] 제출 후 last_saved=https://www.genspark.ai/api/files/s/tzif9idf
[22:35:36] ⏱ 생성대기 시작 SRT_900 max=120s
[22:35:51] ⏱ 생성대기 진행 15.0s SRT_900 busy=False url_ok=False src=
[22:35:55] ⏱ 생성대기 완료(busy무시) 18.4s SRT_900 https://www.genspark.ai/api/files/s/m2udrnz3
[22:35:55] ⏱ 생성대기구간 SRT_900 18.4s · ok=True
[22:35:55] SRT_900 근접 이미지 https://www.genspark.ai/api/files/s/m2udrnz3
[22:35:55] 다운로드 files URL=https://www.genspark.ai/api/files/s/m2udrnz3 → SRT_900.png
[22:35:55] ⏱ 다운로드 직접 0.7s size=644501 SRT_900.png
[22:35:55] ⏱ 다운로드구간 SRT_900 0.7s · SRT_900.png
[22:35:57] ⏱ 다운로드후유휴 SRT_900 1.5s · idle=True
[22:35:57] ⏱ 씬합계 SRT_900 27.7s · https://www.genspark.ai/api/files/s/m2udrnz3
[22:35:57] SRT_900 생성·다운로드 완료
C:\cursor\wuxia\workspace\swardmaster\2부\16장\png\SRT_900.png
[22:35:57] 상태키 SRT_920 · tracking=OFF; Baek|base; Jin|base
[22:35:57] run_scene 시작 SRT_920 · seen_files=80 · last_saved=https://www.genspark.ai/api/files/s/m2udrnz3
[22:35:57] ⏱ 준비 SRT_920 0.0s · chars=6617
[22:35:58] ⏱ 다음명령유휴 SRT_920 1.4s · idle=True
[22:35:59] fill OK(clip) follow=True chars=6617
[22:35:59] submit 시작 composer=6617 url=https://www.genspark.ai/agents?id=06ed0ed6-dff8-4791-96f3-4304653f7bb3
[22:35:59] submit geo 실패 hit=no-btn
[22:35:59] submit 시도 method=geo geo=False
[22:36:00] submit 미확인 method=geo generating=False composer=6617
[22:36:00] submit geo 실패 hit=no-btn
[22:36:00] submit 시도 method=send send=False
[22:36:01] submit 미확인 method=send generating=False composer=6617
[22:36:01] submit 시도 method=ctrl
[22:36:02] submit 미확인 method=ctrl generating=False composer=6619
[22:36:02] submit 시도 method=enter
[22:36:03] submit 확인 method=enter generating=False composer=0
[22:36:03] ⏱ 입력·전송 SRT_920 4.1s · chars=6617
[22:36:03] 제출 후 last_saved=https://www.genspark.ai/api/files/s/m2udrnz3
[22:36:03] ⏱ 생성대기 시작 SRT_920 max=120s
[22:36:18] ⏱ 생성대기 진행 15.0s SRT_920 busy=True url_ok=True src=https://www.genspark.ai/api/files/s/6hhihomz
[22:36:18] ⏱ 생성대기 완료(busy무시) 15.0s SRT_920 https://www.genspark.ai/api/files/s/6hhihomz
[22:36:18] ⏱ 생성대기구간 SRT_920 15.0s · ok=True
[22:36:18] SRT_920 근접 이미지 https://www.genspark.ai/api/files/s/6hhihomz
[22:36:18] 다운로드 files URL=https://www.genspark.ai/api/files/s/6hhihomz → SRT_920.png
[22:36:19] ⏱ 다운로드 직접 0.7s size=570378 SRT_920.png
[22:36:19] ⏱ 다운로드구간 SRT_920 0.7s · SRT_920.png
[22:36:20] ⏱ 다운로드후유휴 SRT_920 1.5s · idle=True
[22:36:20] ⏱ 씬합계 SRT_920 23.1s · https://www.genspark.ai/api/files/s/6hhihomz
[22:36:20] SRT_920 생성·다운로드 완료
C:\cursor\wuxia\workspace\swardmaster\2부\16장\png\SRT_920.png
[22:36:20] 상태키 SRT_940 · tracking=OFF; Baek|base; Jin|base
[22:36:20] run_scene 시작 SRT_940 · seen_files=81 · last_saved=https://www.genspark.ai/api/files/s/6hhihomz
[22:36:20] ⏱ 준비 SRT_940 0.0s · chars=3905
[22:36:22] ⏱ 다음명령유휴 SRT_940 1.4s · idle=True
[22:36:22] fill OK(clip) follow=True chars=3905
[22:36:22] submit 시작 composer=3905 url=https://www.genspark.ai/agents?id=06ed0ed6-dff8-4791-96f3-4304653f7bb3
[22:36:23] submit geo 실패 hit=no-btn
[22:36:23] submit 시도 method=geo geo=False
[22:36:23] submit 미확인 method=geo generating=False composer=3905
[22:36:23] submit geo 실패 hit=no-btn
[22:36:24] submit 시도 method=send send=False
[22:36:24] submit 미확인 method=send generating=False composer=3905
[22:36:24] submit 시도 method=ctrl
[22:36:25] submit 미확인 method=ctrl generating=False composer=3907
[22:36:25] submit 시도 method=enter
[22:36:26] submit 확인 method=enter generating=False composer=0
[22:36:26] ⏱ 입력·전송 SRT_940 4.0s · chars=3905
[22:36:26] 제출 후 last_saved=https://www.genspark.ai/api/files/s/6hhihomz
[22:36:26] ⏱ 생성대기 시작 SRT_940 max=120s
[22:36:37] ⏱ 생성대기 완료 10.7s SRT_940 https://www.genspark.ai/api/files/s/uknhuvt8
[22:36:37] ⏱ 생성대기구간 SRT_940 10.7s · ok=True
[22:36:37] SRT_940 근접 이미지 https://www.genspark.ai/api/files/s/uknhuvt8
[22:36:37] 다운로드 files URL=https://www.genspark.ai/api/files/s/uknhuvt8 → SRT_940.png
[22:36:37] ⏱ 다운로드 직접 0.7s size=481299 SRT_940.png
[22:36:37] ⏱ 다운로드구간 SRT_940 0.7s · SRT_940.png
[22:36:43] ⏱ 다운로드후유휴 SRT_940 5.6s · idle=True
[22:36:43] ⏱ 씬합계 SRT_940 22.7s · https://www.genspark.ai/api/files/s/uknhuvt8
[22:36:43] SRT_940 생성·다운로드 완료
C:\cursor\wuxia\workspace\swardmaster\2부\16장\png\SRT_940.png
[22:36:43] 상태키 SRT_960 · tracking=OFF; Baek|base; Jin|base
[22:36:43] run_scene 시작 SRT_960 · seen_files=82 · last_saved=https://www.genspark.ai/api/files/s/uknhuvt8
[22:36:43] ⏱ 준비 SRT_960 0.0s · chars=5600
[22:36:45] ⏱ 다음명령유휴 SRT_960 1.4s · idle=True
[22:36:45] fill OK(clip) follow=True chars=5600
[22:36:45] submit 시작 composer=5600 url=https://www.genspark.ai/agents?id=06ed0ed6-dff8-4791-96f3-4304653f7bb3
[22:36:45] submit geo 실패 hit=no-btn
[22:36:45] submit 시도 method=geo geo=False
[22:36:46] submit 미확인 method=geo generating=False composer=5600
[22:36:47] submit geo 실패 hit=no-btn
[22:36:47] submit 시도 method=send send=False
[22:36:47] submit 미확인 method=send generating=False composer=5600
[22:36:47] submit 시도 method=ctrl
[22:36:48] submit 미확인 method=ctrl generating=False composer=5602
[22:36:48] submit 시도 method=enter
[22:36:49] submit 확인 method=enter generating=False composer=0
[22:36:49] ⏱ 입력·전송 SRT_960 4.2s · chars=5600
[22:36:49] 제출 후 last_saved=https://www.genspark.ai/api/files/s/uknhuvt8
[22:36:49] ⏱ 생성대기 시작 SRT_960 max=120s
[22:37:04] ⏱ 생성대기 완료 15.0s SRT_960 https://www.genspark.ai/api/files/s/ieedl4ov
[22:37:04] ⏱ 생성대기구간 SRT_960 15.0s · ok=True
[22:37:04] SRT_960 근접 이미지 https://www.genspark.ai/api/files/s/ieedl4ov
[22:37:04] 다운로드 files URL=https://www.genspark.ai/api/files/s/ieedl4ov → SRT_960.png
[22:37:05] ⏱ 다운로드 직접 0.8s size=553358 SRT_960.png
[22:37:05] ⏱ 다운로드구간 SRT_960 0.8s · SRT_960.png
[22:37:06] ⏱ 다운로드후유휴 SRT_960 1.4s · idle=True
[22:37:06] ⏱ 씬합계 SRT_960 23.1s · https://www.genspark.ai/api/files/s/ieedl4ov
[22:37:06] SRT_960 생성·다운로드 완료
C:\cursor\wuxia\workspace\swardmaster\2부\16장\png\SRT_960.png
[22:37:06] 상태키 SRT_980 · tracking=OFF; Baek|base; Jin|base
[22:37:06] run_scene 시작 SRT_980 · seen_files=83 · last_saved=https://www.genspark.ai/api/files/s/ieedl4ov
[22:37:07] ⏱ 준비 SRT_980 0.0s · chars=5591
[22:37:08] ⏱ 다음명령유휴 SRT_980 1.4s · idle=True
[22:37:09] fill OK(clip) follow=True chars=5591
[22:37:09] submit 시작 composer=5591 url=https://www.genspark.ai/agents?id=06ed0ed6-dff8-4791-96f3-4304653f7bb3
[22:37:09] submit geo 실패 hit=no-btn
[22:37:09] submit 시도 method=geo geo=False
[22:37:09] submit 미확인 method=geo generating=False composer=5591
[22:37:10] submit geo 실패 hit=no-btn
[22:37:10] submit 시도 method=send send=False
[22:37:10] submit 미확인 method=send generating=False composer=5591
[22:37:11] submit 시도 method=ctrl
[22:37:11] submit 미확인 method=ctrl generating=False composer=5593
[22:37:11] submit 시도 method=enter
[22:37:12] submit 확인 method=enter generating=False composer=0
[22:37:12] ⏱ 입력·전송 SRT_980 4.1s · chars=5591
[22:37:12] 제출 후 last_saved=https://www.genspark.ai/api/files/s/ieedl4ov
[22:37:12] ⏱ 생성대기 시작 SRT_980 max=120s
[22:37:25] ⏱ 생성대기 완료 12.9s SRT_980 https://www.genspark.ai/api/files/s/zhjfjv9m
[22:37:25] ⏱ 생성대기구간 SRT_980 12.9s · ok=True
[22:37:25] SRT_980 근접 이미지 https://www.genspark.ai/api/files/s/zhjfjv9m
[22:37:25] 다운로드 files URL=https://www.genspark.ai/api/files/s/zhjfjv9m → SRT_980.png
[22:37:26] ⏱ 다운로드 직접 0.7s size=602380 SRT_980.png
[22:37:26] ⏱ 다운로드구간 SRT_980 0.7s · SRT_980.png
[22:37:27] ⏱ 다운로드후유휴 SRT_980 1.4s · idle=True
[22:37:27] ⏱ 씬합계 SRT_980 20.9s · https://www.genspark.ai/api/files/s/zhjfjv9m
[22:37:27] SRT_980 생성·다운로드 완료
C:\cursor\wuxia\workspace\swardmaster\2부\16장\png\SRT_980.png
[22:37:28] 상태키 SRT_1000 · tracking=OFF; Baek|base; Jin|base
[22:37:28] run_scene 시작 SRT_1000 · seen_files=84 · last_saved=https://www.genspark.ai/api/files/s/zhjfjv9m
[22:37:28] ⏱ 준비 SRT_1000 0.0s · chars=3913
[22:37:29] ⏱ 다음명령유휴 SRT_1000 1.4s · idle=True
[22:37:30] fill OK(clip) follow=True chars=3913
[22:37:30] submit 시작 composer=3913 url=https://www.genspark.ai/agents?id=06ed0ed6-dff8-4791-96f3-4304653f7bb3
[22:37:30] submit geo 실패 hit=no-btn
[22:37:30] submit 시도 method=geo geo=False
[22:37:30] submit 미확인 method=geo generating=False composer=3913
[22:37:31] submit geo 실패 hit=no-btn
[22:37:31] submit 시도 method=send send=False
[22:37:32] submit 미확인 method=send generating=False composer=3913
[22:37:32] submit 시도 method=ctrl
[22:37:33] submit 미확인 method=ctrl generating=False composer=3915
[22:37:33] submit 시도 method=enter
[22:37:34] submit 확인 method=enter generating=False composer=0
[22:37:34] ⏱ 입력·전송 SRT_1000 4.7s · chars=3913
[22:37:34] 제출 후 last_saved=https://www.genspark.ai/api/files/s/zhjfjv9m
[22:37:34] ⏱ 생성대기 시작 SRT_1000 max=120s
[22:37:48] ⏱ 생성대기 완료(busy무시) 14.2s SRT_1000 https://www.genspark.ai/api/files/s/4osqnc4d
[22:37:48] ⏱ 생성대기구간 SRT_1000 14.2s · ok=True
[22:37:48] SRT_1000 근접 이미지 https://www.genspark.ai/api/files/s/4osqnc4d
[22:37:48] 다운로드 files URL=https://www.genspark.ai/api/files/s/4osqnc4d → SRT_1000.png
[22:37:49] ⏱ 다운로드 직접 0.7s size=588025 SRT_1000.png
[22:37:49] ⏱ 다운로드구간 SRT_1000 0.8s · SRT_1000.png
[22:37:54] ⏱ 다운로드후유휴 SRT_1000 5.0s · idle=True
[22:37:54] ⏱ 씬합계 SRT_1000 26.2s · https://www.genspark.ai/api/files/s/4osqnc4d
[22:37:54] SRT_1000 생성·다운로드 완료
C:\cursor\wuxia\workspace\swardmaster\2부\16장\png\SRT_1000.png
[22:37:54] 상태키 SRT_1020 · tracking=OFF; Baek|base; Jin|base
[22:37:54] run_scene 시작 SRT_1020 · seen_files=85 · last_saved=https://www.genspark.ai/api/files/s/4osqnc4d
[22:37:54] ⏱ 준비 SRT_1020 0.0s · chars=3929
[22:37:55] ⏱ 다음명령유휴 SRT_1020 1.3s · idle=True
[22:37:56] fill OK(clip) follow=True chars=3929
[22:37:56] submit 시작 composer=3929 url=https://www.genspark.ai/agents?id=06ed0ed6-dff8-4791-96f3-4304653f7bb3
[22:37:56] submit geo 실패 hit=no-btn
[22:37:56] submit 시도 method=geo geo=False
[22:37:57] submit 미확인 method=geo generating=False composer=3929
[22:37:57] submit geo 실패 hit=no-btn
[22:37:57] submit 시도 method=send send=False
[22:37:58] submit 미확인 method=send generating=False composer=3929
[22:37:58] submit 시도 method=ctrl
[22:37:58] submit 미확인 method=ctrl generating=False composer=3931
[22:37:59] submit 시도 method=enter
[22:37:59] submit 확인 method=enter generating=False composer=0
[22:37:59] ⏱ 입력·전송 SRT_1020 4.0s · chars=3929
[22:37:59] 제출 후 last_saved=https://www.genspark.ai/api/files/s/4osqnc4d
[22:38:00] ⏱ 생성대기 시작 SRT_1020 max=120s
[22:38:15] ⏱ 생성대기 진행 15.1s SRT_1020 busy=True url_ok=True src=https://www.genspark.ai/api/files/s/xqp8iwsc
[22:38:15] ⏱ 생성대기 완료(busy무시) 15.1s SRT_1020 https://www.genspark.ai/api/files/s/xqp8iwsc
[22:38:15] ⏱ 생성대기구간 SRT_1020 15.1s · ok=True
[22:38:15] SRT_1020 근접 이미지 https://www.genspark.ai/api/files/s/xqp8iwsc
[22:38:15] 다운로드 files URL=https://www.genspark.ai/api/files/s/xqp8iwsc → SRT_1020.png
[22:38:16] ⏱ 다운로드 직접 0.8s size=529943 SRT_1020.png
[22:38:16] ⏱ 다운로드구간 SRT_1020 0.8s · SRT_1020.png
[22:38:20] ⏱ 다운로드후유휴 SRT_1020 4.6s · idle=True
[22:38:20] ⏱ 씬합계 SRT_1020 26.2s · https://www.genspark.ai/api/files/s/xqp8iwsc
[22:38:20] SRT_1020 생성·다운로드 완료
C:\cursor\wuxia\workspace\swardmaster\2부\16장\png\SRT_1020.png
[22:38:20] 상태키 SRT_1040 · tracking=OFF; Baek|base; Jin|base
[22:38:20] run_scene 시작 SRT_1040 · seen_files=86 · last_saved=https://www.genspark.ai/api/files/s/xqp8iwsc
[22:38:20] ⏱ 준비 SRT_1040 0.0s · chars=5591
[22:38:22] ⏱ 다음명령유휴 SRT_1040 1.5s · idle=True
[22:38:23] fill OK(clip) follow=True chars=5591
[22:38:23] submit 시작 composer=5591 url=https://www.genspark.ai/agents?id=06ed0ed6-dff8-4791-96f3-4304653f7bb3
[22:38:23] submit geo 실패 hit=no-btn
[22:38:23] submit 시도 method=geo geo=False
[22:38:23] submit 미확인 method=geo generating=False composer=5591
[22:38:24] submit geo 실패 hit=no-btn
[22:38:24] submit 시도 method=send send=False
[22:38:24] submit 미확인 method=send generating=False composer=5591
[22:38:25] submit 시도 method=ctrl
[22:38:25] submit 미확인 method=ctrl generating=False composer=5593
[22:38:25] submit 시도 method=enter
[22:38:26] submit 확인 method=enter generating=False composer=0
[22:38:26] ⏱ 입력·전송 SRT_1040 4.1s · chars=5591
[22:38:26] 제출 후 last_saved=https://www.genspark.ai/api/files/s/xqp8iwsc
[22:38:26] ⏱ 생성대기 시작 SRT_1040 max=120s
[22:38:41] ⏱ 생성대기 완료 14.4s SRT_1040 https://www.genspark.ai/api/files/s/jqker1bc
[22:38:41] ⏱ 생성대기구간 SRT_1040 14.4s · ok=True
[22:38:41] SRT_1040 근접 이미지 https://www.genspark.ai/api/files/s/jqker1bc
[22:38:41] 다운로드 files URL=https://www.genspark.ai/api/files/s/jqker1bc → SRT_1040.png
[22:38:41] ⏱ 다운로드 직접 0.8s size=603003 SRT_1040.png
[22:38:41] ⏱ 다운로드구간 SRT_1040 0.8s · SRT_1040.png
[22:38:43] ⏱ 다운로드후유휴 SRT_1040 1.5s · idle=True
[22:38:43] ⏱ 씬합계 SRT_1040 22.5s · https://www.genspark.ai/api/files/s/jqker1bc
[22:38:43] SRT_1040 생성·다운로드 완료
C:\cursor\wuxia\workspace\swardmaster\2부\16장\png\SRT_1040.png
[22:38:43] 상태키 SRT_1060 · tracking=OFF; Baek|base; Jin|base
[22:38:43] run_scene 시작 SRT_1060 · seen_files=87 · last_saved=https://www.genspark.ai/api/files/s/jqker1bc
[22:38:43] ⏱ 준비 SRT_1060 0.0s · chars=6647
[22:38:45] ⏱ 다음명령유휴 SRT_1060 1.4s · idle=True
[22:38:45] fill OK(clip) follow=True chars=6647
[22:38:45] submit 시작 composer=6647 url=https://www.genspark.ai/agents?id=06ed0ed6-dff8-4791-96f3-4304653f7bb3
[22:38:45] submit geo 실패 hit=no-btn
[22:38:45] submit 시도 method=geo geo=False
[22:38:46] submit 미확인 method=geo generating=False composer=6647
[22:38:46] submit geo 실패 hit=no-btn
[22:38:46] submit 시도 method=send send=False
[22:38:47] submit 미확인 method=send generating=False composer=6647
[22:38:47] submit 시도 method=ctrl
[22:38:48] submit 미확인 method=ctrl generating=False composer=6649
[22:38:48] submit 시도 method=enter
[22:38:49] submit 확인 method=enter generating=False composer=0
[22:38:49] ⏱ 입력·전송 SRT_1060 4.1s · chars=6647
[22:38:49] 제출 후 last_saved=https://www.genspark.ai/api/files/s/jqker1bc
[22:38:49] ⏱ 생성대기 시작 SRT_1060 max=120s
[22:39:02] ⏱ 생성대기 완료 12.8s SRT_1060 https://www.genspark.ai/api/files/s/l80ncnsb
[22:39:02] ⏱ 생성대기구간 SRT_1060 12.8s · ok=True
[22:39:02] SRT_1060 근접 이미지 https://www.genspark.ai/api/files/s/l80ncnsb
[22:39:02] 다운로드 files URL=https://www.genspark.ai/api/files/s/l80ncnsb → SRT_1060.png
[22:39:02] ⏱ 다운로드 직접 0.8s size=676571 SRT_1060.png
[22:39:02] ⏱ 다운로드구간 SRT_1060 0.8s · SRT_1060.png
[22:39:05] ⏱ 다운로드후유휴 SRT_1060 2.5s · idle=True
[22:39:05] ⏱ 씬합계 SRT_1060 21.9s · https://www.genspark.ai/api/files/s/l80ncnsb
[22:39:05] SRT_1060 생성·다운로드 완료
C:\cursor\wuxia\workspace\swardmaster\2부\16장\png\SRT_1060.png
[22:39:05] 상태키 SRT_1080 · tracking=OFF; Baek|base; Jin|base
[22:39:05] run_scene 시작 SRT_1080 · seen_files=88 · last_saved=https://www.genspark.ai/api/files/s/l80ncnsb
[22:39:05] ⏱ 준비 SRT_1080 0.0s · chars=3952
[22:39:07] ⏱ 다음명령유휴 SRT_1080 1.4s · idle=True
[22:39:07] fill OK(clip) follow=True chars=3952
[22:39:07] submit 시작 composer=3952 url=https://www.genspark.ai/agents?id=06ed0ed6-dff8-4791-96f3-4304653f7bb3
[22:39:07] submit geo 실패 hit=no-btn
[22:39:07] submit 시도 method=geo geo=False
[22:39:08] submit 미확인 method=geo generating=False composer=3952
[22:39:08] submit geo 실패 hit=no-btn
[22:39:08] submit 시도 method=send send=False
[22:39:09] submit 미확인 method=send generating=False composer=3952
[22:39:09] submit 시도 method=ctrl
[22:39:10] submit 미확인 method=ctrl generating=False composer=3954
[22:39:10] submit 시도 method=enter
[22:39:11] submit 확인 method=enter generating=False composer=0
[22:39:11] ⏱ 입력·전송 SRT_1080 4.0s · chars=3952
[22:39:11] 제출 후 last_saved=https://www.genspark.ai/api/files/s/l80ncnsb
[22:39:11] ⏱ 생성대기 시작 SRT_1080 max=120s
[22:39:26] ⏱ 생성대기 진행 15.0s SRT_1080 busy=True url_ok=False src=
[22:39:27] ⏱ 생성대기 완료 16.5s SRT_1080 https://www.genspark.ai/api/files/s/ravpibwu
[22:39:27] ⏱ 생성대기구간 SRT_1080 16.5s · ok=True
[22:39:27] SRT_1080 근접 이미지 https://www.genspark.ai/api/files/s/ravpibwu
[22:39:27] 다운로드 files URL=https://www.genspark.ai/api/files/s/ravpibwu → SRT_1080.png
[22:39:28] ⏱ 다운로드 직접 0.7s size=483700 SRT_1080.png
[22:39:28] ⏱ 다운로드구간 SRT_1080 0.7s · SRT_1080.png
[22:39:29] ⏱ 다운로드후유휴 SRT_1080 1.3s · idle=True
[22:39:29] ⏱ 씬합계 SRT_1080 24.2s · https://www.genspark.ai/api/files/s/ravpibwu
[22:39:29] SRT_1080 생성·다운로드 완료
C:\cursor\wuxia\workspace\swardmaster\2부\16장\png\SRT_1080.png
[22:39:30] 상태키 SRT_1100 · tracking=OFF; Baek|base; Jin|base
[22:39:30] run_scene 시작 SRT_1100 · seen_files=89 · last_saved=https://www.genspark.ai/api/files/s/ravpibwu
[22:39:30] ⏱ 준비 SRT_1100 0.0s · chars=3946
[22:39:31] ⏱ 다음명령유휴 SRT_1100 1.3s · idle=True
[22:39:32] fill OK(clip) follow=True chars=3946
[22:39:32] submit 시작 composer=3946 url=https://www.genspark.ai/agents?id=06ed0ed6-dff8-4791-96f3-4304653f7bb3
[22:39:32] submit geo 실패 hit=no-btn
[22:39:32] submit 시도 method=geo geo=False
[22:39:32] submit 미확인 method=geo generating=False composer=3946
[22:39:34] submit geo 실패 hit=no-btn
[22:39:34] submit 시도 method=send send=False
[22:39:34] submit 미확인 method=send generating=False composer=3946
[22:39:35] submit 시도 method=ctrl
[22:39:35] submit 미확인 method=ctrl generating=False composer=3948
[22:39:36] submit 시도 method=enter
[22:39:36] submit 확인 method=enter generating=False composer=0
[22:39:36] ⏱ 입력·전송 SRT_1100 5.5s · chars=3946
[22:39:36] 제출 후 last_saved=https://www.genspark.ai/api/files/s/ravpibwu
[22:39:37] ⏱ 생성대기 시작 SRT_1100 max=120s
[22:39:50] ⏱ 생성대기 완료(busy무시) 13.2s SRT_1100 https://www.genspark.ai/api/files/s/u8xjnujz
[22:39:50] ⏱ 생성대기구간 SRT_1100 13.2s · ok=True
[22:39:50] SRT_1100 근접 이미지 https://www.genspark.ai/api/files/s/u8xjnujz
[22:39:50] 다운로드 files URL=https://www.genspark.ai/api/files/s/u8xjnujz → SRT_1100.png
[22:39:51] ⏱ 다운로드 직접 0.7s size=543947 SRT_1100.png
[22:39:51] ⏱ 다운로드구간 SRT_1100 0.7s · SRT_1100.png
[22:39:53] ⏱ 다운로드후유휴 SRT_1100 2.0s · idle=True
[22:39:53] ⏱ 씬합계 SRT_1100 23.0s · https://www.genspark.ai/api/files/s/u8xjnujz
[22:39:53] SRT_1100 생성·다운로드 완료
C:\cursor\wuxia\workspace\swardmaster\2부\16장\png\SRT_1100.png
[22:39:53] 상태키 SRT_1120 · tracking=OFF; Baek|base; Jin|base
[22:39:53] run_scene 시작 SRT_1120 · seen_files=90 · last_saved=https://www.genspark.ai/api/files/s/u8xjnujz
[22:39:53] ⏱ 준비 SRT_1120 0.0s · chars=5604
[22:39:54] ⏱ 다음명령유휴 SRT_1120 1.4s · idle=True
[22:39:55] fill OK(clip) follow=True chars=5604
[22:39:55] submit 시작 composer=5604 url=https://www.genspark.ai/agents?id=06ed0ed6-dff8-4791-96f3-4304653f7bb3
[22:39:55] submit geo 실패 hit=no-btn
[22:39:55] submit 시도 method=geo geo=False
[22:39:56] submit 미확인 method=geo generating=False composer=5604
[22:39:56] submit geo 실패 hit=no-btn
[22:39:56] submit 시도 method=send send=False
[22:39:56] submit 미확인 method=send generating=False composer=5604
[22:39:57] submit 시도 method=ctrl
[22:39:57] submit 미확인 method=ctrl generating=False composer=5606
[22:39:58] submit 시도 method=enter
[22:39:58] submit 확인 method=enter generating=False composer=0
[22:39:58] ⏱ 입력·전송 SRT_1120 4.1s · chars=5604
[22:39:58] 제출 후 last_saved=https://www.genspark.ai/api/files/s/u8xjnujz
[22:39:58] ⏱ 생성대기 시작 SRT_1120 max=120s
[22:40:13] ⏱ 생성대기 완료 14.8s SRT_1120 https://www.genspark.ai/api/files/s/0fblyfmb
[22:40:13] ⏱ 생성대기구간 SRT_1120 14.8s · ok=True
[22:40:13] SRT_1120 근접 이미지 https://www.genspark.ai/api/files/s/0fblyfmb
[22:40:13] 다운로드 files URL=https://www.genspark.ai/api/files/s/0fblyfmb → SRT_1120.png
[22:40:14] ⏱ 다운로드 직접 0.8s size=577776 SRT_1120.png
[22:40:14] ⏱ 다운로드구간 SRT_1120 0.8s · SRT_1120.png
[22:40:16] ⏱ 다운로드후유휴 SRT_1120 2.3s · idle=True
[22:40:16] ⏱ 씬합계 SRT_1120 23.7s · https://www.genspark.ai/api/files/s/0fblyfmb
[22:40:16] SRT_1120 생성·다운로드 완료
C:\cursor\wuxia\workspace\swardmaster\2부\16장\png\SRT_1120.png
[22:40:17] 상태키 SRT_1140 · tracking=OFF; Baek|base; Jin|base
[22:40:17] run_scene 시작 SRT_1140 · seen_files=91 · last_saved=https://www.genspark.ai/api/files/s/0fblyfmb
[22:40:17] ⏱ 준비 SRT_1140 0.0s · chars=6657
[22:40:18] ⏱ 다음명령유휴 SRT_1140 1.4s · idle=True
[22:40:19] fill OK(clip) follow=True chars=6657
[22:40:19] submit 시작 composer=6657 url=https://www.genspark.ai/agents?id=06ed0ed6-dff8-4791-96f3-4304653f7bb3
[22:40:19] submit geo 실패 hit=no-btn
[22:40:19] submit 시도 method=geo geo=False
[22:40:20] submit 미확인 method=geo generating=False composer=6657
[22:40:20] submit geo 실패 hit=no-btn
[22:40:20] submit 시도 method=send send=False
[22:40:21] submit 미확인 method=send generating=False composer=6657
[22:40:21] submit 시도 method=ctrl
[22:40:22] submit 미확인 method=ctrl generating=False composer=6659
[22:40:22] submit 시도 method=enter
[22:40:23] submit 확인 method=enter generating=False composer=0
[22:40:23] ⏱ 입력·전송 SRT_1140 4.4s · chars=6657
[22:40:23] 제출 후 last_saved=https://www.genspark.ai/api/files/s/0fblyfmb
[22:40:23] ⏱ 생성대기 시작 SRT_1140 max=120s
[22:40:38] ⏱ 생성대기 진행 15.0s SRT_1140 busy=False url_ok=False src=
[22:40:40] ⏱ 생성대기 완료(busy무시) 16.8s SRT_1140 https://www.genspark.ai/api/files/s/2c4dhuxk
[22:40:40] ⏱ 생성대기구간 SRT_1140 16.8s · ok=True
[22:40:40] SRT_1140 근접 이미지 https://www.genspark.ai/api/files/s/2c4dhuxk
[22:40:40] 다운로드 files URL=https://www.genspark.ai/api/files/s/2c4dhuxk → SRT_1140.png
[22:40:41] ⏱ 다운로드 직접 1.1s size=640256 SRT_1140.png
[22:40:41] ⏱ 다운로드구간 SRT_1140 1.1s · SRT_1140.png
[22:40:42] ⏱ 다운로드후유휴 SRT_1140 1.4s · idle=True
[22:40:42] ⏱ 씬합계 SRT_1140 25.4s · https://www.genspark.ai/api/files/s/2c4dhuxk
[22:40:42] SRT_1140 생성·다운로드 완료
C:\cursor\wuxia\workspace\swardmaster\2부\16장\png\SRT_1140.png
[22:40:42] 상태키 SRT_1160 · tracking=OFF; Baek|base; Jin|base
[22:40:42] run_scene 시작 SRT_1160 · seen_files=92 · last_saved=https://www.genspark.ai/api/files/s/2c4dhuxk
[22:40:42] ⏱ 준비 SRT_1160 0.0s · chars=6648
[22:40:44] ⏱ 다음명령유휴 SRT_1160 1.4s · idle=True
[22:40:44] fill OK(clip) follow=True chars=6648
[22:40:44] submit 시작 composer=6648 url=https://www.genspark.ai/agents?id=06ed0ed6-dff8-4791-96f3-4304653f7bb3
[22:40:44] submit geo 실패 hit=no-btn
[22:40:44] submit 시도 method=geo geo=False
[22:40:45] submit 미확인 method=geo generating=False composer=6648
[22:40:45] submit geo 실패 hit=no-btn
[22:40:45] submit 시도 method=send send=False
[22:40:46] submit 미확인 method=send generating=False composer=6648
[22:40:46] submit 시도 method=ctrl
[22:40:47] submit 미확인 method=ctrl generating=False composer=6650
[22:40:47] submit 시도 method=enter
[22:40:48] submit 확인 method=enter generating=False composer=0
[22:40:48] ⏱ 입력·전송 SRT_1160 4.1s · chars=6648
[22:40:48] 제출 후 last_saved=https://www.genspark.ai/api/files/s/2c4dhuxk
[22:40:48] ⏱ 생성대기 시작 SRT_1160 max=120s
[22:41:02] ⏱ 생성대기 완료(busy무시) 13.8s SRT_1160 https://www.genspark.ai/api/files/s/mlral4ib
[22:41:02] ⏱ 생성대기구간 SRT_1160 13.8s · ok=True
[22:41:02] SRT_1160 근접 이미지 https://www.genspark.ai/api/files/s/mlral4ib
[22:41:02] 다운로드 files URL=https://www.genspark.ai/api/files/s/mlral4ib → SRT_1160.png
[22:41:03] ⏱ 다운로드 직접 1.0s size=615754 SRT_1160.png
[22:41:03] ⏱ 다운로드구간 SRT_1160 1.0s · SRT_1160.png
[22:41:05] ⏱ 다운로드후유휴 SRT_1160 1.8s · idle=True
[22:41:05] ⏱ 씬합계 SRT_1160 22.3s · https://www.genspark.ai/api/files/s/mlral4ib
[22:41:05] SRT_1160 생성·다운로드 완료
C:\cursor\wuxia\workspace\swardmaster\2부\16장\png\SRT_1160.png
[22:41:05] 상태키 SRT_1180 · tracking=OFF; Baek|base; Jin|base
[22:41:05] run_scene 시작 SRT_1180 · seen_files=93 · last_saved=https://www.genspark.ai/api/files/s/mlral4ib
[22:41:05] ⏱ 준비 SRT_1180 0.0s · chars=6648
[22:41:06] ⏱ 다음명령유휴 SRT_1180 1.5s · idle=True
[22:41:07] fill OK(clip) follow=True chars=6648
[22:41:07] submit 시작 composer=6648 url=https://www.genspark.ai/agents?id=06ed0ed6-dff8-4791-96f3-4304653f7bb3
[22:41:07] submit geo 실패 hit=no-btn
[22:41:07] submit 시도 method=geo geo=False
[22:41:08] submit 미확인 method=geo generating=False composer=6648
[22:41:08] submit geo 실패 hit=no-btn
[22:41:08] submit 시도 method=send send=False
[22:41:09] submit 미확인 method=send generating=False composer=6648
[22:41:09] submit 시도 method=ctrl
[22:41:10] submit 미확인 method=ctrl generating=False composer=6650
[22:41:10] submit 시도 method=enter
[22:41:10] submit 확인 method=enter generating=False composer=0
[22:41:10] ⏱ 입력·전송 SRT_1180 4.2s · chars=6648
[22:41:10] 제출 후 last_saved=https://www.genspark.ai/api/files/s/mlral4ib
[22:41:11] ⏱ 생성대기 시작 SRT_1180 max=120s
[22:41:23] ⏱ 생성대기 완료(busy무시) 12.4s SRT_1180 https://www.genspark.ai/api/files/s/khg6vqsp
[22:41:23] ⏱ 생성대기구간 SRT_1180 12.4s · ok=True
[22:41:23] SRT_1180 근접 이미지 https://www.genspark.ai/api/files/s/khg6vqsp
[22:41:23] 다운로드 files URL=https://www.genspark.ai/api/files/s/khg6vqsp → SRT_1180.png
[22:41:24] ⏱ 다운로드 직접 0.7s size=636257 SRT_1180.png
[22:41:24] ⏱ 다운로드구간 SRT_1180 0.8s · SRT_1180.png
[22:41:25] ⏱ 다운로드후유휴 SRT_1180 1.4s · idle=True
[22:41:25] ⏱ 씬합계 SRT_1180 20.6s · https://www.genspark.ai/api/files/s/khg6vqsp
[22:41:25] SRT_1180 생성·다운로드 완료
C:\cursor\wuxia\workspace\swardmaster\2부\16장\png\SRT_1180.png
[22:41:26] 상태키 SRT_1200 · tracking=OFF; Baek|base; Jin|base
[22:41:26] run_scene 시작 SRT_1200 · seen_files=94 · last_saved=https://www.genspark.ai/api/files/s/khg6vqsp
[22:41:26] ⏱ 준비 SRT_1200 0.0s · chars=3956
[22:41:27] ⏱ 다음명령유휴 SRT_1200 1.4s · idle=True
[22:41:28] fill OK(clip) follow=True chars=3956
[22:41:28] submit 시작 composer=3956 url=https://www.genspark.ai/agents?id=06ed0ed6-dff8-4791-96f3-4304653f7bb3
[22:41:28] submit geo 실패 hit=no-btn
[22:41:28] submit 시도 method=geo geo=False
[22:41:28] submit 미확인 method=geo generating=False composer=3956
[22:41:29] submit geo 실패 hit=no-btn
[22:41:29] submit 시도 method=send send=False
[22:41:29] submit 미확인 method=send generating=False composer=3956
[22:41:29] submit 시도 method=ctrl
[22:41:30] submit 미확인 method=ctrl generating=False composer=3958
[22:41:30] submit 시도 method=enter
[22:41:31] submit 확인 method=enter generating=False composer=0
[22:41:31] ⏱ 입력·전송 SRT_1200 4.0s · chars=3956
[22:41:31] 제출 후 last_saved=https://www.genspark.ai/api/files/s/khg6vqsp
[22:41:31] ⏱ 생성대기 시작 SRT_1200 max=120s
[22:41:46] ⏱ 생성대기 진행 15.0s SRT_1200 busy=True url_ok=True src=https://www.genspark.ai/api/files/s/ezu7apvq
[22:41:47] ⏱ 생성대기 완료 15.8s SRT_1200 https://www.genspark.ai/api/files/s/ezu7apvq
[22:41:47] ⏱ 생성대기구간 SRT_1200 15.8s · ok=True
[22:41:47] SRT_1200 근접 이미지 https://www.genspark.ai/api/files/s/ezu7apvq
[22:41:47] 다운로드 files URL=https://www.genspark.ai/api/files/s/ezu7apvq → SRT_1200.png
[22:41:48] ⏱ 다운로드 직접 0.7s size=517836 SRT_1200.png
[22:41:48] ⏱ 다운로드구간 SRT_1200 0.8s · SRT_1200.png
[22:41:49] ⏱ 다운로드후유휴 SRT_1200 1.6s · idle=True
[22:41:49] ⏱ 씬합계 SRT_1200 23.8s · https://www.genspark.ai/api/files/s/ezu7apvq
[22:41:49] SRT_1200 생성·다운로드 완료
C:\cursor\wuxia\workspace\swardmaster\2부\16장\png\SRT_1200.png
[22:41:50] 상태키 SRT_1220 · tracking=OFF; Baek|base; Jin|base
[22:41:50] run_scene 시작 SRT_1220 · seen_files=95 · last_saved=https://www.genspark.ai/api/files/s/ezu7apvq
[22:41:50] ⏱ 준비 SRT_1220 0.0s · chars=6018
[22:41:51] ⏱ 다음명령유휴 SRT_1220 1.5s · idle=True
[22:41:52] fill OK(clip) follow=True chars=6018
[22:41:52] submit 시작 composer=6018 url=https://www.genspark.ai/agents?id=06ed0ed6-dff8-4791-96f3-4304653f7bb3
[22:41:52] submit geo 실패 hit=no-btn
[22:41:52] submit 시도 method=geo geo=False
[22:41:53] submit 미확인 method=geo generating=False composer=6018
[22:41:53] submit geo 실패 hit=no-btn
[22:41:53] submit 시도 method=send send=False
[22:41:53] submit 미확인 method=send generating=False composer=6018
[22:41:54] submit 시도 method=ctrl
[22:41:54] submit 미확인 method=ctrl generating=False composer=6020
[22:41:55] submit 시도 method=enter
[22:41:55] submit 확인 method=enter generating=False composer=0
[22:41:55] ⏱ 입력·전송 SRT_1220 4.2s · chars=6018
[22:41:55] 제출 후 last_saved=https://www.genspark.ai/api/files/s/ezu7apvq
[22:41:55] ⏱ 생성대기 시작 SRT_1220 max=120s
[22:42:11] ⏱ 생성대기 진행 15.7s SRT_1220 busy=False url_ok=False src=
[22:42:22] ⏱ 생성대기 완료(busy무시) 26.9s SRT_1220 https://www.genspark.ai/api/files/s/buaxwzpp
[22:42:22] ⏱ 생성대기구간 SRT_1220 26.9s · ok=True
[22:42:22] SRT_1220 근접 이미지 https://www.genspark.ai/api/files/s/buaxwzpp
[22:42:22] 다운로드 files URL=https://www.genspark.ai/api/files/s/buaxwzpp → SRT_1220.png
[22:42:23] ⏱ 다운로드 직접 0.7s size=633540 SRT_1220.png
[22:42:23] ⏱ 다운로드구간 SRT_1220 0.7s · SRT_1220.png
[22:42:25] ⏱ 다운로드후유휴 SRT_1220 2.1s · idle=True
[22:42:25] ⏱ 씬합계 SRT_1220 35.7s · https://www.genspark.ai/api/files/s/buaxwzpp
[22:42:25] SRT_1220 생성·다운로드 완료
C:\cursor\wuxia\workspace\swardmaster\2부\16장\png\SRT_1220.png
[22:42:25] 상태키 SRT_1240 · tracking=OFF; Baek|base; Jin|base
[22:42:25] run_scene 시작 SRT_1240 · seen_files=96 · last_saved=https://www.genspark.ai/api/files/s/buaxwzpp
[22:42:25] ⏱ 준비 SRT_1240 0.0s · chars=4066
[22:42:27] ⏱ 다음명령유휴 SRT_1240 1.6s · idle=True
[22:42:28] fill OK(clip) follow=True chars=4066
[22:42:28] submit 시작 composer=4066 url=https://www.genspark.ai/agents?id=06ed0ed6-dff8-4791-96f3-4304653f7bb3
[22:42:28] submit geo 실패 hit=no-btn
[22:42:28] submit 시도 method=geo geo=False
[22:42:29] submit 미확인 method=geo generating=False composer=4066
[22:42:29] submit geo 실패 hit=no-btn
[22:42:29] submit 시도 method=send send=False
[22:42:30] submit 미확인 method=send generating=False composer=4066
[22:42:30] submit 시도 method=ctrl
[22:42:30] submit 미확인 method=ctrl generating=False composer=4068
[22:42:31] submit 시도 method=enter
[22:42:31] submit 확인 method=enter generating=False composer=0
[22:42:31] ⏱ 입력·전송 SRT_1240 4.4s · chars=4066
[22:42:31] 제출 후 last_saved=https://www.genspark.ai/api/files/s/buaxwzpp
[22:42:32] ⏱ 생성대기 시작 SRT_1240 max=120s
[22:42:47] ⏱ 생성대기 진행 15.3s SRT_1240 busy=False url_ok=True src=https://www.genspark.ai/api/files/s/bs2fwbt9
[22:42:47] ⏱ 생성대기 완료 15.5s SRT_1240 https://www.genspark.ai/api/files/s/bs2fwbt9
[22:42:47] ⏱ 생성대기구간 SRT_1240 15.5s · ok=True
[22:42:47] SRT_1240 근접 이미지 https://www.genspark.ai/api/files/s/bs2fwbt9
[22:42:47] 다운로드 files URL=https://www.genspark.ai/api/files/s/bs2fwbt9 → SRT_1240.png
[22:42:49] ⏱ 다운로드 직접 1.8s size=518048 SRT_1240.png
[22:42:49] ⏱ 다운로드구간 SRT_1240 1.8s · SRT_1240.png
[22:42:51] ⏱ 다운로드후유휴 SRT_1240 1.5s · idle=True
[22:42:51] ⏱ 씬합계 SRT_1240 25.1s · https://www.genspark.ai/api/files/s/bs2fwbt9
[22:42:51] SRT_1240 생성·다운로드 완료
C:\cursor\wuxia\workspace\swardmaster\2부\16장\png\SRT_1240.png
[22:42:51] 상태키 SRT_1260 · tracking=OFF; Baek|base; Jin|base
[22:42:51] run_scene 시작 SRT_1260 · seen_files=97 · last_saved=https://www.genspark.ai/api/files/s/bs2fwbt9
[22:42:51] ⏱ 준비 SRT_1260 0.0s · chars=5766
[22:42:52] ⏱ 다음명령유휴 SRT_1260 1.5s · idle=True
[22:42:53] fill OK(clip) follow=True chars=5766
[22:42:53] submit 시작 composer=5766 url=https://www.genspark.ai/agents?id=06ed0ed6-dff8-4791-96f3-4304653f7bb3
[22:42:53] submit geo 실패 hit=no-btn
[22:42:53] submit 시도 method=geo geo=False
[22:42:54] submit 미확인 method=geo generating=False composer=5766
[22:42:54] submit geo 실패 hit=no-btn
[22:42:54] submit 시도 method=send send=False
[22:42:55] submit 미확인 method=send generating=False composer=5766
[22:42:55] submit 시도 method=ctrl
[22:42:55] submit 미확인 method=ctrl generating=False composer=5768
[22:42:56] submit 시도 method=enter
[22:42:56] submit 확인 method=enter generating=False composer=0
[22:42:56] ⏱ 입력·전송 SRT_1260 4.1s · chars=5766
[22:42:56] 제출 후 last_saved=https://www.genspark.ai/api/files/s/bs2fwbt9
[22:42:57] ⏱ 생성대기 시작 SRT_1260 max=120s
[22:43:12] ⏱ 생성대기 진행 15.0s SRT_1260 busy=True url_ok=True src=https://www.genspark.ai/api/files/s/c5qhopqt
[22:43:12] ⏱ 생성대기 완료(busy무시) 15.1s SRT_1260 https://www.genspark.ai/api/files/s/c5qhopqt
[22:43:12] ⏱ 생성대기구간 SRT_1260 15.1s · ok=True
[22:43:12] SRT_1260 근접 이미지 https://www.genspark.ai/api/files/s/c5qhopqt
[22:43:12] 다운로드 files URL=https://www.genspark.ai/api/files/s/c5qhopqt → SRT_1260.png
[22:43:12] ⏱ 다운로드 직접 0.7s size=587336 SRT_1260.png
[22:43:12] ⏱ 다운로드구간 SRT_1260 0.8s · SRT_1260.png
[22:43:14] ⏱ 다운로드후유휴 SRT_1260 1.7s · idle=True
[22:43:14] ⏱ 씬합계 SRT_1260 23.4s · https://www.genspark.ai/api/files/s/c5qhopqt
[22:43:14] SRT_1260 생성·다운로드 완료
C:\cursor\wuxia\workspace\swardmaster\2부\16장\png\SRT_1260.png
[22:43:14] 상태키 SRT_1280 · tracking=OFF; Baek|base; Jin|base
[22:43:14] run_scene 시작 SRT_1280 · seen_files=98 · last_saved=https://www.genspark.ai/api/files/s/c5qhopqt
[22:43:14] ⏱ 준비 SRT_1280 0.0s · chars=4334
[22:43:16] ⏱ 다음명령유휴 SRT_1280 1.6s · idle=True
[22:43:17] fill OK(clip) follow=True chars=4334
[22:43:17] submit 시작 composer=4334 url=https://www.genspark.ai/agents?id=06ed0ed6-dff8-4791-96f3-4304653f7bb3
[22:43:17] submit geo 실패 hit=no-btn
[22:43:17] submit 시도 method=geo geo=False
[22:43:17] submit 미확인 method=geo generating=False composer=4334
[22:43:18] submit geo 실패 hit=no-btn
[22:43:18] submit 시도 method=send send=False
[22:43:18] submit 미확인 method=send generating=False composer=4334
[22:43:19] submit 시도 method=ctrl
[22:43:19] submit 미확인 method=ctrl generating=False composer=4336
[22:43:20] submit 시도 method=enter
[22:43:20] submit 확인 method=enter generating=False composer=0
[22:43:20] ⏱ 입력·전송 SRT_1280 4.4s · chars=4334
[22:43:20] 제출 후 last_saved=https://www.genspark.ai/api/files/s/c5qhopqt
[22:43:21] ⏱ 생성대기 시작 SRT_1280 max=120s
[22:43:32] ⏱ 생성대기 완료 11.1s SRT_1280 https://www.genspark.ai/api/files/s/siqf0whe
[22:43:32] ⏱ 생성대기구간 SRT_1280 11.1s · ok=True
[22:43:32] SRT_1280 근접 이미지 https://www.genspark.ai/api/files/s/siqf0whe
[22:43:32] 다운로드 files URL=https://www.genspark.ai/api/files/s/siqf0whe → SRT_1280.png
[22:43:32] ⏱ 다운로드 직접 0.8s size=589500 SRT_1280.png
[22:43:32] ⏱ 다운로드구간 SRT_1280 0.8s · SRT_1280.png
[22:43:36] ⏱ 다운로드후유휴 SRT_1280 3.3s · idle=True
[22:43:36] ⏱ 씬합계 SRT_1280 21.5s · https://www.genspark.ai/api/files/s/siqf0whe
[22:43:36] SRT_1280 생성·다운로드 완료
C:\cursor\wuxia\workspace\swardmaster\2부\16장\png\SRT_1280.png
[22:43:36] 상태키 SRT_1300 · tracking=OFF; Baek|base; Jin|base
[22:43:36] run_scene 시작 SRT_1300 · seen_files=99 · last_saved=https://www.genspark.ai/api/files/s/siqf0whe
[22:43:36] ⏱ 준비 SRT_1300 0.0s · chars=4311
[22:43:38] ⏱ 다음명령유휴 SRT_1300 1.5s · idle=True
[22:43:38] fill OK(clip) follow=True chars=4311
[22:43:38] submit 시작 composer=4311 url=https://www.genspark.ai/agents?id=06ed0ed6-dff8-4791-96f3-4304653f7bb3
[22:43:38] submit geo 실패 hit=no-btn
[22:43:38] submit 시도 method=geo geo=False
[22:43:39] submit 미확인 method=geo generating=False composer=4311
[22:43:39] submit geo 실패 hit=no-btn
[22:43:39] submit 시도 method=send send=False
[22:43:40] submit 미확인 method=send generating=False composer=4311
[22:43:40] submit 시도 method=ctrl
[22:43:41] submit 미확인 method=ctrl generating=False composer=4313
[22:43:41] submit 시도 method=enter
[22:43:42] submit 확인 method=enter generating=False composer=0
[22:43:42] ⏱ 입력·전송 SRT_1300 4.4s · chars=4311
[22:43:42] 제출 후 last_saved=https://www.genspark.ai/api/files/s/siqf0whe
[22:43:42] ⏱ 생성대기 시작 SRT_1300 max=120s
[22:43:55] ⏱ 생성대기 완료 12.8s SRT_1300 https://www.genspark.ai/api/files/s/gmrftu9v
[22:43:55] ⏱ 생성대기구간 SRT_1300 12.8s · ok=True
[22:43:55] SRT_1300 근접 이미지 https://www.genspark.ai/api/files/s/gmrftu9v
[22:43:55] 다운로드 files URL=https://www.genspark.ai/api/files/s/gmrftu9v → SRT_1300.png
[22:43:56] ⏱ 다운로드 직접 0.7s size=535353 SRT_1300.png
[22:43:56] ⏱ 다운로드구간 SRT_1300 0.7s · SRT_1300.png
[22:43:59] ⏱ 다운로드후유휴 SRT_1300 3.3s · idle=True
[22:43:59] ⏱ 씬합계 SRT_1300 23.1s · https://www.genspark.ai/api/files/s/gmrftu9v
[22:43:59] SRT_1300 생성·다운로드 완료
C:\cursor\wuxia\workspace\swardmaster\2부\16장\png\SRT_1300.png
[22:43:59] 상태키 SRT_1320 · tracking=OFF; Baek|base; Jin|base
[22:43:59] run_scene 시작 SRT_1320 · seen_files=100 · last_saved=https://www.genspark.ai/api/files/s/gmrftu9v
[22:43:59] ⏱ 준비 SRT_1320 0.0s · chars=4312
[22:44:01] ⏱ 다음명령유휴 SRT_1320 1.5s · idle=True
[22:44:01] fill OK(clip) follow=True chars=4312
[22:44:01] submit 시작 composer=4312 url=https://www.genspark.ai/agents?id=06ed0ed6-dff8-4791-96f3-4304653f7bb3
[22:44:02] submit geo 실패 hit=no-btn
[22:44:02] submit 시도 method=geo geo=False
[22:44:02] submit 미확인 method=geo generating=False composer=4312
[22:44:03] submit geo 실패 hit=no-btn
[22:44:03] submit 시도 method=send send=False
[22:44:03] submit 미확인 method=send generating=False composer=4312
[22:44:04] submit 시도 method=ctrl
[22:44:04] submit 미확인 method=ctrl generating=False composer=4314
[22:44:05] submit 시도 method=enter
[22:44:05] submit 확인 method=enter generating=False composer=0
[22:44:05] ⏱ 입력·전송 SRT_1320 4.3s · chars=4312
[22:44:05] 제출 후 last_saved=https://www.genspark.ai/api/files/s/gmrftu9v
[22:44:05] ⏱ 생성대기 시작 SRT_1320 max=120s
[22:44:19] ⏱ 생성대기 완료(busy무시) 13.4s SRT_1320 https://www.genspark.ai/api/files/s/7ounwqsr
[22:44:19] ⏱ 생성대기구간 SRT_1320 13.4s · ok=True
[22:44:19] SRT_1320 근접 이미지 https://www.genspark.ai/api/files/s/7ounwqsr
[22:44:19] 다운로드 files URL=https://www.genspark.ai/api/files/s/7ounwqsr → SRT_1320.png
[22:44:20] ⏱ 다운로드 직접 0.8s size=749161 SRT_1320.png
[22:44:20] ⏱ 다운로드구간 SRT_1320 0.8s · SRT_1320.png
[22:44:21] ⏱ 다운로드후유휴 SRT_1320 1.7s · idle=True
[22:44:21] ⏱ 씬합계 SRT_1320 22.0s · https://www.genspark.ai/api/files/s/7ounwqsr
[22:44:21] SRT_1320 생성·다운로드 완료
C:\cursor\wuxia\workspace\swardmaster\2부\16장\png\SRT_1320.png
[22:44:21] 상태키 SRT_1340 · tracking=OFF; Baek|base; Jin|base
[22:44:21] run_scene 시작 SRT_1340 · seen_files=101 · last_saved=https://www.genspark.ai/api/files/s/7ounwqsr
[22:44:21] ⏱ 준비 SRT_1340 0.0s · chars=4285
[22:44:23] ⏱ 다음명령유휴 SRT_1340 1.4s · idle=True
[22:44:24] fill OK(clip) follow=True chars=4285
[22:44:24] submit 시작 composer=4285 url=https://www.genspark.ai/agents?id=06ed0ed6-dff8-4791-96f3-4304653f7bb3
[22:44:24] submit geo 실패 hit=no-btn
[22:44:24] submit 시도 method=geo geo=False
[22:44:24] submit 미확인 method=geo generating=False composer=4285
[22:44:25] submit geo 실패 hit=no-btn
[22:44:25] submit 시도 method=send send=False
[22:44:25] submit 미확인 method=send generating=False composer=4285
[22:44:26] submit 시도 method=ctrl
[22:44:26] submit 미확인 method=ctrl generating=False composer=4287
[22:44:27] submit 시도 method=enter
[22:44:27] submit 확인 method=enter generating=False composer=0
[22:44:27] ⏱ 입력·전송 SRT_1340 4.3s · chars=4285
[22:44:27] 제출 후 last_saved=https://www.genspark.ai/api/files/s/7ounwqsr
[22:44:27] ⏱ 생성대기 시작 SRT_1340 max=120s
[22:44:42] ⏱ 생성대기 완료(busy무시) 14.5s SRT_1340 https://www.genspark.ai/api/files/s/osq2elb8
[22:44:42] ⏱ 생성대기구간 SRT_1340 14.5s · ok=True
[22:44:42] SRT_1340 근접 이미지 https://www.genspark.ai/api/files/s/osq2elb8
[22:44:42] 다운로드 files URL=https://www.genspark.ai/api/files/s/osq2elb8 → SRT_1340.png
[22:44:43] ⏱ 다운로드 직접 0.9s size=740836 SRT_1340.png
[22:44:43] ⏱ 다운로드구간 SRT_1340 0.9s · SRT_1340.png
[22:44:46] ⏱ 다운로드후유휴 SRT_1340 3.6s · idle=True
[22:44:46] ⏱ 씬합계 SRT_1340 25.0s · https://www.genspark.ai/api/files/s/osq2elb8
[22:44:46] SRT_1340 생성·다운로드 완료
C:\cursor\wuxia\workspace\swardmaster\2부\16장\png\SRT_1340.png
[22:44:47] 상태키 SRT_1360 · tracking=OFF; Baek|base; Jin|base
[22:44:47] run_scene 시작 SRT_1360 · seen_files=102 · last_saved=https://www.genspark.ai/api/files/s/osq2elb8
[22:44:47] ⏱ 준비 SRT_1360 0.0s · chars=4258
[22:44:48] ⏱ 다음명령유휴 SRT_1360 1.4s · idle=True
[22:44:49] fill OK(clip) follow=True chars=4258
[22:44:49] submit 시작 composer=4258 url=https://www.genspark.ai/agents?id=06ed0ed6-dff8-4791-96f3-4304653f7bb3
[22:44:49] submit geo 실패 hit=no-btn
[22:44:49] submit 시도 method=geo geo=False
[22:44:49] submit 미확인 method=geo generating=False composer=4258
[22:44:50] submit geo 실패 hit=no-btn
[22:44:50] submit 시도 method=send send=False
[22:44:50] submit 미확인 method=send generating=False composer=4258
[22:44:51] submit 시도 method=ctrl
[22:44:51] submit 미확인 method=ctrl generating=False composer=4260
[22:44:52] submit 시도 method=enter
[22:44:52] submit 확인 method=enter generating=False composer=0
[22:44:52] ⏱ 입력·전송 SRT_1360 4.3s · chars=4258
[22:44:52] 제출 후 last_saved=https://www.genspark.ai/api/files/s/osq2elb8
[22:44:53] ⏱ 생성대기 시작 SRT_1360 max=120s
[22:45:07] ⏱ 생성대기 완료(busy무시) 14.6s SRT_1360 https://www.genspark.ai/api/files/s/61fzq0o7
[22:45:07] ⏱ 생성대기구간 SRT_1360 14.6s · ok=True
[22:45:07] SRT_1360 근접 이미지 https://www.genspark.ai/api/files/s/61fzq0o7
[22:45:07] 다운로드 files URL=https://www.genspark.ai/api/files/s/61fzq0o7 → SRT_1360.png
[22:45:08] ⏱ 다운로드 직접 0.8s size=744291 SRT_1360.png
[22:45:08] ⏱ 다운로드구간 SRT_1360 0.9s · SRT_1360.png
[22:45:11] ⏱ 다운로드후유휴 SRT_1360 3.0s · idle=True
[22:45:11] ⏱ 씬합계 SRT_1360 24.5s · https://www.genspark.ai/api/files/s/61fzq0o7
[22:45:11] SRT_1360 생성·다운로드 완료
C:\cursor\wuxia\workspace\swardmaster\2부\16장\png\SRT_1360.png
[22:45:11] 상태키 SRT_1380 · tracking=OFF; Baek|base; Jin|base
[22:45:11] run_scene 시작 SRT_1380 · seen_files=103 · last_saved=https://www.genspark.ai/api/files/s/61fzq0o7
[22:45:11] ⏱ 준비 SRT_1380 0.0s · chars=4314
[22:45:13] ⏱ 다음명령유휴 SRT_1380 1.5s · idle=True
[22:45:13] fill OK(clip) follow=True chars=4314
[22:45:13] submit 시작 composer=4314 url=https://www.genspark.ai/agents?id=06ed0ed6-dff8-4791-96f3-4304653f7bb3
[22:45:14] submit geo 실패 hit=no-btn
[22:45:14] submit 시도 method=geo geo=False
[22:45:14] submit 미확인 method=geo generating=False composer=4314
[22:45:15] submit geo 실패 hit=no-btn
[22:45:15] submit 시도 method=send send=False
[22:45:15] submit 미확인 method=send generating=False composer=4314
[22:45:15] submit 시도 method=ctrl
[22:45:16] submit 미확인 method=ctrl generating=False composer=4316
[22:45:16] submit 시도 method=enter
[22:45:17] submit 확인 method=enter generating=False composer=0
[22:45:17] ⏱ 입력·전송 SRT_1380 4.2s · chars=4314
[22:45:17] 제출 후 last_saved=https://www.genspark.ai/api/files/s/61fzq0o7
[22:45:17] ⏱ 생성대기 시작 SRT_1380 max=120s
[22:45:32] ⏱ 생성대기 진행 15.2s SRT_1380 busy=False url_ok=False src=
[22:45:33] ⏱ 생성대기 완료(busy무시) 16.2s SRT_1380 https://www.genspark.ai/api/files/s/fa6wmute
[22:45:33] ⏱ 생성대기구간 SRT_1380 16.2s · ok=True
[22:45:33] SRT_1380 근접 이미지 https://www.genspark.ai/api/files/s/fa6wmute
[22:45:33] 다운로드 files URL=https://www.genspark.ai/api/files/s/fa6wmute → SRT_1380.png
[22:45:35] ⏱ 다운로드 직접 1.2s size=749929 SRT_1380.png
[22:45:35] ⏱ 다운로드구간 SRT_1380 1.2s · SRT_1380.png
[22:45:36] ⏱ 다운로드후유휴 SRT_1380 1.4s · idle=True
[22:45:36] ⏱ 씬합계 SRT_1380 24.9s · https://www.genspark.ai/api/files/s/fa6wmute
[22:45:36] SRT_1380 생성·다운로드 완료
C:\cursor\wuxia\workspace\swardmaster\2부\16장\png\SRT_1380.png
[22:45:36] 상태키 SRT_1400 · tracking=OFF; Baek|base; Jin|base
[22:45:36] run_scene 시작 SRT_1400 · seen_files=104 · last_saved=https://www.genspark.ai/api/files/s/fa6wmute
[22:45:36] ⏱ 준비 SRT_1400 0.0s · chars=4057
[22:45:38] ⏱ 다음명령유휴 SRT_1400 1.5s · idle=True
[22:45:39] fill OK(clip) follow=True chars=4057
[22:45:39] submit 시작 composer=4057 url=https://www.genspark.ai/agents?id=06ed0ed6-dff8-4791-96f3-4304653f7bb3
[22:45:39] submit geo 실패 hit=no-btn
[22:45:39] submit 시도 method=geo geo=False
[22:45:39] submit 미확인 method=geo generating=False composer=4057
[22:45:40] submit geo 실패 hit=no-btn
[22:45:40] submit 시도 method=send send=False
[22:45:40] submit 미확인 method=send generating=False composer=4057
[22:45:40] submit 시도 method=ctrl
[22:45:41] submit 미확인 method=ctrl generating=False composer=4059
[22:45:41] submit 시도 method=enter
[22:45:42] submit 확인 method=enter generating=False composer=0
[22:45:42] ⏱ 입력·전송 SRT_1400 4.2s · chars=4057
[22:45:42] 제출 후 last_saved=https://www.genspark.ai/api/files/s/fa6wmute
[22:45:42] ⏱ 생성대기 시작 SRT_1400 max=120s
[22:45:58] ⏱ 생성대기 진행 15.5s SRT_1400 busy=False url_ok=False src=
[22:46:03] ⏱ 생성대기 완료 20.4s SRT_1400 https://www.genspark.ai/api/files/s/hj2tdqmj
[22:46:03] ⏱ 생성대기구간 SRT_1400 20.4s · ok=True
[22:46:03] SRT_1400 근접 이미지 https://www.genspark.ai/api/files/s/hj2tdqmj
[22:46:03] 다운로드 files URL=https://www.genspark.ai/api/files/s/hj2tdqmj → SRT_1400.png
[22:46:03] ⏱ 다운로드 직접 0.7s size=747110 SRT_1400.png
[22:46:03] ⏱ 다운로드구간 SRT_1400 0.8s · SRT_1400.png
[22:46:07] ⏱ 다운로드후유휴 SRT_1400 3.6s · idle=True
[22:46:07] ⏱ 씬합계 SRT_1400 30.8s · https://www.genspark.ai/api/files/s/hj2tdqmj
[22:46:07] SRT_1400 생성·다운로드 완료
C:\cursor\wuxia\workspace\swardmaster\2부\16장\png\SRT_1400.png
[22:46:07] 상태키 SRT_1420 · tracking=OFF; Baek|base; Jin|base
[22:46:07] run_scene 시작 SRT_1420 · seen_files=105 · last_saved=https://www.genspark.ai/api/files/s/hj2tdqmj
[22:46:07] ⏱ 준비 SRT_1420 0.0s · chars=4290
[22:46:09] ⏱ 다음명령유휴 SRT_1420 1.4s · idle=True
[22:46:09] fill OK(clip) follow=True chars=4290
[22:46:09] submit 시작 composer=4290 url=https://www.genspark.ai/agents?id=06ed0ed6-dff8-4791-96f3-4304653f7bb3
[22:46:09] submit geo 실패 hit=no-btn
[22:46:09] submit 시도 method=geo geo=False
[22:46:10] submit 미확인 method=geo generating=False composer=4290
[22:46:10] submit geo 실패 hit=no-btn
[22:46:10] submit 시도 method=send send=False
[22:46:11] submit 미확인 method=send generating=False composer=4290
[22:46:11] submit 시도 method=ctrl
[22:46:12] submit 미확인 method=ctrl generating=False composer=4292
[22:46:12] submit 시도 method=enter
[22:46:13] submit 확인 method=enter generating=False composer=0
[22:46:13] ⏱ 입력·전송 SRT_1420 4.2s · chars=4290
[22:46:13] 제출 후 last_saved=https://www.genspark.ai/api/files/s/hj2tdqmj
[22:46:13] ⏱ 생성대기 시작 SRT_1420 max=120s
[22:46:27] ⏱ 생성대기 완료 13.5s SRT_1420 https://www.genspark.ai/api/files/s/mgjeg1vp
[22:46:27] ⏱ 생성대기구간 SRT_1420 13.5s · ok=True
[22:46:27] SRT_1420 근접 이미지 https://www.genspark.ai/api/files/s/mgjeg1vp
[22:46:27] 다운로드 files URL=https://www.genspark.ai/api/files/s/mgjeg1vp → SRT_1420.png
[22:46:28] ⏱ 다운로드 직접 1.3s size=750547 SRT_1420.png
[22:46:28] ⏱ 다운로드구간 SRT_1420 1.3s · SRT_1420.png
[22:46:30] ⏱ 다운로드후유휴 SRT_1420 2.0s · idle=True
[22:46:30] ⏱ 씬합계 SRT_1420 22.7s · https://www.genspark.ai/api/files/s/mgjeg1vp
[22:46:30] SRT_1420 생성·다운로드 완료
C:\cursor\wuxia\workspace\swardmaster\2부\16장\png\SRT_1420.png
[22:46:30] 상태키 SRT_1440 · tracking=OFF; Baek|base; Jin|base
[22:46:30] run_scene 시작 SRT_1440 · seen_files=106 · last_saved=https://www.genspark.ai/api/files/s/mgjeg1vp
[22:46:30] ⏱ 준비 SRT_1440 0.0s · chars=4341
[22:46:33] ⏱ 다음명령유휴 SRT_1440 2.6s · idle=True
[22:46:33] fill OK(clip) follow=True chars=4341
[22:46:33] submit 시작 composer=4341 url=https://www.genspark.ai/agents?id=06ed0ed6-dff8-4791-96f3-4304653f7bb3
[22:46:34] submit geo 실패 hit=no-btn
[22:46:34] submit 시도 method=geo geo=False
[22:46:34] submit 미확인 method=geo generating=False composer=4341
[22:46:35] submit geo 실패 hit=no-btn
[22:46:35] submit 시도 method=send send=False
[22:46:35] submit 미확인 method=send generating=False composer=4341
[22:46:35] submit 시도 method=ctrl
[22:46:36] submit 미확인 method=ctrl generating=False composer=4343
[22:46:36] submit 시도 method=enter
[22:46:37] submit 확인 method=enter generating=False composer=0
[22:46:37] ⏱ 입력·전송 SRT_1440 4.3s · chars=4341
[22:46:37] 제출 후 last_saved=https://www.genspark.ai/api/files/s/mgjeg1vp
[22:46:37] ⏱ 생성대기 시작 SRT_1440 max=120s
[22:46:52] ⏱ 생성대기 진행 15.1s SRT_1440 busy=False url_ok=False src=
[22:46:53] ⏱ 생성대기 완료(busy무시) 16.2s SRT_1440 https://www.genspark.ai/api/files/s/htnxdtr2
[22:46:53] ⏱ 생성대기구간 SRT_1440 16.2s · ok=True
[22:46:54] SRT_1440 근접 이미지 https://www.genspark.ai/api/files/s/htnxdtr2
[22:46:54] 다운로드 files URL=https://www.genspark.ai/api/files/s/htnxdtr2 → SRT_1440.png
[22:46:54] ⏱ 다운로드 직접 0.7s size=649526 SRT_1440.png
[22:46:54] ⏱ 다운로드구간 SRT_1440 0.7s · SRT_1440.png
[22:46:56] ⏱ 다운로드후유휴 SRT_1440 2.1s · idle=True
[22:46:56] ⏱ 씬합계 SRT_1440 26.2s · https://www.genspark.ai/api/files/s/htnxdtr2
[22:46:56] SRT_1440 생성·다운로드 완료
C:\cursor\wuxia\workspace\swardmaster\2부\16장\png\SRT_1440.png
[22:46:56] 상태키 SRT_1460 · tracking=OFF; Baek|base; Jin|base
[22:46:56] run_scene 시작 SRT_1460 · seen_files=107 · last_saved=https://www.genspark.ai/api/files/s/htnxdtr2
[22:46:56] ⏱ 준비 SRT_1460 0.0s · chars=4329
[22:46:58] ⏱ 다음명령유휴 SRT_1460 1.5s · idle=True
[22:46:59] fill OK(clip) follow=True chars=4329
[22:46:59] submit 시작 composer=4329 url=https://www.genspark.ai/agents?id=06ed0ed6-dff8-4791-96f3-4304653f7bb3
[22:46:59] submit geo 실패 hit=no-btn
[22:46:59] submit 시도 method=geo geo=False
[22:46:59] submit 미확인 method=geo generating=False composer=4329
[22:47:00] submit geo 실패 hit=no-btn
[22:47:00] submit 시도 method=send send=False
[22:47:00] submit 미확인 method=send generating=False composer=4329
[22:47:01] submit 시도 method=ctrl
[22:47:01] submit 미확인 method=ctrl generating=False composer=4331
[22:47:02] submit 시도 method=enter
[22:47:02] submit 확인 method=enter generating=False composer=0
[22:47:02] ⏱ 입력·전송 SRT_1460 4.3s · chars=4329
[22:47:02] 제출 후 last_saved=https://www.genspark.ai/api/files/s/htnxdtr2
[22:47:02] ⏱ 생성대기 시작 SRT_1460 max=120s
[22:47:17] ⏱ 생성대기 완료(busy무시) 14.4s SRT_1460 https://www.genspark.ai/api/files/s/ezlnvbmb
[22:47:17] ⏱ 생성대기구간 SRT_1460 14.4s · ok=True
[22:47:17] SRT_1460 근접 이미지 https://www.genspark.ai/api/files/s/ezlnvbmb
[22:47:17] 다운로드 files URL=https://www.genspark.ai/api/files/s/ezlnvbmb → SRT_1460.png
[22:47:18] ⏱ 다운로드 직접 1.3s size=740498 SRT_1460.png
[22:47:18] ⏱ 다운로드구간 SRT_1460 1.3s · SRT_1460.png
[22:47:20] ⏱ 다운로드후유휴 SRT_1460 1.6s · idle=True
[22:47:20] ⏱ 씬합계 SRT_1460 23.3s · https://www.genspark.ai/api/files/s/ezlnvbmb
[22:47:20] SRT_1460 생성·다운로드 완료
C:\cursor\wuxia\workspace\swardmaster\2부\16장\png\SRT_1460.png
[22:47:20] 상태키 SRT_1480 · tracking=OFF; Baek|base; Jin|base
[22:47:20] run_scene 시작 SRT_1480 · seen_files=108 · last_saved=https://www.genspark.ai/api/files/s/ezlnvbmb
[22:47:20] ⏱ 준비 SRT_1480 0.0s · chars=4334
[22:47:22] ⏱ 다음명령유휴 SRT_1480 1.6s · idle=True
[22:47:22] fill OK(clip) follow=True chars=4334
[22:47:22] submit 시작 composer=4334 url=https://www.genspark.ai/agents?id=06ed0ed6-dff8-4791-96f3-4304653f7bb3
[22:47:23] submit geo 실패 hit=no-btn
[22:47:23] submit 시도 method=geo geo=False
[22:47:23] submit 미확인 method=geo generating=False composer=4334
[22:47:24] submit geo 실패 hit=no-btn
[22:47:24] submit 시도 method=send send=False
[22:47:24] submit 미확인 method=send generating=False composer=4334
[22:47:24] submit 시도 method=ctrl
[22:47:25] submit 미확인 method=ctrl generating=False composer=4336
[22:47:25] submit 시도 method=enter
[22:47:26] submit 확인 method=enter generating=False composer=0
[22:47:26] ⏱ 입력·전송 SRT_1480 4.4s · chars=4334
[22:47:26] 제출 후 last_saved=https://www.genspark.ai/api/files/s/ezlnvbmb
[22:47:26] ⏱ 생성대기 시작 SRT_1480 max=120s
[22:47:42] ⏱ 생성대기 진행 15.4s SRT_1480 busy=True url_ok=False src=
[22:47:48] ⏱ 생성대기 완료 21.5s SRT_1480 https://www.genspark.ai/api/files/s/3eb7e2ll
[22:47:48] ⏱ 생성대기구간 SRT_1480 21.5s · ok=True
[22:47:48] SRT_1480 근접 이미지 https://www.genspark.ai/api/files/s/3eb7e2ll
[22:47:48] 다운로드 files URL=https://www.genspark.ai/api/files/s/3eb7e2ll → SRT_1480.png
[22:47:48] ⏱ 다운로드 직접 0.8s size=741444 SRT_1480.png
[22:47:48] ⏱ 다운로드구간 SRT_1480 0.8s · SRT_1480.png
[22:47:50] ⏱ 다운로드후유휴 SRT_1480 1.4s · idle=True
[22:47:50] ⏱ 씬합계 SRT_1480 30.0s · https://www.genspark.ai/api/files/s/3eb7e2ll
[22:47:50] SRT_1480 생성·다운로드 완료
C:\cursor\wuxia\workspace\swardmaster\2부\16장\png\SRT_1480.png
[22:47:50] 상태키 SRT_1500 · tracking=OFF; Baek|base; Jin|base
[22:47:50] run_scene 시작 SRT_1500 · seen_files=109 · last_saved=https://www.genspark.ai/api/files/s/3eb7e2ll
[22:47:50] ⏱ 준비 SRT_1500 0.0s · chars=4356
[22:47:52] ⏱ 다음명령유휴 SRT_1500 2.0s · idle=True
[22:47:54] fill OK(clip) follow=True chars=4356
[22:47:54] submit 시작 composer=4356 url=https://www.genspark.ai/agents?id=06ed0ed6-dff8-4791-96f3-4304653f7bb3
[22:47:54] submit geo 실패 hit=no-btn
[22:47:54] submit 시도 method=geo geo=False
[22:47:55] submit 미확인 method=geo generating=False composer=4356
[22:47:55] submit geo 실패 hit=no-btn
[22:47:55] submit 시도 method=send send=False
[22:47:56] submit 미확인 method=send generating=False composer=4356
[22:47:56] submit 시도 method=ctrl
[22:47:57] submit 미확인 method=ctrl generating=False composer=4358
[22:47:57] submit 시도 method=enter
[22:47:58] submit 확인 method=enter generating=False composer=0
[22:47:58] ⏱ 입력·전송 SRT_1500 5.5s · chars=4356
[22:47:58] 제출 후 last_saved=https://www.genspark.ai/api/files/s/3eb7e2ll
[22:47:58] ⏱ 생성대기 시작 SRT_1500 max=120s
[22:48:13] ⏱ 생성대기 진행 15.1s SRT_1500 busy=False url_ok=False src=
[22:48:16] ⏱ 생성대기 완료(busy무시) 17.8s SRT_1500 https://www.genspark.ai/api/files/s/bpoxo2hu
[22:48:16] ⏱ 생성대기구간 SRT_1500 17.8s · ok=True
[22:48:16] SRT_1500 근접 이미지 https://www.genspark.ai/api/files/s/bpoxo2hu
[22:48:16] 다운로드 files URL=https://www.genspark.ai/api/files/s/bpoxo2hu → SRT_1500.png
[22:48:16] ⏱ 다운로드 직접 0.8s size=763253 SRT_1500.png
[22:48:16] ⏱ 다운로드구간 SRT_1500 0.8s · SRT_1500.png
[22:48:22] ⏱ 다운로드후유휴 SRT_1500 5.6s · idle=True
[22:48:22] ⏱ 씬합계 SRT_1500 31.9s · https://www.genspark.ai/api/files/s/bpoxo2hu
[22:48:22] SRT_1500 생성·다운로드 완료
C:\cursor\wuxia\workspace\swardmaster\2부\16장\png\SRT_1500.png
[22:48:22] 상태키 SRT_1520 · tracking=OFF; Baek|base; Jin|base
[22:48:22] run_scene 시작 SRT_1520 · seen_files=110 · last_saved=https://www.genspark.ai/api/files/s/bpoxo2hu
[22:48:22] ⏱ 준비 SRT_1520 0.0s · chars=4333
[22:48:24] ⏱ 다음명령유휴 SRT_1520 1.5s · idle=True
[22:48:24] fill OK(clip) follow=True chars=4333
[22:48:24] submit 시작 composer=4333 url=https://www.genspark.ai/agents?id=06ed0ed6-dff8-4791-96f3-4304653f7bb3
[22:48:25] submit geo 실패 hit=no-btn
[22:48:25] submit 시도 method=geo geo=False
[22:48:25] submit 미확인 method=geo generating=False composer=4333
[22:48:26] submit geo 실패 hit=no-btn
[22:48:26] submit 시도 method=send send=False
[22:48:26] submit 미확인 method=send generating=False composer=4333
[22:48:26] submit 시도 method=ctrl
[22:48:27] submit 미확인 method=ctrl generating=False composer=4335
[22:48:27] submit 시도 method=enter
[22:48:28] submit 확인 method=enter generating=False composer=0
[22:48:28] ⏱ 입력·전송 SRT_1520 4.2s · chars=4333
[22:48:28] 제출 후 last_saved=https://www.genspark.ai/api/files/s/bpoxo2hu
[22:48:28] ⏱ 생성대기 시작 SRT_1520 max=120s
[22:48:43] ⏱ 생성대기 진행 15.1s SRT_1520 busy=True url_ok=True src=https://www.genspark.ai/api/files/s/ifu0gxqx
[22:48:43] ⏱ 생성대기 완료(busy무시) 15.1s SRT_1520 https://www.genspark.ai/api/files/s/ifu0gxqx
[22:48:43] ⏱ 생성대기구간 SRT_1520 15.1s · ok=True
[22:48:43] SRT_1520 근접 이미지 https://www.genspark.ai/api/files/s/ifu0gxqx
[22:48:43] 다운로드 files URL=https://www.genspark.ai/api/files/s/ifu0gxqx → SRT_1520.png
[22:48:44] ⏱ 다운로드 직접 0.7s size=789484 SRT_1520.png
[22:48:44] ⏱ 다운로드구간 SRT_1520 0.8s · SRT_1520.png
[22:48:46] ⏱ 다운로드후유휴 SRT_1520 1.6s · idle=True
[22:48:46] ⏱ 씬합계 SRT_1520 23.5s · https://www.genspark.ai/api/files/s/ifu0gxqx
[22:48:46] SRT_1520 생성·다운로드 완료
C:\cursor\wuxia\workspace\swardmaster\2부\16장\png\SRT_1520.png
[22:48:46] 상태키 SRT_1540 · tracking=OFF; Baek|base; Jin|base
[22:48:46] run_scene 시작 SRT_1540 · seen_files=111 · last_saved=https://www.genspark.ai/api/files/s/ifu0gxqx
[22:48:46] ⏱ 준비 SRT_1540 0.0s · chars=4316
[22:48:47] ⏱ 다음명령유휴 SRT_1540 1.5s · idle=True
[22:48:48] fill OK(clip) follow=True chars=4316
[22:48:48] submit 시작 composer=4316 url=https://www.genspark.ai/agents?id=06ed0ed6-dff8-4791-96f3-4304653f7bb3
[22:48:48] submit geo 실패 hit=no-btn
[22:48:48] submit 시도 method=geo geo=False
[22:48:49] submit 미확인 method=geo generating=False composer=4316
[22:48:49] submit geo 실패 hit=no-btn
[22:48:49] submit 시도 method=send send=False
[22:48:50] submit 미확인 method=send generating=False composer=4316
[22:48:50] submit 시도 method=ctrl
[22:48:51] submit 미확인 method=ctrl generating=False composer=4318
[22:48:51] submit 시도 method=enter
[22:48:52] submit 확인 method=enter generating=False composer=0
[22:48:52] ⏱ 입력·전송 SRT_1540 4.2s · chars=4316
[22:48:52] 제출 후 last_saved=https://www.genspark.ai/api/files/s/ifu0gxqx
[22:48:52] ⏱ 생성대기 시작 SRT_1540 max=120s
[22:49:07] ⏱ 생성대기 완료 15.1s SRT_1540 https://www.genspark.ai/api/files/s/ot82h7ll
[22:49:07] ⏱ 생성대기구간 SRT_1540 15.1s · ok=True
[22:49:07] SRT_1540 근접 이미지 https://www.genspark.ai/api/files/s/ot82h7ll
[22:49:07] 다운로드 files URL=https://www.genspark.ai/api/files/s/ot82h7ll → SRT_1540.png
[22:49:08] ⏱ 다운로드 직접 0.8s size=757145 SRT_1540.png
[22:49:08] ⏱ 다운로드구간 SRT_1540 0.8s · SRT_1540.png
[22:49:14] ⏱ 다운로드후유휴 SRT_1540 6.2s · idle=True
[22:49:14] ⏱ 씬합계 SRT_1540 28.2s · https://www.genspark.ai/api/files/s/ot82h7ll
[22:49:14] SRT_1540 생성·다운로드 완료
C:\cursor\wuxia\workspace\swardmaster\2부\16장\png\SRT_1540.png
[22:49:14] 상태키 SRT_1560 · tracking=OFF; Baek|base; Jin|base
[22:49:14] run_scene 시작 SRT_1560 · seen_files=112 · last_saved=https://www.genspark.ai/api/files/s/ot82h7ll
[22:49:14] ⏱ 준비 SRT_1560 0.0s · chars=4324
[22:49:17] ⏱ 다음명령유휴 SRT_1560 2.2s · idle=True
[22:49:17] fill OK(clip) follow=True chars=4324
[22:49:17] submit 시작 composer=4324 url=https://www.genspark.ai/agents?id=06ed0ed6-dff8-4791-96f3-4304653f7bb3
[22:49:17] submit geo 실패 hit=no-btn
[22:49:17] submit 시도 method=geo geo=False
[22:49:18] submit 미확인 method=geo generating=False composer=4324
[22:49:18] submit geo 실패 hit=no-btn
[22:49:18] submit 시도 method=send send=False
[22:49:19] submit 미확인 method=send generating=False composer=4324
[22:49:19] submit 시도 method=ctrl
[22:49:20] submit 미확인 method=ctrl generating=False composer=4326
[22:49:20] submit 시도 method=enter
[22:49:21] submit 확인 method=enter generating=False composer=0
[22:49:21] ⏱ 입력·전송 SRT_1560 4.4s · chars=4324
[22:49:21] 제출 후 last_saved=https://www.genspark.ai/api/files/s/ot82h7ll
[22:49:21] ⏱ 생성대기 시작 SRT_1560 max=120s
[22:49:36] ⏱ 생성대기 진행 15.1s SRT_1560 busy=False url_ok=False src=
[22:49:37] ⏱ 생성대기 완료(busy무시) 16.2s SRT_1560 https://www.genspark.ai/api/files/s/voxonjya
[22:49:37] ⏱ 생성대기구간 SRT_1560 16.2s · ok=True
[22:49:37] SRT_1560 근접 이미지 https://www.genspark.ai/api/files/s/voxonjya
[22:49:37] 다운로드 files URL=https://www.genspark.ai/api/files/s/voxonjya → SRT_1560.png
[22:49:38] ⏱ 다운로드 직접 0.8s size=761975 SRT_1560.png
[22:49:38] ⏱ 다운로드구간 SRT_1560 0.9s · SRT_1560.png
[22:49:40] ⏱ 다운로드후유휴 SRT_1560 1.5s · idle=True
[22:49:40] ⏱ 씬합계 SRT_1560 25.4s · https://www.genspark.ai/api/files/s/voxonjya
[22:49:40] SRT_1560 생성·다운로드 완료
C:\cursor\wuxia\workspace\swardmaster\2부\16장\png\SRT_1560.png
[22:49:40] 상태키 SRT_1580 · tracking=OFF; Baek|base; Jin|base
[22:49:40] run_scene 시작 SRT_1580 · seen_files=113 · last_saved=https://www.genspark.ai/api/files/s/voxonjya
[22:49:40] ⏱ 준비 SRT_1580 0.0s · chars=4320
[22:49:41] ⏱ 다음명령유휴 SRT_1580 1.5s · idle=True
[22:49:42] fill OK(clip) follow=True chars=4320
[22:49:42] submit 시작 composer=4320 url=https://www.genspark.ai/agents?id=06ed0ed6-dff8-4791-96f3-4304653f7bb3
[22:49:42] submit geo 실패 hit=no-btn
[22:49:42] submit 시도 method=geo geo=False
[22:49:43] submit 미확인 method=geo generating=False composer=4320
[22:49:43] submit geo 실패 hit=no-btn
[22:49:43] submit 시도 method=send send=False
[22:49:44] submit 미확인 method=send generating=False composer=4320
[22:49:44] submit 시도 method=ctrl
[22:49:45] submit 미확인 method=ctrl generating=False composer=4322
[22:49:45] submit 시도 method=enter
[22:49:46] submit 확인 method=enter generating=False composer=0
[22:49:46] ⏱ 입력·전송 SRT_1580 4.3s · chars=4320
[22:49:46] 제출 후 last_saved=https://www.genspark.ai/api/files/s/voxonjya
[22:49:46] ⏱ 생성대기 시작 SRT_1580 max=120s
[22:50:01] ⏱ 생성대기 진행 15.1s SRT_1580 busy=False url_ok=False src=
[22:50:03] ⏱ 생성대기 완료(busy무시) 17.5s SRT_1580 https://www.genspark.ai/api/files/s/cygskfkj
[22:50:03] ⏱ 생성대기구간 SRT_1580 17.5s · ok=True
[22:50:03] SRT_1580 근접 이미지 https://www.genspark.ai/api/files/s/cygskfkj
[22:50:03] 다운로드 files URL=https://www.genspark.ai/api/files/s/cygskfkj → SRT_1580.png
[22:50:04] ⏱ 다운로드 직접 0.8s size=761447 SRT_1580.png
[22:50:04] ⏱ 다운로드구간 SRT_1580 0.8s · SRT_1580.png
[22:50:07] ⏱ 다운로드후유휴 SRT_1580 2.4s · idle=True
[22:50:07] ⏱ 씬합계 SRT_1580 26.7s · https://www.genspark.ai/api/files/s/cygskfkj
[22:50:07] SRT_1580 생성·다운로드 완료
C:\cursor\wuxia\workspace\swardmaster\2부\16장\png\SRT_1580.png
[22:50:07] 상태키 SRT_1600 · tracking=OFF; Baek|base; Jin|base
[22:50:07] run_scene 시작 SRT_1600 · seen_files=114 · last_saved=https://www.genspark.ai/api/files/s/cygskfkj
[22:50:07] ⏱ 준비 SRT_1600 0.0s · chars=4309
[22:50:08] ⏱ 다음명령유휴 SRT_1600 1.5s · idle=True
[22:50:09] fill OK(clip) follow=True chars=4309
[22:50:09] submit 시작 composer=4309 url=https://www.genspark.ai/agents?id=06ed0ed6-dff8-4791-96f3-4304653f7bb3
[22:50:09] submit geo 실패 hit=no-btn
[22:50:09] submit 시도 method=geo geo=False
[22:50:10] submit 미확인 method=geo generating=False composer=4309
[22:50:10] submit geo 실패 hit=no-btn
[22:50:10] submit 시도 method=send send=False
[22:50:11] submit 미확인 method=send generating=False composer=4309
[22:50:11] submit 시도 method=ctrl
[22:50:12] submit 미확인 method=ctrl generating=False composer=4311
[22:50:12] submit 시도 method=enter
[22:50:13] submit 확인 method=enter generating=False composer=0
[22:50:13] ⏱ 입력·전송 SRT_1600 4.3s · chars=4309
[22:50:13] 제출 후 last_saved=https://www.genspark.ai/api/files/s/cygskfkj
[22:50:13] ⏱ 생성대기 시작 SRT_1600 max=120s
[22:50:28] ⏱ 생성대기 진행 15.3s SRT_1600 busy=False url_ok=False src=
[22:50:34] ⏱ 생성대기 완료(busy무시) 21.0s SRT_1600 https://www.genspark.ai/api/files/s/7frrmefs
[22:50:34] ⏱ 생성대기구간 SRT_1600 21.0s · ok=True
[22:50:34] SRT_1600 근접 이미지 https://www.genspark.ai/api/files/s/7frrmefs
[22:50:34] 다운로드 files URL=https://www.genspark.ai/api/files/s/7frrmefs → SRT_1600.png
[22:50:35] ⏱ 다운로드 직접 0.8s size=735711 SRT_1600.png
[22:50:35] ⏱ 다운로드구간 SRT_1600 0.9s · SRT_1600.png
[22:50:39] ⏱ 다운로드후유휴 SRT_1600 4.4s · idle=True
[22:50:39] ⏱ 씬합계 SRT_1600 32.3s · https://www.genspark.ai/api/files/s/7frrmefs
[22:50:39] SRT_1600 생성·다운로드 완료
C:\cursor\wuxia\workspace\swardmaster\2부\16장\png\SRT_1600.png
[22:50:39] 상태키 SRT_1620 · tracking=OFF; Baek|base; Jin|base
[22:50:39] run_scene 시작 SRT_1620 · seen_files=115 · last_saved=https://www.genspark.ai/api/files/s/7frrmefs
[22:50:39] ⏱ 준비 SRT_1620 0.0s · chars=4325
[22:50:41] ⏱ 다음명령유휴 SRT_1620 1.5s · idle=True
[22:50:42] fill OK(clip) follow=True chars=4325
[22:50:42] submit 시작 composer=4325 url=https://www.genspark.ai/agents?id=06ed0ed6-dff8-4791-96f3-4304653f7bb3
[22:50:42] submit geo 실패 hit=no-btn
[22:50:42] submit 시도 method=geo geo=False
[22:50:42] submit 미확인 method=geo generating=False composer=4325
[22:50:43] submit geo 실패 hit=no-btn
[22:50:43] submit 시도 method=send send=False
[22:50:43] submit 미확인 method=send generating=False composer=4325
[22:50:44] submit 시도 method=ctrl
[22:50:44] submit 미확인 method=ctrl generating=False composer=4327
[22:50:45] submit 시도 method=enter
[22:50:45] submit 확인 method=enter generating=False composer=0
[22:50:45] ⏱ 입력·전송 SRT_1620 4.6s · chars=4325
[22:50:45] 제출 후 last_saved=https://www.genspark.ai/api/files/s/7frrmefs
[22:50:46] ⏱ 생성대기 시작 SRT_1620 max=120s
[22:50:59] ⏱ 생성대기 완료 13.6s SRT_1620 https://www.genspark.ai/api/files/s/hovpd9tn
[22:50:59] ⏱ 생성대기구간 SRT_1620 13.6s · ok=True
[22:50:59] SRT_1620 근접 이미지 https://www.genspark.ai/api/files/s/hovpd9tn
[22:50:59] 다운로드 files URL=https://www.genspark.ai/api/files/s/hovpd9tn → SRT_1620.png
[22:51:00] ⏱ 다운로드 직접 0.7s size=725136 SRT_1620.png
[22:51:00] ⏱ 다운로드구간 SRT_1620 0.8s · SRT_1620.png
[22:51:03] ⏱ 다운로드후유휴 SRT_1620 3.4s · idle=True
[22:51:03] ⏱ 씬합계 SRT_1620 24.1s · https://www.genspark.ai/api/files/s/hovpd9tn
[22:51:03] SRT_1620 생성·다운로드 완료
C:\cursor\wuxia\workspace\swardmaster\2부\16장\png\SRT_1620.png
[22:51:04] 상태키 SRT_1640 · tracking=OFF; Baek|base; Jin|base
[22:51:04] run_scene 시작 SRT_1640 · seen_files=116 · last_saved=https://www.genspark.ai/api/files/s/hovpd9tn
[22:51:04] ⏱ 준비 SRT_1640 0.0s · chars=4320
[22:51:05] ⏱ 다음명령유휴 SRT_1640 1.5s · idle=True
[22:51:06] fill OK(clip) follow=True chars=4320
[22:51:06] submit 시작 composer=4320 url=https://www.genspark.ai/agents?id=06ed0ed6-dff8-4791-96f3-4304653f7bb3
[22:51:06] submit geo 실패 hit=no-btn
[22:51:06] submit 시도 method=geo geo=False
[22:51:07] submit 미확인 method=geo generating=False composer=4320
[22:51:07] submit geo 실패 hit=no-btn
[22:51:07] submit 시도 method=send send=False
[22:51:08] submit 미확인 method=send generating=False composer=4320
[22:51:08] submit 시도 method=ctrl
[22:51:09] submit 미확인 method=ctrl generating=False composer=4322
[22:51:09] submit 시도 method=enter
[22:51:09] submit 확인 method=enter generating=False composer=0
[22:51:09] ⏱ 입력·전송 SRT_1640 4.4s · chars=4320
[22:51:09] 제출 후 last_saved=https://www.genspark.ai/api/files/s/hovpd9tn
[22:51:10] ⏱ 생성대기 시작 SRT_1640 max=120s
[22:51:24] ⏱ 생성대기 완료 13.9s SRT_1640 https://www.genspark.ai/api/files/s/if2oyibg
[22:51:24] ⏱ 생성대기구간 SRT_1640 13.9s · ok=True
[22:51:24] SRT_1640 근접 이미지 https://www.genspark.ai/api/files/s/if2oyibg
[22:51:24] 다운로드 files URL=https://www.genspark.ai/api/files/s/if2oyibg → SRT_1640.png
[22:51:24] ⏱ 다운로드 직접 0.7s size=800658 SRT_1640.png
[22:51:24] ⏱ 다운로드구간 SRT_1640 0.8s · SRT_1640.png
[22:51:30] ⏱ 다운로드후유휴 SRT_1640 5.1s · idle=True
[22:51:30] ⏱ 씬합계 SRT_1640 26.0s · https://www.genspark.ai/api/files/s/if2oyibg
[22:51:30] SRT_1640 생성·다운로드 완료
C:\cursor\wuxia\workspace\swardmaster\2부\16장\png\SRT_1640.png
[22:51:30] 상태키 SRT_1660 · tracking=OFF; Baek|base; Jin|base
[22:51:30] run_scene 시작 SRT_1660 · seen_files=117 · last_saved=https://www.genspark.ai/api/files/s/if2oyibg
[22:51:30] ⏱ 준비 SRT_1660 0.0s · chars=4318
[22:51:31] ⏱ 다음명령유휴 SRT_1660 1.7s · idle=True
[22:51:32] fill OK(clip) follow=True chars=4318
[22:51:32] submit 시작 composer=4318 url=https://www.genspark.ai/agents?id=06ed0ed6-dff8-4791-96f3-4304653f7bb3
[22:51:32] submit geo 실패 hit=no-btn
[22:51:32] submit 시도 method=geo geo=False
[22:51:33] submit 미확인 method=geo generating=False composer=4318
[22:51:33] submit geo 실패 hit=no-btn
[22:51:33] submit 시도 method=send send=False
[22:51:34] submit 미확인 method=send generating=False composer=4318
[22:51:34] submit 시도 method=ctrl
[22:51:35] submit 미확인 method=ctrl generating=False composer=4320
[22:51:35] submit 시도 method=enter
[22:51:36] submit 확인 method=enter generating=False composer=0
[22:51:36] ⏱ 입력·전송 SRT_1660 4.5s · chars=4318
[22:51:36] 제출 후 last_saved=https://www.genspark.ai/api/files/s/if2oyibg
[22:51:36] ⏱ 생성대기 시작 SRT_1660 max=120s
[22:51:52] ⏱ 생성대기 진행 15.4s SRT_1660 busy=False url_ok=False src=
[22:51:54] ⏱ 생성대기 완료(busy무시) 18.0s SRT_1660 https://www.genspark.ai/api/files/s/q8ydl6yr
[22:51:54] ⏱ 생성대기구간 SRT_1660 18.0s · ok=True
[22:51:55] SRT_1660 근접 이미지 https://www.genspark.ai/api/files/s/q8ydl6yr
[22:51:55] 다운로드 files URL=https://www.genspark.ai/api/files/s/q8ydl6yr → SRT_1660.png
[22:51:56] ⏱ 다운로드 직접 1.0s size=769158 SRT_1660.png
[22:51:56] ⏱ 다운로드구간 SRT_1660 1.3s · SRT_1660.png
[22:51:58] ⏱ 다운로드후유휴 SRT_1660 2.5s · idle=True
[22:51:58] ⏱ 씬합계 SRT_1660 28.5s · https://www.genspark.ai/api/files/s/q8ydl6yr
[22:51:58] SRT_1660 생성·다운로드 완료
C:\cursor\wuxia\workspace\swardmaster\2부\16장\png\SRT_1660.png
[22:51:58] 상태키 SRT_1680 · tracking=OFF; Baek|base; Jin|base
[22:51:58] run_scene 시작 SRT_1680 · seen_files=118 · last_saved=https://www.genspark.ai/api/files/s/q8ydl6yr
[22:51:58] ⏱ 준비 SRT_1680 0.0s · chars=4295
[22:52:01] ⏱ 다음명령유휴 SRT_1680 2.7s · idle=True
[22:52:02] fill OK(clip) follow=True chars=4295
[22:52:02] submit 시작 composer=4295 url=https://www.genspark.ai/agents?id=06ed0ed6-dff8-4791-96f3-4304653f7bb3
[22:52:02] submit geo 실패 hit=no-btn
[22:52:02] submit 시도 method=geo geo=False
[22:52:03] submit 미확인 method=geo generating=False composer=4295
[22:52:04] submit geo 실패 hit=no-btn
[22:52:04] submit 시도 method=send send=False
[22:52:04] submit 미확인 method=send generating=False composer=4295
[22:52:05] submit 시도 method=ctrl
[22:52:05] submit 미확인 method=ctrl generating=False composer=4297
[22:52:06] submit 시도 method=enter
[22:52:07] submit 확인 method=enter generating=False composer=0
[22:52:07] ⏱ 입력·전송 SRT_1680 5.4s · chars=4295
[22:52:07] 제출 후 last_saved=https://www.genspark.ai/api/files/s/q8ydl6yr
[22:52:07] ⏱ 생성대기 시작 SRT_1680 max=120s
[22:52:22] ⏱ 생성대기 진행 15.0s SRT_1680 busy=False url_ok=False src=
[22:52:23] ⏱ 생성대기 완료 16.0s SRT_1680 https://www.genspark.ai/api/files/s/jy12rct7
[22:52:23] ⏱ 생성대기구간 SRT_1680 16.0s · ok=True
[22:52:23] SRT_1680 근접 이미지 https://www.genspark.ai/api/files/s/jy12rct7
[22:52:23] 다운로드 files URL=https://www.genspark.ai/api/files/s/jy12rct7 → SRT_1680.png
[22:52:24] ⏱ 다운로드 직접 0.7s size=794241 SRT_1680.png
[22:52:24] ⏱ 다운로드구간 SRT_1680 0.8s · SRT_1680.png
[22:52:25] ⏱ 다운로드후유휴 SRT_1680 1.7s · idle=True
[22:52:25] ⏱ 씬합계 SRT_1680 26.9s · https://www.genspark.ai/api/files/s/jy12rct7
[22:52:25] SRT_1680 생성·다운로드 완료
C:\cursor\wuxia\workspace\swardmaster\2부\16장\png\SRT_1680.png
[22:52:25] 상태키 SRT_1700 · tracking=OFF; Baek|base; Jin|base
[22:52:25] run_scene 시작 SRT_1700 · seen_files=119 · last_saved=https://www.genspark.ai/api/files/s/jy12rct7
[22:52:26] ⏱ 준비 SRT_1700 0.0s · chars=4302
[22:52:27] ⏱ 다음명령유휴 SRT_1700 1.8s · idle=True
[22:52:28] fill OK(clip) follow=True chars=4302
[22:52:28] submit 시작 composer=4302 url=https://www.genspark.ai/agents?id=06ed0ed6-dff8-4791-96f3-4304653f7bb3
[22:52:28] submit geo 실패 hit=no-btn
[22:52:28] submit 시도 method=geo geo=False
[22:52:29] submit 미확인 method=geo generating=False composer=4302
[22:52:29] submit geo 실패 hit=no-btn
[22:52:29] submit 시도 method=send send=False
[22:52:30] submit 미확인 method=send generating=False composer=4302
[22:52:30] submit 시도 method=ctrl
[22:52:31] submit 미확인 method=ctrl generating=False composer=4304
[22:52:31] submit 시도 method=enter
[22:52:32] submit 미확인 method=enter generating=False composer=4304
[22:52:32] submit geo 실패 hit=no-btn
[22:52:32] submit 시도 method=geo2 geo=False
[22:52:32] submit 미확인 method=geo2 generating=False composer=4304
[22:52:33] submit geo 실패 hit=no-btn
[22:52:33] submit 시도 method=send2 send=False
[22:52:33] submit 미확인 method=send2 generating=False composer=4304
[22:52:34] submit 시도 method=ctrl2
[22:52:34] submit 미확인 method=ctrl2 generating=False composer=4306
[22:52:34] submit 실패 composer잔존=4306
[22:52:34] submit 재시도 2/3
[22:52:35] submit 시작 composer=4306 url=https://www.genspark.ai/agents?id=06ed0ed6-dff8-4791-96f3-4304653f7bb3
[22:52:35] submit geo 실패 hit=no-btn
[22:52:35] submit 시도 method=geo geo=False
[22:52:36] submit 미확인 method=geo generating=False composer=4306
[22:52:36] submit geo 실패 hit=no-btn
[22:52:36] submit 시도 method=send send=False
[22:52:37] submit 미확인 method=send generating=False composer=4306
[22:52:37] submit 시도 method=ctrl
[22:52:38] submit 미확인 method=ctrl generating=False composer=4308
[22:52:38] submit 시도 method=enter
[22:52:39] submit 미확인 method=enter generating=False composer=4308
[22:52:39] submit geo 실패 hit=no-btn
[22:52:39] submit 시도 method=geo2 geo=False
[22:52:39] submit 미확인 method=geo2 generating=False composer=4308
[22:52:40] submit geo 실패 hit=no-btn
[22:52:40] submit 시도 method=send2 send=False
[22:52:40] submit 미확인 method=send2 generating=False composer=4308
[22:52:41] submit 시도 method=ctrl2
[22:52:41] submit 미확인 method=ctrl2 generating=False composer=4310
[22:52:41] submit 실패 composer잔존=4310
[22:52:41] submit 재시도 3/3
[22:52:42] submit 시작 composer=4310 url=https://www.genspark.ai/agents?id=06ed0ed6-dff8-4791-96f3-4304653f7bb3
[22:52:42] submit geo 실패 hit=no-btn
[22:52:42] submit 시도 method=geo geo=False
[22:52:43] submit 미확인 method=geo generating=False composer=4310
[22:52:43] submit geo 실패 hit=no-btn
[22:52:43] submit 시도 method=send send=False
[22:52:44] submit 미확인 method=send generating=False composer=4310
[22:52:44] submit 시도 method=ctrl
[22:52:45] submit 미확인 method=ctrl generating=False composer=4312
[22:52:45] submit 시도 method=enter
[22:52:46] submit 미확인 method=enter generating=False composer=4312
[22:52:46] submit geo 실패 hit=no-btn
[22:52:46] submit 시도 method=geo2 geo=False
[22:52:46] submit 미확인 method=geo2 generating=False composer=4312
[22:52:47] submit geo 실패 hit=no-btn
[22:52:47] submit 시도 method=send2 send=False
[22:52:47] submit 미확인 method=send2 generating=False composer=4312
[22:52:48] submit 시도 method=ctrl2
[22:52:48] submit 미확인 method=ctrl2 generating=False composer=4314
[22:52:48] submit 실패 composer잔존=4314
[22:52:48] submit 재시도 4/3
[22:52:49] run_scene 실패(재시도 없음): 이어쓰기 전송 실패 — 입력창에 명령이 4314자 남아 있습니다.
[22:52:49] SRT_1700 실패 — 다음 씬 계속
이어쓰기 전송 실패 — 입력창에 명령이 4314자 남아 있습니다.
[22:52:49] 상태키 SRT_1720 · tracking=OFF; Baek|base; Jin|base
[22:52:49] 늦은이미지 회수 실패 SRT_1700: SRT_1700 요청 아래 새 이미지가 없습니다.
[22:52:49] run_scene 시작 SRT_1720 · seen_files=119 · last_saved=https://www.genspark.ai/api/files/s/jy12rct7
[22:52:49] ⏱ 준비 SRT_1720 0.0s · chars=3934
[22:52:51] ⏱ 다음명령유휴 SRT_1720 1.7s · idle=True
[22:52:52] fill OK(clip) follow=True chars=3934
[22:52:52] submit 시작 composer=3934 url=https://www.genspark.ai/agents?id=06ed0ed6-dff8-4791-96f3-4304653f7bb3
[22:52:52] submit geo 실패 hit=no-btn
[22:52:52] submit 시도 method=geo geo=False
[22:52:52] submit 미확인 method=geo generating=False composer=3934
[22:52:53] submit geo 실패 hit=no-btn
[22:52:53] submit 시도 method=send send=False
[22:52:53] submit 미확인 method=send generating=False composer=3934
[22:52:54] submit 시도 method=ctrl
[22:52:54] submit 미확인 method=ctrl generating=False composer=3936
[22:52:55] submit 시도 method=enter
[22:52:55] submit 미확인 method=enter generating=False composer=3936
[22:52:55] submit geo 실패 hit=no-btn
[22:52:55] submit 시도 method=geo2 geo=False
[22:52:56] submit 미확인 method=geo2 generating=False composer=3936
[22:52:56] submit geo 실패 hit=no-btn
[22:52:56] submit 시도 method=send2 send=False
[22:52:57] submit 미확인 method=send2 generating=False composer=3936
[22:52:57] submit 시도 method=ctrl2
[22:52:58] submit 미확인 method=ctrl2 generating=False composer=3938
[22:52:58] submit 실패 composer잔존=3938
[22:52:58] submit 재시도 2/3
[22:52:59] submit 시작 composer=3938 url=https://www.genspark.ai/agents?id=06ed0ed6-dff8-4791-96f3-4304653f7bb3
[22:52:59] submit geo 실패 hit=no-btn
[22:52:59] submit 시도 method=geo geo=False
[22:53:00] submit 미확인 method=geo generating=False composer=3938
[22:53:02] submit geo 실패 hit=no-btn
[22:53:02] submit 시도 method=send send=False
[22:53:03] submit 미확인 method=send generating=False composer=3938
[22:53:03] submit 시도 method=ctrl
[22:53:04] submit 미확인 method=ctrl generating=False composer=3940
[22:53:04] submit 시도 method=enter
[22:53:05] submit 미확인 method=enter generating=False composer=3940
[22:53:05] submit geo 실패 hit=no-btn
[22:53:05] submit 시도 method=geo2 geo=False
[22:53:05] submit 미확인 method=geo2 generating=False composer=3940
[22:53:06] submit geo 실패 hit=no-btn
[22:53:06] submit 시도 method=send2 send=False
[22:53:06] submit 미확인 method=send2 generating=False composer=3940
[22:53:07] submit 시도 method=ctrl2
[22:53:07] submit 미확인 method=ctrl2 generating=False composer=3942
[22:53:07] submit 실패 composer잔존=3942
[22:53:07] submit 재시도 3/3
[22:53:08] submit 시작 composer=3942 url=https://www.genspark.ai/agents?id=06ed0ed6-dff8-4791-96f3-4304653f7bb3
[22:53:08] submit geo 실패 hit=no-btn
[22:53:08] submit 시도 method=geo geo=False
[22:53:09] submit 미확인 method=geo generating=False composer=3942
[22:53:09] submit geo 실패 hit=no-btn
[22:53:09] submit 시도 method=send send=False
[22:53:10] submit 미확인 method=send generating=False composer=3942
[22:53:10] submit 시도 method=ctrl
[22:53:11] submit 미확인 method=ctrl generating=False composer=3944
[22:53:11] submit 시도 method=enter
[22:53:12] submit 미확인 method=enter generating=False composer=3944
[22:53:12] submit geo 실패 hit=no-btn
[22:53:12] submit 시도 method=geo2 geo=False
[22:53:12] submit 미확인 method=geo2 generating=True composer=3944
[22:53:13] submit geo 실패 hit=no-btn
[22:53:13] submit 시도 method=send2 send=False
[22:53:13] submit 미확인 method=send2 generating=True composer=3944
[22:53:14] submit 시도 method=ctrl2
[22:53:14] submit 미확인 method=ctrl2 generating=False composer=3946
[22:53:14] submit 실패 composer잔존=3946
[22:53:14] submit 재시도 4/3
[22:53:15] run_scene 실패(재시도 없음): 이어쓰기 전송 실패 — 입력창에 명령이 3946자 남아 있습니다.
[22:53:15] SRT_1720 실패(한도 추정 streak=2) — 브라우저 종료 후 대기·재오픈
이어쓰기 전송 실패 — 입력창에 명령이 3946자 남아 있습니다.
[22:53:21] 한도 대기 전 ChromeDebug 종료
[22:53:33] 한도 대기 불가 — 실행 시작 시각 미입력
[22:53:58] 탭로그 ON — 실행·생성 · 씬 12개 · reopen=True · 한도대기ON
[22:54:04] ChromeDebug 재시작 slot=0 port=9242 user_data=C:\ChromeDebug_2_5 reused=0
[22:54:09] 모델 이미 Pro: Nano Banana Pro
[22:54:10] 세션 준비 — login=OK model=Nano Banana Pro auto=True
[22:54:10] ensure_page cur_sc=10 prefer_sc=10 cur=https://www.genspark.ai/ai_image prefer=https://www.genspark.ai/ai_image
[22:54:12] fill OK(clip) follow=True chars=78135
[22:54:12] 입력창 붙여넣기 — 프롬프트 50827자 + SRT 27265자 = 합계 78135자
  prompt=C:/cursor/wuxia/2_5_sceneImage/md/image.wuxiz.txt
  srt=C:\cursor\wuxia\workspace\swardmaster\2부\16장\mp3\new.srt
[22:54:13] ensure_page cur_sc=10 prefer_sc=10 cur=https://www.genspark.ai/ai_image prefer=https://www.genspark.ai/ai_image
[22:54:15] 동일 입력창에 명령 추가(미실행): ===== CHARACTER LOOK (SRT_1040) =====
Look keys (state tracking OFF): Jin≈19|base; Namgung|base
Jin Muhan, approximately nineteen years old, East-Asian young swordsman, sharp narro…
[22:54:15] 상태키 SRT_1040 · tracking=OFF; Baek|base; Jin|base
[22:54:15] run_scene 시작 SRT_1040 · seen_files=119 · last_saved=https://www.genspark.ai/api/files/s/jy12rct7
[22:54:15] ensure_page cur_sc=10 prefer_sc=10 cur=https://www.genspark.ai/ai_image prefer=https://www.genspark.ai/ai_image
[22:54:15] 모델 선택 시작 현재=(없음)
[22:54:15] 모델 선택 결과 ok=False 칩=(없음) picked=
[22:54:15] ⏱ 준비 SRT_1040 0.3s · chars=5591
[22:54:15] submit 시작 composer=5591 url=https://www.genspark.ai/ai_image
[22:54:16] submit geo 실패 hit=no-btn
[22:54:16] submit 시도 method=geo geo=False
[22:54:16] submit 미확인 method=geo generating=False composer=5591
[22:54:17] submit geo 실패 hit=no-btn
[22:54:17] submit 시도 method=send send=False
[22:54:17] submit 미확인 method=send generating=False composer=5591
[22:54:18] submit 시도 method=ctrl
[22:54:18] submit 미확인 method=ctrl generating=False composer=5593
[22:54:19] submit 시도 method=enter
[22:54:20] submit 확인 method=enter generating=False composer=0
[22:54:20] ⏱ 입력창전송 SRT_1040 4.9s
[22:54:20] 제출 후 last_saved=https://www.genspark.ai/api/files/s/jy12rct7
[22:54:21] ⏱ 생성대기 시작 SRT_1040 max=120s
[22:54:36] ⏱ 생성대기 진행 15.2s SRT_1040 busy=False url_ok=True src=https://www.genspark.ai/api/files/s/omenuepv
[22:54:36] ⏱ 생성대기 완료 15.4s SRT_1040 https://www.genspark.ai/api/files/s/omenuepv
[22:54:36] ⏱ 생성대기구간 SRT_1040 15.5s · ok=True
[22:54:36] SRT_1040 근접 이미지 https://www.genspark.ai/api/files/s/omenuepv
[22:54:36] 다운로드 files URL=https://www.genspark.ai/api/files/s/omenuepv → SRT_1040.png
[22:54:37] ⏱ 다운로드 직접 0.8s size=625699 SRT_1040.png
[22:54:37] ⏱ 다운로드구간 SRT_1040 0.8s · SRT_1040.png
[22:54:38] ⏱ 다운로드후유휴 SRT_1040 1.5s · idle=True
[22:54:38] ⏱ 씬합계 SRT_1040 23.1s · https://www.genspark.ai/api/files/s/omenuepv
[22:54:38] SRT_1040 생성·다운로드 완료
C:\cursor\wuxia\workspace\swardmaster\2부\16장\png\SRT_1040.png
[22:54:38] 상태키 SRT_1700 · tracking=OFF; Baek|base; Jin|base
[22:54:38] run_scene 시작 SRT_1700 · seen_files=120 · last_saved=https://www.genspark.ai/api/files/s/omenuepv
[22:54:38] ⏱ 준비 SRT_1700 0.0s · chars=4302
[22:54:40] ⏱ 다음명령유휴 SRT_1700 1.5s · idle=True
[22:54:41] fill OK(clip) follow=True chars=4302
[22:54:41] submit 시작 composer=4302 url=https://www.genspark.ai/agents?id=fe89aa4c-5ce0-4e90-badc-9bba9721ded9
[22:54:41] submit geo 실패 hit=no-btn
[22:54:41] submit 시도 method=geo geo=False
[22:54:41] submit 미확인 method=geo generating=False composer=4302
[22:54:42] submit geo 실패 hit=no-btn
[22:54:42] submit 시도 method=send send=False
[22:54:42] submit 미확인 method=send generating=False composer=4302
[22:54:43] submit 시도 method=ctrl
[22:54:43] submit 미확인 method=ctrl generating=False composer=4304
[22:54:44] submit 시도 method=enter
[22:54:44] submit 확인 method=enter generating=False composer=0
[22:54:44] ⏱ 입력·전송 SRT_1700 4.2s · chars=4302
[22:54:44] 제출 후 last_saved=https://www.genspark.ai/api/files/s/omenuepv
[22:54:44] ⏱ 생성대기 시작 SRT_1700 max=120s
[22:54:59] ⏱ 생성대기 완료 14.5s SRT_1700 https://www.genspark.ai/api/files/s/db25n9hg
[22:54:59] ⏱ 생성대기구간 SRT_1700 14.5s · ok=True
[22:54:59] SRT_1700 근접 이미지 https://www.genspark.ai/api/files/s/db25n9hg
[22:54:59] 다운로드 files URL=https://www.genspark.ai/api/files/s/db25n9hg → SRT_1700.png
[22:55:00] ⏱ 다운로드 직접 0.8s size=761247 SRT_1700.png
[22:55:00] ⏱ 다운로드구간 SRT_1700 0.8s · SRT_1700.png
[22:55:01] ⏱ 다운로드후유휴 SRT_1700 1.4s · idle=True
[22:55:01] ⏱ 씬합계 SRT_1700 22.6s · https://www.genspark.ai/api/files/s/db25n9hg
[22:55:01] SRT_1700 생성·다운로드 완료
C:\cursor\wuxia\workspace\swardmaster\2부\16장\png\SRT_1700.png
[22:55:01] 상태키 SRT_1720 · tracking=OFF; Baek|base; Jin|base
[22:55:01] run_scene 시작 SRT_1720 · seen_files=121 · last_saved=https://www.genspark.ai/api/files/s/db25n9hg
[22:55:01] ⏱ 준비 SRT_1720 0.0s · chars=3934
[22:55:03] ⏱ 다음명령유휴 SRT_1720 1.3s · idle=True
[22:55:03] fill OK(clip) follow=True chars=3934
[22:55:03] submit 시작 composer=3934 url=https://www.genspark.ai/agents?id=fe89aa4c-5ce0-4e90-badc-9bba9721ded9
[22:55:03] submit geo 실패 hit=no-btn
[22:55:03] submit 시도 method=geo geo=False
[22:55:04] submit 미확인 method=geo generating=False composer=3934
[22:55:04] submit geo 실패 hit=no-btn
[22:55:04] submit 시도 method=send send=False
[22:55:05] submit 미확인 method=send generating=False composer=3934
[22:55:05] submit 시도 method=ctrl
[22:55:06] submit 미확인 method=ctrl generating=False composer=3936
[22:55:06] submit 시도 method=enter
[22:55:07] submit 확인 method=enter generating=False composer=0
[22:55:07] ⏱ 입력·전송 SRT_1720 4.1s · chars=3934
[22:55:07] 제출 후 last_saved=https://www.genspark.ai/api/files/s/db25n9hg
[22:55:07] ⏱ 생성대기 시작 SRT_1720 max=120s
[22:55:20] ⏱ 생성대기 완료 13.1s SRT_1720 https://www.genspark.ai/api/files/s/vd2ajxvl
[22:55:20] ⏱ 생성대기구간 SRT_1720 13.1s · ok=True
[22:55:20] SRT_1720 근접 이미지 https://www.genspark.ai/api/files/s/vd2ajxvl
[22:55:20] 다운로드 files URL=https://www.genspark.ai/api/files/s/vd2ajxvl → SRT_1720.png
[22:55:21] ⏱ 다운로드 직접 0.7s size=708530 SRT_1720.png
[22:55:21] ⏱ 다운로드구간 SRT_1720 0.7s · SRT_1720.png
[22:55:22] ⏱ 다운로드후유휴 SRT_1720 1.5s · idle=True
[22:55:22] ⏱ 씬합계 SRT_1720 21.1s · https://www.genspark.ai/api/files/s/vd2ajxvl
[22:55:22] SRT_1720 생성·다운로드 완료
C:\cursor\wuxia\workspace\swardmaster\2부\16장\png\SRT_1720.png
[22:55:22] 상태키 SRT_1740 · tracking=OFF; Baek|base; Jin|base
[22:55:22] run_scene 시작 SRT_1740 · seen_files=122 · last_saved=https://www.genspark.ai/api/files/s/vd2ajxvl
[22:55:22] ⏱ 준비 SRT_1740 0.0s · chars=7291
[22:55:24] ⏱ 다음명령유휴 SRT_1740 1.4s · idle=True
[22:55:25] fill OK(clip) follow=True chars=7291
[22:55:25] submit 시작 composer=7291 url=https://www.genspark.ai/agents?id=fe89aa4c-5ce0-4e90-badc-9bba9721ded9
[22:55:25] submit geo 실패 hit=no-btn
[22:55:25] submit 시도 method=geo geo=False
[22:55:25] submit 미확인 method=geo generating=False composer=7291
[22:55:26] submit geo 실패 hit=no-btn
[22:55:26] submit 시도 method=send send=False
[22:55:26] submit 미확인 method=send generating=False composer=7291
[22:55:26] submit 시도 method=ctrl
[22:55:27] submit 미확인 method=ctrl generating=False composer=7293
[22:55:27] submit 시도 method=enter
[22:55:28] submit 확인 method=enter generating=False composer=0
[22:55:28] ⏱ 입력·전송 SRT_1740 4.0s · chars=7291
[22:55:28] 제출 후 last_saved=https://www.genspark.ai/api/files/s/vd2ajxvl
[22:55:28] ⏱ 생성대기 시작 SRT_1740 max=120s
[22:55:43] ⏱ 생성대기 진행 15.1s SRT_1740 busy=False url_ok=False src=
[22:55:44] ⏱ 생성대기 완료 16.3s SRT_1740 https://www.genspark.ai/api/files/s/nign3exw
[22:55:44] ⏱ 생성대기구간 SRT_1740 16.3s · ok=True
[22:55:44] SRT_1740 근접 이미지 https://www.genspark.ai/api/files/s/nign3exw
[22:55:44] 다운로드 files URL=https://www.genspark.ai/api/files/s/nign3exw → SRT_1740.png
[22:55:45] ⏱ 다운로드 직접 0.7s size=605058 SRT_1740.png
[22:55:45] ⏱ 다운로드구간 SRT_1740 0.7s · SRT_1740.png
[22:55:46] ⏱ 다운로드후유휴 SRT_1740 1.3s · idle=True
[22:55:47] ⏱ 씬합계 SRT_1740 24.0s · https://www.genspark.ai/api/files/s/nign3exw
[22:55:47] SRT_1740 생성·다운로드 완료
C:\cursor\wuxia\workspace\swardmaster\2부\16장\png\SRT_1740.png
[22:55:47] 상태키 SRT_1760 · tracking=OFF; Baek|base; Jin|base
[22:55:47] run_scene 시작 SRT_1760 · seen_files=123 · last_saved=https://www.genspark.ai/api/files/s/nign3exw
[22:55:47] ⏱ 준비 SRT_1760 0.0s · chars=5632
[22:55:48] ⏱ 다음명령유휴 SRT_1760 1.3s · idle=True
[22:55:49] fill OK(clip) follow=True chars=5632
[22:55:49] submit 시작 composer=5632 url=https://www.genspark.ai/agents?id=fe89aa4c-5ce0-4e90-badc-9bba9721ded9
[22:55:49] submit geo 실패 hit=no-btn
[22:55:49] submit 시도 method=geo geo=False
[22:55:49] submit 미확인 method=geo generating=False composer=5632
[22:55:50] submit geo 실패 hit=no-btn
[22:55:50] submit 시도 method=send send=False
[22:55:50] submit 미확인 method=send generating=False composer=5632
[22:55:51] submit 시도 method=ctrl
[22:55:51] submit 미확인 method=ctrl generating=False composer=5634
[22:55:52] submit 시도 method=enter
[22:55:52] submit 확인 method=enter generating=False composer=0
[22:55:52] ⏱ 입력·전송 SRT_1760 4.3s · chars=5632
[22:55:52] 제출 후 last_saved=https://www.genspark.ai/api/files/s/nign3exw
[22:55:52] ⏱ 생성대기 시작 SRT_1760 max=120s
[22:56:05] ⏱ 생성대기 완료 12.6s SRT_1760 https://www.genspark.ai/api/files/s/blyzbld9
[22:56:05] ⏱ 생성대기구간 SRT_1760 12.6s · ok=True
[22:56:05] SRT_1760 근접 이미지 https://www.genspark.ai/api/files/s/blyzbld9
[22:56:05] 다운로드 files URL=https://www.genspark.ai/api/files/s/blyzbld9 → SRT_1760.png
[22:56:06] ⏱ 다운로드 직접 0.7s size=618352 SRT_1760.png
[22:56:06] ⏱ 다운로드구간 SRT_1760 0.8s · SRT_1760.png
[22:56:07] ⏱ 다운로드후유휴 SRT_1760 1.5s · idle=True
[22:56:07] ⏱ 씬합계 SRT_1760 20.7s · https://www.genspark.ai/api/files/s/blyzbld9
[22:56:07] SRT_1760 생성·다운로드 완료
C:\cursor\wuxia\workspace\swardmaster\2부\16장\png\SRT_1760.png
[22:56:08] 상태키 SRT_1780 · tracking=OFF; Baek|base; Jin|base
[22:56:08] run_scene 시작 SRT_1780 · seen_files=124 · last_saved=https://www.genspark.ai/api/files/s/blyzbld9
[22:56:08] ⏱ 준비 SRT_1780 0.0s · chars=3962
[22:56:09] ⏱ 다음명령유휴 SRT_1780 1.4s · idle=True
[22:56:10] fill OK(clip) follow=True chars=3962
[22:56:10] submit 시작 composer=3962 url=https://www.genspark.ai/agents?id=fe89aa4c-5ce0-4e90-badc-9bba9721ded9
[22:56:10] submit geo 실패 hit=no-btn
[22:56:10] submit 시도 method=geo geo=False
[22:56:10] submit 미확인 method=geo generating=False composer=3962
[22:56:11] submit geo 실패 hit=no-btn
[22:56:11] submit 시도 method=send send=False
[22:56:11] submit 미확인 method=send generating=False composer=3962
[22:56:12] submit 시도 method=ctrl
[22:56:12] submit 미확인 method=ctrl generating=False composer=3964
[22:56:12] submit 시도 method=enter
[22:56:13] submit 확인 method=enter generating=False composer=0
[22:56:13] ⏱ 입력·전송 SRT_1780 4.1s · chars=3962
[22:56:13] 제출 후 last_saved=https://www.genspark.ai/api/files/s/blyzbld9
[22:56:13] ⏱ 생성대기 시작 SRT_1780 max=120s
[22:56:26] ⏱ 생성대기 완료 12.7s SRT_1780 https://www.genspark.ai/api/files/s/uc8itrlc
[22:56:26] ⏱ 생성대기구간 SRT_1780 12.7s · ok=True
[22:56:26] SRT_1780 근접 이미지 https://www.genspark.ai/api/files/s/uc8itrlc
[22:56:26] 다운로드 files URL=https://www.genspark.ai/api/files/s/uc8itrlc → SRT_1780.png
[22:56:27] ⏱ 다운로드 직접 0.8s size=481056 SRT_1780.png
[22:56:27] ⏱ 다운로드구간 SRT_1780 0.8s · SRT_1780.png
[22:56:28] ⏱ 다운로드후유휴 SRT_1780 1.3s · idle=True
[22:56:28] ⏱ 씬합계 SRT_1780 20.6s · https://www.genspark.ai/api/files/s/uc8itrlc
[22:56:28] SRT_1780 생성·다운로드 완료
C:\cursor\wuxia\workspace\swardmaster\2부\16장\png\SRT_1780.png
[22:56:28] 상태키 SRT_1800 · tracking=OFF; Baek|base; Jin|base
[22:56:28] run_scene 시작 SRT_1800 · seen_files=125 · last_saved=https://www.genspark.ai/api/files/s/uc8itrlc
[22:56:28] ⏱ 준비 SRT_1800 0.0s · chars=5613
[22:56:30] ⏱ 다음명령유휴 SRT_1800 1.3s · idle=True
[22:56:30] fill OK(clip) follow=True chars=5613
[22:56:30] submit 시작 composer=5613 url=https://www.genspark.ai/agents?id=fe89aa4c-5ce0-4e90-badc-9bba9721ded9
[22:56:30] submit geo 실패 hit=no-btn
[22:56:30] submit 시도 method=geo geo=False
[22:56:31] submit 미확인 method=geo generating=False composer=5613
[22:56:31] submit geo 실패 hit=no-btn
[22:56:31] submit 시도 method=send send=False
[22:56:32] submit 미확인 method=send generating=False composer=5613
[22:56:32] submit 시도 method=ctrl
[22:56:33] submit 미확인 method=ctrl generating=False composer=5615
[22:56:33] submit 시도 method=enter
[22:56:34] submit 확인 method=enter generating=False composer=0
[22:56:34] ⏱ 입력·전송 SRT_1800 4.3s · chars=5613
[22:56:34] 제출 후 last_saved=https://www.genspark.ai/api/files/s/uc8itrlc
[22:56:34] ⏱ 생성대기 시작 SRT_1800 max=120s
[22:56:47] ⏱ 생성대기 완료 12.8s SRT_1800 https://www.genspark.ai/api/files/s/l4mitiqx
[22:56:47] ⏱ 생성대기구간 SRT_1800 12.8s · ok=True
[22:56:47] SRT_1800 근접 이미지 https://www.genspark.ai/api/files/s/l4mitiqx
[22:56:47] 다운로드 files URL=https://www.genspark.ai/api/files/s/l4mitiqx → SRT_1800.png
[22:56:48] ⏱ 다운로드 직접 0.7s size=745242 SRT_1800.png
[22:56:48] ⏱ 다운로드구간 SRT_1800 0.7s · SRT_1800.png
[22:56:49] ⏱ 다운로드후유휴 SRT_1800 1.5s · idle=True
[22:56:49] ⏱ 씬합계 SRT_1800 20.9s · https://www.genspark.ai/api/files/s/l4mitiqx
[22:56:49] SRT_1800 생성·다운로드 완료
C:\cursor\wuxia\workspace\swardmaster\2부\16장\png\SRT_1800.png
[22:56:49] 상태키 SRT_1820 · tracking=OFF; Baek|base; Jin|base
[22:56:49] run_scene 시작 SRT_1820 · seen_files=126 · last_saved=https://www.genspark.ai/api/files/s/l4mitiqx
[22:56:49] ⏱ 준비 SRT_1820 0.0s · chars=5613
[22:56:51] ⏱ 다음명령유휴 SRT_1820 1.3s · idle=True
[22:56:51] fill OK(clip) follow=True chars=5613
[22:56:51] submit 시작 composer=5613 url=https://www.genspark.ai/agents?id=fe89aa4c-5ce0-4e90-badc-9bba9721ded9
[22:56:52] submit geo 실패 hit=no-btn
[22:56:52] submit 시도 method=geo geo=False
[22:56:52] submit 미확인 method=geo generating=False composer=5613
[22:56:52] submit geo 실패 hit=no-btn
[22:56:52] submit 시도 method=send send=False
[22:56:53] submit 미확인 method=send generating=False composer=5613
[22:56:53] submit 시도 method=ctrl
[22:56:54] submit 미확인 method=ctrl generating=False composer=5615
[22:56:54] submit 시도 method=enter
[22:56:55] submit 확인 method=enter generating=False composer=0
[22:56:55] ⏱ 입력·전송 SRT_1820 4.1s · chars=5613
[22:56:55] 제출 후 last_saved=https://www.genspark.ai/api/files/s/l4mitiqx
[22:56:55] ⏱ 생성대기 시작 SRT_1820 max=120s
[22:57:10] ⏱ 생성대기 완료 14.6s SRT_1820 https://www.genspark.ai/api/files/s/z93zwzw0
[22:57:10] ⏱ 생성대기구간 SRT_1820 14.6s · ok=True
[22:57:10] SRT_1820 근접 이미지 https://www.genspark.ai/api/files/s/z93zwzw0
[22:57:10] 다운로드 files URL=https://www.genspark.ai/api/files/s/z93zwzw0 → SRT_1820.png
[22:57:10] ⏱ 다운로드 직접 0.7s size=774055 SRT_1820.png
[22:57:10] ⏱ 다운로드구간 SRT_1820 0.8s · SRT_1820.png
[22:57:12] ⏱ 다운로드후유휴 SRT_1820 1.4s · idle=True
[22:57:12] ⏱ 씬합계 SRT_1820 22.5s · https://www.genspark.ai/api/files/s/z93zwzw0
[22:57:12] SRT_1820 생성·다운로드 완료
C:\cursor\wuxia\workspace\swardmaster\2부\16장\png\SRT_1820.png
[22:57:12] 상태키 SRT_1840 · tracking=OFF; Baek|base; Jin|base
[22:57:12] run_scene 시작 SRT_1840 · seen_files=127 · last_saved=https://www.genspark.ai/api/files/s/z93zwzw0
[22:57:12] ⏱ 준비 SRT_1840 0.0s · chars=6677
[22:57:13] ⏱ 다음명령유휴 SRT_1840 1.3s · idle=True
[22:57:14] fill OK(clip) follow=True chars=6677
[22:57:14] submit 시작 composer=6677 url=https://www.genspark.ai/agents?id=fe89aa4c-5ce0-4e90-badc-9bba9721ded9
[22:57:14] submit geo 실패 hit=no-btn
[22:57:14] submit 시도 method=geo geo=False
[22:57:15] submit 미확인 method=geo generating=False composer=6677
[22:57:15] submit geo 실패 hit=no-btn
[22:57:15] submit 시도 method=send send=False
[22:57:16] submit 미확인 method=send generating=False composer=6677
[22:57:16] submit 시도 method=ctrl
[22:57:17] submit 미확인 method=ctrl generating=False composer=6679
[22:57:17] submit 시도 method=enter
[22:57:17] submit 확인 method=enter generating=False composer=0
[22:57:17] ⏱ 입력·전송 SRT_1840 4.0s · chars=6677
[22:57:17] 제출 후 last_saved=https://www.genspark.ai/api/files/s/z93zwzw0
[22:57:18] ⏱ 생성대기 시작 SRT_1840 max=120s
[22:57:30] ⏱ 생성대기 완료 12.8s SRT_1840 https://www.genspark.ai/api/files/s/jhaufxd0
[22:57:30] ⏱ 생성대기구간 SRT_1840 12.8s · ok=True
[22:57:30] SRT_1840 근접 이미지 https://www.genspark.ai/api/files/s/jhaufxd0
[22:57:30] 다운로드 files URL=https://www.genspark.ai/api/files/s/jhaufxd0 → SRT_1840.png
[22:57:31] ⏱ 다운로드 직접 0.9s size=801162 SRT_1840.png
[22:57:31] ⏱ 다운로드구간 SRT_1840 0.9s · SRT_1840.png
[22:57:33] ⏱ 다운로드후유휴 SRT_1840 1.6s · idle=True
[22:57:33] ⏱ 씬합계 SRT_1840 21.0s · https://www.genspark.ai/api/files/s/jhaufxd0
[22:57:33] SRT_1840 생성·다운로드 완료
C:\cursor\wuxia\workspace\swardmaster\2부\16장\png\SRT_1840.png
[22:57:33] 상태키 SRT_1860 · tracking=OFF; Baek|base; Jin|base
[22:57:33] run_scene 시작 SRT_1860 · seen_files=128 · last_saved=https://www.genspark.ai/api/files/s/jhaufxd0
[22:57:33] ⏱ 준비 SRT_1860 0.0s · chars=6674
[22:57:35] ⏱ 다음명령유휴 SRT_1860 1.5s · idle=True
[22:57:35] fill OK(clip) follow=True chars=6674
[22:57:35] submit 시작 composer=6674 url=https://www.genspark.ai/agents?id=fe89aa4c-5ce0-4e90-badc-9bba9721ded9
[22:57:36] submit geo 실패 hit=no-btn
[22:57:36] submit 시도 method=geo geo=False
[22:57:36] submit 미확인 method=geo generating=False composer=6674
[22:57:37] submit geo 실패 hit=no-btn
[22:57:37] submit 시도 method=send send=False
[22:57:37] submit 미확인 method=send generating=False composer=6674
[22:57:37] submit 시도 method=ctrl
[22:57:38] submit 미확인 method=ctrl generating=False composer=6676
[22:57:38] submit 시도 method=enter
[22:57:39] submit 확인 method=enter generating=False composer=0
[22:57:39] ⏱ 입력·전송 SRT_1860 4.3s · chars=6674
[22:57:39] 제출 후 last_saved=https://www.genspark.ai/api/files/s/jhaufxd0
[22:57:39] ⏱ 생성대기 시작 SRT_1860 max=120s
[22:57:53] ⏱ 생성대기 완료 13.3s SRT_1860 https://www.genspark.ai/api/files/s/vr39aha1
[22:57:53] ⏱ 생성대기구간 SRT_1860 13.3s · ok=True
[22:57:53] SRT_1860 근접 이미지 https://www.genspark.ai/api/files/s/vr39aha1
[22:57:53] 다운로드 files URL=https://www.genspark.ai/api/files/s/vr39aha1 → SRT_1860.png
[22:57:53] ⏱ 다운로드 직접 0.7s size=721985 SRT_1860.png
[22:57:53] ⏱ 다운로드구간 SRT_1860 0.8s · SRT_1860.png
[22:57:55] ⏱ 다운로드후유휴 SRT_1860 1.5s · idle=True
[22:57:55] ⏱ 씬합계 SRT_1860 21.7s · https://www.genspark.ai/api/files/s/vr39aha1
[22:57:55] SRT_1860 생성·다운로드 완료
C:\cursor\wuxia\workspace\swardmaster\2부\16장\png\SRT_1860.png
[22:57:55] 상태키 SRT_1880 · tracking=OFF; Baek|base; Jin|base
[22:57:55] run_scene 시작 SRT_1880 · seen_files=129 · last_saved=https://www.genspark.ai/api/files/s/vr39aha1
[22:57:55] ⏱ 준비 SRT_1880 0.0s · chars=3928
[22:57:57] ⏱ 다음명령유휴 SRT_1880 1.6s · idle=True
[22:57:57] fill OK(clip) follow=True chars=3928
[22:57:57] submit 시작 composer=3928 url=https://www.genspark.ai/agents?id=fe89aa4c-5ce0-4e90-badc-9bba9721ded9
[22:57:58] submit geo 실패 hit=no-btn
[22:57:58] submit 시도 method=geo geo=False
[22:57:58] submit 미확인 method=geo generating=False composer=3928
[22:57:59] submit geo 실패 hit=no-btn
[22:57:59] submit 시도 method=send send=False
[22:57:59] submit 미확인 method=send generating=False composer=3928
[22:58:00] submit 시도 method=ctrl
[22:58:00] submit 미확인 method=ctrl generating=False composer=3930
[22:58:00] submit 시도 method=enter
[22:58:01] submit 확인 method=enter generating=False composer=0
[22:58:01] ⏱ 입력·전송 SRT_1880 4.3s · chars=3928
[22:58:01] 제출 후 last_saved=https://www.genspark.ai/api/files/s/vr39aha1
[22:58:01] ⏱ 생성대기 시작 SRT_1880 max=120s
[22:58:16] ⏱ 생성대기 완료 14.8s SRT_1880 https://www.genspark.ai/api/files/s/bsjq3pny
[22:58:16] ⏱ 생성대기구간 SRT_1880 14.8s · ok=True
[22:58:16] SRT_1880 근접 이미지 https://www.genspark.ai/api/files/s/bsjq3pny
[22:58:16] 다운로드 files URL=https://www.genspark.ai/api/files/s/bsjq3pny → SRT_1880.png
[22:58:17] ⏱ 다운로드 직접 0.7s size=420439 SRT_1880.png
[22:58:17] ⏱ 다운로드구간 SRT_1880 0.8s · SRT_1880.png
[22:58:18] ⏱ 다운로드후유휴 SRT_1880 1.6s · idle=True
[22:58:18] ⏱ 씬합계 SRT_1880 23.3s · https://www.genspark.ai/api/files/s/bsjq3pny
[22:58:18] SRT_1880 생성·다운로드 완료
C:\cursor\wuxia\workspace\swardmaster\2부\16장\png\SRT_1880.png
[22:58:19] 상태키 SRT_1891 · tracking=OFF; Baek|base; Jin|base
[22:58:19] run_scene 시작 SRT_1891 · seen_files=130 · last_saved=https://www.genspark.ai/api/files/s/bsjq3pny
[22:58:19] ⏱ 준비 SRT_1891 0.0s · chars=3878
[22:58:20] ⏱ 다음명령유휴 SRT_1891 1.6s · idle=True
[22:58:21] fill OK(clip) follow=True chars=3878
[22:58:21] submit 시작 composer=3878 url=https://www.genspark.ai/agents?id=fe89aa4c-5ce0-4e90-badc-9bba9721ded9
[22:58:21] submit geo 실패 hit=no-btn
[22:58:21] submit 시도 method=geo geo=False
[22:58:22] submit 미확인 method=geo generating=False composer=3878
[22:58:22] submit geo 실패 hit=no-btn
[22:58:22] submit 시도 method=send send=False
[22:58:23] submit 미확인 method=send generating=False composer=3878
[22:58:23] submit 시도 method=ctrl
[22:58:24] submit 미확인 method=ctrl generating=False composer=3880
[22:58:24] submit 시도 method=enter
[22:58:24] submit 확인 method=enter generating=False composer=0
[22:58:24] ⏱ 입력·전송 SRT_1891 4.3s · chars=3878
[22:58:24] 제출 후 last_saved=https://www.genspark.ai/api/files/s/bsjq3pny
[22:58:25] ⏱ 생성대기 시작 SRT_1891 max=120s
[22:58:38] ⏱ 생성대기 완료 13.4s SRT_1891 https://www.genspark.ai/api/files/s/ygq2j7s6
[22:58:38] ⏱ 생성대기구간 SRT_1891 13.4s · ok=True
[22:58:38] SRT_1891 근접 이미지 https://www.genspark.ai/api/files/s/ygq2j7s6
[22:58:38] 다운로드 files URL=https://www.genspark.ai/api/files/s/ygq2j7s6 → SRT_1891.png
[22:58:39] ⏱ 다운로드 직접 0.7s size=418481 SRT_1891.png
[22:58:39] ⏱ 다운로드구간 SRT_1891 0.8s · SRT_1891.png
[22:58:40] ⏱ 다운로드후유휴 SRT_1891 1.5s · idle=True
[22:58:40] ⏱ 씬합계 SRT_1891 21.9s · https://www.genspark.ai/api/files/s/ygq2j7s6
[22:58:40] SRT_1891 생성·다운로드 완료
C:\cursor\wuxia\workspace\swardmaster\2부\16장\png\SRT_1891.png
[22:58:40] 다운로드 실패 없음 — 대상 씬 PNG 모두 확인
