[23:00:55] 탭로그 ON — 브라우저 열기·생성 · 씬 73개 · reopen=True · 한도1h재시도
[23:01:00] ChromeDebug 재시작 port=9242 user_data=C:\ChromeDebug_2_5
[23:01:05] 모델 이미 Pro: Nano Banana Pro
[23:01:05] 세션 준비 — login=OK model=Nano Banana Pro auto=True
[23:01:05] ensure_page cur_sc=10 prefer_sc=10 cur=https://www.genspark.ai/ai_image prefer=https://www.genspark.ai/ai_image
[23:01:07] fill OK(clip) follow=False chars=68627
[23:01:08] 입력창 붙여넣기 — 프롬프트 45379자 + SRT 23205자 = 합계 68627자
  prompt=C:/cursor/videt/2_5_sceneImage/md/image.검신회귀록.txt
  srt=C:\cursor\wuxia\무협극장\검신귀환록\2부\14장\mp3\new.srt
[23:01:09] ensure_page cur_sc=10 prefer_sc=10 cur=https://www.genspark.ai/ai_image prefer=https://www.genspark.ai/ai_image
[23:01:10] 동일 입력창에 명령 추가(미실행): ===== CHARACTER LOOK (SRT_000) =====
State keys: Jin≈19|base
Jin Muhan, approximately nineteen years old, East-Asian young swordsman, sharp narrow phoenix eyes, high straight nose,…
[23:01:11] 상태키 SRT_000 · Baek|base; Jin≈19|base
[23:01:11] run_scene 시작 SRT_000 · seen_files=0 · last_saved=
[23:01:11] ensure_page cur_sc=10 prefer_sc=10 cur=https://www.genspark.ai/ai_image prefer=https://www.genspark.ai/ai_image
[23:01:11] 모델 선택 시작 현재=(없음)
[23:01:11] 모델 선택 결과 ok=False 칩=(없음) picked=
[23:01:11] ⏱ 준비 SRT_000 0.2s · chars=2152
[23:01:11] submit 시작 composer=2152 url=https://www.genspark.ai/ai_image
[23:01:11] submit geo 실패 hit=no-btn
[23:01:11] submit 시도 method=geo geo=False
[23:01:12] submit 미확인 method=geo generating=False composer=2152
[23:01:12] submit geo 실패 hit=no-btn
[23:01:12] submit 시도 method=send send=False
[23:01:13] submit 미확인 method=send generating=False composer=2152
[23:01:13] submit 시도 method=ctrl
[23:01:13] submit 미확인 method=ctrl generating=False composer=2154
[23:01:14] submit 시도 method=enter
[23:01:15] submit 확인 method=enter generating=False composer=0
[23:01:15] ⏱ 입력창전송 SRT_000 4.3s
[23:01:15] 제출 후 last_saved=
[23:01:15] ⏱ 생성대기 시작 SRT_000 max=120s
[23:01:31] ⏱ 생성대기 진행 15.2s SRT_000 busy=False url_ok=False src=
[23:01:32] ⏱ 생성대기 완료 16.4s SRT_000 https://www.genspark.ai/api/files/s/pec2kmma
[23:01:32] ⏱ 생성대기구간 SRT_000 16.4s · ok=True
[23:01:32] SRT_000 근접 이미지 https://www.genspark.ai/api/files/s/pec2kmma
[23:01:32] 다운로드 files URL=https://www.genspark.ai/api/files/s/pec2kmma → SRT_000.png
[23:01:32] ⏱ 다운로드 직접실패 0.3s · 페이지 fetch 재시도: HTTP Error 403: Forbidden
[23:01:32] ⏱ 다운로드 fetch 0.1s size=707372 SRT_000.png
[23:01:32] ⏱ 다운로드구간 SRT_000 0.4s · SRT_000.png
[23:01:33] ⏱ 다운로드후유휴 SRT_000 1.2s · idle=True
[23:01:33] ⏱ 씬합계 SRT_000 22.7s · https://www.genspark.ai/api/files/s/pec2kmma
[23:01:33] SRT_000 생성·다운로드 완료
C:\cursor\wuxia\무협극장\검신귀환록\2부\14장\png\SRT_000.png
[23:01:34] 상태키 SRT_020 · Baek|base; Jin≈19|base
[23:01:34] run_scene 시작 SRT_020 · seen_files=1 · last_saved=https://www.genspark.ai/api/files/s/pec2kmma
[23:01:34] ⏱ 준비 SRT_020 0.0s · chars=3828
[23:01:35] ⏱ 다음명령유휴 SRT_020 1.2s · idle=True
[23:01:35] fill OK(clip) follow=True chars=3828
[23:01:35] submit 시작 composer=3828 url=https://www.genspark.ai/agents?id=d165cd99-481d-4134-aa14-46105d6f1408
[23:01:36] submit geo 실패 hit=no-btn
[23:01:36] submit 시도 method=geo geo=False
[23:01:36] submit 미확인 method=geo generating=False composer=3828
[23:01:36] submit geo 실패 hit=no-btn
[23:01:36] submit 시도 method=send send=False
[23:01:37] submit 미확인 method=send generating=False composer=3828
[23:01:37] submit 시도 method=ctrl
[23:01:38] submit 미확인 method=ctrl generating=False composer=3830
[23:01:38] submit 시도 method=enter
[23:01:39] submit 확인 method=enter generating=False composer=0
[23:01:39] ⏱ 입력·전송 SRT_020 3.8s · chars=3828
[23:01:39] 제출 후 last_saved=https://www.genspark.ai/api/files/s/pec2kmma
[23:01:39] ⏱ 생성대기 시작 SRT_020 max=120s
[23:01:52] ⏱ 생성대기 완료 13.5s SRT_020 https://www.genspark.ai/api/files/s/qtlrpguu
[23:01:52] ⏱ 생성대기구간 SRT_020 13.5s · ok=True
[23:01:52] SRT_020 근접 이미지 https://www.genspark.ai/api/files/s/qtlrpguu
[23:01:52] 다운로드 files URL=https://www.genspark.ai/api/files/s/qtlrpguu → SRT_020.png
[23:01:53] ⏱ 다운로드 직접실패 0.2s · 페이지 fetch 재시도: HTTP Error 403: Forbidden
[23:01:53] ⏱ 다운로드 fetch 0.1s size=825961 SRT_020.png
[23:01:53] ⏱ 다운로드구간 SRT_020 0.3s · SRT_020.png
[23:01:54] ⏱ 다운로드후유휴 SRT_020 1.3s · idle=True
[23:01:54] ⏱ 씬합계 SRT_020 20.3s · https://www.genspark.ai/api/files/s/qtlrpguu
[23:01:54] SRT_020 생성·다운로드 완료
C:\cursor\wuxia\무협극장\검신귀환록\2부\14장\png\SRT_020.png
[23:01:54] 상태키 SRT_040 · Baek|base; Jin≈19|base
[23:01:54] run_scene 시작 SRT_040 · seen_files=2 · last_saved=https://www.genspark.ai/api/files/s/qtlrpguu
[23:01:54] ⏱ 준비 SRT_040 0.0s · chars=2399
[23:01:55] ⏱ 다음명령유휴 SRT_040 1.4s · idle=True
[23:01:56] fill OK(clip) follow=True chars=2399
[23:01:56] submit 시작 composer=2399 url=https://www.genspark.ai/agents?id=d165cd99-481d-4134-aa14-46105d6f1408
[23:01:56] submit geo 실패 hit=no-btn
[23:01:56] submit 시도 method=geo geo=False
[23:01:57] submit 미확인 method=geo generating=False composer=2399
[23:01:57] submit geo 실패 hit=no-btn
[23:01:57] submit 시도 method=send send=False
[23:01:58] submit 미확인 method=send generating=False composer=2399
[23:01:58] submit 시도 method=ctrl
[23:01:58] submit 미확인 method=ctrl generating=False composer=2401
[23:01:59] submit 시도 method=enter
[23:01:59] submit 확인 method=enter generating=False composer=0
[23:01:59] ⏱ 입력·전송 SRT_040 3.8s · chars=2399
[23:01:59] 제출 후 last_saved=https://www.genspark.ai/api/files/s/qtlrpguu
[23:02:00] ⏱ 생성대기 시작 SRT_040 max=120s
[23:02:15] ⏱ 생성대기 진행 15.3s SRT_040 busy=False url_ok=False src=
[23:02:17] ⏱ 생성대기 완료 17.8s SRT_040 https://www.genspark.ai/api/files/s/h9s9fqv9
[23:02:17] ⏱ 생성대기구간 SRT_040 17.8s · ok=True
[23:02:17] SRT_040 근접 이미지 https://www.genspark.ai/api/files/s/h9s9fqv9
[23:02:17] 다운로드 files URL=https://www.genspark.ai/api/files/s/h9s9fqv9 → SRT_040.png
[23:02:18] ⏱ 다운로드 직접실패 0.3s · 페이지 fetch 재시도: HTTP Error 403: Forbidden
[23:02:18] ⏱ 다운로드 fetch 0.1s size=605094 SRT_040.png
[23:02:18] ⏱ 다운로드구간 SRT_040 0.3s · SRT_040.png
[23:02:19] ⏱ 다운로드후유휴 SRT_040 1.3s · idle=True
[23:02:19] ⏱ 씬합계 SRT_040 24.9s · https://www.genspark.ai/api/files/s/h9s9fqv9
[23:02:19] SRT_040 생성·다운로드 완료
C:\cursor\wuxia\무협극장\검신귀환록\2부\14장\png\SRT_040.png
[23:02:19] 상태키 SRT_060 · Baek|base; Jin≈19|base
[23:02:19] run_scene 시작 SRT_060 · seen_files=3 · last_saved=https://www.genspark.ai/api/files/s/h9s9fqv9
[23:02:19] ⏱ 준비 SRT_060 0.0s · chars=1390
[23:02:20] ⏱ 다음명령유휴 SRT_060 1.3s · idle=True
[23:02:21] fill OK(clip) follow=True chars=1390
[23:02:21] submit 시작 composer=1390 url=https://www.genspark.ai/agents?id=d165cd99-481d-4134-aa14-46105d6f1408
[23:02:21] submit geo 실패 hit=no-btn
[23:02:21] submit 시도 method=geo geo=False
[23:02:22] submit 미확인 method=geo generating=False composer=1390
[23:02:22] submit geo 실패 hit=no-btn
[23:02:22] submit 시도 method=send send=False
[23:02:23] submit 미확인 method=send generating=False composer=1390
[23:02:23] submit 시도 method=ctrl
[23:02:23] submit 미확인 method=ctrl generating=False composer=1392
[23:02:24] submit 시도 method=enter
[23:02:24] submit 확인 method=enter generating=False composer=0
[23:02:24] ⏱ 입력·전송 SRT_060 3.9s · chars=1390
[23:02:24] 제출 후 last_saved=https://www.genspark.ai/api/files/s/h9s9fqv9
[23:02:24] ⏱ 생성대기 시작 SRT_060 max=120s
[23:02:34] ⏱ 생성대기 완료 9.3s SRT_060 https://www.genspark.ai/api/files/s/hhve1cv2
[23:02:34] ⏱ 생성대기구간 SRT_060 9.3s · ok=True
[23:02:34] SRT_060 근접 이미지 https://www.genspark.ai/api/files/s/hhve1cv2
[23:02:34] 다운로드 files URL=https://www.genspark.ai/api/files/s/hhve1cv2 → SRT_060.png
[23:02:34] ⏱ 다운로드 직접실패 0.3s · 페이지 fetch 재시도: HTTP Error 403: Forbidden
[23:02:34] ⏱ 다운로드 fetch 0.0s size=468824 SRT_060.png
[23:02:34] ⏱ 다운로드구간 SRT_060 0.3s · SRT_060.png
[23:02:36] ⏱ 다운로드후유휴 SRT_060 1.3s · idle=True
[23:02:36] ⏱ 씬합계 SRT_060 16.4s · https://www.genspark.ai/api/files/s/hhve1cv2
[23:02:36] SRT_060 생성·다운로드 완료
C:\cursor\wuxia\무협극장\검신귀환록\2부\14장\png\SRT_060.png
[23:02:36] 상태키 SRT_080 · Baek|base; Jin≈19|base
[23:02:36] run_scene 시작 SRT_080 · seen_files=4 · last_saved=https://www.genspark.ai/api/files/s/hhve1cv2
[23:02:36] ⏱ 준비 SRT_080 0.0s · chars=1927
[23:02:37] ⏱ 다음명령유휴 SRT_080 1.3s · idle=True
[23:02:38] fill OK(clip) follow=True chars=1927
[23:02:38] submit 시작 composer=1927 url=https://www.genspark.ai/agents?id=d165cd99-481d-4134-aa14-46105d6f1408
[23:02:38] submit geo 실패 hit=no-btn
[23:02:38] submit 시도 method=geo geo=False
[23:02:38] submit 미확인 method=geo generating=False composer=1927
[23:02:39] submit geo 실패 hit=no-btn
[23:02:39] submit 시도 method=send send=False
[23:02:39] submit 미확인 method=send generating=False composer=1927
[23:02:40] submit 시도 method=ctrl
[23:02:40] submit 미확인 method=ctrl generating=False composer=1929
[23:02:40] submit 시도 method=enter
[23:02:41] submit 확인 method=enter generating=False composer=0
[23:02:41] ⏱ 입력·전송 SRT_080 4.0s · chars=1927
[23:02:41] 제출 후 last_saved=https://www.genspark.ai/api/files/s/hhve1cv2
[23:02:41] ⏱ 생성대기 시작 SRT_080 max=120s
[23:02:55] ⏱ 생성대기 완료 13.3s SRT_080 https://www.genspark.ai/api/files/s/zyvdlg6j
[23:02:55] ⏱ 생성대기구간 SRT_080 13.3s · ok=True
[23:02:55] SRT_080 근접 이미지 https://www.genspark.ai/api/files/s/zyvdlg6j
[23:02:55] 다운로드 files URL=https://www.genspark.ai/api/files/s/zyvdlg6j → SRT_080.png
[23:02:55] ⏱ 다운로드 직접실패 0.3s · 페이지 fetch 재시도: HTTP Error 403: Forbidden
[23:02:55] ⏱ 다운로드 fetch 0.1s size=488930 SRT_080.png
[23:02:55] ⏱ 다운로드구간 SRT_080 0.4s · SRT_080.png
[23:02:57] ⏱ 다운로드후유휴 SRT_080 1.7s · idle=True
[23:02:57] ⏱ 씬합계 SRT_080 21.0s · https://www.genspark.ai/api/files/s/zyvdlg6j
[23:02:57] SRT_080 생성·다운로드 완료
C:\cursor\wuxia\무협극장\검신귀환록\2부\14장\png\SRT_080.png
[23:02:57] 상태키 SRT_100 · Baek|blood_robe; Jin≈19|blood_robe
[23:02:57] run_scene 시작 SRT_100 · seen_files=5 · last_saved=https://www.genspark.ai/api/files/s/zyvdlg6j
[23:02:57] ⏱ 준비 SRT_100 0.0s · chars=2951
[23:02:58] ⏱ 다음명령유휴 SRT_100 1.3s · idle=True
[23:02:59] fill OK(clip) follow=True chars=2951
[23:02:59] submit 시작 composer=2951 url=https://www.genspark.ai/agents?id=d165cd99-481d-4134-aa14-46105d6f1408
[23:02:59] submit geo 실패 hit=no-btn
[23:02:59] submit 시도 method=geo geo=False
[23:03:00] submit 미확인 method=geo generating=False composer=2951
[23:03:00] submit geo 실패 hit=no-btn
[23:03:00] submit 시도 method=send send=False
[23:03:01] submit 미확인 method=send generating=False composer=2951
[23:03:01] submit 시도 method=ctrl
[23:03:02] submit 미확인 method=ctrl generating=False composer=2953
[23:03:02] submit 시도 method=enter
[23:03:03] submit 확인 method=enter generating=False composer=0
[23:03:03] ⏱ 입력·전송 SRT_100 4.3s · chars=2951
[23:03:03] 제출 후 last_saved=https://www.genspark.ai/api/files/s/zyvdlg6j
[23:03:03] ⏱ 생성대기 시작 SRT_100 max=120s
[23:03:18] ⏱ 생성대기 진행 15.1s SRT_100 busy=False url_ok=False src=
[23:03:33] ⏱ 생성대기 진행 30.2s SRT_100 busy=False url_ok=False src=
[23:03:48] ⏱ 생성대기 진행 45.2s SRT_100 busy=False url_ok=False src=
[23:04:03] ⏱ 생성대기 진행 60.2s SRT_100 busy=False url_ok=False src=
[23:04:18] ⏱ 생성대기 진행 75.3s SRT_100 busy=False url_ok=False src=
[23:04:33] ⏱ 생성대기 진행 90.6s SRT_100 busy=False url_ok=False src=
[23:04:49] ⏱ 생성대기 진행 106.0s SRT_100 busy=False url_ok=False src=
[23:05:29] ⏱ 생성대기 시간초과 146.0s SRT_100 (새 api/files 이미지 없음, max=120s)
[23:05:29] ⏱ 생성대기구간 SRT_100 146.0s · ok=False
[23:05:29] run_scene 실패(재시도 없음): 새 이미지 대기 초과 (120s) — 다음 씬으로 진행
[23:05:29] SRT_100 실패 — 다음 씬 계속
새 이미지 대기 초과 (120s) — 다음 씬으로 진행
[23:05:29] 상태키 SRT_120 · Baek|blood_robe; Jin≈19|blood_robe
[23:05:29] 늦은이미지 회수 실패 SRT_100: SRT_100 요청 아래 새 이미지가 없습니다.
[23:05:29] run_scene 시작 SRT_120 · seen_files=5 · last_saved=https://www.genspark.ai/api/files/s/zyvdlg6j
[23:05:29] ⏱ 준비 SRT_120 0.0s · chars=1408
[23:05:31] ⏱ 다음명령유휴 SRT_120 1.5s · idle=True
[23:05:31] fill OK(clip) follow=True chars=1408
[23:05:31] submit 시작 composer=1408 url=https://www.genspark.ai/agents?id=d165cd99-481d-4134-aa14-46105d6f1408
[23:05:31] submit geo 실패 hit=no-btn
[23:05:31] submit 시도 method=geo geo=False
[23:05:32] submit 미확인 method=geo generating=False composer=1408
[23:05:32] submit geo 실패 hit=no-btn
[23:05:32] submit 시도 method=send send=False
[23:05:33] submit 미확인 method=send generating=False composer=1408
[23:05:33] submit 시도 method=ctrl
[23:05:34] submit 미확인 method=ctrl generating=False composer=1410
[23:05:34] submit 시도 method=enter
[23:05:35] submit 확인 method=enter generating=False composer=0
[23:05:35] ⏱ 입력·전송 SRT_120 4.2s · chars=1408
[23:05:35] 제출 후 last_saved=https://www.genspark.ai/api/files/s/zyvdlg6j
[23:05:35] ⏱ 생성대기 시작 SRT_120 max=120s
[23:05:50] ⏱ 생성대기 진행 15.1s SRT_120 busy=False url_ok=False src=
[23:06:05] ⏱ 생성대기 진행 30.2s SRT_120 busy=False url_ok=False src=
[23:06:20] ⏱ 생성대기 진행 45.2s SRT_120 busy=False url_ok=False src=
[23:06:35] ⏱ 생성대기 진행 60.5s SRT_120 busy=False url_ok=False src=
[23:06:51] ⏱ 생성대기 진행 75.9s SRT_120 busy=False url_ok=False src=
[23:07:06] ⏱ 생성대기 진행 91.2s SRT_120 busy=False url_ok=False src=
[23:07:22] ⏱ 생성대기 진행 106.6s SRT_120 busy=False url_ok=False src=
[23:08:01] ⏱ 생성대기 시간초과 146.1s SRT_120 (새 api/files 이미지 없음, max=120s)
[23:08:01] ⏱ 생성대기구간 SRT_120 146.1s · ok=False
[23:08:01] run_scene 실패(재시도 없음): 새 이미지 대기 초과 (120s) — 다음 씬으로 진행
[23:08:01] SRT_120 실패(한도 추정 streak=2) — 1시간 후 같은 씬 재시도
새 이미지 대기 초과 (120s) — 다음 씬으로 진행
[23:08:01] 한도 대기 60분 시작 — SRT_120 한도
[23:15:08] 탭로그 ON — 브라우저 열기·생성 · 씬 68개 · reopen=True · 한도대기ON
[23:15:14] ChromeDebug 재시작 port=9242 user_data=C:\ChromeDebug_2_5
[23:15:18] 모델 이미 Pro: Nano Banana Pro
[23:15:19] 세션 준비 — login=OK model=Nano Banana Pro auto=True
[23:15:19] ensure_page cur_sc=10 prefer_sc=10 cur=https://www.genspark.ai/ai_image prefer=https://www.genspark.ai/ai_image
[23:15:21] fill OK(clip) follow=False chars=68627
[23:15:21] 입력창 붙여넣기 — 프롬프트 45379자 + SRT 23205자 = 합계 68627자
  prompt=C:/cursor/videt/2_5_sceneImage/md/image.검신회귀록.txt
  srt=C:\cursor\wuxia\무협극장\검신귀환록\2부\14장\mp3\new.srt
[23:15:22] ensure_page cur_sc=10 prefer_sc=10 cur=https://www.genspark.ai/ai_image prefer=https://www.genspark.ai/ai_image
[23:15:23] 동일 입력창에 명령 추가(미실행): ===== CHARACTER LOOK (SRT_100) =====
State keys: Jin≈19|blood_robe; Baek≈19|blood_robe; Namgung|base
Jin Muhan, approximately nineteen years old, East-Asian young swordsman, sharp …
[23:15:24] 상태키 SRT_100 · Baek|blood_robe; Jin≈19|blood_robe
[23:15:24] run_scene 시작 SRT_100 · seen_files=5 · last_saved=https://www.genspark.ai/api/files/s/zyvdlg6j
[23:15:24] ensure_page cur_sc=10 prefer_sc=10 cur=https://www.genspark.ai/ai_image prefer=https://www.genspark.ai/ai_image
[23:15:24] 모델 선택 시작 현재=(없음)
[23:15:24] 모델 선택 결과 ok=False 칩=(없음) picked=
[23:15:24] ⏱ 준비 SRT_100 0.1s · chars=2951
[23:15:24] submit 시작 composer=2951 url=https://www.genspark.ai/ai_image
[23:15:24] submit geo 실패 hit=no-btn
[23:15:24] submit 시도 method=geo geo=False
[23:15:25] submit 미확인 method=geo generating=False composer=2951
[23:15:25] submit geo 실패 hit=no-btn
[23:15:25] submit 시도 method=send send=False
[23:15:26] submit 미확인 method=send generating=False composer=2951
[23:15:26] submit 시도 method=ctrl
[23:15:27] submit 미확인 method=ctrl generating=False composer=2953
[23:15:28] submit 시도 method=enter
[23:15:29] submit 확인 method=enter generating=False composer=0
[23:15:29] ⏱ 입력창전송 SRT_100 4.6s
[23:15:29] 제출 후 last_saved=https://www.genspark.ai/api/files/s/zyvdlg6j
[23:15:29] ⏱ 생성대기 시작 SRT_100 max=120s
[23:15:44] ⏱ 생성대기 진행 15.2s SRT_100 busy=False url_ok=False src=
[23:15:44] ⏱ 생성대기 한도감지 15.2s SRT_100 · AI Image 한도 - 재설정 2026-08-26 02:56 · AI Image 5시간 제한에 도달했습니다. 8월 26일 오전 2:56에 재설정됩니다 --- 5시간 제한 --- 세션 한도 도달 AI Image 5시간 제한에 도달했습니다. 8월 26일 오전 2:56에 재설정됩니다
[23:15:44] run_scene 실패(재시도 없음): AI Image 한도 - 재설정 2026-08-26 02:56
[23:15:44] SRT_100 실패(한도 확정 streak=1) — 대기 후 같은 씬 재시도
AI Image 한도 - 재설정 2026-08-26 02:56
[23:15:44] 한도 대기 220분(until_reset) 시작 — SRT_100 한도 · 재설정 08/26 02:56
[23:19:47] 탭로그 ON — 브라우저 열기·생성 · 씬 68개 · reopen=True · 한도대기ON
[23:19:52] ChromeDebug 재시작 port=9242 user_data=C:\ChromeDebug_2_5
[23:19:59] 모델 이미 Pro: Nano Banana Pro
[23:19:59] 세션 준비 — login=OK model=Nano Banana Pro auto=True
[23:19:59] ensure_page cur_sc=10 prefer_sc=10 cur=https://www.genspark.ai/ai_image prefer=https://www.genspark.ai/ai_image
[23:20:02] fill OK(clip) follow=False chars=68627
[23:20:03] 입력창 붙여넣기 — 프롬프트 45379자 + SRT 23205자 = 합계 68627자
  prompt=C:/cursor/videt/2_5_sceneImage/md/image.검신회귀록.txt
  srt=C:\cursor\wuxia\무협극장\검신귀환록\2부\14장\mp3\new.srt
[23:20:04] ensure_page cur_sc=10 prefer_sc=10 cur=https://www.genspark.ai/ai_image prefer=https://www.genspark.ai/ai_image
[23:20:05] 동일 입력창에 명령 추가(미실행): ===== CHARACTER LOOK (SRT_100) =====
State keys: Jin≈19|blood_robe; Baek≈19|blood_robe; Namgung|base
Jin Muhan, approximately nineteen years old, East-Asian young swordsman, sharp …
[23:20:06] 상태키 SRT_100 · Baek|blood_robe; Jin≈19|blood_robe
[23:20:06] run_scene 시작 SRT_100 · seen_files=5 · last_saved=https://www.genspark.ai/api/files/s/zyvdlg6j
[23:20:06] ensure_page cur_sc=10 prefer_sc=10 cur=https://www.genspark.ai/ai_image prefer=https://www.genspark.ai/ai_image
[23:20:06] 모델 이미 Pro: Nano Banana Pro
[23:20:06] ⏱ 준비 SRT_100 0.0s · chars=2951
[23:20:06] submit 시작 composer=2951 url=https://www.genspark.ai/ai_image
[23:20:06] submit geo 실패 hit=no-btn
[23:20:06] submit 시도 method=geo geo=False
[23:20:06] submit 미확인 method=geo generating=False composer=2951
[23:20:07] submit geo 실패 hit=no-btn
[23:20:07] submit 시도 method=send send=False
[23:20:07] submit 미확인 method=send generating=False composer=2951
[23:20:08] submit 시도 method=ctrl
[23:20:08] submit 미확인 method=ctrl generating=False composer=2953
[23:20:09] submit 시도 method=enter
[23:20:10] submit 확인 method=enter generating=False composer=0
[23:20:10] ⏱ 입력창전송 SRT_100 3.8s
[23:20:10] 제출 후 last_saved=https://www.genspark.ai/api/files/s/zyvdlg6j
[23:20:10] ⏱ 생성대기 시작 SRT_100 max=120s
[23:20:25] ⏱ 생성대기 진행 15.3s SRT_100 busy=False url_ok=False src=
[23:20:25] ⏱ 생성대기 한도감지 15.3s SRT_100 · AI Image 한도 - 재설정 2026-08-26 02:56 · AI Image 5시간 제한에 도달했습니다. 8월 26일 오전 2:56에 재설정됩니다 --- 5시간 제한 --- New AI 이미지 홈 Skills 세컨드 브레인 더보기 SRT_100 무협 만화 장면 생성 요청 공유
[23:20:25] run_scene 실패(재시도 없음): AI Image 한도 - 재설정 2026-08-26 02:56
[23:20:25] SRT_100 실패(한도 확정 streak=1) — 브라우저 종료 후 대기·재오픈
AI Image 한도 - 재설정 2026-08-26 02:56
[23:20:29] 한도 대기 전 ChromeDebug 종료
[23:20:29] 한도 대기 216분(until_reset) 시작 — SRT_100 한도 · 재설정 08/26 02:56
[23:20:51] 탭로그 ON — 브라우저 열기·생성 · 씬 68개 · reopen=True · 한도대기ON
[23:20:56] ChromeDebug 재시작 port=9242 user_data=C:\ChromeDebug_2_5
[23:21:03] 모델 이미 Pro: Nano Banana Pro
[23:21:03] 세션 준비 — login=OK model=Nano Banana Pro auto=True
[23:21:03] ensure_page cur_sc=10 prefer_sc=10 cur=https://www.genspark.ai/ai_image prefer=https://www.genspark.ai/ai_image
[23:21:05] fill OK(clip) follow=False chars=68627
[23:21:05] 입력창 붙여넣기 — 프롬프트 45379자 + SRT 23205자 = 합계 68627자
  prompt=C:/cursor/videt/2_5_sceneImage/md/image.검신회귀록.txt
  srt=C:\cursor\wuxia\무협극장\검신귀환록\2부\14장\mp3\new.srt
[23:21:06] ensure_page cur_sc=10 prefer_sc=10 cur=https://www.genspark.ai/ai_image prefer=https://www.genspark.ai/ai_image
[23:21:07] 동일 입력창에 명령 추가(미실행): ===== CHARACTER LOOK (SRT_100) =====
State keys: Jin≈19|blood_robe; Baek≈19|blood_robe; Namgung|base
Jin Muhan, approximately nineteen years old, East-Asian young swordsman, sharp …
[23:21:08] 상태키 SRT_100 · Baek|blood_robe; Jin≈19|blood_robe
[23:21:08] run_scene 시작 SRT_100 · seen_files=5 · last_saved=https://www.genspark.ai/api/files/s/zyvdlg6j
[23:21:08] ensure_page cur_sc=10 prefer_sc=10 cur=https://www.genspark.ai/ai_image prefer=https://www.genspark.ai/ai_image
[23:21:08] 모델 선택 시작 현재=(없음)
[23:21:08] 모델 선택 결과 ok=False 칩=(없음) picked=
[23:21:08] ⏱ 준비 SRT_100 0.1s · chars=2951
[23:21:08] submit 시작 composer=2951 url=https://www.genspark.ai/ai_image
[23:21:08] submit geo 실패 hit=no-btn
[23:21:08] submit 시도 method=geo geo=False
[23:21:09] submit 미확인 method=geo generating=False composer=2951
[23:21:09] submit geo 실패 hit=no-btn
[23:21:09] submit 시도 method=send send=False
[23:21:10] submit 미확인 method=send generating=False composer=2951
[23:21:10] submit 시도 method=ctrl
[23:21:11] submit 미확인 method=ctrl generating=False composer=2953
[23:21:11] submit 시도 method=enter
[23:21:12] submit 확인 method=enter generating=False composer=0
[23:21:12] ⏱ 입력창전송 SRT_100 3.7s
[23:21:12] 제출 후 last_saved=https://www.genspark.ai/api/files/s/zyvdlg6j
[23:21:12] ⏱ 생성대기 시작 SRT_100 max=120s
[23:21:27] ⏱ 생성대기 진행 15.1s SRT_100 busy=False url_ok=False src=
[23:21:27] ⏱ 생성대기 한도감지 15.1s SRT_100 · AI Image 한도 - 재설정 2026-08-26 02:56 · AI Image 5시간 제한에 도달했습니다. 8월 26일 오전 2:56에 재설정됩니다 --- 5시간 제한 --- 세션 한도 도달 AI Image 5시간 제한에 도달했습니다. 8월 26일 오전 2:56에 재설정됩니다
[23:21:27] run_scene 실패(재시도 없음): AI Image 한도 - 재설정 2026-08-26 02:56
[23:21:27] SRT_100 실패(한도 확정 streak=1) — 브라우저 종료 후 대기·재오픈
AI Image 한도 - 재설정 2026-08-26 02:56
[23:21:31] 한도 대기 전 ChromeDebug 종료
[23:21:31] 한도 대기 214분(until_reset) 시작 — SRT_100 한도 · 재설정 08/26 02:56
[02:56:30] 한도 대기 종료(until_reset) — 재시도
[02:56:30] 한도 대기 종료 — 브라우저 재오픈 후 SRT_100 재개
[02:56:36] ChromeDebug 재시작 port=9242 user_data=C:\ChromeDebug_2_5
[02:56:39] 모델 이미 Pro: Nano Banana Pro
[02:56:39] 세션 준비 — login=OK model=Nano Banana Pro auto=True
[02:56:39] ensure_page cur_sc=10 prefer_sc=10 cur=https://www.genspark.ai/ai_image prefer=https://www.genspark.ai/ai_image
[02:56:41] fill OK(clip) follow=False chars=68627
[02:56:42] 입력창 붙여넣기 — 프롬프트 45379자 + SRT 23205자 = 합계 68627자
  prompt=C:/cursor/videt/2_5_sceneImage/md/image.검신회귀록.txt
  srt=C:\cursor\wuxia\무협극장\검신귀환록\2부\14장\mp3\new.srt
[02:56:43] ensure_page cur_sc=10 prefer_sc=10 cur=https://www.genspark.ai/ai_image prefer=https://www.genspark.ai/ai_image
[02:56:44] 동일 입력창에 명령 추가(미실행): ===== CHARACTER LOOK (SRT_100) =====
State keys: Jin≈19|blood_robe; Baek≈19|blood_robe; Namgung|base
Jin Muhan, approximately nineteen years old, East-Asian young swordsman, sharp …
[02:56:45] 상태키 SRT_100 · Baek|blood_robe; Jin≈19|blood_robe
[02:56:45] run_scene 시작 SRT_100 · seen_files=5 · last_saved=https://www.genspark.ai/api/files/s/zyvdlg6j
[02:56:45] ensure_page cur_sc=10 prefer_sc=10 cur=https://www.genspark.ai/ai_image prefer=https://www.genspark.ai/ai_image
[02:56:45] ⏱ 준비 SRT_100 0.0s · chars=2951
[02:56:45] submit 시작 composer=2951 url=https://www.genspark.ai/ai_image
[02:56:45] submit geo 실패 hit=no-btn
[02:56:45] submit 시도 method=geo geo=False
[02:56:45] submit 미확인 method=geo generating=False composer=2951
[02:56:46] submit geo 실패 hit=no-btn
[02:56:46] submit 시도 method=send send=False
[02:56:46] submit 미확인 method=send generating=False composer=2951
[02:56:46] submit 시도 method=ctrl
[02:56:47] submit 미확인 method=ctrl generating=False composer=2953
[02:56:48] submit 시도 method=enter
[02:56:49] submit 확인 method=enter generating=False composer=0
[02:56:49] ⏱ 입력창전송 SRT_100 3.9s
[02:56:49] 제출 후 last_saved=https://www.genspark.ai/api/files/s/zyvdlg6j
[02:56:49] ⏱ 생성대기 시작 SRT_100 max=120s
[02:57:04] ⏱ 생성대기 진행 15.0s SRT_100 busy=False url_ok=False src=
[02:57:08] ⏱ 생성대기 완료 19.0s SRT_100 https://www.genspark.ai/api/files/s/qqb9dfvh
[02:57:08] ⏱ 생성대기구간 SRT_100 19.0s · ok=True
[02:57:08] SRT_100 근접 이미지 https://www.genspark.ai/api/files/s/qqb9dfvh
[02:57:08] 다운로드 files URL=https://www.genspark.ai/api/files/s/qqb9dfvh → SRT_100.png
[02:57:08] ⏱ 다운로드 직접실패 0.3s · 페이지 fetch 재시도: HTTP Error 403: Forbidden
[02:57:08] ⏱ 다운로드 fetch 0.1s size=690444 SRT_100.png
[02:57:08] ⏱ 다운로드구간 SRT_100 0.4s · SRT_100.png
[02:57:09] ⏱ 다운로드후유휴 SRT_100 1.3s · idle=True
[02:57:09] ⏱ 씬합계 SRT_100 24.9s · https://www.genspark.ai/api/files/s/qqb9dfvh
[02:57:09] SRT_100 생성·다운로드 완료
C:\cursor\wuxia\무협극장\검신귀환록\2부\14장\png\SRT_100.png
[02:57:10] 상태키 SRT_120 · Baek|blood_robe; Jin≈19|blood_robe
[02:57:10] run_scene 시작 SRT_120 · seen_files=6 · last_saved=https://www.genspark.ai/api/files/s/qqb9dfvh
[02:57:10] ⏱ 준비 SRT_120 0.0s · chars=1408
[02:57:11] ⏱ 다음명령유휴 SRT_120 1.4s · idle=True
[02:57:12] fill OK(clip) follow=True chars=1408
[02:57:12] submit 시작 composer=1408 url=https://www.genspark.ai/agents?id=91f02444-1b14-469d-990c-7e05369630f6
[02:57:12] submit geo 실패 hit=no-btn
[02:57:12] submit 시도 method=geo geo=False
[02:57:12] submit 미확인 method=geo generating=False composer=1408
[02:57:13] submit geo 실패 hit=no-btn
[02:57:13] submit 시도 method=send send=False
[02:57:13] submit 미확인 method=send generating=False composer=1408
[02:57:13] submit 시도 method=ctrl
[02:57:14] submit 미확인 method=ctrl generating=False composer=1410
[02:57:14] submit 시도 method=enter
[02:57:15] submit 확인 method=enter generating=False composer=0
[02:57:15] ⏱ 입력·전송 SRT_120 3.9s · chars=1408
[02:57:15] 제출 후 last_saved=https://www.genspark.ai/api/files/s/qqb9dfvh
[02:57:15] ⏱ 생성대기 시작 SRT_120 max=120s
[02:57:28] ⏱ 생성대기 완료 13.3s SRT_120 https://www.genspark.ai/api/files/s/saxqm23x
[02:57:28] ⏱ 생성대기구간 SRT_120 13.3s · ok=True
[02:57:28] SRT_120 근접 이미지 https://www.genspark.ai/api/files/s/saxqm23x
[02:57:28] 다운로드 files URL=https://www.genspark.ai/api/files/s/saxqm23x → SRT_120.png
[02:57:29] ⏱ 다운로드 직접실패 0.2s · 페이지 fetch 재시도: HTTP Error 403: Forbidden
[02:57:29] ⏱ 다운로드 fetch 0.1s size=706983 SRT_120.png
[02:57:29] ⏱ 다운로드구간 SRT_120 0.3s · SRT_120.png
[02:57:30] ⏱ 다운로드후유휴 SRT_120 1.4s · idle=True
[02:57:30] ⏱ 씬합계 SRT_120 20.6s · https://www.genspark.ai/api/files/s/saxqm23x
[02:57:30] SRT_120 생성·다운로드 완료
C:\cursor\wuxia\무협극장\검신귀환록\2부\14장\png\SRT_120.png
[02:57:30] 상태키 SRT_140 · Baek|blood_robe; Jin≈19|blood_robe
[02:57:30] run_scene 시작 SRT_140 · seen_files=7 · last_saved=https://www.genspark.ai/api/files/s/saxqm23x
[02:57:30] ⏱ 준비 SRT_140 0.0s · chars=2484
[02:57:32] ⏱ 다음명령유휴 SRT_140 1.5s · idle=True
[02:57:33] fill OK(clip) follow=True chars=2484
[02:57:33] submit 시작 composer=2484 url=https://www.genspark.ai/agents?id=91f02444-1b14-469d-990c-7e05369630f6
[02:57:33] submit geo 실패 hit=no-btn
[02:57:33] submit 시도 method=geo geo=False
[02:57:33] submit 미확인 method=geo generating=False composer=2484
[02:57:34] submit geo 실패 hit=no-btn
[02:57:34] submit 시도 method=send send=False
[02:57:34] submit 미확인 method=send generating=False composer=2484
[02:57:34] submit 시도 method=ctrl
[02:57:35] submit 미확인 method=ctrl generating=False composer=2486
[02:57:35] submit 시도 method=enter
[02:57:36] submit 확인 method=enter generating=False composer=0
[02:57:36] ⏱ 입력·전송 SRT_140 4.1s · chars=2484
[02:57:36] 제출 후 last_saved=https://www.genspark.ai/api/files/s/saxqm23x
[02:57:36] ⏱ 생성대기 시작 SRT_140 max=120s
[02:57:51] ⏱ 생성대기 진행 15.4s SRT_140 busy=False url_ok=False src=
[02:57:53] ⏱ 생성대기 완료 17.0s SRT_140 https://www.genspark.ai/api/files/s/oqcpsglk
[02:57:53] ⏱ 생성대기구간 SRT_140 17.0s · ok=True
[02:57:53] SRT_140 근접 이미지 https://www.genspark.ai/api/files/s/oqcpsglk
[02:57:53] 다운로드 files URL=https://www.genspark.ai/api/files/s/oqcpsglk → SRT_140.png
[02:57:53] ⏱ 다운로드 직접실패 0.2s · 페이지 fetch 재시도: HTTP Error 403: Forbidden
[02:57:54] ⏱ 다운로드 fetch 0.1s size=725817 SRT_140.png
[02:57:54] ⏱ 다운로드구간 SRT_140 0.4s · SRT_140.png
[02:57:55] ⏱ 다운로드후유휴 SRT_140 1.3s · idle=True
[02:57:55] ⏱ 씬합계 SRT_140 24.5s · https://www.genspark.ai/api/files/s/oqcpsglk
[02:57:55] SRT_140 생성·다운로드 완료
C:\cursor\wuxia\무협극장\검신귀환록\2부\14장\png\SRT_140.png
[02:57:55] 상태키 SRT_160 · Baek|blood_robe; Jin≈19|blood_robe
[02:57:55] run_scene 시작 SRT_160 · seen_files=8 · last_saved=https://www.genspark.ai/api/files/s/oqcpsglk
[02:57:55] ⏱ 준비 SRT_160 0.0s · chars=1849
[02:57:56] ⏱ 다음명령유휴 SRT_160 1.3s · idle=True
[02:57:57] fill OK(clip) follow=True chars=1849
[02:57:57] submit 시작 composer=1849 url=https://www.genspark.ai/agents?id=91f02444-1b14-469d-990c-7e05369630f6
[02:57:57] submit geo 실패 hit=no-btn
[02:57:57] submit 시도 method=geo geo=False
[02:57:58] submit 미확인 method=geo generating=False composer=1849
[02:57:58] submit geo 실패 hit=no-btn
[02:57:58] submit 시도 method=send send=False
[02:57:59] submit 미확인 method=send generating=False composer=1849
[02:57:59] submit 시도 method=ctrl
[02:57:59] submit 미확인 method=ctrl generating=False composer=1851
[02:58:00] submit 시도 method=enter
[02:58:00] submit 확인 method=enter generating=False composer=0
[02:58:00] ⏱ 입력·전송 SRT_160 4.0s · chars=1849
[02:58:00] 제출 후 last_saved=https://www.genspark.ai/api/files/s/oqcpsglk
[02:58:00] ⏱ 생성대기 시작 SRT_160 max=120s
[02:58:16] ⏱ 생성대기 진행 15.3s SRT_160 busy=False url_ok=False src=
[02:58:31] ⏱ 생성대기 진행 30.6s SRT_160 busy=False url_ok=False src=
[02:58:46] ⏱ 생성대기 진행 45.8s SRT_160 busy=False url_ok=False src=
[02:58:49] ⏱ 생성대기 완료 48.1s SRT_160 https://www.genspark.ai/api/files/s/nzihkzmu
[02:58:49] ⏱ 생성대기구간 SRT_160 48.1s · ok=True
[02:58:49] SRT_160 근접 이미지 https://www.genspark.ai/api/files/s/nzihkzmu
[02:58:49] 다운로드 files URL=https://www.genspark.ai/api/files/s/nzihkzmu → SRT_160.png
[02:58:49] ⏱ 다운로드 직접실패 0.3s · 페이지 fetch 재시도: HTTP Error 403: Forbidden
[02:58:49] ⏱ 다운로드 fetch 0.2s size=655712 SRT_160.png
[02:58:49] ⏱ 다운로드구간 SRT_160 0.5s · SRT_160.png
[02:58:51] ⏱ 다운로드후유휴 SRT_160 2.2s · idle=True
[02:58:51] ⏱ 씬합계 SRT_160 56.3s · https://www.genspark.ai/api/files/s/nzihkzmu
[02:58:51] SRT_160 생성·다운로드 완료
C:\cursor\wuxia\무협극장\검신귀환록\2부\14장\png\SRT_160.png
[02:58:51] 상태키 SRT_180 · Baek|blood_robe; Jin≈19|blood_robe
[02:58:52] run_scene 시작 SRT_180 · seen_files=9 · last_saved=https://www.genspark.ai/api/files/s/nzihkzmu
[02:58:52] ⏱ 준비 SRT_180 0.0s · chars=1829
[02:58:54] ⏱ 다음명령유휴 SRT_180 2.3s · idle=True
[02:58:55] fill OK(clip) follow=True chars=1829
[02:58:55] submit 시작 composer=1829 url=https://www.genspark.ai/agents?id=91f02444-1b14-469d-990c-7e05369630f6
[02:58:55] submit geo 실패 hit=no-btn
[02:58:55] submit 시도 method=geo geo=False
[02:58:56] submit 미확인 method=geo generating=False composer=1829
[02:58:56] submit geo 실패 hit=no-btn
[02:58:56] submit 시도 method=send send=False
[02:58:57] submit 미확인 method=send generating=False composer=1829
[02:58:57] submit 시도 method=ctrl
[02:58:58] submit 미확인 method=ctrl generating=False composer=1831
[02:58:58] submit 시도 method=enter
[02:58:58] submit 확인 method=enter generating=False composer=0
[02:58:58] ⏱ 입력·전송 SRT_180 4.6s · chars=1829
[02:58:58] 제출 후 last_saved=https://www.genspark.ai/api/files/s/nzihkzmu
[02:58:59] ⏱ 생성대기 시작 SRT_180 max=120s
[02:59:08] ⏱ 생성대기 완료 9.5s SRT_180 https://www.genspark.ai/api/files/s/wlyvtogu
[02:59:08] ⏱ 생성대기구간 SRT_180 9.5s · ok=True
[02:59:08] SRT_180 근접 이미지 https://www.genspark.ai/api/files/s/wlyvtogu
[02:59:08] 다운로드 files URL=https://www.genspark.ai/api/files/s/wlyvtogu → SRT_180.png
[02:59:08] ⏱ 다운로드 직접실패 0.2s · 페이지 fetch 재시도: HTTP Error 403: Forbidden
[02:59:08] ⏱ 다운로드 fetch 0.1s size=572497 SRT_180.png
[02:59:08] ⏱ 다운로드구간 SRT_180 0.3s · SRT_180.png
[02:59:10] ⏱ 다운로드후유휴 SRT_180 1.3s · idle=True
[02:59:10] ⏱ 씬합계 SRT_180 18.2s · https://www.genspark.ai/api/files/s/wlyvtogu
[02:59:10] SRT_180 생성·다운로드 완료
C:\cursor\wuxia\무협극장\검신귀환록\2부\14장\png\SRT_180.png
[02:59:10] 상태키 SRT_200 · Baek|blood_robe; Jin≈19|blood_robe
[02:59:10] run_scene 시작 SRT_200 · seen_files=10 · last_saved=https://www.genspark.ai/api/files/s/wlyvtogu
[02:59:10] ⏱ 준비 SRT_200 0.0s · chars=2519
[02:59:11] ⏱ 다음명령유휴 SRT_200 1.3s · idle=True
[02:59:12] fill OK(clip) follow=True chars=2519
[02:59:12] submit 시작 composer=2519 url=https://www.genspark.ai/agents?id=91f02444-1b14-469d-990c-7e05369630f6
[02:59:12] submit geo 실패 hit=no-btn
[02:59:12] submit 시도 method=geo geo=False
[02:59:12] submit 미확인 method=geo generating=False composer=2519
[02:59:13] submit geo 실패 hit=no-btn
[02:59:13] submit 시도 method=send send=False
[02:59:13] submit 미확인 method=send generating=False composer=2519
[02:59:14] submit 시도 method=ctrl
[02:59:14] submit 미확인 method=ctrl generating=False composer=2521
[02:59:14] submit 시도 method=enter
[02:59:15] submit 확인 method=enter generating=False composer=0
[02:59:15] ⏱ 입력·전송 SRT_200 3.9s · chars=2519
[02:59:15] 제출 후 last_saved=https://www.genspark.ai/api/files/s/wlyvtogu
[02:59:15] ⏱ 생성대기 시작 SRT_200 max=120s
[02:59:27] ⏱ 생성대기 완료 11.6s SRT_200 https://www.genspark.ai/api/files/s/8rmsyvqo
[02:59:27] ⏱ 생성대기구간 SRT_200 11.6s · ok=True
[02:59:27] SRT_200 근접 이미지 https://www.genspark.ai/api/files/s/8rmsyvqo
[02:59:27] 다운로드 files URL=https://www.genspark.ai/api/files/s/8rmsyvqo → SRT_200.png
[02:59:27] ⏱ 다운로드 직접실패 0.3s · 페이지 fetch 재시도: HTTP Error 403: Forbidden
[02:59:27] ⏱ 다운로드 fetch 0.1s size=648845 SRT_200.png
[02:59:27] ⏱ 다운로드구간 SRT_200 0.4s · SRT_200.png
[02:59:29] ⏱ 다운로드후유휴 SRT_200 1.4s · idle=True
[02:59:29] ⏱ 씬합계 SRT_200 18.7s · https://www.genspark.ai/api/files/s/8rmsyvqo
[02:59:29] SRT_200 생성·다운로드 완료
C:\cursor\wuxia\무협극장\검신귀환록\2부\14장\png\SRT_200.png
[02:59:29] 상태키 SRT_220 · Baek|blood_robe; Jin≈19|blood_robe
[02:59:29] run_scene 시작 SRT_220 · seen_files=11 · last_saved=https://www.genspark.ai/api/files/s/8rmsyvqo
[02:59:29] ⏱ 준비 SRT_220 0.0s · chars=1883
[02:59:30] ⏱ 다음명령유휴 SRT_220 1.3s · idle=True
[02:59:31] fill OK(clip) follow=True chars=1883
[02:59:31] submit 시작 composer=1883 url=https://www.genspark.ai/agents?id=91f02444-1b14-469d-990c-7e05369630f6
[02:59:31] submit geo 실패 hit=no-btn
[02:59:31] submit 시도 method=geo geo=False
[02:59:31] submit 미확인 method=geo generating=False composer=1883
[02:59:32] submit geo 실패 hit=no-btn
[02:59:32] submit 시도 method=send send=False
[02:59:32] submit 미확인 method=send generating=False composer=1883
[02:59:33] submit 시도 method=ctrl
[02:59:33] submit 미확인 method=ctrl generating=False composer=1885
[02:59:33] submit 시도 method=enter
[02:59:34] submit 확인 method=enter generating=False composer=0
[02:59:34] ⏱ 입력·전송 SRT_220 3.9s · chars=1883
[02:59:34] 제출 후 last_saved=https://www.genspark.ai/api/files/s/8rmsyvqo
[02:59:34] ⏱ 생성대기 시작 SRT_220 max=120s
[02:59:46] ⏱ 생성대기 완료 11.8s SRT_220 https://www.genspark.ai/api/files/s/geaef5ud
[02:59:46] ⏱ 생성대기구간 SRT_220 11.8s · ok=True
[02:59:46] SRT_220 근접 이미지 https://www.genspark.ai/api/files/s/geaef5ud
[02:59:46] 다운로드 files URL=https://www.genspark.ai/api/files/s/geaef5ud → SRT_220.png
[02:59:46] ⏱ 다운로드 직접실패 0.2s · 페이지 fetch 재시도: HTTP Error 403: Forbidden
[02:59:46] ⏱ 다운로드 fetch 0.1s size=488980 SRT_220.png
[02:59:46] ⏱ 다운로드구간 SRT_220 0.3s · SRT_220.png
[02:59:48] ⏱ 다운로드후유휴 SRT_220 1.8s · idle=True
[02:59:48] ⏱ 씬합계 SRT_220 19.4s · https://www.genspark.ai/api/files/s/geaef5ud
[02:59:48] SRT_220 생성·다운로드 완료
C:\cursor\wuxia\무협극장\검신귀환록\2부\14장\png\SRT_220.png
[02:59:48] 상태키 SRT_240 · Baek|blood_robe; Jin≈19|blood_robe
[02:59:48] run_scene 시작 SRT_240 · seen_files=12 · last_saved=https://www.genspark.ai/api/files/s/geaef5ud
[02:59:48] ⏱ 준비 SRT_240 0.0s · chars=2622
[02:59:50] ⏱ 다음명령유휴 SRT_240 2.2s · idle=True
[02:59:52] fill OK(clip) follow=True chars=2622
[02:59:52] submit 시작 composer=2622 url=https://www.genspark.ai/agents?id=91f02444-1b14-469d-990c-7e05369630f6
[02:59:52] submit geo 실패 hit=no-btn
[02:59:52] submit 시도 method=geo geo=False
[02:59:52] submit 미확인 method=geo generating=False composer=2622
[02:59:53] submit geo 실패 hit=no-btn
[02:59:53] submit 시도 method=send send=False
[02:59:54] submit 미확인 method=send generating=False composer=2622
[02:59:54] submit 시도 method=ctrl
[02:59:55] submit 미확인 method=ctrl generating=False composer=2624
[02:59:55] submit 시도 method=enter
[02:59:56] submit 확인 method=enter generating=False composer=0
[02:59:56] ⏱ 입력·전송 SRT_240 5.6s · chars=2622
[02:59:56] 제출 후 last_saved=https://www.genspark.ai/api/files/s/geaef5ud
[02:59:56] ⏱ 생성대기 시작 SRT_240 max=120s
[03:00:07] ⏱ 생성대기 완료 10.8s SRT_240 https://www.genspark.ai/api/files/s/mg4oik2u
[03:00:07] ⏱ 생성대기구간 SRT_240 10.8s · ok=True
[03:00:07] SRT_240 근접 이미지 https://www.genspark.ai/api/files/s/mg4oik2u
[03:00:07] 다운로드 files URL=https://www.genspark.ai/api/files/s/mg4oik2u → SRT_240.png
[03:00:08] ⏱ 다운로드 직접실패 0.3s · 페이지 fetch 재시도: HTTP Error 403: Forbidden
[03:00:08] ⏱ 다운로드 fetch 0.2s size=608341 SRT_240.png
[03:00:08] ⏱ 다운로드구간 SRT_240 0.5s · SRT_240.png
[03:00:10] ⏱ 다운로드후유휴 SRT_240 2.4s · idle=True
[03:00:10] ⏱ 씬합계 SRT_240 21.9s · https://www.genspark.ai/api/files/s/mg4oik2u
[03:00:10] SRT_240 생성·다운로드 완료
C:\cursor\wuxia\무협극장\검신귀환록\2부\14장\png\SRT_240.png
[03:00:10] 상태키 SRT_260 · Baek|blood_robe; Jin≈19|blood_robe
[03:00:10] run_scene 시작 SRT_260 · seen_files=13 · last_saved=https://www.genspark.ai/api/files/s/mg4oik2u
[03:00:10] ⏱ 준비 SRT_260 0.0s · chars=2141
[03:00:13] ⏱ 다음명령유휴 SRT_260 2.4s · idle=True
[03:00:14] fill OK(clip) follow=True chars=2141
[03:00:14] submit 시작 composer=2141 url=https://www.genspark.ai/agents?id=91f02444-1b14-469d-990c-7e05369630f6
[03:00:14] submit geo 실패 hit=no-btn
[03:00:14] submit 시도 method=geo geo=False
[03:00:15] submit 미확인 method=geo generating=False composer=2141
[03:00:16] submit geo 실패 hit=no-btn
[03:00:16] submit 시도 method=send send=False
[03:00:16] submit 미확인 method=send generating=False composer=2141
[03:00:17] submit 시도 method=ctrl
[03:00:17] submit 미확인 method=ctrl generating=False composer=2143
[03:00:18] submit 시도 method=enter
[03:00:18] submit 확인 method=enter generating=False composer=0
[03:00:18] ⏱ 입력·전송 SRT_260 5.3s · chars=2141
[03:00:18] 제출 후 last_saved=https://www.genspark.ai/api/files/s/mg4oik2u
[03:00:18] ⏱ 생성대기 시작 SRT_260 max=120s
[03:00:29] ⏱ 생성대기 완료 10.2s SRT_260 https://www.genspark.ai/api/files/s/rrsag9y9
[03:00:29] ⏱ 생성대기구간 SRT_260 10.2s · ok=True
[03:00:29] SRT_260 근접 이미지 https://www.genspark.ai/api/files/s/rrsag9y9
[03:00:29] 다운로드 files URL=https://www.genspark.ai/api/files/s/rrsag9y9 → SRT_260.png
[03:00:29] ⏱ 다운로드 직접실패 0.3s · 페이지 fetch 재시도: HTTP Error 403: Forbidden
[03:00:29] ⏱ 다운로드 fetch 0.0s size=400379 SRT_260.png
[03:00:29] ⏱ 다운로드구간 SRT_260 0.3s · SRT_260.png
[03:00:30] ⏱ 다운로드후유휴 SRT_260 1.4s · idle=True
[03:00:30] ⏱ 씬합계 SRT_260 20.0s · https://www.genspark.ai/api/files/s/rrsag9y9
[03:00:30] SRT_260 생성·다운로드 완료
C:\cursor\wuxia\무협극장\검신귀환록\2부\14장\png\SRT_260.png
[03:00:30] 상태키 SRT_280 · Baek|blood_robe; Jin≈19|blood_robe
[03:00:31] run_scene 시작 SRT_280 · seen_files=14 · last_saved=https://www.genspark.ai/api/files/s/rrsag9y9
[03:00:31] ⏱ 준비 SRT_280 0.0s · chars=2165
[03:00:32] ⏱ 다음명령유휴 SRT_280 1.4s · idle=True
[03:00:33] fill OK(clip) follow=True chars=2165
[03:00:33] submit 시작 composer=2165 url=https://www.genspark.ai/agents?id=91f02444-1b14-469d-990c-7e05369630f6
[03:00:33] submit geo 실패 hit=no-btn
[03:00:33] submit 시도 method=geo geo=False
[03:00:33] submit 미확인 method=geo generating=False composer=2165
[03:00:34] submit geo 실패 hit=no-btn
[03:00:34] submit 시도 method=send send=False
[03:00:34] submit 미확인 method=send generating=False composer=2165
[03:00:35] submit 시도 method=ctrl
[03:00:35] submit 미확인 method=ctrl generating=False composer=2167
[03:00:35] submit 시도 method=enter
[03:00:36] submit 확인 method=enter generating=False composer=0
[03:00:36] ⏱ 입력·전송 SRT_280 4.2s · chars=2165
[03:00:36] 제출 후 last_saved=https://www.genspark.ai/api/files/s/rrsag9y9
[03:00:36] ⏱ 생성대기 시작 SRT_280 max=120s
[03:00:48] ⏱ 생성대기 완료 12.2s SRT_280 https://www.genspark.ai/api/files/s/qbiad5a1
[03:00:48] ⏱ 생성대기구간 SRT_280 12.2s · ok=True
[03:00:48] SRT_280 근접 이미지 https://www.genspark.ai/api/files/s/qbiad5a1
[03:00:48] 다운로드 files URL=https://www.genspark.ai/api/files/s/qbiad5a1 → SRT_280.png
[03:00:49] ⏱ 다운로드 직접실패 0.3s · 페이지 fetch 재시도: HTTP Error 403: Forbidden
[03:00:49] ⏱ 다운로드 fetch 0.0s size=379864 SRT_280.png
[03:00:49] ⏱ 다운로드구간 SRT_280 0.3s · SRT_280.png
[03:00:50] ⏱ 다운로드후유휴 SRT_280 1.3s · idle=True
[03:00:50] ⏱ 씬합계 SRT_280 19.6s · https://www.genspark.ai/api/files/s/qbiad5a1
[03:00:50] SRT_280 생성·다운로드 완료
C:\cursor\wuxia\무협극장\검신귀환록\2부\14장\png\SRT_280.png
[03:00:50] 상태키 SRT_300 · Baek|blood_robe; Jin≈19|blood_robe
[03:00:50] run_scene 시작 SRT_300 · seen_files=15 · last_saved=https://www.genspark.ai/api/files/s/qbiad5a1
[03:00:50] ⏱ 준비 SRT_300 0.0s · chars=2167
[03:00:52] ⏱ 다음명령유휴 SRT_300 1.3s · idle=True
[03:00:52] fill OK(clip) follow=True chars=2167
[03:00:52] submit 시작 composer=2167 url=https://www.genspark.ai/agents?id=91f02444-1b14-469d-990c-7e05369630f6
[03:00:52] submit geo 실패 hit=no-btn
[03:00:52] submit 시도 method=geo geo=False
[03:00:53] submit 미확인 method=geo generating=False composer=2167
[03:00:53] submit geo 실패 hit=no-btn
[03:00:53] submit 시도 method=send send=False
[03:00:54] submit 미확인 method=send generating=False composer=2167
[03:00:54] submit 시도 method=ctrl
[03:00:55] submit 미확인 method=ctrl generating=False composer=2169
[03:00:55] submit 시도 method=enter
[03:00:56] submit 확인 method=enter generating=False composer=0
[03:00:56] ⏱ 입력·전송 SRT_300 3.9s · chars=2167
[03:00:56] 제출 후 last_saved=https://www.genspark.ai/api/files/s/qbiad5a1
[03:00:56] ⏱ 생성대기 시작 SRT_300 max=120s
[03:01:09] ⏱ 생성대기 완료 13.2s SRT_300 https://www.genspark.ai/api/files/s/gw5dicbx
[03:01:09] ⏱ 생성대기구간 SRT_300 13.2s · ok=True
[03:01:09] SRT_300 근접 이미지 https://www.genspark.ai/api/files/s/gw5dicbx
[03:01:09] 다운로드 files URL=https://www.genspark.ai/api/files/s/gw5dicbx → SRT_300.png
[03:01:09] ⏱ 다운로드 직접실패 0.3s · 페이지 fetch 재시도: HTTP Error 403: Forbidden
[03:01:09] ⏱ 다운로드 fetch 0.1s size=385508 SRT_300.png
[03:01:09] ⏱ 다운로드구간 SRT_300 0.4s · SRT_300.png
[03:01:12] ⏱ 다운로드후유휴 SRT_300 2.4s · idle=True
[03:01:12] ⏱ 씬합계 SRT_300 21.6s · https://www.genspark.ai/api/files/s/gw5dicbx
[03:01:12] SRT_300 생성·다운로드 완료
C:\cursor\wuxia\무협극장\검신귀환록\2부\14장\png\SRT_300.png
[03:01:12] 상태키 SRT_320 · Baek|blood_robe; Jin≈19|blood_robe
[03:01:12] run_scene 시작 SRT_320 · seen_files=16 · last_saved=https://www.genspark.ai/api/files/s/gw5dicbx
[03:01:12] ⏱ 준비 SRT_320 0.1s · chars=2157
[03:01:15] ⏱ 다음명령유휴 SRT_320 2.8s · idle=True
[03:01:16] fill OK(clip) follow=True chars=2157
[03:01:16] submit 시작 composer=2157 url=https://www.genspark.ai/agents?id=91f02444-1b14-469d-990c-7e05369630f6
[03:01:16] submit geo 실패 hit=no-btn
[03:01:16] submit 시도 method=geo geo=False
[03:01:17] submit 미확인 method=geo generating=False composer=2157
[03:01:18] submit geo 실패 hit=no-btn
[03:01:18] submit 시도 method=send send=False
[03:01:19] submit 미확인 method=send generating=False composer=2157
[03:01:19] submit 시도 method=ctrl
[03:01:20] submit 미확인 method=ctrl generating=False composer=2159
[03:01:20] submit 시도 method=enter
[03:01:21] submit 확인 method=enter generating=False composer=0
[03:01:21] ⏱ 입력·전송 SRT_320 5.6s · chars=2157
[03:01:21] 제출 후 last_saved=https://www.genspark.ai/api/files/s/gw5dicbx
[03:01:21] ⏱ 생성대기 시작 SRT_320 max=120s
[03:01:32] ⏱ 생성대기 완료 11.3s SRT_320 https://www.genspark.ai/api/files/s/vs4wkmwe
[03:01:32] ⏱ 생성대기구간 SRT_320 11.3s · ok=True
[03:01:32] SRT_320 근접 이미지 https://www.genspark.ai/api/files/s/vs4wkmwe
[03:01:32] 다운로드 files URL=https://www.genspark.ai/api/files/s/vs4wkmwe → SRT_320.png
[03:01:32] ⏱ 다운로드 직접실패 0.2s · 페이지 fetch 재시도: HTTP Error 403: Forbidden
[03:01:32] ⏱ 다운로드 fetch 0.1s size=672605 SRT_320.png
[03:01:32] ⏱ 다운로드구간 SRT_320 0.3s · SRT_320.png
[03:01:34] ⏱ 다운로드후유휴 SRT_320 1.3s · idle=True
[03:01:34] ⏱ 씬합계 SRT_320 21.7s · https://www.genspark.ai/api/files/s/vs4wkmwe
[03:01:34] SRT_320 생성·다운로드 완료
C:\cursor\wuxia\무협극장\검신귀환록\2부\14장\png\SRT_320.png
[03:01:34] 상태키 SRT_340 · Baek|blood_robe; Jin≈19|blood_robe
[03:01:34] run_scene 시작 SRT_340 · seen_files=17 · last_saved=https://www.genspark.ai/api/files/s/vs4wkmwe
[03:01:34] ⏱ 준비 SRT_340 0.0s · chars=2148
[03:01:35] ⏱ 다음명령유휴 SRT_340 1.3s · idle=True
[03:01:36] fill OK(clip) follow=True chars=2148
[03:01:36] submit 시작 composer=2148 url=https://www.genspark.ai/agents?id=91f02444-1b14-469d-990c-7e05369630f6
[03:01:36] submit geo 실패 hit=no-btn
[03:01:36] submit 시도 method=geo geo=False
[03:01:37] submit 미확인 method=geo generating=False composer=2148
[03:01:37] submit geo 실패 hit=no-btn
[03:01:37] submit 시도 method=send send=False
[03:01:38] submit 미확인 method=send generating=False composer=2148
[03:01:38] submit 시도 method=ctrl
[03:01:39] submit 미확인 method=ctrl generating=False composer=2150
[03:01:39] submit 시도 method=enter
[03:01:39] submit 확인 method=enter generating=False composer=0
[03:01:39] ⏱ 입력·전송 SRT_340 4.1s · chars=2148
[03:01:39] 제출 후 last_saved=https://www.genspark.ai/api/files/s/vs4wkmwe
[03:01:40] ⏱ 생성대기 시작 SRT_340 max=120s
[03:01:52] ⏱ 생성대기 완료 12.7s SRT_340 https://www.genspark.ai/api/files/s/kucrrbv7
[03:01:52] ⏱ 생성대기구간 SRT_340 12.7s · ok=True
[03:01:52] SRT_340 근접 이미지 https://www.genspark.ai/api/files/s/kucrrbv7
[03:01:52] 다운로드 files URL=https://www.genspark.ai/api/files/s/kucrrbv7 → SRT_340.png
[03:01:53] ⏱ 다운로드 직접실패 0.2s · 페이지 fetch 재시도: HTTP Error 403: Forbidden
[03:01:53] ⏱ 다운로드 fetch 0.1s size=640798 SRT_340.png
[03:01:53] ⏱ 다운로드구간 SRT_340 0.3s · SRT_340.png
[03:01:54] ⏱ 다운로드후유휴 SRT_340 1.4s · idle=True
[03:01:54] ⏱ 씬합계 SRT_340 20.1s · https://www.genspark.ai/api/files/s/kucrrbv7
[03:01:54] SRT_340 생성·다운로드 완료
C:\cursor\wuxia\무협극장\검신귀환록\2부\14장\png\SRT_340.png
[03:01:54] 상태키 SRT_360 · Baek|blood_robe; Jin≈19|blood_robe
[03:01:54] run_scene 시작 SRT_360 · seen_files=18 · last_saved=https://www.genspark.ai/api/files/s/kucrrbv7
[03:01:54] ⏱ 준비 SRT_360 0.0s · chars=2530
[03:01:56] ⏱ 다음명령유휴 SRT_360 1.3s · idle=True
[03:01:56] fill OK(clip) follow=True chars=2530
[03:01:56] submit 시작 composer=2530 url=https://www.genspark.ai/agents?id=91f02444-1b14-469d-990c-7e05369630f6
[03:01:56] submit geo 실패 hit=no-btn
[03:01:56] submit 시도 method=geo geo=False
[03:01:57] submit 미확인 method=geo generating=False composer=2530
[03:01:57] submit geo 실패 hit=no-btn
[03:01:57] submit 시도 method=send send=False
[03:01:58] submit 미확인 method=send generating=False composer=2530
[03:01:58] submit 시도 method=ctrl
[03:01:59] submit 미확인 method=ctrl generating=False composer=2532
[03:01:59] submit 시도 method=enter
[03:02:00] submit 확인 method=enter generating=False composer=0
[03:02:00] ⏱ 입력·전송 SRT_360 4.0s · chars=2530
[03:02:00] 제출 후 last_saved=https://www.genspark.ai/api/files/s/kucrrbv7
[03:02:00] ⏱ 생성대기 시작 SRT_360 max=120s
[03:02:14] ⏱ 생성대기 완료 14.6s SRT_360 https://www.genspark.ai/api/files/s/xjnpv9no
[03:02:14] ⏱ 생성대기구간 SRT_360 14.6s · ok=True
[03:02:14] SRT_360 근접 이미지 https://www.genspark.ai/api/files/s/xjnpv9no
[03:02:14] 다운로드 files URL=https://www.genspark.ai/api/files/s/xjnpv9no → SRT_360.png
[03:02:15] ⏱ 다운로드 직접실패 0.3s · 페이지 fetch 재시도: HTTP Error 403: Forbidden
[03:02:15] ⏱ 다운로드 fetch 0.2s size=648970 SRT_360.png
[03:02:15] ⏱ 다운로드구간 SRT_360 0.5s · SRT_360.png
[03:02:18] ⏱ 다운로드후유휴 SRT_360 2.7s · idle=True
[03:02:18] ⏱ 씬합계 SRT_360 23.4s · https://www.genspark.ai/api/files/s/xjnpv9no
[03:02:18] SRT_360 생성·다운로드 완료
C:\cursor\wuxia\무협극장\검신귀환록\2부\14장\png\SRT_360.png
[03:02:18] 상태키 SRT_380 · Baek|blood_robe; Jin≈19|blood_robe
[03:02:18] run_scene 시작 SRT_380 · seen_files=19 · last_saved=https://www.genspark.ai/api/files/s/xjnpv9no
[03:02:18] ⏱ 준비 SRT_380 0.0s · chars=3297
[03:02:21] ⏱ 다음명령유휴 SRT_380 2.7s · idle=True
[03:02:22] fill OK(clip) follow=True chars=3297
[03:02:22] submit 시작 composer=3297 url=https://www.genspark.ai/agents?id=91f02444-1b14-469d-990c-7e05369630f6
[03:02:22] submit geo 실패 hit=no-btn
[03:02:22] submit 시도 method=geo geo=False
[03:02:23] submit 미확인 method=geo generating=False composer=3297
[03:02:24] submit geo 실패 hit=no-btn
[03:02:24] submit 시도 method=send send=False
[03:02:24] submit 미확인 method=send generating=False composer=3297
[03:02:25] submit 시도 method=ctrl
[03:02:25] submit 미확인 method=ctrl generating=False composer=3299
[03:02:26] submit 시도 method=enter
[03:02:26] submit 확인 method=enter generating=False composer=0
[03:02:26] ⏱ 입력·전송 SRT_380 5.7s · chars=3297
[03:02:26] 제출 후 last_saved=https://www.genspark.ai/api/files/s/xjnpv9no
[03:02:27] ⏱ 생성대기 시작 SRT_380 max=120s
[03:02:42] ⏱ 생성대기 진행 15.1s SRT_380 busy=False url_ok=True src=https://www.genspark.ai/api/files/s/613hq3wq
[03:02:42] ⏱ 생성대기 완료 15.4s SRT_380 https://www.genspark.ai/api/files/s/613hq3wq
[03:02:42] ⏱ 생성대기구간 SRT_380 15.4s · ok=True
[03:02:42] SRT_380 근접 이미지 https://www.genspark.ai/api/files/s/613hq3wq
[03:02:42] 다운로드 files URL=https://www.genspark.ai/api/files/s/613hq3wq → SRT_380.png
[03:02:42] ⏱ 다운로드 직접실패 0.2s · 페이지 fetch 재시도: HTTP Error 403: Forbidden
[03:02:42] ⏱ 다운로드 fetch 0.1s size=444868 SRT_380.png
[03:02:42] ⏱ 다운로드구간 SRT_380 0.3s · SRT_380.png
[03:02:44] ⏱ 다운로드후유휴 SRT_380 1.5s · idle=True
[03:02:44] ⏱ 씬합계 SRT_380 25.9s · https://www.genspark.ai/api/files/s/613hq3wq
[03:02:44] SRT_380 생성·다운로드 완료
C:\cursor\wuxia\무협극장\검신귀환록\2부\14장\png\SRT_380.png
[03:02:44] 상태키 SRT_400 · Baek|blood_robe; Jin≈19|blood_robe
[03:02:44] run_scene 시작 SRT_400 · seen_files=20 · last_saved=https://www.genspark.ai/api/files/s/613hq3wq
[03:02:44] ⏱ 준비 SRT_400 0.0s · chars=1955
[03:02:45] ⏱ 다음명령유휴 SRT_400 1.4s · idle=True
[03:02:46] fill OK(clip) follow=True chars=1955
[03:02:46] submit 시작 composer=1955 url=https://www.genspark.ai/agents?id=91f02444-1b14-469d-990c-7e05369630f6
[03:02:46] submit geo 실패 hit=no-btn
[03:02:46] submit 시도 method=geo geo=False
[03:02:47] submit 미확인 method=geo generating=False composer=1955
[03:02:47] submit geo 실패 hit=no-btn
[03:02:47] submit 시도 method=send send=False
[03:02:48] submit 미확인 method=send generating=False composer=1955
[03:02:48] submit 시도 method=ctrl
[03:02:48] submit 미확인 method=ctrl generating=False composer=1957
[03:02:49] submit 시도 method=enter
[03:02:49] submit 확인 method=enter generating=False composer=0
[03:02:49] ⏱ 입력·전송 SRT_400 3.9s · chars=1955
[03:02:49] 제출 후 last_saved=https://www.genspark.ai/api/files/s/613hq3wq
[03:02:49] ⏱ 생성대기 시작 SRT_400 max=120s
[03:03:05] ⏱ 생성대기 진행 15.3s SRT_400 busy=False url_ok=False src=
[03:03:06] ⏱ 생성대기 완료 16.1s SRT_400 https://www.genspark.ai/api/files/s/d1bbbleo
[03:03:06] ⏱ 생성대기구간 SRT_400 16.1s · ok=True
[03:03:06] SRT_400 근접 이미지 https://www.genspark.ai/api/files/s/d1bbbleo
[03:03:06] 다운로드 files URL=https://www.genspark.ai/api/files/s/d1bbbleo → SRT_400.png
[03:03:06] ⏱ 다운로드 직접실패 0.2s · 페이지 fetch 재시도: HTTP Error 403: Forbidden
[03:03:06] ⏱ 다운로드 fetch 0.1s size=562639 SRT_400.png
[03:03:06] ⏱ 다운로드구간 SRT_400 0.3s · SRT_400.png
[03:03:07] ⏱ 다운로드후유휴 SRT_400 1.5s · idle=True
[03:03:07] ⏱ 씬합계 SRT_400 23.5s · https://www.genspark.ai/api/files/s/d1bbbleo
[03:03:07] SRT_400 생성·다운로드 완료
C:\cursor\wuxia\무협극장\검신귀환록\2부\14장\png\SRT_400.png
[03:03:08] 상태키 SRT_420 · Baek|blood_robe; Jin≈19|blood_robe
[03:03:08] run_scene 시작 SRT_420 · seen_files=21 · last_saved=https://www.genspark.ai/api/files/s/d1bbbleo
[03:03:08] ⏱ 준비 SRT_420 0.0s · chars=1643
[03:03:10] ⏱ 다음명령유휴 SRT_420 2.3s · idle=True
[03:03:11] fill OK(clip) follow=True chars=1643
[03:03:11] submit 시작 composer=1643 url=https://www.genspark.ai/agents?id=91f02444-1b14-469d-990c-7e05369630f6
[03:03:11] submit geo 실패 hit=no-btn
[03:03:11] submit 시도 method=geo geo=False
[03:03:12] submit 미확인 method=geo generating=False composer=1643
[03:03:12] submit geo 실패 hit=no-btn
[03:03:12] submit 시도 method=send send=False
[03:03:13] submit 미확인 method=send generating=False composer=1643
[03:03:14] submit 시도 method=ctrl
[03:03:14] submit 미확인 method=ctrl generating=False composer=1645
[03:03:15] submit 시도 method=enter
[03:03:15] submit 확인 method=enter generating=False composer=0
[03:03:15] ⏱ 입력·전송 SRT_420 5.6s · chars=1643
[03:03:15] 제출 후 last_saved=https://www.genspark.ai/api/files/s/d1bbbleo
[03:03:16] ⏱ 생성대기 시작 SRT_420 max=120s
[03:03:29] ⏱ 생성대기 완료 13.2s SRT_420 https://www.genspark.ai/api/files/s/itvktwg6
[03:03:29] ⏱ 생성대기구간 SRT_420 13.2s · ok=True
[03:03:29] SRT_420 근접 이미지 https://www.genspark.ai/api/files/s/itvktwg6
[03:03:29] 다운로드 files URL=https://www.genspark.ai/api/files/s/itvktwg6 → SRT_420.png
[03:03:29] ⏱ 다운로드 직접실패 0.3s · 페이지 fetch 재시도: HTTP Error 403: Forbidden
[03:03:29] ⏱ 다운로드 fetch 0.1s size=567774 SRT_420.png
[03:03:29] ⏱ 다운로드구간 SRT_420 0.5s · SRT_420.png
[03:03:32] ⏱ 다운로드후유휴 SRT_420 2.5s · idle=True
[03:03:32] ⏱ 씬합계 SRT_420 24.4s · https://www.genspark.ai/api/files/s/itvktwg6
[03:03:32] SRT_420 생성·다운로드 완료
C:\cursor\wuxia\무협극장\검신귀환록\2부\14장\png\SRT_420.png
[03:03:32] 상태키 SRT_440 · Baek|blood_robe; Jin≈19|blood_robe
[03:03:32] run_scene 시작 SRT_440 · seen_files=22 · last_saved=https://www.genspark.ai/api/files/s/itvktwg6
[03:03:32] ⏱ 준비 SRT_440 0.0s · chars=1662
[03:03:35] ⏱ 다음명령유휴 SRT_440 2.9s · idle=True
[03:03:36] fill OK(clip) follow=True chars=1662
[03:03:37] submit 시작 composer=1662 url=https://www.genspark.ai/agents?id=91f02444-1b14-469d-990c-7e05369630f6
[03:03:37] submit geo 실패 hit=no-btn
[03:03:37] submit 시도 method=geo geo=False
[03:03:37] submit 미확인 method=geo generating=False composer=1662
[03:03:38] submit geo 실패 hit=no-btn
[03:03:38] submit 시도 method=send send=False
[03:03:38] submit 미확인 method=send generating=False composer=1662
[03:03:39] submit 시도 method=ctrl
[03:03:39] submit 미확인 method=ctrl generating=False composer=1664
[03:03:40] submit 시도 method=enter
[03:03:40] submit 확인 method=enter generating=False composer=0
[03:03:40] ⏱ 입력·전송 SRT_440 5.0s · chars=1662
[03:03:40] 제출 후 last_saved=https://www.genspark.ai/api/files/s/itvktwg6
[03:03:40] ⏱ 생성대기 시작 SRT_440 max=120s
[03:03:55] ⏱ 생성대기 완료 14.3s SRT_440 https://www.genspark.ai/api/files/s/ijxohqop
[03:03:55] ⏱ 생성대기구간 SRT_440 14.3s · ok=True
[03:03:55] SRT_440 근접 이미지 https://www.genspark.ai/api/files/s/ijxohqop
[03:03:55] 다운로드 files URL=https://www.genspark.ai/api/files/s/ijxohqop → SRT_440.png
[03:03:55] ⏱ 다운로드 직접실패 0.3s · 페이지 fetch 재시도: HTTP Error 403: Forbidden
[03:03:55] ⏱ 다운로드 fetch 0.0s size=445645 SRT_440.png
[03:03:55] ⏱ 다운로드구간 SRT_440 0.3s · SRT_440.png
[03:03:56] ⏱ 다운로드후유휴 SRT_440 1.4s · idle=True
[03:03:56] ⏱ 씬합계 SRT_440 24.2s · https://www.genspark.ai/api/files/s/ijxohqop
[03:03:56] SRT_440 생성·다운로드 완료
C:\cursor\wuxia\무협극장\검신귀환록\2부\14장\png\SRT_440.png
[03:03:57] 상태키 SRT_460 · Baek|blood_robe; Jin≈19|blood_robe
[03:03:57] run_scene 시작 SRT_460 · seen_files=23 · last_saved=https://www.genspark.ai/api/files/s/ijxohqop
[03:03:57] ⏱ 준비 SRT_460 0.0s · chars=2605
[03:03:58] ⏱ 다음명령유휴 SRT_460 1.4s · idle=True
[03:03:59] fill OK(clip) follow=True chars=2605
[03:03:59] submit 시작 composer=2605 url=https://www.genspark.ai/agents?id=91f02444-1b14-469d-990c-7e05369630f6
[03:03:59] submit geo 실패 hit=no-btn
[03:03:59] submit 시도 method=geo geo=False
[03:03:59] submit 미확인 method=geo generating=False composer=2605
[03:04:00] submit geo 실패 hit=no-btn
[03:04:00] submit 시도 method=send send=False
[03:04:00] submit 미확인 method=send generating=False composer=2605
[03:04:01] submit 시도 method=ctrl
[03:04:01] submit 미확인 method=ctrl generating=False composer=2607
[03:04:01] submit 시도 method=enter
[03:04:02] submit 확인 method=enter generating=False composer=0
[03:04:02] ⏱ 입력·전송 SRT_460 4.1s · chars=2605
[03:04:02] 제출 후 last_saved=https://www.genspark.ai/api/files/s/ijxohqop
[03:04:02] ⏱ 생성대기 시작 SRT_460 max=120s
[03:04:18] ⏱ 생성대기 진행 15.2s SRT_460 busy=False url_ok=False src=
[03:04:18] ⏱ 생성대기 완료 16.1s SRT_460 https://www.genspark.ai/api/files/s/gr1xkkym
[03:04:18] ⏱ 생성대기구간 SRT_460 16.1s · ok=True
[03:04:19] SRT_460 근접 이미지 https://www.genspark.ai/api/files/s/gr1xkkym
[03:04:19] 다운로드 files URL=https://www.genspark.ai/api/files/s/gr1xkkym → SRT_460.png
[03:04:19] ⏱ 다운로드 직접실패 0.2s · 페이지 fetch 재시도: HTTP Error 403: Forbidden
[03:04:19] ⏱ 다운로드 fetch 0.2s size=479419 SRT_460.png
[03:04:19] ⏱ 다운로드구간 SRT_460 0.4s · SRT_460.png
[03:04:22] ⏱ 다운로드후유휴 SRT_460 2.6s · idle=True
[03:04:22] ⏱ 씬합계 SRT_460 25.0s · https://www.genspark.ai/api/files/s/gr1xkkym
[03:04:22] SRT_460 생성·다운로드 완료
C:\cursor\wuxia\무협극장\검신귀환록\2부\14장\png\SRT_460.png
[03:04:22] 상태키 SRT_480 · Baek|blood_robe; Jin≈19|blood_robe
[03:04:22] run_scene 시작 SRT_480 · seen_files=24 · last_saved=https://www.genspark.ai/api/files/s/gr1xkkym
[03:04:22] ⏱ 준비 SRT_480 0.1s · chars=1411
[03:04:25] ⏱ 다음명령유휴 SRT_480 3.0s · idle=True
[03:04:26] fill OK(clip) follow=True chars=1411
[03:04:26] submit 시작 composer=1411 url=https://www.genspark.ai/agents?id=91f02444-1b14-469d-990c-7e05369630f6
[03:04:26] submit geo 실패 hit=no-btn
[03:04:26] submit 시도 method=geo geo=False
[03:04:27] submit 미확인 method=geo generating=False composer=1411
[03:04:28] submit geo 실패 hit=no-btn
[03:04:28] submit 시도 method=send send=False
[03:04:29] submit 미확인 method=send generating=False composer=1411
[03:04:29] submit 시도 method=ctrl
[03:04:30] submit 미확인 method=ctrl generating=False composer=1413
[03:04:30] submit 시도 method=enter
[03:04:31] submit 확인 method=enter generating=False composer=0
[03:04:31] ⏱ 입력·전송 SRT_480 5.9s · chars=1411
[03:04:31] 제출 후 last_saved=https://www.genspark.ai/api/files/s/gr1xkkym
[03:04:31] ⏱ 생성대기 시작 SRT_480 max=120s
[03:04:44] ⏱ 생성대기 완료 13.0s SRT_480 https://www.genspark.ai/api/files/s/dyfaippt
[03:04:44] ⏱ 생성대기구간 SRT_480 13.0s · ok=True
[03:04:44] SRT_480 근접 이미지 https://www.genspark.ai/api/files/s/dyfaippt
[03:04:44] 다운로드 files URL=https://www.genspark.ai/api/files/s/dyfaippt → SRT_480.png
[03:04:44] ⏱ 다운로드 직접실패 0.2s · 페이지 fetch 재시도: HTTP Error 403: Forbidden
[03:04:44] ⏱ 다운로드 fetch 0.1s size=818229 SRT_480.png
[03:04:44] ⏱ 다운로드구간 SRT_480 0.3s · SRT_480.png
[03:04:46] ⏱ 다운로드후유휴 SRT_480 1.3s · idle=True
[03:04:46] ⏱ 씬합계 SRT_480 23.9s · https://www.genspark.ai/api/files/s/dyfaippt
[03:04:46] SRT_480 생성·다운로드 완료
C:\cursor\wuxia\무협극장\검신귀환록\2부\14장\png\SRT_480.png
[03:04:46] 상태키 SRT_500 · Baek|blood_robe; Jin≈19|blood_robe
[03:04:46] run_scene 시작 SRT_500 · seen_files=25 · last_saved=https://www.genspark.ai/api/files/s/dyfaippt
[03:04:46] ⏱ 준비 SRT_500 0.0s · chars=1543
[03:04:47] ⏱ 다음명령유휴 SRT_500 1.4s · idle=True
[03:04:48] fill OK(clip) follow=True chars=1543
[03:04:48] submit 시작 composer=1543 url=https://www.genspark.ai/agents?id=91f02444-1b14-469d-990c-7e05369630f6
[03:04:48] submit geo 실패 hit=no-btn
[03:04:48] submit 시도 method=geo geo=False
[03:04:49] submit 미확인 method=geo generating=False composer=1543
[03:04:49] submit geo 실패 hit=no-btn
[03:04:49] submit 시도 method=send send=False
[03:04:50] submit 미확인 method=send generating=False composer=1543
[03:04:50] submit 시도 method=ctrl
[03:04:50] submit 미확인 method=ctrl generating=False composer=1545
[03:04:51] submit 시도 method=enter
[03:04:51] submit 확인 method=enter generating=False composer=0
[03:04:51] ⏱ 입력·전송 SRT_500 4.1s · chars=1543
[03:04:51] 제출 후 last_saved=https://www.genspark.ai/api/files/s/dyfaippt
[03:04:52] ⏱ 생성대기 시작 SRT_500 max=120s
[03:05:04] ⏱ 생성대기 완료 13.0s SRT_500 https://www.genspark.ai/api/files/s/aju1xfk5
[03:05:04] ⏱ 생성대기구간 SRT_500 13.0s · ok=True
[03:05:05] SRT_500 근접 이미지 https://www.genspark.ai/api/files/s/aju1xfk5
[03:05:05] 다운로드 files URL=https://www.genspark.ai/api/files/s/aju1xfk5 → SRT_500.png
[03:05:05] ⏱ 다운로드 직접실패 0.2s · 페이지 fetch 재시도: HTTP Error 403: Forbidden
[03:05:05] ⏱ 다운로드 fetch 0.1s size=661358 SRT_500.png
[03:05:05] ⏱ 다운로드구간 SRT_500 0.3s · SRT_500.png
[03:05:06] ⏱ 다운로드후유휴 SRT_500 1.3s · idle=True
[03:05:06] ⏱ 씬합계 SRT_500 20.3s · https://www.genspark.ai/api/files/s/aju1xfk5
[03:05:06] SRT_500 생성·다운로드 완료
C:\cursor\wuxia\무협극장\검신귀환록\2부\14장\png\SRT_500.png
[03:05:06] 상태키 SRT_520 · Baek|blood_robe; Jin≈19|blood_robe
[03:05:06] run_scene 시작 SRT_520 · seen_files=26 · last_saved=https://www.genspark.ai/api/files/s/aju1xfk5
[03:05:06] ⏱ 준비 SRT_520 0.0s · chars=2135
[03:05:08] ⏱ 다음명령유휴 SRT_520 1.5s · idle=True
[03:05:09] fill OK(clip) follow=True chars=2135
[03:05:09] submit 시작 composer=2135 url=https://www.genspark.ai/agents?id=91f02444-1b14-469d-990c-7e05369630f6
[03:05:09] submit geo 실패 hit=no-btn
[03:05:09] submit 시도 method=geo geo=False
[03:05:10] submit 미확인 method=geo generating=False composer=2135
[03:05:10] submit geo 실패 hit=no-btn
[03:05:10] submit 시도 method=send send=False
[03:05:11] submit 미확인 method=send generating=False composer=2135
[03:05:11] submit 시도 method=ctrl
[03:05:12] submit 미확인 method=ctrl generating=False composer=2137
[03:05:12] submit 시도 method=enter
[03:05:13] submit 확인 method=enter generating=False composer=0
[03:05:13] ⏱ 입력·전송 SRT_520 5.3s · chars=2135
[03:05:13] 제출 후 last_saved=https://www.genspark.ai/api/files/s/aju1xfk5
[03:05:13] ⏱ 생성대기 시작 SRT_520 max=120s
[03:05:27] ⏱ 생성대기 완료 13.8s SRT_520 https://www.genspark.ai/api/files/s/onhxu536
[03:05:27] ⏱ 생성대기구간 SRT_520 13.8s · ok=True
[03:05:27] SRT_520 근접 이미지 https://www.genspark.ai/api/files/s/onhxu536
[03:05:27] 다운로드 files URL=https://www.genspark.ai/api/files/s/onhxu536 → SRT_520.png
[03:05:28] ⏱ 다운로드 직접실패 0.3s · 페이지 fetch 재시도: HTTP Error 403: Forbidden
[03:05:28] ⏱ 다운로드 fetch 0.3s size=718997 SRT_520.png
[03:05:28] ⏱ 다운로드구간 SRT_520 0.6s · SRT_520.png
[03:05:31] ⏱ 다운로드후유휴 SRT_520 3.5s · idle=True
[03:05:31] ⏱ 씬합계 SRT_520 25.2s · https://www.genspark.ai/api/files/s/onhxu536
[03:05:31] SRT_520 생성·다운로드 완료
C:\cursor\wuxia\무협극장\검신귀환록\2부\14장\png\SRT_520.png
[03:05:32] 상태키 SRT_540 · Baek|blood_robe; Jin≈19|blood_robe
[03:05:32] run_scene 시작 SRT_540 · seen_files=27 · last_saved=https://www.genspark.ai/api/files/s/onhxu536
[03:05:32] ⏱ 준비 SRT_540 0.1s · chars=1416
[03:05:35] ⏱ 다음명령유휴 SRT_540 3.4s · idle=True
[03:05:37] fill OK(clip) follow=True chars=1416
[03:05:37] submit 시작 composer=1416 url=https://www.genspark.ai/agents?id=91f02444-1b14-469d-990c-7e05369630f6
[03:05:37] submit geo 실패 hit=no-btn
[03:05:37] submit 시도 method=geo geo=False
[03:05:38] submit 미확인 method=geo generating=False composer=1416
[03:05:39] submit geo 실패 hit=no-btn
[03:05:39] submit 시도 method=send send=False
[03:05:39] submit 미확인 method=send generating=False composer=1416
[03:05:40] submit 시도 method=ctrl
[03:05:41] submit 미확인 method=ctrl generating=False composer=1418
[03:05:41] submit 시도 method=enter
[03:05:42] submit 확인 method=enter generating=False composer=0
[03:05:42] ⏱ 입력·전송 SRT_540 6.6s · chars=1416
[03:05:42] 제출 후 last_saved=https://www.genspark.ai/api/files/s/onhxu536
[03:05:42] ⏱ 생성대기 시작 SRT_540 max=120s
[03:05:57] ⏱ 생성대기 진행 15.0s SRT_540 busy=False url_ok=False src=
[03:05:59] ⏱ 생성대기 완료 16.7s SRT_540 https://www.genspark.ai/api/files/s/vfhhvi5a
[03:05:59] ⏱ 생성대기구간 SRT_540 16.7s · ok=True
[03:05:59] SRT_540 근접 이미지 https://www.genspark.ai/api/files/s/vfhhvi5a
[03:05:59] 다운로드 files URL=https://www.genspark.ai/api/files/s/vfhhvi5a → SRT_540.png
[03:05:59] ⏱ 다운로드 직접실패 0.3s · 페이지 fetch 재시도: HTTP Error 403: Forbidden
[03:05:59] ⏱ 다운로드 fetch 0.1s size=804410 SRT_540.png
[03:05:59] ⏱ 다운로드구간 SRT_540 0.4s · SRT_540.png
[03:06:01] ⏱ 다운로드후유휴 SRT_540 1.5s · idle=True
[03:06:01] ⏱ 씬합계 SRT_540 28.9s · https://www.genspark.ai/api/files/s/vfhhvi5a
[03:06:01] SRT_540 생성·다운로드 완료
C:\cursor\wuxia\무협극장\검신귀환록\2부\14장\png\SRT_540.png
[03:06:01] 상태키 SRT_560 · Baek|blood_robe; Jin≈19|blood_robe
[03:06:01] run_scene 시작 SRT_560 · seen_files=28 · last_saved=https://www.genspark.ai/api/files/s/vfhhvi5a
[03:06:01] ⏱ 준비 SRT_560 0.0s · chars=2508
[03:06:02] ⏱ 다음명령유휴 SRT_560 1.4s · idle=True
[03:06:03] fill OK(clip) follow=True chars=2508
[03:06:03] submit 시작 composer=2508 url=https://www.genspark.ai/agents?id=91f02444-1b14-469d-990c-7e05369630f6
[03:06:03] submit geo 실패 hit=no-btn
[03:06:03] submit 시도 method=geo geo=False
[03:06:04] submit 미확인 method=geo generating=False composer=2508
[03:06:04] submit geo 실패 hit=no-btn
[03:06:04] submit 시도 method=send send=False
[03:06:05] submit 미확인 method=send generating=False composer=2508
[03:06:05] submit 시도 method=ctrl
[03:06:05] submit 미확인 method=ctrl generating=False composer=2510
[03:06:06] submit 시도 method=enter
[03:06:06] submit 확인 method=enter generating=False composer=0
[03:06:06] ⏱ 입력·전송 SRT_560 4.1s · chars=2508
[03:06:06] 제출 후 last_saved=https://www.genspark.ai/api/files/s/vfhhvi5a
[03:06:06] ⏱ 생성대기 시작 SRT_560 max=120s
[03:06:20] ⏱ 생성대기 완료 13.7s SRT_560 https://www.genspark.ai/api/files/s/oroknfv3
[03:06:20] ⏱ 생성대기구간 SRT_560 13.7s · ok=True
[03:06:20] SRT_560 근접 이미지 https://www.genspark.ai/api/files/s/oroknfv3
[03:06:20] 다운로드 files URL=https://www.genspark.ai/api/files/s/oroknfv3 → SRT_560.png
[03:06:21] ⏱ 다운로드 직접실패 0.3s · 페이지 fetch 재시도: HTTP Error 403: Forbidden
[03:06:21] ⏱ 다운로드 fetch 0.3s size=844740 SRT_560.png
[03:06:21] ⏱ 다운로드구간 SRT_560 0.6s · SRT_560.png
[03:06:24] ⏱ 다운로드후유휴 SRT_560 2.8s · idle=True
[03:06:24] ⏱ 씬합계 SRT_560 22.9s · https://www.genspark.ai/api/files/s/oroknfv3
[03:06:24] SRT_560 생성·다운로드 완료
C:\cursor\wuxia\무협극장\검신귀환록\2부\14장\png\SRT_560.png
[03:06:24] 상태키 SRT_580 · Baek|blood_robe; Jin≈19|blood_robe
[03:06:24] run_scene 시작 SRT_580 · seen_files=29 · last_saved=https://www.genspark.ai/api/files/s/oroknfv3
[03:06:24] ⏱ 준비 SRT_580 0.1s · chars=1826
[03:06:27] ⏱ 다음명령유휴 SRT_580 2.9s · idle=True
[03:06:28] fill OK(clip) follow=True chars=1826
[03:06:28] submit 시작 composer=1826 url=https://www.genspark.ai/agents?id=91f02444-1b14-469d-990c-7e05369630f6
[03:06:28] submit geo 실패 hit=no-btn
[03:06:28] submit 시도 method=geo geo=False
[03:06:29] submit 미확인 method=geo generating=False composer=1826
[03:06:30] submit geo 실패 hit=no-btn
[03:06:30] submit 시도 method=send send=False
[03:06:31] submit 미확인 method=send generating=False composer=1826
[03:06:31] submit 시도 method=ctrl
[03:06:32] submit 미확인 method=ctrl generating=False composer=1828
[03:06:32] submit 시도 method=enter
[03:06:33] submit 확인 method=enter generating=False composer=0
[03:06:33] ⏱ 입력·전송 SRT_580 6.3s · chars=1826
[03:06:33] 제출 후 last_saved=https://www.genspark.ai/api/files/s/oroknfv3
[03:06:33] ⏱ 생성대기 시작 SRT_580 max=120s
[03:06:47] ⏱ 생성대기 완료 14.1s SRT_580 https://www.genspark.ai/api/files/s/qo80uxtd
[03:06:47] ⏱ 생성대기구간 SRT_580 14.1s · ok=True
[03:06:47] SRT_580 근접 이미지 https://www.genspark.ai/api/files/s/qo80uxtd
[03:06:47] 다운로드 files URL=https://www.genspark.ai/api/files/s/qo80uxtd → SRT_580.png
[03:06:48] ⏱ 다운로드 직접실패 0.3s · 페이지 fetch 재시도: HTTP Error 403: Forbidden
[03:06:48] ⏱ 다운로드 fetch 0.1s size=537034 SRT_580.png
[03:06:48] ⏱ 다운로드구간 SRT_580 0.4s · SRT_580.png
[03:06:49] ⏱ 다운로드후유휴 SRT_580 1.3s · idle=True
[03:06:49] ⏱ 씬합계 SRT_580 25.3s · https://www.genspark.ai/api/files/s/qo80uxtd
[03:06:49] SRT_580 생성·다운로드 완료
C:\cursor\wuxia\무협극장\검신귀환록\2부\14장\png\SRT_580.png
[03:06:49] 상태키 SRT_600 · Baek|blood_robe; Jin≈19|blood_robe
[03:06:49] run_scene 시작 SRT_600 · seen_files=30 · last_saved=https://www.genspark.ai/api/files/s/qo80uxtd
[03:06:49] ⏱ 준비 SRT_600 0.0s · chars=1410
[03:06:51] ⏱ 다음명령유휴 SRT_600 1.5s · idle=True
[03:06:51] fill OK(clip) follow=True chars=1410
[03:06:51] submit 시작 composer=1410 url=https://www.genspark.ai/agents?id=91f02444-1b14-469d-990c-7e05369630f6
[03:06:52] submit geo 실패 hit=no-btn
[03:06:52] submit 시도 method=geo geo=False
[03:06:52] submit 미확인 method=geo generating=False composer=1410
[03:06:53] submit geo 실패 hit=no-btn
[03:06:53] submit 시도 method=send send=False
[03:06:53] submit 미확인 method=send generating=False composer=1410
[03:06:53] submit 시도 method=ctrl
[03:06:54] submit 미확인 method=ctrl generating=False composer=1412
[03:06:54] submit 시도 method=enter
[03:06:55] submit 확인 method=enter generating=False composer=0
[03:06:55] ⏱ 입력·전송 SRT_600 4.2s · chars=1410
[03:06:55] 제출 후 last_saved=https://www.genspark.ai/api/files/s/qo80uxtd
[03:06:55] ⏱ 생성대기 시작 SRT_600 max=120s
[03:07:08] ⏱ 생성대기 완료 13.3s SRT_600 https://www.genspark.ai/api/files/s/06hr7y7y
[03:07:08] ⏱ 생성대기구간 SRT_600 13.3s · ok=True
[03:07:09] SRT_600 근접 이미지 https://www.genspark.ai/api/files/s/06hr7y7y
[03:07:09] 다운로드 files URL=https://www.genspark.ai/api/files/s/06hr7y7y → SRT_600.png
[03:07:09] ⏱ 다운로드 직접실패 0.3s · 페이지 fetch 재시도: HTTP Error 403: Forbidden
[03:07:09] ⏱ 다운로드 fetch 0.2s size=704031 SRT_600.png
[03:07:09] ⏱ 다운로드구간 SRT_600 0.6s · SRT_600.png
[03:07:12] ⏱ 다운로드후유휴 SRT_600 2.5s · idle=True
[03:07:12] ⏱ 씬합계 SRT_600 22.3s · https://www.genspark.ai/api/files/s/06hr7y7y
[03:07:12] SRT_600 생성·다운로드 완료
C:\cursor\wuxia\무협극장\검신귀환록\2부\14장\png\SRT_600.png
[03:07:12] 상태키 SRT_620 · Baek|blood_robe; Jin≈19|blood_robe
[03:07:12] run_scene 시작 SRT_620 · seen_files=31 · last_saved=https://www.genspark.ai/api/files/s/06hr7y7y
[03:07:12] ⏱ 준비 SRT_620 0.1s · chars=2593
[03:07:14] ⏱ 다음명령유휴 SRT_620 2.7s · idle=True
[03:07:16] fill OK(clip) follow=True chars=2593
[03:07:16] submit 시작 composer=2593 url=https://www.genspark.ai/agents?id=91f02444-1b14-469d-990c-7e05369630f6
[03:07:16] submit geo 실패 hit=no-btn
[03:07:16] submit 시도 method=geo geo=False
[03:07:17] submit 미확인 method=geo generating=False composer=2593
[03:07:18] submit geo 실패 hit=no-btn
[03:07:18] submit 시도 method=send send=False
[03:07:18] submit 미확인 method=send generating=False composer=2593
[03:07:19] submit 시도 method=ctrl
[03:07:20] submit 미확인 method=ctrl generating=False composer=2595
[03:07:20] submit 시도 method=enter
[03:07:21] submit 확인 method=enter generating=False composer=0
[03:07:21] ⏱ 입력·전송 SRT_620 6.1s · chars=2593
[03:07:21] 제출 후 last_saved=https://www.genspark.ai/api/files/s/06hr7y7y
[03:07:21] ⏱ 생성대기 시작 SRT_620 max=120s
[03:07:32] ⏱ 생성대기 완료 11.2s SRT_620 https://www.genspark.ai/api/files/s/hr5fxtk5
[03:07:32] ⏱ 생성대기구간 SRT_620 11.2s · ok=True
[03:07:32] SRT_620 근접 이미지 https://www.genspark.ai/api/files/s/hr5fxtk5
[03:07:32] 다운로드 files URL=https://www.genspark.ai/api/files/s/hr5fxtk5 → SRT_620.png
[03:07:32] ⏱ 다운로드 직접실패 0.3s · 페이지 fetch 재시도: HTTP Error 403: Forbidden
[03:07:33] ⏱ 다운로드 fetch 0.1s size=512752 SRT_620.png
[03:07:33] ⏱ 다운로드구간 SRT_620 0.4s · SRT_620.png
[03:07:34] ⏱ 다운로드후유휴 SRT_620 1.4s · idle=True
[03:07:34] ⏱ 씬합계 SRT_620 22.2s · https://www.genspark.ai/api/files/s/hr5fxtk5
[03:07:34] SRT_620 생성·다운로드 완료
C:\cursor\wuxia\무협극장\검신귀환록\2부\14장\png\SRT_620.png
[03:07:34] 상태키 SRT_640 · Baek|blood_robe; Jin≈19|blood_robe
[03:07:34] run_scene 시작 SRT_640 · seen_files=32 · last_saved=https://www.genspark.ai/api/files/s/hr5fxtk5
[03:07:34] ⏱ 준비 SRT_640 0.0s · chars=1853
[03:07:36] ⏱ 다음명령유휴 SRT_640 1.5s · idle=True
[03:07:36] fill OK(clip) follow=True chars=1853
[03:07:36] submit 시작 composer=1853 url=https://www.genspark.ai/agents?id=91f02444-1b14-469d-990c-7e05369630f6
[03:07:36] submit geo 실패 hit=no-btn
[03:07:36] submit 시도 method=geo geo=False
[03:07:37] submit 미확인 method=geo generating=False composer=1853
[03:07:37] submit geo 실패 hit=no-btn
[03:07:37] submit 시도 method=send send=False
[03:07:38] submit 미확인 method=send generating=False composer=1853
[03:07:38] submit 시도 method=ctrl
[03:07:39] submit 미확인 method=ctrl generating=False composer=1855
[03:07:39] submit 시도 method=enter
[03:07:40] submit 확인 method=enter generating=False composer=0
[03:07:40] ⏱ 입력·전송 SRT_640 4.1s · chars=1853
[03:07:40] 제출 후 last_saved=https://www.genspark.ai/api/files/s/hr5fxtk5
[03:07:40] ⏱ 생성대기 시작 SRT_640 max=120s
[03:07:55] ⏱ 생성대기 진행 15.1s SRT_640 busy=False url_ok=True src=https://www.genspark.ai/api/files/s/yhey4a1k
[03:07:55] ⏱ 생성대기 완료 15.4s SRT_640 https://www.genspark.ai/api/files/s/yhey4a1k
[03:07:55] ⏱ 생성대기구간 SRT_640 15.4s · ok=True
[03:07:55] SRT_640 근접 이미지 https://www.genspark.ai/api/files/s/yhey4a1k
[03:07:55] 다운로드 files URL=https://www.genspark.ai/api/files/s/yhey4a1k → SRT_640.png
[03:07:56] ⏱ 다운로드 직접실패 0.2s · 페이지 fetch 재시도: HTTP Error 403: Forbidden
[03:07:56] ⏱ 다운로드 fetch 0.1s size=499001 SRT_640.png
[03:07:56] ⏱ 다운로드구간 SRT_640 0.3s · SRT_640.png
[03:07:57] ⏱ 다운로드후유휴 SRT_640 1.5s · idle=True
[03:07:57] ⏱ 씬합계 SRT_640 23.0s · https://www.genspark.ai/api/files/s/yhey4a1k
[03:07:57] SRT_640 생성·다운로드 완료
C:\cursor\wuxia\무협극장\검신귀환록\2부\14장\png\SRT_640.png
[03:07:57] 상태키 SRT_660 · Baek|blood_robe; Jin≈19|blood_robe
[03:07:57] run_scene 시작 SRT_660 · seen_files=33 · last_saved=https://www.genspark.ai/api/files/s/yhey4a1k
[03:07:57] ⏱ 준비 SRT_660 0.0s · chars=2155
[03:07:59] ⏱ 다음명령유휴 SRT_660 1.4s · idle=True
[03:08:00] fill OK(clip) follow=True chars=2155
[03:08:00] submit 시작 composer=2155 url=https://www.genspark.ai/agents?id=91f02444-1b14-469d-990c-7e05369630f6
[03:08:00] submit geo 실패 hit=no-btn
[03:08:00] submit 시도 method=geo geo=False
[03:08:00] submit 미확인 method=geo generating=False composer=2155
[03:08:01] submit geo 실패 hit=no-btn
[03:08:01] submit 시도 method=send send=False
[03:08:01] submit 미확인 method=send generating=False composer=2155
[03:08:01] submit 시도 method=ctrl
[03:08:02] submit 미확인 method=ctrl generating=False composer=2157
[03:08:02] submit 시도 method=enter
[03:08:03] submit 확인 method=enter generating=False composer=0
[03:08:03] ⏱ 입력·전송 SRT_660 4.3s · chars=2155
[03:08:03] 제출 후 last_saved=https://www.genspark.ai/api/files/s/yhey4a1k
[03:08:03] ⏱ 생성대기 시작 SRT_660 max=120s
[03:08:19] ⏱ 생성대기 진행 15.6s SRT_660 busy=False url_ok=False src=
[03:08:20] ⏱ 생성대기 완료 16.6s SRT_660 https://www.genspark.ai/api/files/s/etuki3j5
[03:08:20] ⏱ 생성대기구간 SRT_660 16.6s · ok=True
[03:08:20] SRT_660 근접 이미지 https://www.genspark.ai/api/files/s/etuki3j5
[03:08:20] 다운로드 files URL=https://www.genspark.ai/api/files/s/etuki3j5 → SRT_660.png
[03:08:20] ⏱ 다운로드 직접실패 0.3s · 페이지 fetch 재시도: HTTP Error 403: Forbidden
[03:08:20] ⏱ 다운로드 fetch 0.2s size=482918 SRT_660.png
[03:08:20] ⏱ 다운로드구간 SRT_660 0.5s · SRT_660.png
[03:08:23] ⏱ 다운로드후유휴 SRT_660 2.5s · idle=True
[03:08:23] ⏱ 씬합계 SRT_660 25.6s · https://www.genspark.ai/api/files/s/etuki3j5
[03:08:23] SRT_660 생성·다운로드 완료
C:\cursor\wuxia\무협극장\검신귀환록\2부\14장\png\SRT_660.png
[03:08:23] 상태키 SRT_680 · Baek|blood_robe; Jin≈19|blood_robe
[03:08:23] run_scene 시작 SRT_680 · seen_files=34 · last_saved=https://www.genspark.ai/api/files/s/etuki3j5
[03:08:23] ⏱ 준비 SRT_680 0.0s · chars=2136
[03:08:26] ⏱ 다음명령유휴 SRT_680 2.7s · idle=True
[03:08:27] fill OK(clip) follow=True chars=2136
[03:08:27] submit 시작 composer=2136 url=https://www.genspark.ai/agents?id=91f02444-1b14-469d-990c-7e05369630f6
[03:08:27] submit geo 실패 hit=no-btn
[03:08:27] submit 시도 method=geo geo=False
[03:08:28] submit 미확인 method=geo generating=False composer=2136
[03:08:29] submit geo 실패 hit=no-btn
[03:08:29] submit 시도 method=send send=False
[03:08:29] submit 미확인 method=send generating=False composer=2136
[03:08:30] submit 시도 method=ctrl
[03:08:31] submit 미확인 method=ctrl generating=False composer=2138
[03:08:31] submit 시도 method=enter
[03:08:32] submit 확인 method=enter generating=False composer=0
[03:08:32] ⏱ 입력·전송 SRT_680 5.8s · chars=2136
[03:08:32] 제출 후 last_saved=https://www.genspark.ai/api/files/s/etuki3j5
[03:08:32] ⏱ 생성대기 시작 SRT_680 max=120s
[03:08:47] ⏱ 생성대기 진행 15.1s SRT_680 busy=False url_ok=True src=https://www.genspark.ai/api/files/s/nlpsautd
[03:08:47] ⏱ 생성대기 완료 15.3s SRT_680 https://www.genspark.ai/api/files/s/nlpsautd
[03:08:47] ⏱ 생성대기구간 SRT_680 15.3s · ok=True
[03:08:47] SRT_680 근접 이미지 https://www.genspark.ai/api/files/s/nlpsautd
[03:08:47] 다운로드 files URL=https://www.genspark.ai/api/files/s/nlpsautd → SRT_680.png
[03:08:48] ⏱ 다운로드 직접실패 0.3s · 페이지 fetch 재시도: HTTP Error 403: Forbidden
[03:08:48] ⏱ 다운로드 fetch 0.1s size=449847 SRT_680.png
[03:08:48] ⏱ 다운로드구간 SRT_680 0.4s · SRT_680.png
[03:08:49] ⏱ 다운로드후유휴 SRT_680 1.4s · idle=True
[03:08:49] ⏱ 씬합계 SRT_680 26.0s · https://www.genspark.ai/api/files/s/nlpsautd
[03:08:49] SRT_680 생성·다운로드 완료
C:\cursor\wuxia\무협극장\검신귀환록\2부\14장\png\SRT_680.png
[03:08:49] 상태키 SRT_700 · Baek|blood_robe; Jin≈19|blood_robe
[03:08:49] run_scene 시작 SRT_700 · seen_files=35 · last_saved=https://www.genspark.ai/api/files/s/nlpsautd
[03:08:49] ⏱ 준비 SRT_700 0.0s · chars=1828
[03:08:51] ⏱ 다음명령유휴 SRT_700 1.4s · idle=True
[03:08:51] fill OK(clip) follow=True chars=1828
[03:08:51] submit 시작 composer=1828 url=https://www.genspark.ai/agents?id=91f02444-1b14-469d-990c-7e05369630f6
[03:08:52] submit geo 실패 hit=no-btn
[03:08:52] submit 시도 method=geo geo=False
[03:08:52] submit 미확인 method=geo generating=False composer=1828
[03:08:52] submit geo 실패 hit=no-btn
[03:08:52] submit 시도 method=send send=False
[03:08:53] submit 미확인 method=send generating=False composer=1828
[03:08:53] submit 시도 method=ctrl
[03:08:54] submit 미확인 method=ctrl generating=False composer=1830
[03:08:54] submit 시도 method=enter
[03:08:55] submit 확인 method=enter generating=False composer=0
[03:08:55] ⏱ 입력·전송 SRT_700 4.1s · chars=1828
[03:08:55] 제출 후 last_saved=https://www.genspark.ai/api/files/s/nlpsautd
[03:08:55] ⏱ 생성대기 시작 SRT_700 max=120s
[03:09:07] ⏱ 생성대기 완료 12.4s SRT_700 https://www.genspark.ai/api/files/s/p9kjjvzf
[03:09:08] ⏱ 생성대기구간 SRT_700 12.4s · ok=True
[03:09:08] SRT_700 근접 이미지 https://www.genspark.ai/api/files/s/p9kjjvzf
[03:09:08] 다운로드 files URL=https://www.genspark.ai/api/files/s/p9kjjvzf → SRT_700.png
[03:09:08] ⏱ 다운로드 직접실패 0.3s · 페이지 fetch 재시도: HTTP Error 403: Forbidden
[03:09:08] ⏱ 다운로드 fetch 0.1s size=515580 SRT_700.png
[03:09:08] ⏱ 다운로드구간 SRT_700 0.3s · SRT_700.png
[03:09:09] ⏱ 다운로드후유휴 SRT_700 1.5s · idle=True
[03:09:09] ⏱ 씬합계 SRT_700 20.1s · https://www.genspark.ai/api/files/s/p9kjjvzf
[03:09:09] SRT_700 생성·다운로드 완료
C:\cursor\wuxia\무협극장\검신귀환록\2부\14장\png\SRT_700.png
[03:09:10] 상태키 SRT_720 · Baek|blood_robe; Jin≈19|blood_robe
[03:09:10] run_scene 시작 SRT_720 · seen_files=36 · last_saved=https://www.genspark.ai/api/files/s/p9kjjvzf
[03:09:10] ⏱ 준비 SRT_720 0.0s · chars=2496
[03:09:11] ⏱ 다음명령유휴 SRT_720 1.4s · idle=True
[03:09:12] fill OK(clip) follow=True chars=2496
[03:09:12] submit 시작 composer=2496 url=https://www.genspark.ai/agents?id=91f02444-1b14-469d-990c-7e05369630f6
[03:09:12] submit geo 실패 hit=no-btn
[03:09:12] submit 시도 method=geo geo=False
[03:09:13] submit 미확인 method=geo generating=False composer=2496
[03:09:13] submit geo 실패 hit=no-btn
[03:09:13] submit 시도 method=send send=False
[03:09:14] submit 미확인 method=send generating=False composer=2496
[03:09:14] submit 시도 method=ctrl
[03:09:15] submit 미확인 method=ctrl generating=False composer=2498
[03:09:16] submit 시도 method=enter
[03:09:16] submit 확인 method=enter generating=False composer=0
[03:09:16] ⏱ 입력·전송 SRT_720 5.5s · chars=2496
[03:09:16] 제출 후 last_saved=https://www.genspark.ai/api/files/s/p9kjjvzf
[03:09:17] ⏱ 생성대기 시작 SRT_720 max=120s
[03:09:30] ⏱ 생성대기 완료 13.8s SRT_720 https://www.genspark.ai/api/files/s/7viteern
[03:09:30] ⏱ 생성대기구간 SRT_720 13.8s · ok=True
[03:09:31] SRT_720 근접 이미지 https://www.genspark.ai/api/files/s/7viteern
[03:09:31] 다운로드 files URL=https://www.genspark.ai/api/files/s/7viteern → SRT_720.png
[03:09:31] ⏱ 다운로드 직접실패 0.3s · 페이지 fetch 재시도: HTTP Error 403: Forbidden
[03:09:31] ⏱ 다운로드 fetch 0.2s size=586067 SRT_720.png
[03:09:31] ⏱ 다운로드구간 SRT_720 0.5s · SRT_720.png
[03:09:34] ⏱ 다운로드후유휴 SRT_720 2.6s · idle=True
[03:09:34] ⏱ 씬합계 SRT_720 24.1s · https://www.genspark.ai/api/files/s/7viteern
[03:09:34] SRT_720 생성·다운로드 완료
C:\cursor\wuxia\무협극장\검신귀환록\2부\14장\png\SRT_720.png
[03:09:34] 상태키 SRT_740 · Baek|blood_robe; Jin≈19|blood_robe
[03:09:34] run_scene 시작 SRT_740 · seen_files=37 · last_saved=https://www.genspark.ai/api/files/s/7viteern
[03:09:34] ⏱ 준비 SRT_740 0.0s · chars=1855
[03:09:36] ⏱ 다음명령유휴 SRT_740 2.6s · idle=True
[03:09:38] fill OK(clip) follow=True chars=1855
[03:09:38] submit 시작 composer=1855 url=https://www.genspark.ai/agents?id=91f02444-1b14-469d-990c-7e05369630f6
[03:09:38] submit geo 실패 hit=no-btn
[03:09:38] submit 시도 method=geo geo=False
[03:09:39] submit 미확인 method=geo generating=False composer=1855
[03:09:40] submit geo 실패 hit=no-btn
[03:09:40] submit 시도 method=send send=False
[03:09:41] submit 미확인 method=send generating=False composer=1855
[03:09:41] submit 시도 method=ctrl
[03:09:42] submit 미확인 method=ctrl generating=False composer=1857
[03:09:42] submit 시도 method=enter
[03:09:43] submit 확인 method=enter generating=False composer=0
[03:09:43] ⏱ 입력·전송 SRT_740 6.3s · chars=1855
[03:09:43] 제출 후 last_saved=https://www.genspark.ai/api/files/s/7viteern
[03:09:43] ⏱ 생성대기 시작 SRT_740 max=120s
[03:09:56] ⏱ 생성대기 완료 12.8s SRT_740 https://www.genspark.ai/api/files/s/eidjivvg
[03:09:56] ⏱ 생성대기구간 SRT_740 12.9s · ok=True
[03:09:56] SRT_740 근접 이미지 https://www.genspark.ai/api/files/s/eidjivvg
[03:09:56] 다운로드 files URL=https://www.genspark.ai/api/files/s/eidjivvg → SRT_740.png
[03:09:56] ⏱ 다운로드 직접실패 0.3s · 페이지 fetch 재시도: HTTP Error 403: Forbidden
[03:09:56] ⏱ 다운로드 fetch 0.1s size=520572 SRT_740.png
[03:09:56] ⏱ 다운로드구간 SRT_740 0.4s · SRT_740.png
[03:09:58] ⏱ 다운로드후유휴 SRT_740 1.4s · idle=True
[03:09:58] ⏱ 씬합계 SRT_740 23.8s · https://www.genspark.ai/api/files/s/eidjivvg
[03:09:58] SRT_740 생성·다운로드 완료
C:\cursor\wuxia\무협극장\검신귀환록\2부\14장\png\SRT_740.png
[03:09:58] 상태키 SRT_760 · Baek|blood_robe; Jin≈19|blood_robe
[03:09:58] run_scene 시작 SRT_760 · seen_files=38 · last_saved=https://www.genspark.ai/api/files/s/eidjivvg
[03:09:58] ⏱ 준비 SRT_760 0.0s · chars=2494
[03:09:59] ⏱ 다음명령유휴 SRT_760 1.5s · idle=True
[03:10:00] fill OK(clip) follow=True chars=2494
[03:10:00] submit 시작 composer=2494 url=https://www.genspark.ai/agents?id=91f02444-1b14-469d-990c-7e05369630f6
[03:10:00] submit geo 실패 hit=no-btn
[03:10:00] submit 시도 method=geo geo=False
[03:10:01] submit 미확인 method=geo generating=False composer=2494
[03:10:01] submit geo 실패 hit=no-btn
[03:10:01] submit 시도 method=send send=False
[03:10:02] submit 미확인 method=send generating=False composer=2494
[03:10:02] submit 시도 method=ctrl
[03:10:03] submit 미확인 method=ctrl generating=False composer=2496
[03:10:03] submit 시도 method=enter
[03:10:04] submit 확인 method=enter generating=False composer=0
[03:10:04] ⏱ 입력·전송 SRT_760 4.3s · chars=2494
[03:10:04] 제출 후 last_saved=https://www.genspark.ai/api/files/s/eidjivvg
[03:10:04] ⏱ 생성대기 시작 SRT_760 max=120s
[03:10:19] ⏱ 생성대기 진행 15.1s SRT_760 busy=False url_ok=False src=
[03:10:20] ⏱ 생성대기 완료 16.0s SRT_760 https://www.genspark.ai/api/files/s/yncvuaef
[03:10:20] ⏱ 생성대기구간 SRT_760 16.0s · ok=True
[03:10:20] SRT_760 근접 이미지 https://www.genspark.ai/api/files/s/yncvuaef
[03:10:20] 다운로드 files URL=https://www.genspark.ai/api/files/s/yncvuaef → SRT_760.png
[03:10:20] ⏱ 다운로드 직접실패 0.2s · 페이지 fetch 재시도: HTTP Error 403: Forbidden
[03:10:20] ⏱ 다운로드 fetch 0.1s size=552524 SRT_760.png
[03:10:20] ⏱ 다운로드구간 SRT_760 0.3s · SRT_760.png
[03:10:21] ⏱ 다운로드후유휴 SRT_760 1.4s · idle=True
[03:10:22] ⏱ 씬합계 SRT_760 23.7s · https://www.genspark.ai/api/files/s/yncvuaef
[03:10:22] SRT_760 생성·다운로드 완료
C:\cursor\wuxia\무협극장\검신귀환록\2부\14장\png\SRT_760.png
[03:10:22] 상태키 SRT_780 · Baek|blood_robe; Jin≈19|blood_robe
[03:10:22] run_scene 시작 SRT_780 · seen_files=39 · last_saved=https://www.genspark.ai/api/files/s/yncvuaef
[03:10:22] ⏱ 준비 SRT_780 0.0s · chars=1853
[03:10:24] ⏱ 다음명령유휴 SRT_780 2.0s · idle=True
[03:10:25] fill OK(clip) follow=True chars=1853
[03:10:25] submit 시작 composer=1853 url=https://www.genspark.ai/agents?id=91f02444-1b14-469d-990c-7e05369630f6
[03:10:25] submit geo 실패 hit=no-btn
[03:10:25] submit 시도 method=geo geo=False
[03:10:26] submit 미확인 method=geo generating=False composer=1853
[03:10:27] submit geo 실패 hit=no-btn
[03:10:27] submit 시도 method=send send=False
[03:10:27] submit 미확인 method=send generating=False composer=1853
[03:10:28] submit 시도 method=ctrl
[03:10:28] submit 미확인 method=ctrl generating=False composer=1855
[03:10:29] submit 시도 method=enter
[03:10:30] submit 확인 method=enter generating=False composer=0
[03:10:30] ⏱ 입력·전송 SRT_780 5.9s · chars=1853
[03:10:30] 제출 후 last_saved=https://www.genspark.ai/api/files/s/yncvuaef
[03:10:30] ⏱ 생성대기 시작 SRT_780 max=120s
[03:10:42] ⏱ 생성대기 완료 12.1s SRT_780 https://www.genspark.ai/api/files/s/s3zq1yvz
[03:10:42] ⏱ 생성대기구간 SRT_780 12.1s · ok=True
[03:10:42] SRT_780 근접 이미지 https://www.genspark.ai/api/files/s/s3zq1yvz
[03:10:42] 다운로드 files URL=https://www.genspark.ai/api/files/s/s3zq1yvz → SRT_780.png
[03:10:42] ⏱ 다운로드 직접실패 0.3s · 페이지 fetch 재시도: HTTP Error 403: Forbidden
[03:10:43] ⏱ 다운로드 fetch 0.2s size=450223 SRT_780.png
[03:10:43] ⏱ 다운로드구간 SRT_780 0.6s · SRT_780.png
[03:10:46] ⏱ 다운로드후유휴 SRT_780 3.2s · idle=True
[03:10:46] ⏱ 씬합계 SRT_780 24.2s · https://www.genspark.ai/api/files/s/s3zq1yvz
[03:10:46] SRT_780 생성·다운로드 완료
C:\cursor\wuxia\무협극장\검신귀환록\2부\14장\png\SRT_780.png
[03:10:46] 상태키 SRT_800 · Baek|blood_robe; Jin≈19|blood_robe
[03:10:46] run_scene 시작 SRT_800 · seen_files=40 · last_saved=https://www.genspark.ai/api/files/s/s3zq1yvz
[03:10:46] ⏱ 준비 SRT_800 0.1s · chars=2445
[03:10:49] ⏱ 다음명령유휴 SRT_800 2.6s · idle=True
[03:10:50] fill OK(clip) follow=True chars=2445
[03:10:50] submit 시작 composer=2445 url=https://www.genspark.ai/agents?id=91f02444-1b14-469d-990c-7e05369630f6
[03:10:50] submit geo 실패 hit=no-btn
[03:10:50] submit 시도 method=geo geo=False
[03:10:51] submit 미확인 method=geo generating=False composer=2445
[03:10:52] submit geo 실패 hit=no-btn
[03:10:52] submit 시도 method=send send=False
[03:10:53] submit 미확인 method=send generating=False composer=2445
[03:10:53] submit 시도 method=ctrl
[03:10:54] submit 미확인 method=ctrl generating=False composer=2447
[03:10:54] submit 시도 method=enter
[03:10:55] submit 확인 method=enter generating=False composer=0
[03:10:55] ⏱ 입력·전송 SRT_800 6.1s · chars=2445
[03:10:55] 제출 후 last_saved=https://www.genspark.ai/api/files/s/s3zq1yvz
[03:10:55] ⏱ 생성대기 시작 SRT_800 max=120s
[03:11:08] ⏱ 생성대기 완료 12.5s SRT_800 https://www.genspark.ai/api/files/s/s0r82u07
[03:11:08] ⏱ 생성대기구간 SRT_800 12.5s · ok=True
[03:11:08] SRT_800 근접 이미지 https://www.genspark.ai/api/files/s/s0r82u07
[03:11:08] 다운로드 files URL=https://www.genspark.ai/api/files/s/s0r82u07 → SRT_800.png
[03:11:08] ⏱ 다운로드 직접실패 0.3s · 페이지 fetch 재시도: HTTP Error 403: Forbidden
[03:11:08] ⏱ 다운로드 fetch 0.1s size=437262 SRT_800.png
[03:11:08] ⏱ 다운로드구간 SRT_800 0.3s · SRT_800.png
[03:11:10] ⏱ 다운로드후유휴 SRT_800 1.7s · idle=True
[03:11:10] ⏱ 씬합계 SRT_800 23.5s · https://www.genspark.ai/api/files/s/s0r82u07
[03:11:10] SRT_800 생성·다운로드 완료
C:\cursor\wuxia\무협극장\검신귀환록\2부\14장\png\SRT_800.png
[03:11:10] 상태키 SRT_820 · Baek|blood_robe; Jin≈19|blood_robe
[03:11:10] run_scene 시작 SRT_820 · seen_files=41 · last_saved=https://www.genspark.ai/api/files/s/s0r82u07
[03:11:10] ⏱ 준비 SRT_820 0.0s · chars=2512
[03:11:11] ⏱ 다음명령유휴 SRT_820 1.7s · idle=True
[03:11:12] fill OK(clip) follow=True chars=2512
[03:11:12] submit 시작 composer=2512 url=https://www.genspark.ai/agents?id=91f02444-1b14-469d-990c-7e05369630f6
[03:11:12] submit geo 실패 hit=no-btn
[03:11:12] submit 시도 method=geo geo=False
[03:11:13] submit 미확인 method=geo generating=False composer=2512
[03:11:13] submit geo 실패 hit=no-btn
[03:11:13] submit 시도 method=send send=False
[03:11:14] submit 미확인 method=send generating=False composer=2512
[03:11:14] submit 시도 method=ctrl
[03:11:15] submit 미확인 method=ctrl generating=False composer=2514
[03:11:15] submit 시도 method=enter
[03:11:16] submit 확인 method=enter generating=False composer=0
[03:11:16] ⏱ 입력·전송 SRT_820 4.3s · chars=2512
[03:11:16] 제출 후 last_saved=https://www.genspark.ai/api/files/s/s0r82u07
[03:11:16] ⏱ 생성대기 시작 SRT_820 max=120s
[03:11:31] ⏱ 생성대기 진행 15.4s SRT_820 busy=False url_ok=True src=https://www.genspark.ai/api/files/s/06wsxtmt
[03:11:32] ⏱ 생성대기 완료 15.8s SRT_820 https://www.genspark.ai/api/files/s/06wsxtmt
[03:11:32] ⏱ 생성대기구간 SRT_820 15.8s · ok=True
[03:11:32] SRT_820 근접 이미지 https://www.genspark.ai/api/files/s/06wsxtmt
[03:11:32] 다운로드 files URL=https://www.genspark.ai/api/files/s/06wsxtmt → SRT_820.png
[03:11:32] ⏱ 다운로드 직접실패 0.3s · 페이지 fetch 재시도: HTTP Error 403: Forbidden
[03:11:32] ⏱ 다운로드 fetch 0.2s size=449991 SRT_820.png
[03:11:33] ⏱ 다운로드구간 SRT_820 0.6s · SRT_820.png
[03:11:36] ⏱ 다운로드후유휴 SRT_820 3.3s · idle=True
[03:11:36] ⏱ 씬합계 SRT_820 26.1s · https://www.genspark.ai/api/files/s/06wsxtmt
[03:11:36] SRT_820 생성·다운로드 완료
C:\cursor\wuxia\무협극장\검신귀환록\2부\14장\png\SRT_820.png
[03:11:36] 상태키 SRT_840 · Baek|blood_robe; Jin≈19|blood_robe
[03:11:36] run_scene 시작 SRT_840 · seen_files=42 · last_saved=https://www.genspark.ai/api/files/s/06wsxtmt
[03:11:36] ⏱ 준비 SRT_840 0.1s · chars=1389
[03:11:39] ⏱ 다음명령유휴 SRT_840 3.2s · idle=True
[03:11:41] fill OK(clip) follow=True chars=1389
[03:11:41] submit 시작 composer=1389 url=https://www.genspark.ai/agents?id=91f02444-1b14-469d-990c-7e05369630f6
[03:11:41] submit geo 실패 hit=no-btn
[03:11:41] submit 시도 method=geo geo=False
[03:11:42] submit 미확인 method=geo generating=False composer=1389
[03:11:43] submit geo 실패 hit=no-btn
[03:11:43] submit 시도 method=send send=False
[03:11:44] submit 미확인 method=send generating=False composer=1389
[03:11:44] submit 시도 method=ctrl
[03:11:45] submit 미확인 method=ctrl generating=False composer=1391
[03:11:45] submit 시도 method=enter
[03:11:46] submit 확인 method=enter generating=False composer=0
[03:11:46] ⏱ 입력·전송 SRT_840 6.7s · chars=1389
[03:11:46] 제출 후 last_saved=https://www.genspark.ai/api/files/s/06wsxtmt
[03:11:46] ⏱ 생성대기 시작 SRT_840 max=120s
[03:11:58] ⏱ 생성대기 완료 11.9s SRT_840 https://www.genspark.ai/api/files/s/bkntl376
[03:11:58] ⏱ 생성대기구간 SRT_840 11.9s · ok=True
[03:11:58] SRT_840 근접 이미지 https://www.genspark.ai/api/files/s/bkntl376
[03:11:58] 다운로드 files URL=https://www.genspark.ai/api/files/s/bkntl376 → SRT_840.png
[03:11:59] ⏱ 다운로드 직접실패 0.3s · 페이지 fetch 재시도: HTTP Error 403: Forbidden
[03:11:59] ⏱ 다운로드 fetch 0.1s size=466276 SRT_840.png
[03:11:59] ⏱ 다운로드구간 SRT_840 0.5s · SRT_840.png
[03:12:02] ⏱ 다운로드후유휴 SRT_840 2.7s · idle=True
[03:12:02] ⏱ 씬합계 SRT_840 25.5s · https://www.genspark.ai/api/files/s/bkntl376
[03:12:02] SRT_840 생성·다운로드 완료
C:\cursor\wuxia\무협극장\검신귀환록\2부\14장\png\SRT_840.png
[03:12:02] 상태키 SRT_860 · Baek|blood_robe; Jin≈19|blood_robe
[03:12:02] run_scene 시작 SRT_860 · seen_files=43 · last_saved=https://www.genspark.ai/api/files/s/bkntl376
[03:12:02] ⏱ 준비 SRT_860 0.1s · chars=2616
[03:12:04] ⏱ 다음명령유휴 SRT_860 2.4s · idle=True
[03:12:05] fill OK(clip) follow=True chars=2616
[03:12:05] submit 시작 composer=2616 url=https://www.genspark.ai/agents?id=91f02444-1b14-469d-990c-7e05369630f6
[03:12:05] submit geo 실패 hit=no-btn
[03:12:05] submit 시도 method=geo geo=False
[03:12:06] submit 미확인 method=geo generating=False composer=2616
[03:12:06] submit geo 실패 hit=no-btn
[03:12:06] submit 시도 method=send send=False
[03:12:07] submit 미확인 method=send generating=False composer=2616
[03:12:07] submit 시도 method=ctrl
[03:12:08] submit 미확인 method=ctrl generating=False composer=2618
[03:12:08] submit 시도 method=enter
[03:12:08] submit 확인 method=enter generating=False composer=0
[03:12:08] ⏱ 입력·전송 SRT_860 4.3s · chars=2616
[03:12:08] 제출 후 last_saved=https://www.genspark.ai/api/files/s/bkntl376
[03:12:09] ⏱ 생성대기 시작 SRT_860 max=120s
[03:12:22] ⏱ 생성대기 완료 12.9s SRT_860 https://www.genspark.ai/api/files/s/ap40i9o8
[03:12:22] ⏱ 생성대기구간 SRT_860 12.9s · ok=True
[03:12:22] SRT_860 근접 이미지 https://www.genspark.ai/api/files/s/ap40i9o8
[03:12:22] 다운로드 files URL=https://www.genspark.ai/api/files/s/ap40i9o8 → SRT_860.png
[03:12:22] ⏱ 다운로드 직접실패 0.3s · 페이지 fetch 재시도: HTTP Error 403: Forbidden
[03:12:22] ⏱ 다운로드 fetch 0.1s size=368771 SRT_860.png
[03:12:22] ⏱ 다운로드구간 SRT_860 0.4s · SRT_860.png
[03:12:24] ⏱ 다운로드후유휴 SRT_860 1.6s · idle=True
[03:12:24] ⏱ 씬합계 SRT_860 21.9s · https://www.genspark.ai/api/files/s/ap40i9o8
[03:12:24] SRT_860 생성·다운로드 완료
C:\cursor\wuxia\무협극장\검신귀환록\2부\14장\png\SRT_860.png
[03:12:24] 상태키 SRT_880 · Baek|blood_robe; Jin≈19|blood_robe
[03:12:24] run_scene 시작 SRT_880 · seen_files=44 · last_saved=https://www.genspark.ai/api/files/s/ap40i9o8
[03:12:24] ⏱ 준비 SRT_880 0.0s · chars=2138
[03:12:26] ⏱ 다음명령유휴 SRT_880 2.0s · idle=True
[03:12:27] fill OK(clip) follow=True chars=2138
[03:12:27] submit 시작 composer=2138 url=https://www.genspark.ai/agents?id=91f02444-1b14-469d-990c-7e05369630f6
[03:12:27] submit geo 실패 hit=no-btn
[03:12:27] submit 시도 method=geo geo=False
[03:12:28] submit 미확인 method=geo generating=False composer=2138
[03:12:29] submit geo 실패 hit=no-btn
[03:12:29] submit 시도 method=send send=False
[03:12:30] submit 미확인 method=send generating=False composer=2138
[03:12:30] submit 시도 method=ctrl
[03:12:31] submit 미확인 method=ctrl generating=False composer=2140
[03:12:31] submit 시도 method=enter
[03:12:32] submit 확인 method=enter generating=False composer=0
[03:12:32] ⏱ 입력·전송 SRT_880 6.2s · chars=2138
[03:12:32] 제출 후 last_saved=https://www.genspark.ai/api/files/s/ap40i9o8
[03:12:32] ⏱ 생성대기 시작 SRT_880 max=120s
[03:12:47] ⏱ 생성대기 진행 15.0s SRT_880 busy=False url_ok=True src=https://www.genspark.ai/api/files/s/m0lflnoa
[03:12:47] ⏱ 생성대기 완료 15.3s SRT_880 https://www.genspark.ai/api/files/s/m0lflnoa
[03:12:47] ⏱ 생성대기구간 SRT_880 15.3s · ok=True
[03:12:48] SRT_880 근접 이미지 https://www.genspark.ai/api/files/s/m0lflnoa
[03:12:48] 다운로드 files URL=https://www.genspark.ai/api/files/s/m0lflnoa → SRT_880.png
[03:12:48] ⏱ 다운로드 직접실패 0.3s · 페이지 fetch 재시도: HTTP Error 403: Forbidden
[03:12:48] ⏱ 다운로드 fetch 0.1s size=442699 SRT_880.png
[03:12:48] ⏱ 다운로드구간 SRT_880 0.5s · SRT_880.png
[03:12:51] ⏱ 다운로드후유휴 SRT_880 2.7s · idle=True
[03:12:51] ⏱ 씬합계 SRT_880 27.0s · https://www.genspark.ai/api/files/s/m0lflnoa
[03:12:51] SRT_880 생성·다운로드 완료
C:\cursor\wuxia\무협극장\검신귀환록\2부\14장\png\SRT_880.png
[03:12:51] 상태키 SRT_900 · Baek|blood_robe; Jin≈19|blood_robe
[03:12:51] run_scene 시작 SRT_900 · seen_files=45 · last_saved=https://www.genspark.ai/api/files/s/m0lflnoa
[03:12:51] ⏱ 준비 SRT_900 0.0s · chars=1960
[03:12:54] ⏱ 다음명령유휴 SRT_900 2.8s · idle=True
[03:12:55] fill OK(clip) follow=True chars=1960
[03:12:55] submit 시작 composer=1960 url=https://www.genspark.ai/agents?id=91f02444-1b14-469d-990c-7e05369630f6
[03:12:56] submit geo 실패 hit=no-btn
[03:12:56] submit 시도 method=geo geo=False
[03:12:56] submit 미확인 method=geo generating=False composer=1960
[03:12:57] submit geo 실패 hit=no-btn
[03:12:57] submit 시도 method=send send=False
[03:12:58] submit 미확인 method=send generating=False composer=1960
[03:12:58] submit 시도 method=ctrl
[03:12:59] submit 미확인 method=ctrl generating=False composer=1962
[03:13:00] submit 시도 method=enter
[03:13:00] submit 확인 method=enter generating=False composer=0
[03:13:00] ⏱ 입력·전송 SRT_900 6.6s · chars=1960
[03:13:00] 제출 후 last_saved=https://www.genspark.ai/api/files/s/m0lflnoa
[03:13:01] ⏱ 생성대기 시작 SRT_900 max=120s
[03:13:16] ⏱ 생성대기 진행 15.4s SRT_900 busy=True url_ok=False src=
[03:13:20] ⏱ 생성대기 완료 19.2s SRT_900 https://www.genspark.ai/api/files/s/li3jw0nx
[03:13:20] ⏱ 생성대기구간 SRT_900 19.2s · ok=True
[03:13:20] SRT_900 근접 이미지 https://www.genspark.ai/api/files/s/li3jw0nx
[03:13:20] 다운로드 files URL=https://www.genspark.ai/api/files/s/li3jw0nx → SRT_900.png
[03:13:20] ⏱ 다운로드 직접실패 0.3s · 페이지 fetch 재시도: HTTP Error 403: Forbidden
[03:13:20] ⏱ 다운로드 fetch 0.1s size=720494 SRT_900.png
[03:13:20] ⏱ 다운로드구간 SRT_900 0.4s · SRT_900.png
[03:13:22] ⏱ 다운로드후유휴 SRT_900 1.5s · idle=True
[03:13:22] ⏱ 씬합계 SRT_900 30.9s · https://www.genspark.ai/api/files/s/li3jw0nx
[03:13:22] SRT_900 생성·다운로드 완료
C:\cursor\wuxia\무협극장\검신귀환록\2부\14장\png\SRT_900.png
[03:13:22] 상태키 SRT_920 · Baek|blood_robe; Jin≈19|blood_robe
[03:13:22] run_scene 시작 SRT_920 · seen_files=46 · last_saved=https://www.genspark.ai/api/files/s/li3jw0nx
[03:13:22] ⏱ 준비 SRT_920 0.0s · chars=1972
[03:13:23] ⏱ 다음명령유휴 SRT_920 1.3s · idle=True
[03:13:24] fill OK(clip) follow=True chars=1972
[03:13:24] submit 시작 composer=1972 url=https://www.genspark.ai/agents?id=91f02444-1b14-469d-990c-7e05369630f6
[03:13:24] submit geo 실패 hit=no-btn
[03:13:24] submit 시도 method=geo geo=False
[03:13:25] submit 미확인 method=geo generating=False composer=1972
[03:13:25] submit geo 실패 hit=no-btn
[03:13:25] submit 시도 method=send send=False
[03:13:26] submit 미확인 method=send generating=False composer=1972
[03:13:26] submit 시도 method=ctrl
[03:13:27] submit 미확인 method=ctrl generating=False composer=1974
[03:13:27] submit 시도 method=enter
[03:13:28] submit 확인 method=enter generating=False composer=0
[03:13:28] ⏱ 입력·전송 SRT_920 4.2s · chars=1972
[03:13:28] 제출 후 last_saved=https://www.genspark.ai/api/files/s/li3jw0nx
[03:13:28] ⏱ 생성대기 시작 SRT_920 max=120s
[03:13:44] ⏱ 생성대기 진행 15.8s SRT_920 busy=False url_ok=True src=https://www.genspark.ai/api/files/s/kuas18ny
[03:13:44] ⏱ 생성대기 완료 16.1s SRT_920 https://www.genspark.ai/api/files/s/kuas18ny
[03:13:44] ⏱ 생성대기구간 SRT_920 16.1s · ok=True
[03:13:44] SRT_920 근접 이미지 https://www.genspark.ai/api/files/s/kuas18ny
[03:13:44] 다운로드 files URL=https://www.genspark.ai/api/files/s/kuas18ny → SRT_920.png
[03:13:44] ⏱ 다운로드 직접실패 0.3s · 페이지 fetch 재시도: HTTP Error 403: Forbidden
[03:13:45] ⏱ 다운로드 fetch 0.7s size=758824 SRT_920.png
[03:13:45] ⏱ 다운로드구간 SRT_920 1.1s · SRT_920.png
[03:13:49] ⏱ 다운로드후유휴 SRT_920 4.2s · idle=True
[03:13:49] ⏱ 씬합계 SRT_920 27.4s · https://www.genspark.ai/api/files/s/kuas18ny
[03:13:49] SRT_920 생성·다운로드 완료
C:\cursor\wuxia\무협극장\검신귀환록\2부\14장\png\SRT_920.png
[03:13:50] 상태키 SRT_940 · Baek|blood_robe; Jin≈19|blood_robe
[03:13:50] run_scene 시작 SRT_940 · seen_files=47 · last_saved=https://www.genspark.ai/api/files/s/kuas18ny
[03:13:50] ⏱ 준비 SRT_940 0.1s · chars=1983
[03:13:53] ⏱ 다음명령유휴 SRT_940 3.6s · idle=True
[03:13:55] fill OK(clip) follow=True chars=1983
[03:13:55] submit 시작 composer=1983 url=https://www.genspark.ai/agents?id=91f02444-1b14-469d-990c-7e05369630f6
[03:13:55] submit geo 실패 hit=no-btn
[03:13:55] submit 시도 method=geo geo=False
[03:13:56] submit 미확인 method=geo generating=False composer=1983
[03:13:58] submit geo 실패 hit=no-btn
[03:13:58] submit 시도 method=send send=False
[03:13:58] submit 미확인 method=send generating=False composer=1983
[03:13:59] submit 시도 method=ctrl
[03:13:59] submit 미확인 method=ctrl generating=False composer=1985
[03:14:00] submit 시도 method=enter
[03:14:01] submit 확인 method=enter generating=False composer=0
[03:14:01] ⏱ 입력·전송 SRT_940 7.3s · chars=1983
[03:14:01] 제출 후 last_saved=https://www.genspark.ai/api/files/s/kuas18ny
[03:14:01] ⏱ 생성대기 시작 SRT_940 max=120s
[03:14:14] ⏱ 생성대기 완료 13.6s SRT_940 https://www.genspark.ai/api/files/s/oksdrhdc
[03:14:14] ⏱ 생성대기구간 SRT_940 13.6s · ok=True
[03:14:15] SRT_940 근접 이미지 https://www.genspark.ai/api/files/s/oksdrhdc
[03:14:15] 다운로드 files URL=https://www.genspark.ai/api/files/s/oksdrhdc → SRT_940.png
[03:14:15] ⏱ 다운로드 직접실패 0.3s · 페이지 fetch 재시도: HTTP Error 403: Forbidden
[03:14:15] ⏱ 다운로드 fetch 0.2s size=774438 SRT_940.png
[03:14:15] ⏱ 다운로드구간 SRT_940 0.6s · SRT_940.png
[03:14:18] ⏱ 다운로드후유휴 SRT_940 2.9s · idle=True
[03:14:18] ⏱ 씬합계 SRT_940 28.4s · https://www.genspark.ai/api/files/s/oksdrhdc
[03:14:18] SRT_940 생성·다운로드 완료
C:\cursor\wuxia\무협극장\검신귀환록\2부\14장\png\SRT_940.png
[03:14:18] 상태키 SRT_960 · Baek|blood_robe; Jin≈19|blood_robe
[03:14:18] run_scene 시작 SRT_960 · seen_files=48 · last_saved=https://www.genspark.ai/api/files/s/oksdrhdc
[03:14:18] ⏱ 준비 SRT_960 0.0s · chars=1983
[03:14:20] ⏱ 다음명령유휴 SRT_960 1.7s · idle=True
[03:14:21] fill OK(clip) follow=True chars=1983
[03:14:21] submit 시작 composer=1983 url=https://www.genspark.ai/agents?id=91f02444-1b14-469d-990c-7e05369630f6
[03:14:21] submit geo 실패 hit=no-btn
[03:14:21] submit 시도 method=geo geo=False
[03:14:21] submit 미확인 method=geo generating=False composer=1983
[03:14:22] submit geo 실패 hit=no-btn
[03:14:22] submit 시도 method=send send=False
[03:14:22] submit 미확인 method=send generating=False composer=1983
[03:14:23] submit 시도 method=ctrl
[03:14:23] submit 미확인 method=ctrl generating=False composer=1985
[03:14:24] submit 시도 method=enter
[03:14:24] submit 확인 method=enter generating=False composer=0
[03:14:24] ⏱ 입력·전송 SRT_960 4.1s · chars=1983
[03:14:24] 제출 후 last_saved=https://www.genspark.ai/api/files/s/oksdrhdc
[03:14:24] ⏱ 생성대기 시작 SRT_960 max=120s
[03:14:39] ⏱ 생성대기 진행 15.2s SRT_960 busy=False url_ok=False src=
[03:14:41] ⏱ 생성대기 완료 17.0s SRT_960 https://www.genspark.ai/api/files/s/ydmhnwfj
[03:14:41] ⏱ 생성대기구간 SRT_960 17.0s · ok=True
[03:14:41] SRT_960 근접 이미지 https://www.genspark.ai/api/files/s/ydmhnwfj
[03:14:41] 다운로드 files URL=https://www.genspark.ai/api/files/s/ydmhnwfj → SRT_960.png
[03:14:42] ⏱ 다운로드 직접실패 0.3s · 페이지 fetch 재시도: HTTP Error 403: Forbidden
[03:14:42] ⏱ 다운로드 fetch 0.1s size=670944 SRT_960.png
[03:14:42] ⏱ 다운로드구간 SRT_960 0.3s · SRT_960.png
[03:14:43] ⏱ 다운로드후유휴 SRT_960 1.4s · idle=True
[03:14:43] ⏱ 씬합계 SRT_960 24.9s · https://www.genspark.ai/api/files/s/ydmhnwfj
[03:14:43] SRT_960 생성·다운로드 완료
C:\cursor\wuxia\무협극장\검신귀환록\2부\14장\png\SRT_960.png
[03:14:43] 상태키 SRT_980 · Baek|blood_robe; Jin≈19|blood_robe
[03:14:43] run_scene 시작 SRT_980 · seen_files=49 · last_saved=https://www.genspark.ai/api/files/s/ydmhnwfj
[03:14:43] ⏱ 준비 SRT_980 0.0s · chars=1412
[03:14:45] ⏱ 다음명령유휴 SRT_980 1.4s · idle=True
[03:14:46] fill OK(clip) follow=True chars=1412
[03:14:46] submit 시작 composer=1412 url=https://www.genspark.ai/agents?id=91f02444-1b14-469d-990c-7e05369630f6
[03:14:46] submit geo 실패 hit=no-btn
[03:14:46] submit 시도 method=geo geo=False
[03:14:46] submit 미확인 method=geo generating=False composer=1412
[03:14:47] submit geo 실패 hit=no-btn
[03:14:47] submit 시도 method=send send=False
[03:14:47] submit 미확인 method=send generating=False composer=1412
[03:14:47] submit 시도 method=ctrl
[03:14:48] submit 미확인 method=ctrl generating=False composer=1414
[03:14:48] submit 시도 method=enter
[03:14:49] submit 확인 method=enter generating=False composer=0
[03:14:49] ⏱ 입력·전송 SRT_980 4.2s · chars=1412
[03:14:49] 제출 후 last_saved=https://www.genspark.ai/api/files/s/ydmhnwfj
[03:14:49] ⏱ 생성대기 시작 SRT_980 max=120s
[03:15:03] ⏱ 생성대기 완료 14.0s SRT_980 https://www.genspark.ai/api/files/s/sfvmb9yf
[03:15:03] ⏱ 생성대기구간 SRT_980 14.1s · ok=True
[03:15:03] SRT_980 근접 이미지 https://www.genspark.ai/api/files/s/sfvmb9yf
[03:15:04] 다운로드 files URL=https://www.genspark.ai/api/files/s/sfvmb9yf → SRT_980.png
[03:15:04] ⏱ 다운로드 직접실패 0.3s · 페이지 fetch 재시도: HTTP Error 403: Forbidden
[03:15:04] ⏱ 다운로드 fetch 0.3s size=715791 SRT_980.png
[03:15:04] ⏱ 다운로드구간 SRT_980 0.8s · SRT_980.png
[03:15:08] ⏱ 다운로드후유휴 SRT_980 4.0s · idle=True
[03:15:08] ⏱ 씬합계 SRT_980 24.9s · https://www.genspark.ai/api/files/s/sfvmb9yf
[03:15:08] SRT_980 생성·다운로드 완료
C:\cursor\wuxia\무협극장\검신귀환록\2부\14장\png\SRT_980.png
[03:15:08] 상태키 SRT_1000 · Baek|blood_robe; Jin≈19|blood_robe
[03:15:08] run_scene 시작 SRT_1000 · seen_files=50 · last_saved=https://www.genspark.ai/api/files/s/sfvmb9yf
[03:15:08] ⏱ 준비 SRT_1000 0.1s · chars=2475
[03:15:12] ⏱ 다음명령유휴 SRT_1000 4.0s · idle=True
[03:15:14] fill OK(clip) follow=True chars=2475
[03:15:14] submit 시작 composer=2475 url=https://www.genspark.ai/agents?id=91f02444-1b14-469d-990c-7e05369630f6
[03:15:14] submit geo 실패 hit=no-btn
[03:15:14] submit 시도 method=geo geo=False
[03:15:15] submit 미확인 method=geo generating=False composer=2475
[03:15:16] submit geo 실패 hit=no-btn
[03:15:16] submit 시도 method=send send=False
[03:15:17] submit 미확인 method=send generating=False composer=2475
[03:15:18] submit 시도 method=ctrl
[03:15:18] submit 미확인 method=ctrl generating=False composer=2477
[03:15:19] submit 시도 method=enter
[03:15:20] submit 확인 method=enter generating=False composer=0
[03:15:20] ⏱ 입력·전송 SRT_1000 7.5s · chars=2475
[03:15:20] 제출 후 last_saved=https://www.genspark.ai/api/files/s/sfvmb9yf
[03:15:20] ⏱ 생성대기 시작 SRT_1000 max=120s
[03:15:34] ⏱ 생성대기 완료 13.5s SRT_1000 https://www.genspark.ai/api/files/s/rdvbcsvf
[03:15:34] ⏱ 생성대기구간 SRT_1000 13.5s · ok=True
[03:15:34] SRT_1000 근접 이미지 https://www.genspark.ai/api/files/s/rdvbcsvf
[03:15:34] 다운로드 files URL=https://www.genspark.ai/api/files/s/rdvbcsvf → SRT_1000.png
[03:15:34] ⏱ 다운로드 직접실패 0.3s · 페이지 fetch 재시도: HTTP Error 403: Forbidden
[03:15:34] ⏱ 다운로드 fetch 0.1s size=844421 SRT_1000.png
[03:15:34] ⏱ 다운로드구간 SRT_1000 0.4s · SRT_1000.png
[03:15:36] ⏱ 다운로드후유휴 SRT_1000 1.5s · idle=True
[03:15:36] ⏱ 씬합계 SRT_1000 27.2s · https://www.genspark.ai/api/files/s/rdvbcsvf
[03:15:36] SRT_1000 생성·다운로드 완료
C:\cursor\wuxia\무협극장\검신귀환록\2부\14장\png\SRT_1000.png
[03:15:36] 상태키 SRT_1020 · Baek|blood_robe; Jin≈19|blood_robe
[03:15:36] run_scene 시작 SRT_1020 · seen_files=51 · last_saved=https://www.genspark.ai/api/files/s/rdvbcsvf
[03:15:36] ⏱ 준비 SRT_1020 0.0s · chars=2493
[03:15:37] ⏱ 다음명령유휴 SRT_1020 1.4s · idle=True
[03:15:38] fill OK(clip) follow=True chars=2493
[03:15:38] submit 시작 composer=2493 url=https://www.genspark.ai/agents?id=91f02444-1b14-469d-990c-7e05369630f6
[03:15:38] submit geo 실패 hit=no-btn
[03:15:38] submit 시도 method=geo geo=False
[03:15:39] submit 미확인 method=geo generating=False composer=2493
[03:15:39] submit geo 실패 hit=no-btn
[03:15:39] submit 시도 method=send send=False
[03:15:40] submit 미확인 method=send generating=False composer=2493
[03:15:40] submit 시도 method=ctrl
[03:15:41] submit 미확인 method=ctrl generating=False composer=2495
[03:15:41] submit 시도 method=enter
[03:15:41] submit 확인 method=enter generating=False composer=0
[03:15:41] ⏱ 입력·전송 SRT_1020 4.2s · chars=2493
[03:15:41] 제출 후 last_saved=https://www.genspark.ai/api/files/s/rdvbcsvf
[03:15:42] ⏱ 생성대기 시작 SRT_1020 max=120s
[03:15:56] ⏱ 생성대기 완료 14.5s SRT_1020 https://www.genspark.ai/api/files/s/0hdo7jvs
[03:15:56] ⏱ 생성대기구간 SRT_1020 14.5s · ok=True
[03:15:56] SRT_1020 근접 이미지 https://www.genspark.ai/api/files/s/0hdo7jvs
[03:15:56] 다운로드 files URL=https://www.genspark.ai/api/files/s/0hdo7jvs → SRT_1020.png
[03:15:56] ⏱ 다운로드 직접실패 0.3s · 페이지 fetch 재시도: HTTP Error 403: Forbidden
[03:15:57] ⏱ 다운로드 fetch 0.1s size=774478 SRT_1020.png
[03:15:57] ⏱ 다운로드구간 SRT_1020 0.4s · SRT_1020.png
[03:15:58] ⏱ 다운로드후유휴 SRT_1020 1.5s · idle=True
[03:15:58] ⏱ 씬합계 SRT_1020 22.3s · https://www.genspark.ai/api/files/s/0hdo7jvs
[03:15:58] SRT_1020 생성·다운로드 완료
C:\cursor\wuxia\무협극장\검신귀환록\2부\14장\png\SRT_1020.png
[03:15:58] 상태키 SRT_1040 · Baek|blood_robe; Jin≈19|blood_robe
[03:15:58] run_scene 시작 SRT_1040 · seen_files=52 · last_saved=https://www.genspark.ai/api/files/s/0hdo7jvs
[03:15:58] ⏱ 준비 SRT_1040 0.0s · chars=2469
[03:16:00] ⏱ 다음명령유휴 SRT_1040 1.8s · idle=True
[03:16:01] fill OK(clip) follow=True chars=2469
[03:16:01] submit 시작 composer=2469 url=https://www.genspark.ai/agents?id=91f02444-1b14-469d-990c-7e05369630f6
[03:16:01] submit geo 실패 hit=no-btn
[03:16:01] submit 시도 method=geo geo=False
[03:16:02] submit 미확인 method=geo generating=False composer=2469
[03:16:03] submit geo 실패 hit=no-btn
[03:16:03] submit 시도 method=send send=False
[03:16:04] submit 미확인 method=send generating=False composer=2469
[03:16:04] submit 시도 method=ctrl
[03:16:05] submit 미확인 method=ctrl generating=False composer=2471
[03:16:06] submit 시도 method=enter
[03:16:06] submit 확인 method=enter generating=False composer=0
[03:16:06] ⏱ 입력·전송 SRT_1040 6.2s · chars=2469
[03:16:06] 제출 후 last_saved=https://www.genspark.ai/api/files/s/0hdo7jvs
[03:16:07] ⏱ 생성대기 시작 SRT_1040 max=120s
[03:16:21] ⏱ 생성대기 진행 15.0s SRT_1040 busy=False url_ok=True src=https://www.genspark.ai/api/files/s/nnrgxf2f
[03:16:22] ⏱ 생성대기 완료 15.3s SRT_1040 https://www.genspark.ai/api/files/s/nnrgxf2f
[03:16:22] ⏱ 생성대기구간 SRT_1040 15.3s · ok=True
[03:16:22] SRT_1040 근접 이미지 https://www.genspark.ai/api/files/s/nnrgxf2f
[03:16:22] 다운로드 files URL=https://www.genspark.ai/api/files/s/nnrgxf2f → SRT_1040.png
[03:16:22] ⏱ 다운로드 직접실패 0.4s · 페이지 fetch 재시도: HTTP Error 403: Forbidden
[03:16:23] ⏱ 다운로드 fetch 0.3s size=678818 SRT_1040.png
[03:16:23] ⏱ 다운로드구간 SRT_1040 0.9s · SRT_1040.png
[03:16:27] ⏱ 다운로드후유휴 SRT_1040 3.8s · idle=True
[03:16:27] ⏱ 씬합계 SRT_1040 28.4s · https://www.genspark.ai/api/files/s/nnrgxf2f
[03:16:27] SRT_1040 생성·다운로드 완료
C:\cursor\wuxia\무협극장\검신귀환록\2부\14장\png\SRT_1040.png
[03:16:27] 상태키 SRT_1060 · Baek|blood_robe; Jin≈19|blood_robe
[03:16:27] run_scene 시작 SRT_1060 · seen_files=53 · last_saved=https://www.genspark.ai/api/files/s/nnrgxf2f
[03:16:27] ⏱ 준비 SRT_1060 0.1s · chars=2510
[03:16:30] ⏱ 다음명령유휴 SRT_1060 3.5s · idle=True
[03:16:32] fill OK(clip) follow=True chars=2510
[03:16:32] submit 시작 composer=2510 url=https://www.genspark.ai/agents?id=91f02444-1b14-469d-990c-7e05369630f6
[03:16:32] submit geo 실패 hit=no-btn
[03:16:32] submit 시도 method=geo geo=False
[03:16:33] submit 미확인 method=geo generating=False composer=2510
[03:16:35] submit geo 실패 hit=no-btn
[03:16:35] submit 시도 method=send send=False
[03:16:35] submit 미확인 method=send generating=False composer=2510
[03:16:36] submit 시도 method=ctrl
[03:16:36] submit 미확인 method=ctrl generating=False composer=2512
[03:16:37] submit 시도 method=enter
[03:16:38] submit 확인 method=enter generating=False composer=0
[03:16:38] ⏱ 입력·전송 SRT_1060 7.4s · chars=2510
[03:16:38] 제출 후 last_saved=https://www.genspark.ai/api/files/s/nnrgxf2f
[03:16:38] ⏱ 생성대기 시작 SRT_1060 max=120s
[03:16:53] ⏱ 생성대기 진행 15.1s SRT_1060 busy=False url_ok=False src=
[03:16:57] ⏱ 생성대기 완료 19.3s SRT_1060 https://www.genspark.ai/api/files/s/lfyl1nyi
[03:16:57] ⏱ 생성대기구간 SRT_1060 19.3s · ok=True
[03:16:57] SRT_1060 근접 이미지 https://www.genspark.ai/api/files/s/lfyl1nyi
[03:16:57] 다운로드 files URL=https://www.genspark.ai/api/files/s/lfyl1nyi → SRT_1060.png
[03:16:58] ⏱ 다운로드 직접실패 0.3s · 페이지 fetch 재시도: HTTP Error 403: Forbidden
[03:16:58] ⏱ 다운로드 fetch 0.1s size=594128 SRT_1060.png
[03:16:58] ⏱ 다운로드구간 SRT_1060 0.3s · SRT_1060.png
[03:16:59] ⏱ 다운로드후유휴 SRT_1060 1.5s · idle=True
[03:16:59] ⏱ 씬합계 SRT_1060 32.4s · https://www.genspark.ai/api/files/s/lfyl1nyi
[03:16:59] SRT_1060 생성·다운로드 완료
C:\cursor\wuxia\무협극장\검신귀환록\2부\14장\png\SRT_1060.png
[03:16:59] 상태키 SRT_1080 · Baek|blood_robe; Jin≈19|blood_robe
[03:16:59] run_scene 시작 SRT_1080 · seen_files=54 · last_saved=https://www.genspark.ai/api/files/s/lfyl1nyi
[03:16:59] ⏱ 준비 SRT_1080 0.0s · chars=2470
[03:17:01] ⏱ 다음명령유휴 SRT_1080 1.6s · idle=True
[03:17:02] fill OK(clip) follow=True chars=2470
[03:17:02] submit 시작 composer=2470 url=https://www.genspark.ai/agents?id=91f02444-1b14-469d-990c-7e05369630f6
[03:17:02] submit geo 실패 hit=no-btn
[03:17:02] submit 시도 method=geo geo=False
[03:17:02] submit 미확인 method=geo generating=False composer=2470
[03:17:03] submit geo 실패 hit=no-btn
[03:17:03] submit 시도 method=send send=False
[03:17:03] submit 미확인 method=send generating=False composer=2470
[03:17:04] submit 시도 method=ctrl
[03:17:04] submit 미확인 method=ctrl generating=False composer=2472
[03:17:05] submit 시도 method=enter
[03:17:05] submit 확인 method=enter generating=False composer=0
[03:17:05] ⏱ 입력·전송 SRT_1080 4.2s · chars=2470
[03:17:05] 제출 후 last_saved=https://www.genspark.ai/api/files/s/lfyl1nyi
[03:17:05] ⏱ 생성대기 시작 SRT_1080 max=120s
[03:17:17] ⏱ 생성대기 완료 11.7s SRT_1080 https://www.genspark.ai/api/files/s/pxi5icbe
[03:17:17] ⏱ 생성대기구간 SRT_1080 11.7s · ok=True
[03:17:17] SRT_1080 근접 이미지 https://www.genspark.ai/api/files/s/pxi5icbe
[03:17:17] 다운로드 files URL=https://www.genspark.ai/api/files/s/pxi5icbe → SRT_1080.png
[03:17:17] ⏱ 다운로드 직접실패 0.3s · 페이지 fetch 재시도: HTTP Error 403: Forbidden
[03:17:17] ⏱ 다운로드 fetch 0.1s size=790374 SRT_1080.png
[03:17:17] ⏱ 다운로드구간 SRT_1080 0.4s · SRT_1080.png
[03:17:19] ⏱ 다운로드후유휴 SRT_1080 1.6s · idle=True
[03:17:19] ⏱ 씬합계 SRT_1080 19.6s · https://www.genspark.ai/api/files/s/pxi5icbe
[03:17:19] SRT_1080 생성·다운로드 완료
C:\cursor\wuxia\무협극장\검신귀환록\2부\14장\png\SRT_1080.png
[03:17:19] 상태키 SRT_1100 · Baek|blood_robe; Jin≈19|blood_robe
[03:17:19] run_scene 시작 SRT_1100 · seen_files=55 · last_saved=https://www.genspark.ai/api/files/s/pxi5icbe
[03:17:19] ⏱ 준비 SRT_1100 0.0s · chars=2497
[03:17:21] ⏱ 다음명령유휴 SRT_1100 1.5s · idle=True
[03:17:21] fill OK(clip) follow=True chars=2497
[03:17:21] submit 시작 composer=2497 url=https://www.genspark.ai/agents?id=91f02444-1b14-469d-990c-7e05369630f6
[03:17:22] submit geo 실패 hit=no-btn
[03:17:22] submit 시도 method=geo geo=False
[03:17:22] submit 미확인 method=geo generating=False composer=2497
[03:17:22] submit geo 실패 hit=no-btn
[03:17:22] submit 시도 method=send send=False
[03:17:23] submit 미확인 method=send generating=False composer=2497
[03:17:23] submit 시도 method=ctrl
[03:17:24] submit 미확인 method=ctrl generating=False composer=2499
[03:17:24] submit 시도 method=enter
[03:17:25] submit 확인 method=enter generating=False composer=0
[03:17:25] ⏱ 입력·전송 SRT_1100 4.3s · chars=2497
[03:17:25] 제출 후 last_saved=https://www.genspark.ai/api/files/s/pxi5icbe
[03:17:25] ⏱ 생성대기 시작 SRT_1100 max=120s
[03:17:38] ⏱ 생성대기 완료 12.5s SRT_1100 https://www.genspark.ai/api/files/s/on08lpql
[03:17:38] ⏱ 생성대기구간 SRT_1100 12.5s · ok=True
[03:17:38] SRT_1100 근접 이미지 https://www.genspark.ai/api/files/s/on08lpql
[03:17:38] 다운로드 files URL=https://www.genspark.ai/api/files/s/on08lpql → SRT_1100.png
[03:17:38] ⏱ 다운로드 직접실패 0.3s · 페이지 fetch 재시도: HTTP Error 403: Forbidden
[03:17:39] ⏱ 다운로드 fetch 0.3s size=748934 SRT_1100.png
[03:17:39] ⏱ 다운로드구간 SRT_1100 0.7s · SRT_1100.png
[03:17:42] ⏱ 다운로드후유휴 SRT_1100 3.2s · idle=True
[03:17:42] ⏱ 씬합계 SRT_1100 22.6s · https://www.genspark.ai/api/files/s/on08lpql
[03:17:42] SRT_1100 생성·다운로드 완료
C:\cursor\wuxia\무협극장\검신귀환록\2부\14장\png\SRT_1100.png
[03:17:42] 상태키 SRT_1120 · Baek|blood_robe; Jin≈19|blood_robe
[03:17:42] run_scene 시작 SRT_1120 · seen_files=56 · last_saved=https://www.genspark.ai/api/files/s/on08lpql
[03:17:42] ⏱ 준비 SRT_1120 0.1s · chars=1400
[03:17:45] ⏱ 다음명령유휴 SRT_1120 3.2s · idle=True
[03:17:47] fill OK(clip) follow=True chars=1400
[03:17:47] submit 시작 composer=1400 url=https://www.genspark.ai/agents?id=91f02444-1b14-469d-990c-7e05369630f6
[03:17:47] submit geo 실패 hit=no-btn
[03:17:47] submit 시도 method=geo geo=False
[03:17:48] submit 미확인 method=geo generating=False composer=1400
[03:17:49] submit geo 실패 hit=no-btn
[03:17:49] submit 시도 method=send send=False
[03:17:50] submit 미확인 method=send generating=False composer=1400
[03:17:50] submit 시도 method=ctrl
[03:17:51] submit 미확인 method=ctrl generating=False composer=1402
[03:17:51] submit 시도 method=enter
[03:17:52] submit 확인 method=enter generating=False composer=0
[03:17:52] ⏱ 입력·전송 SRT_1120 7.0s · chars=1400
[03:17:52] 제출 후 last_saved=https://www.genspark.ai/api/files/s/on08lpql
[03:17:52] ⏱ 생성대기 시작 SRT_1120 max=120s
[03:18:05] ⏱ 생성대기 완료 13.0s SRT_1120 https://www.genspark.ai/api/files/s/murc8ppj
[03:18:05] ⏱ 생성대기구간 SRT_1120 13.0s · ok=True
[03:18:05] SRT_1120 근접 이미지 https://www.genspark.ai/api/files/s/murc8ppj
[03:18:05] 다운로드 files URL=https://www.genspark.ai/api/files/s/murc8ppj → SRT_1120.png
[03:18:06] ⏱ 다운로드 직접실패 0.2s · 페이지 fetch 재시도: HTTP Error 403: Forbidden
[03:18:06] ⏱ 다운로드 fetch 0.1s size=756202 SRT_1120.png
[03:18:06] ⏱ 다운로드구간 SRT_1120 0.3s · SRT_1120.png
[03:18:07] ⏱ 다운로드후유휴 SRT_1120 1.5s · idle=True
[03:18:07] ⏱ 씬합계 SRT_1120 25.4s · https://www.genspark.ai/api/files/s/murc8ppj
[03:18:07] SRT_1120 생성·다운로드 완료
C:\cursor\wuxia\무협극장\검신귀환록\2부\14장\png\SRT_1120.png
[03:18:07] 상태키 SRT_1140 · Baek|blood_robe; Jin≈19|blood_robe
[03:18:07] run_scene 시작 SRT_1140 · seen_files=57 · last_saved=https://www.genspark.ai/api/files/s/murc8ppj
[03:18:08] ⏱ 준비 SRT_1140 0.0s · chars=1398
[03:18:09] ⏱ 다음명령유휴 SRT_1140 1.6s · idle=True
[03:18:10] fill OK(clip) follow=True chars=1398
[03:18:10] submit 시작 composer=1398 url=https://www.genspark.ai/agents?id=91f02444-1b14-469d-990c-7e05369630f6
[03:18:10] submit geo 실패 hit=no-btn
[03:18:10] submit 시도 method=geo geo=False
[03:18:11] submit 미확인 method=geo generating=False composer=1398
[03:18:11] submit geo 실패 hit=no-btn
[03:18:11] submit 시도 method=send send=False
[03:18:12] submit 미확인 method=send generating=False composer=1398
[03:18:12] submit 시도 method=ctrl
[03:18:13] submit 미확인 method=ctrl generating=False composer=1400
[03:18:13] submit 시도 method=enter
[03:18:14] submit 확인 method=enter generating=False composer=0
[03:18:14] ⏱ 입력·전송 SRT_1140 4.4s · chars=1398
[03:18:14] 제출 후 last_saved=https://www.genspark.ai/api/files/s/murc8ppj
[03:18:14] ⏱ 생성대기 시작 SRT_1140 max=120s
[03:18:29] ⏱ 생성대기 진행 15.0s SRT_1140 busy=False url_ok=True src=https://www.genspark.ai/api/files/s/qfq0n0yx
[03:18:29] ⏱ 생성대기 완료 15.2s SRT_1140 https://www.genspark.ai/api/files/s/qfq0n0yx
[03:18:29] ⏱ 생성대기구간 SRT_1140 15.2s · ok=True
[03:18:29] SRT_1140 근접 이미지 https://www.genspark.ai/api/files/s/qfq0n0yx
[03:18:29] 다운로드 files URL=https://www.genspark.ai/api/files/s/qfq0n0yx → SRT_1140.png
[03:18:29] ⏱ 다운로드 직접실패 0.3s · 페이지 fetch 재시도: HTTP Error 403: Forbidden
[03:18:29] ⏱ 다운로드 fetch 0.1s size=668348 SRT_1140.png
[03:18:29] ⏱ 다운로드구간 SRT_1140 0.4s · SRT_1140.png
[03:18:31] ⏱ 다운로드후유휴 SRT_1140 1.7s · idle=True
[03:18:31] ⏱ 씬합계 SRT_1140 23.5s · https://www.genspark.ai/api/files/s/qfq0n0yx
[03:18:31] SRT_1140 생성·다운로드 완료
C:\cursor\wuxia\무협극장\검신귀환록\2부\14장\png\SRT_1140.png
[03:18:31] 상태키 SRT_1160 · Baek|blood_robe; Jin≈19|blood_robe
[03:18:31] run_scene 시작 SRT_1160 · seen_files=58 · last_saved=https://www.genspark.ai/api/files/s/qfq0n0yx
[03:18:31] ⏱ 준비 SRT_1160 0.0s · chars=2465
[03:18:33] ⏱ 다음명령유휴 SRT_1160 1.5s · idle=True
[03:18:33] fill OK(clip) follow=True chars=2465
[03:18:33] submit 시작 composer=2465 url=https://www.genspark.ai/agents?id=91f02444-1b14-469d-990c-7e05369630f6
[03:18:34] submit geo 실패 hit=no-btn
[03:18:34] submit 시도 method=geo geo=False
[03:18:34] submit 미확인 method=geo generating=False composer=2465
[03:18:35] submit geo 실패 hit=no-btn
[03:18:35] submit 시도 method=send send=False
[03:18:35] submit 미확인 method=send generating=False composer=2465
[03:18:36] submit 시도 method=ctrl
[03:18:36] submit 미확인 method=ctrl generating=False composer=2467
[03:18:37] submit 시도 method=enter
[03:18:38] submit 확인 method=enter generating=False composer=0
[03:18:38] ⏱ 입력·전송 SRT_1160 5.0s · chars=2465
[03:18:38] 제출 후 last_saved=https://www.genspark.ai/api/files/s/qfq0n0yx
[03:18:38] ⏱ 생성대기 시작 SRT_1160 max=120s
[03:18:53] ⏱ 생성대기 완료 14.8s SRT_1160 https://www.genspark.ai/api/files/s/d5jsk56f
[03:18:53] ⏱ 생성대기구간 SRT_1160 14.8s · ok=True
[03:18:53] SRT_1160 근접 이미지 https://www.genspark.ai/api/files/s/d5jsk56f
[03:18:53] 다운로드 files URL=https://www.genspark.ai/api/files/s/d5jsk56f → SRT_1160.png
[03:18:53] ⏱ 다운로드 직접실패 0.3s · 페이지 fetch 재시도: HTTP Error 403: Forbidden
[03:18:54] ⏱ 다운로드 fetch 0.3s size=807957 SRT_1160.png
[03:18:54] ⏱ 다운로드구간 SRT_1160 0.7s · SRT_1160.png
[03:18:57] ⏱ 다운로드후유휴 SRT_1160 3.8s · idle=True
[03:18:57] ⏱ 씬합계 SRT_1160 26.3s · https://www.genspark.ai/api/files/s/d5jsk56f
[03:18:57] SRT_1160 생성·다운로드 완료
C:\cursor\wuxia\무협극장\검신귀환록\2부\14장\png\SRT_1160.png
[03:18:58] 상태키 SRT_1180 · Baek|blood_robe; Jin≈19|blood_robe
[03:18:58] run_scene 시작 SRT_1180 · seen_files=59 · last_saved=https://www.genspark.ai/api/files/s/d5jsk56f
[03:18:58] ⏱ 준비 SRT_1180 0.1s · chars=2491
[03:19:01] ⏱ 다음명령유휴 SRT_1180 3.2s · idle=True
[03:19:03] fill OK(clip) follow=True chars=2491
[03:19:03] submit 시작 composer=2491 url=https://www.genspark.ai/agents?id=91f02444-1b14-469d-990c-7e05369630f6
[03:19:03] submit geo 실패 hit=no-btn
[03:19:03] submit 시도 method=geo geo=False
[03:19:03] submit 미확인 method=geo generating=False composer=2491
[03:19:05] submit geo 실패 hit=no-btn
[03:19:05] submit 시도 method=send send=False
[03:19:05] submit 미확인 method=send generating=False composer=2491
[03:19:06] submit 시도 method=ctrl
[03:19:07] submit 미확인 method=ctrl generating=False composer=2493
[03:19:07] submit 시도 method=enter
[03:19:08] submit 확인 method=enter generating=False composer=0
[03:19:08] ⏱ 입력·전송 SRT_1180 7.2s · chars=2491
[03:19:08] 제출 후 last_saved=https://www.genspark.ai/api/files/s/d5jsk56f
[03:19:08] ⏱ 생성대기 시작 SRT_1180 max=120s
[03:19:23] ⏱ 생성대기 진행 15.1s SRT_1180 busy=False url_ok=False src=
[03:19:25] ⏱ 생성대기 완료 16.3s SRT_1180 https://www.genspark.ai/api/files/s/ydumx9kw
[03:19:25] ⏱ 생성대기구간 SRT_1180 16.3s · ok=True
[03:19:25] SRT_1180 근접 이미지 https://www.genspark.ai/api/files/s/ydumx9kw
[03:19:25] 다운로드 files URL=https://www.genspark.ai/api/files/s/ydumx9kw → SRT_1180.png
[03:19:25] ⏱ 다운로드 직접실패 0.3s · 페이지 fetch 재시도: HTTP Error 403: Forbidden
[03:19:25] ⏱ 다운로드 fetch 0.2s size=743804 SRT_1180.png
[03:19:25] ⏱ 다운로드구간 SRT_1180 0.6s · SRT_1180.png
[03:19:29] ⏱ 다운로드후유휴 SRT_1180 3.3s · idle=True
[03:19:29] ⏱ 씬합계 SRT_1180 30.9s · https://www.genspark.ai/api/files/s/ydumx9kw
[03:19:29] SRT_1180 생성·다운로드 완료
C:\cursor\wuxia\무협극장\검신귀환록\2부\14장\png\SRT_1180.png
[03:19:29] 상태키 SRT_1200 · Baek|blood_robe; Jin≈19|blood_robe
[03:19:29] run_scene 시작 SRT_1200 · seen_files=60 · last_saved=https://www.genspark.ai/api/files/s/ydumx9kw
[03:19:29] ⏱ 준비 SRT_1200 0.0s · chars=1973
[03:19:30] ⏱ 다음명령유휴 SRT_1200 1.7s · idle=True
[03:19:31] fill OK(clip) follow=True chars=1973
[03:19:31] submit 시작 composer=1973 url=https://www.genspark.ai/agents?id=91f02444-1b14-469d-990c-7e05369630f6
[03:19:31] submit geo 실패 hit=no-btn
[03:19:31] submit 시도 method=geo geo=False
[03:19:32] submit 미확인 method=geo generating=False composer=1973
[03:19:32] submit geo 실패 hit=no-btn
[03:19:32] submit 시도 method=send send=False
[03:19:33] submit 미확인 method=send generating=False composer=1973
[03:19:33] submit 시도 method=ctrl
[03:19:34] submit 미확인 method=ctrl generating=False composer=1975
[03:19:34] submit 시도 method=enter
[03:19:35] submit 확인 method=enter generating=False composer=0
[03:19:35] ⏱ 입력·전송 SRT_1200 4.4s · chars=1973
[03:19:35] 제출 후 last_saved=https://www.genspark.ai/api/files/s/ydumx9kw
[03:19:35] ⏱ 생성대기 시작 SRT_1200 max=120s
[03:19:50] ⏱ 생성대기 진행 15.0s SRT_1200 busy=False url_ok=False src=
[03:19:57] ⏱ 생성대기 완료 21.7s SRT_1200 https://www.genspark.ai/api/files/s/xreyerb3
[03:19:57] ⏱ 생성대기구간 SRT_1200 21.7s · ok=True
[03:19:57] SRT_1200 근접 이미지 https://www.genspark.ai/api/files/s/xreyerb3
[03:19:57] 다운로드 files URL=https://www.genspark.ai/api/files/s/xreyerb3 → SRT_1200.png
[03:19:57] ⏱ 다운로드 직접실패 0.3s · 페이지 fetch 재시도: HTTP Error 403: Forbidden
[03:19:57] ⏱ 다운로드 fetch 0.1s size=719955 SRT_1200.png
[03:19:57] ⏱ 다운로드구간 SRT_1200 0.4s · SRT_1200.png
[03:19:59] ⏱ 다운로드후유휴 SRT_1200 1.6s · idle=True
[03:19:59] ⏱ 씬합계 SRT_1200 30.0s · https://www.genspark.ai/api/files/s/xreyerb3
[03:19:59] SRT_1200 생성·다운로드 완료
C:\cursor\wuxia\무협극장\검신귀환록\2부\14장\png\SRT_1200.png
[03:19:59] 상태키 SRT_1220 · Baek|blood_robe; Jin≈19|blood_robe
[03:19:59] run_scene 시작 SRT_1220 · seen_files=61 · last_saved=https://www.genspark.ai/api/files/s/xreyerb3
[03:19:59] ⏱ 준비 SRT_1220 0.0s · chars=2462
[03:20:01] ⏱ 다음명령유휴 SRT_1220 2.3s · idle=True
[03:20:02] fill OK(clip) follow=True chars=2462
[03:20:02] submit 시작 composer=2462 url=https://www.genspark.ai/agents?id=91f02444-1b14-469d-990c-7e05369630f6
[03:20:03] submit geo 실패 hit=no-btn
[03:20:03] submit 시도 method=geo geo=False
[03:20:03] submit 미확인 method=geo generating=False composer=2462
[03:20:05] submit geo 실패 hit=no-btn
[03:20:05] submit 시도 method=send send=False
[03:20:05] submit 미확인 method=send generating=False composer=2462
[03:20:06] submit 시도 method=ctrl
[03:20:06] submit 미확인 method=ctrl generating=False composer=2464
[03:20:07] submit 시도 method=enter
[03:20:08] submit 확인 method=enter generating=False composer=0
[03:20:08] ⏱ 입력·전송 SRT_1220 6.8s · chars=2462
[03:20:08] 제출 후 last_saved=https://www.genspark.ai/api/files/s/xreyerb3
[03:20:08] ⏱ 생성대기 시작 SRT_1220 max=120s
[03:20:23] ⏱ 생성대기 완료 14.8s SRT_1220 https://www.genspark.ai/api/files/s/nv5mbncd
[03:20:23] ⏱ 생성대기구간 SRT_1220 14.8s · ok=True
[03:20:23] SRT_1220 근접 이미지 https://www.genspark.ai/api/files/s/nv5mbncd
[03:20:23] 다운로드 files URL=https://www.genspark.ai/api/files/s/nv5mbncd → SRT_1220.png
[03:20:24] ⏱ 다운로드 직접실패 0.3s · 페이지 fetch 재시도: HTTP Error 403: Forbidden
[03:20:24] ⏱ 다운로드 fetch 0.3s size=854744 SRT_1220.png
[03:20:24] ⏱ 다운로드구간 SRT_1220 0.6s · SRT_1220.png
[03:20:27] ⏱ 다운로드후유휴 SRT_1220 3.2s · idle=True
[03:20:27] ⏱ 씬합계 SRT_1220 28.1s · https://www.genspark.ai/api/files/s/nv5mbncd
[03:20:27] SRT_1220 생성·다운로드 완료
C:\cursor\wuxia\무협극장\검신귀환록\2부\14장\png\SRT_1220.png
[03:20:27] 상태키 SRT_1240 · Baek|blood_robe; Jin≈19|blood_robe
[03:20:27] run_scene 시작 SRT_1240 · seen_files=62 · last_saved=https://www.genspark.ai/api/files/s/nv5mbncd
[03:20:27] ⏱ 준비 SRT_1240 0.0s · chars=2474
[03:20:30] ⏱ 다음명령유휴 SRT_1240 2.9s · idle=True
[03:20:32] fill OK(clip) follow=True chars=2474
[03:20:32] submit 시작 composer=2474 url=https://www.genspark.ai/agents?id=91f02444-1b14-469d-990c-7e05369630f6
[03:20:33] submit geo 실패 hit=no-btn
[03:20:33] submit 시도 method=geo geo=False
[03:20:33] submit 미확인 method=geo generating=False composer=2474
[03:20:35] submit geo 실패 hit=no-btn
[03:20:35] submit 시도 method=send send=False
[03:20:35] submit 미확인 method=send generating=False composer=2474
[03:20:36] submit 시도 method=ctrl
[03:20:37] submit 미확인 method=ctrl generating=False composer=2476
[03:20:37] submit 시도 method=enter
[03:20:38] submit 확인 method=enter generating=False composer=0
[03:20:38] ⏱ 입력·전송 SRT_1240 7.7s · chars=2474
[03:20:38] 제출 후 last_saved=https://www.genspark.ai/api/files/s/nv5mbncd
[03:20:38] ⏱ 생성대기 시작 SRT_1240 max=120s
[03:20:53] ⏱ 생성대기 진행 15.4s SRT_1240 busy=False url_ok=False src=
[03:20:54] ⏱ 생성대기 완료 16.2s SRT_1240 https://www.genspark.ai/api/files/s/mkl50qei
[03:20:54] ⏱ 생성대기구간 SRT_1240 16.2s · ok=True
[03:20:54] SRT_1240 근접 이미지 https://www.genspark.ai/api/files/s/mkl50qei
[03:20:54] 다운로드 files URL=https://www.genspark.ai/api/files/s/mkl50qei → SRT_1240.png
[03:20:55] ⏱ 다운로드 직접실패 0.2s · 페이지 fetch 재시도: HTTP Error 403: Forbidden
[03:20:55] ⏱ 다운로드 fetch 0.1s size=750054 SRT_1240.png
[03:20:55] ⏱ 다운로드구간 SRT_1240 0.4s · SRT_1240.png
[03:20:56] ⏱ 다운로드후유휴 SRT_1240 1.7s · idle=True
[03:20:56] ⏱ 씬합계 SRT_1240 29.1s · https://www.genspark.ai/api/files/s/mkl50qei
[03:20:56] SRT_1240 생성·다운로드 완료
C:\cursor\wuxia\무협극장\검신귀환록\2부\14장\png\SRT_1240.png
[03:20:57] 상태키 SRT_1260 · Baek|blood_robe; Jin≈19|blood_robe
[03:20:57] run_scene 시작 SRT_1260 · seen_files=63 · last_saved=https://www.genspark.ai/api/files/s/mkl50qei
[03:20:57] ⏱ 준비 SRT_1260 0.0s · chars=2933
[03:20:58] ⏱ 다음명령유휴 SRT_1260 1.5s · idle=True
[03:20:59] fill OK(clip) follow=True chars=2933
[03:20:59] submit 시작 composer=2933 url=https://www.genspark.ai/agents?id=91f02444-1b14-469d-990c-7e05369630f6
[03:20:59] submit geo 실패 hit=no-btn
[03:20:59] submit 시도 method=geo geo=False
[03:21:00] submit 미확인 method=geo generating=False composer=2933
[03:21:00] submit geo 실패 hit=no-btn
[03:21:00] submit 시도 method=send send=False
[03:21:01] submit 미확인 method=send generating=False composer=2933
[03:21:01] submit 시도 method=ctrl
[03:21:02] submit 미확인 method=ctrl generating=False composer=2935
[03:21:02] submit 시도 method=enter
[03:21:03] submit 확인 method=enter generating=False composer=0
[03:21:03] ⏱ 입력·전송 SRT_1260 4.4s · chars=2933
[03:21:03] 제출 후 last_saved=https://www.genspark.ai/api/files/s/mkl50qei
[03:21:03] ⏱ 생성대기 시작 SRT_1260 max=120s
[03:21:18] ⏱ 생성대기 진행 15.1s SRT_1260 busy=False url_ok=False src=
[03:21:19] ⏱ 생성대기 완료 16.7s SRT_1260 https://www.genspark.ai/api/files/s/kcp1k0hc
[03:21:19] ⏱ 생성대기구간 SRT_1260 16.7s · ok=True
[03:21:20] SRT_1260 근접 이미지 https://www.genspark.ai/api/files/s/kcp1k0hc
[03:21:20] 다운로드 files URL=https://www.genspark.ai/api/files/s/kcp1k0hc → SRT_1260.png
[03:21:20] ⏱ 다운로드 직접실패 0.2s · 페이지 fetch 재시도: HTTP Error 403: Forbidden
[03:21:20] ⏱ 다운로드 fetch 0.1s size=517653 SRT_1260.png
[03:21:20] ⏱ 다운로드구간 SRT_1260 0.4s · SRT_1260.png
[03:21:23] ⏱ 다운로드후유휴 SRT_1260 2.9s · idle=True
[03:21:23] ⏱ 씬합계 SRT_1260 26.3s · https://www.genspark.ai/api/files/s/kcp1k0hc
[03:21:23] SRT_1260 생성·다운로드 완료
C:\cursor\wuxia\무협극장\검신귀환록\2부\14장\png\SRT_1260.png
[03:21:23] 상태키 SRT_1280 · Baek|blood_robe; Jin≈19|blood_robe
[03:21:23] run_scene 시작 SRT_1280 · seen_files=64 · last_saved=https://www.genspark.ai/api/files/s/kcp1k0hc
[03:21:23] ⏱ 준비 SRT_1280 0.2s · chars=2936
[03:21:27] ⏱ 다음명령유휴 SRT_1280 3.6s · idle=True
[03:21:29] fill OK(clip) follow=True chars=2936
[03:21:29] submit 시작 composer=2936 url=https://www.genspark.ai/agents?id=91f02444-1b14-469d-990c-7e05369630f6
[03:21:29] submit geo 실패 hit=no-btn
[03:21:29] submit 시도 method=geo geo=False
[03:21:30] submit 미확인 method=geo generating=False composer=2936
[03:21:32] submit geo 실패 hit=no-btn
[03:21:32] submit 시도 method=send send=False
[03:21:32] submit 미확인 method=send generating=False composer=2936
[03:21:33] submit 시도 method=ctrl
[03:21:34] submit 미확인 method=ctrl generating=False composer=2938
[03:21:34] submit 시도 method=enter
[03:21:35] submit 확인 method=enter generating=False composer=0
[03:21:35] ⏱ 입력·전송 SRT_1280 8.2s · chars=2936
[03:21:35] 제출 후 last_saved=https://www.genspark.ai/api/files/s/kcp1k0hc
[03:21:35] ⏱ 생성대기 시작 SRT_1280 max=120s
[03:21:51] ⏱ 생성대기 진행 15.4s SRT_1280 busy=False url_ok=True src=https://www.genspark.ai/api/files/s/70phka6a
[03:21:51] ⏱ 생성대기 완료 15.7s SRT_1280 https://www.genspark.ai/api/files/s/70phka6a
[03:21:51] ⏱ 생성대기구간 SRT_1280 15.7s · ok=True
[03:21:51] SRT_1280 근접 이미지 https://www.genspark.ai/api/files/s/70phka6a
[03:21:51] 다운로드 files URL=https://www.genspark.ai/api/files/s/70phka6a → SRT_1280.png
[03:21:51] ⏱ 다운로드 직접실패 0.3s · 페이지 fetch 재시도: HTTP Error 403: Forbidden
[03:21:52] ⏱ 다운로드 fetch 0.2s size=581575 SRT_1280.png
[03:21:52] ⏱ 다운로드구간 SRT_1280 0.7s · SRT_1280.png
[03:21:55] ⏱ 다운로드후유휴 SRT_1280 3.6s · idle=True
[03:21:55] ⏱ 씬합계 SRT_1280 32.2s · https://www.genspark.ai/api/files/s/70phka6a
[03:21:55] SRT_1280 생성·다운로드 완료
C:\cursor\wuxia\무협극장\검신귀환록\2부\14장\png\SRT_1280.png
[03:21:55] 상태키 SRT_1300 · Baek|blood_robe; Jin≈19|blood_robe
[03:21:55] run_scene 시작 SRT_1300 · seen_files=65 · last_saved=https://www.genspark.ai/api/files/s/70phka6a
[03:21:56] ⏱ 준비 SRT_1300 0.2s · chars=2941
[03:21:59] ⏱ 다음명령유휴 SRT_1300 3.1s · idle=True
[03:22:00] fill OK(clip) follow=True chars=2941
[03:22:00] submit 시작 composer=2941 url=https://www.genspark.ai/agents?id=91f02444-1b14-469d-990c-7e05369630f6
[03:22:01] submit geo 실패 hit=no-btn
[03:22:01] submit 시도 method=geo geo=False
[03:22:01] submit 미확인 method=geo generating=False composer=2941
[03:22:02] submit geo 실패 hit=no-btn
[03:22:02] submit 시도 method=send send=False
[03:22:03] submit 미확인 method=send generating=False composer=2941
[03:22:03] submit 시도 method=ctrl
[03:22:04] submit 미확인 method=ctrl generating=False composer=2943
[03:22:04] submit 시도 method=enter
[03:22:05] submit 확인 method=enter generating=False composer=0
[03:22:05] ⏱ 입력·전송 SRT_1300 6.0s · chars=2941
[03:22:05] 제출 후 last_saved=https://www.genspark.ai/api/files/s/70phka6a
[03:22:05] ⏱ 생성대기 시작 SRT_1300 max=120s
[03:22:20] ⏱ 생성대기 진행 15.0s SRT_1300 busy=False url_ok=False src=
[03:22:25] ⏱ 생성대기 완료 19.6s SRT_1300 https://www.genspark.ai/api/files/s/srpy5dsk
[03:22:25] ⏱ 생성대기구간 SRT_1300 19.6s · ok=True
[03:22:25] SRT_1300 근접 이미지 https://www.genspark.ai/api/files/s/srpy5dsk
[03:22:25] 다운로드 files URL=https://www.genspark.ai/api/files/s/srpy5dsk → SRT_1300.png
[03:22:25] ⏱ 다운로드 직접실패 0.3s · 페이지 fetch 재시도: HTTP Error 403: Forbidden
[03:22:25] ⏱ 다운로드 fetch 0.2s size=536124 SRT_1300.png
[03:22:25] ⏱ 다운로드구간 SRT_1300 0.6s · SRT_1300.png
[03:22:28] ⏱ 다운로드후유휴 SRT_1300 3.1s · idle=True
[03:22:28] ⏱ 씬합계 SRT_1300 32.9s · https://www.genspark.ai/api/files/s/srpy5dsk
[03:22:28] SRT_1300 생성·다운로드 완료
C:\cursor\wuxia\무협극장\검신귀환록\2부\14장\png\SRT_1300.png
[03:22:29] 상태키 SRT_1320 · Baek|blood_robe; Jin≈19|blood_robe
[03:22:29] run_scene 시작 SRT_1320 · seen_files=66 · last_saved=https://www.genspark.ai/api/files/s/srpy5dsk
[03:22:29] ⏱ 준비 SRT_1320 0.1s · chars=2472
[03:22:32] ⏱ 다음명령유휴 SRT_1320 3.6s · idle=True
[03:22:34] fill OK(clip) follow=True chars=2472
[03:22:34] submit 시작 composer=2472 url=https://www.genspark.ai/agents?id=91f02444-1b14-469d-990c-7e05369630f6
[03:22:34] submit geo 실패 hit=no-btn
[03:22:34] submit 시도 method=geo geo=False
[03:22:35] submit 미확인 method=geo generating=False composer=2472
[03:22:37] submit geo 실패 hit=no-btn
[03:22:37] submit 시도 method=send send=False
[03:22:37] submit 미확인 method=send generating=False composer=2472
[03:22:38] submit 시도 method=ctrl
[03:22:39] submit 미확인 method=ctrl generating=False composer=2474
[03:22:39] submit 시도 method=enter
[03:22:40] submit 확인 method=enter generating=False composer=0
[03:22:40] ⏱ 입력·전송 SRT_1320 8.0s · chars=2472
[03:22:40] 제출 후 last_saved=https://www.genspark.ai/api/files/s/srpy5dsk
[03:22:40] ⏱ 생성대기 시작 SRT_1320 max=120s
[03:22:55] ⏱ 생성대기 완료 14.4s SRT_1320 https://www.genspark.ai/api/files/s/qlo6wxbc
[03:22:55] ⏱ 생성대기구간 SRT_1320 14.4s · ok=True
[03:22:55] SRT_1320 근접 이미지 https://www.genspark.ai/api/files/s/qlo6wxbc
[03:22:55] 다운로드 files URL=https://www.genspark.ai/api/files/s/qlo6wxbc → SRT_1320.png
[03:22:55] ⏱ 다운로드 직접실패 0.3s · 페이지 fetch 재시도: HTTP Error 403: Forbidden
[03:22:56] ⏱ 다운로드 fetch 0.2s size=523173 SRT_1320.png
[03:22:56] ⏱ 다운로드구간 SRT_1320 0.6s · SRT_1320.png
[03:22:59] ⏱ 다운로드후유휴 SRT_1320 3.3s · idle=True
[03:22:59] ⏱ 씬합계 SRT_1320 30.3s · https://www.genspark.ai/api/files/s/qlo6wxbc
[03:22:59] SRT_1320 생성·다운로드 완료
C:\cursor\wuxia\무협극장\검신귀환록\2부\14장\png\SRT_1320.png
[03:22:59] 상태키 SRT_1340 · Baek|blood_robe; Jin≈19|blood_robe
[03:22:59] run_scene 시작 SRT_1340 · seen_files=67 · last_saved=https://www.genspark.ai/api/files/s/qlo6wxbc
[03:22:59] ⏱ 준비 SRT_1340 0.1s · chars=2493
[03:23:02] ⏱ 다음명령유휴 SRT_1340 3.2s · idle=True
[03:23:04] fill OK(clip) follow=True chars=2493
[03:23:04] submit 시작 composer=2493 url=https://www.genspark.ai/agents?id=91f02444-1b14-469d-990c-7e05369630f6
[03:23:04] submit geo 실패 hit=no-btn
[03:23:04] submit 시도 method=geo geo=False
[03:23:05] submit 미확인 method=geo generating=False composer=2493
[03:23:05] submit geo 실패 hit=no-btn
[03:23:05] submit 시도 method=send send=False
[03:23:06] submit 미확인 method=send generating=False composer=2493
[03:23:06] submit 시도 method=ctrl
[03:23:07] submit 미확인 method=ctrl generating=False composer=2495
[03:23:07] submit 시도 method=enter
[03:23:08] submit 확인 method=enter generating=False composer=0
[03:23:08] ⏱ 입력·전송 SRT_1340 5.1s · chars=2493
[03:23:08] 제출 후 last_saved=https://www.genspark.ai/api/files/s/qlo6wxbc
[03:23:08] ⏱ 생성대기 시작 SRT_1340 max=120s
[03:23:22] ⏱ 생성대기 완료 14.8s SRT_1340 https://www.genspark.ai/api/files/s/y8v7mdtq
[03:23:22] ⏱ 생성대기구간 SRT_1340 14.8s · ok=True
[03:23:23] SRT_1340 근접 이미지 https://www.genspark.ai/api/files/s/y8v7mdtq
[03:23:23] 다운로드 files URL=https://www.genspark.ai/api/files/s/y8v7mdtq → SRT_1340.png
[03:23:23] ⏱ 다운로드 직접실패 0.2s · 페이지 fetch 재시도: HTTP Error 403: Forbidden
[03:23:23] ⏱ 다운로드 fetch 0.1s size=524781 SRT_1340.png
[03:23:23] ⏱ 다운로드구간 SRT_1340 0.3s · SRT_1340.png
[03:23:24] ⏱ 다운로드후유휴 SRT_1340 1.5s · idle=True
[03:23:24] ⏱ 씬합계 SRT_1340 25.3s · https://www.genspark.ai/api/files/s/y8v7mdtq
[03:23:24] SRT_1340 생성·다운로드 완료
C:\cursor\wuxia\무협극장\검신귀환록\2부\14장\png\SRT_1340.png
[03:23:25] 상태키 SRT_1360 · Baek|blood_robe; Jin≈19|blood_robe
[03:23:25] run_scene 시작 SRT_1360 · seen_files=68 · last_saved=https://www.genspark.ai/api/files/s/y8v7mdtq
[03:23:25] ⏱ 준비 SRT_1360 0.0s · chars=2952
[03:23:26] ⏱ 다음명령유휴 SRT_1360 1.7s · idle=True
[03:23:27] fill OK(clip) follow=True chars=2952
[03:23:27] submit 시작 composer=2952 url=https://www.genspark.ai/agents?id=91f02444-1b14-469d-990c-7e05369630f6
[03:23:27] submit geo 실패 hit=no-btn
[03:23:27] submit 시도 method=geo geo=False
[03:23:28] submit 미확인 method=geo generating=False composer=2952
[03:23:28] submit geo 실패 hit=no-btn
[03:23:28] submit 시도 method=send send=False
[03:23:29] submit 미확인 method=send generating=False composer=2952
[03:23:29] submit 시도 method=ctrl
[03:23:30] submit 미확인 method=ctrl generating=False composer=2954
[03:23:30] submit 시도 method=enter
[03:23:31] submit 확인 method=enter generating=False composer=0
[03:23:31] ⏱ 입력·전송 SRT_1360 4.5s · chars=2952
[03:23:31] 제출 후 last_saved=https://www.genspark.ai/api/files/s/y8v7mdtq
[03:23:31] ⏱ 생성대기 시작 SRT_1360 max=120s
[03:23:45] ⏱ 생성대기 완료 14.2s SRT_1360 https://www.genspark.ai/api/files/s/n116pk3t
[03:23:45] ⏱ 생성대기구간 SRT_1360 14.2s · ok=True
[03:23:45] SRT_1360 근접 이미지 https://www.genspark.ai/api/files/s/n116pk3t
[03:23:45] 다운로드 files URL=https://www.genspark.ai/api/files/s/n116pk3t → SRT_1360.png
[03:23:46] ⏱ 다운로드 직접실패 0.2s · 페이지 fetch 재시도: HTTP Error 403: Forbidden
[03:23:46] ⏱ 다운로드 fetch 0.2s size=484305 SRT_1360.png
[03:23:46] ⏱ 다운로드구간 SRT_1360 0.6s · SRT_1360.png
[03:23:49] ⏱ 다운로드후유휴 SRT_1360 3.6s · idle=True
[03:23:49] ⏱ 씬합계 SRT_1360 24.9s · https://www.genspark.ai/api/files/s/n116pk3t
[03:23:49] SRT_1360 생성·다운로드 완료
C:\cursor\wuxia\무협극장\검신귀환록\2부\14장\png\SRT_1360.png
[03:23:50] 상태키 SRT_1380 · Baek|blood_robe; Jin≈19|blood_robe
[03:23:50] run_scene 시작 SRT_1380 · seen_files=69 · last_saved=https://www.genspark.ai/api/files/s/n116pk3t
[03:23:50] ⏱ 준비 SRT_1380 0.0s · chars=2488
[03:23:53] ⏱ 다음명령유휴 SRT_1380 3.2s · idle=True
[03:23:55] fill OK(clip) follow=True chars=2488
[03:23:55] submit 시작 composer=2488 url=https://www.genspark.ai/agents?id=91f02444-1b14-469d-990c-7e05369630f6
[03:23:55] submit geo 실패 hit=no-btn
[03:23:55] submit 시도 method=geo geo=False
[03:23:56] submit 미확인 method=geo generating=False composer=2488
[03:23:58] submit geo 실패 hit=no-btn
[03:23:58] submit 시도 method=send send=False
[03:23:58] submit 미확인 method=send generating=False composer=2488
[03:23:59] submit 시도 method=ctrl
[03:23:59] submit 미확인 method=ctrl generating=False composer=2490
[03:24:00] submit 시도 method=enter
[03:24:01] submit 확인 method=enter generating=False composer=0
[03:24:01] ⏱ 입력·전송 SRT_1380 8.1s · chars=2488
[03:24:01] 제출 후 last_saved=https://www.genspark.ai/api/files/s/n116pk3t
[03:24:01] ⏱ 생성대기 시작 SRT_1380 max=120s
[03:24:16] ⏱ 생성대기 완료 14.2s SRT_1380 https://www.genspark.ai/api/files/s/sqow9bm9
[03:24:16] ⏱ 생성대기구간 SRT_1380 14.2s · ok=True
[03:24:16] SRT_1380 근접 이미지 https://www.genspark.ai/api/files/s/sqow9bm9
[03:24:16] 다운로드 files URL=https://www.genspark.ai/api/files/s/sqow9bm9 → SRT_1380.png
[03:24:16] ⏱ 다운로드 직접실패 0.4s · 페이지 fetch 재시도: HTTP Error 403: Forbidden
[03:24:17] ⏱ 다운로드 fetch 0.5s size=828282 SRT_1380.png
[03:24:17] ⏱ 다운로드구간 SRT_1380 1.1s · SRT_1380.png
[03:24:21] ⏱ 다운로드후유휴 SRT_1380 4.6s · idle=True
[03:24:21] ⏱ 씬합계 SRT_1380 31.8s · https://www.genspark.ai/api/files/s/sqow9bm9
[03:24:21] SRT_1380 생성·다운로드 완료
C:\cursor\wuxia\무협극장\검신귀환록\2부\14장\png\SRT_1380.png
[03:24:22] 상태키 SRT_1400 · Baek|blood_robe; Jin≈19|blood_robe
[03:24:22] run_scene 시작 SRT_1400 · seen_files=70 · last_saved=https://www.genspark.ai/api/files/s/sqow9bm9
[03:24:22] ⏱ 준비 SRT_1400 0.1s · chars=2957
[03:24:25] ⏱ 다음명령유휴 SRT_1400 3.6s · idle=True
[03:24:27] fill OK(clip) follow=True chars=2957
[03:24:27] submit 시작 composer=2957 url=https://www.genspark.ai/agents?id=91f02444-1b14-469d-990c-7e05369630f6
[03:24:27] submit geo 실패 hit=no-btn
[03:24:27] submit 시도 method=geo geo=False
[03:24:27] submit 미확인 method=geo generating=False composer=2957
[03:24:28] submit geo 실패 hit=no-btn
[03:24:28] submit 시도 method=send send=False
[03:24:28] submit 미확인 method=send generating=False composer=2957
[03:24:29] submit 시도 method=ctrl
[03:24:29] submit 미확인 method=ctrl generating=False composer=2959
[03:24:30] submit 시도 method=enter
[03:24:30] submit 확인 method=enter generating=False composer=0
[03:24:30] ⏱ 입력·전송 SRT_1400 4.9s · chars=2957
[03:24:30] 제출 후 last_saved=https://www.genspark.ai/api/files/s/sqow9bm9
[03:24:30] ⏱ 생성대기 시작 SRT_1400 max=120s
[03:24:46] ⏱ 생성대기 진행 15.4s SRT_1400 busy=False url_ok=False src=
[03:24:46] ⏱ 생성대기 한도감지 15.4s SRT_1400 · AI Image 한도 감지 · 5시간 제한에 근접했습니다. --- ry eyes, cool fair skin with porcelain complexion, slender wiry physique, calm unreadable expression
[03:24:46] run_scene 실패(재시도 없음): AI Image 한도 감지
[03:24:46] SRT_1400 실패(한도 확정 streak=1) — 브라우저 종료 후 대기·재오픈
AI Image 한도 감지
[03:24:51] 한도 대기 전 ChromeDebug 종료
[03:24:51] 한도 대기 60분(probe1h) 시작 — SRT_1400 한도 · 1h시험생성
[04:24:51] 한도 대기 종료(probe1h) — 재시도
[04:24:51] 한도 대기 종료 — 브라우저 재오픈 후 SRT_1400 재개
[04:24:56] ChromeDebug 재시작 port=9242 user_data=C:\ChromeDebug_2_5
[04:25:00] 모델 이미 Pro: Nano Banana Pro
[04:25:00] 세션 준비 — login=OK model=Nano Banana Pro auto=True
[04:25:00] ensure_page cur_sc=10 prefer_sc=10 cur=https://www.genspark.ai/ai_image prefer=https://www.genspark.ai/ai_image
[04:25:02] fill OK(clip) follow=False chars=68627
[04:25:03] 입력창 붙여넣기 — 프롬프트 45379자 + SRT 23205자 = 합계 68627자
  prompt=C:/cursor/videt/2_5_sceneImage/md/image.검신회귀록.txt
  srt=C:\cursor\wuxia\무협극장\검신귀환록\2부\14장\mp3\new.srt
[04:25:04] ensure_page cur_sc=10 prefer_sc=10 cur=https://www.genspark.ai/ai_image prefer=https://www.genspark.ai/ai_image
[04:25:05] 동일 입력창에 명령 추가(미실행): ===== CHARACTER LOOK (SRT_1400) =====
State keys: Jin≈19|blood_robe; Baek≈19|blood_robe; Namgung|base
Jin Muhan, approximately nineteen years old, East-Asian young swordsman, sharp…
[04:25:06] 상태키 SRT_1400 · Baek|blood_robe; Jin≈19|blood_robe
[04:25:06] run_scene 시작 SRT_1400 · seen_files=70 · last_saved=https://www.genspark.ai/api/files/s/sqow9bm9
[04:25:06] ensure_page cur_sc=10 prefer_sc=10 cur=https://www.genspark.ai/ai_image prefer=https://www.genspark.ai/ai_image
[04:25:06] ⏱ 준비 SRT_1400 0.0s · chars=2957
[04:25:06] submit 시작 composer=2957 url=https://www.genspark.ai/ai_image
[04:25:06] submit geo 실패 hit=no-btn
[04:25:06] submit 시도 method=geo geo=False
[04:25:06] submit 미확인 method=geo generating=False composer=2957
[04:25:07] submit geo 실패 hit=no-btn
[04:25:07] submit 시도 method=send send=False
[04:25:07] submit 미확인 method=send generating=False composer=2957
[04:25:07] submit 시도 method=ctrl
[04:25:08] submit 미확인 method=ctrl generating=False composer=2959
[04:25:09] submit 시도 method=enter
[04:25:10] submit 확인 method=enter generating=False composer=0
[04:25:10] ⏱ 입력창전송 SRT_1400 4.1s
[04:25:10] 제출 후 last_saved=https://www.genspark.ai/api/files/s/sqow9bm9
[04:25:10] ⏱ 생성대기 시작 SRT_1400 max=120s
[04:25:25] ⏱ 생성대기 진행 15.2s SRT_1400 busy=False url_ok=False src=
[04:25:25] ⏱ 생성대기 한도감지 15.2s SRT_1400 · AI Image 한도 감지 · 5시간 제한에 근접했습니다. --- New AI 이미지 홈 Skills 세컨드 브레인 더보기 SRT_1400 무협 만화 스타일 일러스트 생성 요청 공유 pasted-text-1787685902565.txt 102.0
[04:25:25] run_scene 실패(재시도 없음): AI Image 한도 감지
[04:25:25] SRT_1400 실패(한도 확정 streak=1) — 브라우저 종료 후 대기·재오픈
AI Image 한도 감지
[04:25:30] 한도 대기 전 ChromeDebug 종료
[04:25:30] 한도 대기 60분(probe1h) 시작 — SRT_1400 한도 · 1h시험생성
[04:39:15] 한도 대기 취소됨
[04:39:22] 탭로그 ON — 브라우저 열기·생성 · 씬 3개 · reopen=True · 한도대기ON
[04:39:27] ChromeDebug 재시작 port=9242 user_data=C:\ChromeDebug_2_5
[04:39:31] 모델 이미 Pro: Nano Banana Pro
[04:39:31] 세션 준비 — login=OK model=Nano Banana Pro auto=True
[04:39:31] ensure_page cur_sc=10 prefer_sc=10 cur=https://www.genspark.ai/ai_image prefer=https://www.genspark.ai/ai_image
[04:39:33] fill OK(clip) follow=False chars=68627
[04:39:33] 입력창 붙여넣기 — 프롬프트 45379자 + SRT 23205자 = 합계 68627자
  prompt=C:/cursor/videt/2_5_sceneImage/md/image.검신회귀록.txt
  srt=C:\cursor\wuxia\무협극장\검신귀환록\2부\14장\mp3\new.srt
[04:39:34] ensure_page cur_sc=10 prefer_sc=10 cur=https://www.genspark.ai/ai_image prefer=https://www.genspark.ai/ai_image
[04:39:35] 동일 입력창에 명령 추가(미실행): ===== CHARACTER LOOK (SRT_1400) =====
State keys: Jin≈19|blood_robe; Baek≈19|blood_robe; Namgung|base
Jin Muhan, approximately nineteen years old, East-Asian young swordsman, sharp…
[04:39:36] 상태키 SRT_1400 · Baek|blood_robe; Jin≈19|blood_robe
[04:39:36] run_scene 시작 SRT_1400 · seen_files=70 · last_saved=https://www.genspark.ai/api/files/s/sqow9bm9
[04:39:36] ensure_page cur_sc=10 prefer_sc=10 cur=https://www.genspark.ai/ai_image prefer=https://www.genspark.ai/ai_image
[04:39:36] 모델 선택 시작 현재=(없음)
[04:39:36] 모델 선택 결과 ok=False 칩=(없음) picked=
[04:39:36] ⏱ 준비 SRT_1400 0.1s · chars=2957
[04:39:36] submit 시작 composer=2957 url=https://www.genspark.ai/ai_image
[04:39:36] submit geo 실패 hit=no-btn
[04:39:36] submit 시도 method=geo geo=False
[04:39:37] submit 미확인 method=geo generating=False composer=2957
[04:39:37] submit geo 실패 hit=no-btn
[04:39:37] submit 시도 method=send send=False
[04:39:38] submit 미확인 method=send generating=False composer=2957
[04:39:38] submit 시도 method=ctrl
[04:39:39] submit 미확인 method=ctrl generating=False composer=2959
[04:39:39] submit 시도 method=enter
[04:39:40] submit 확인 method=enter generating=False composer=0
[04:39:40] ⏱ 입력창전송 SRT_1400 3.7s
[04:39:40] 제출 후 last_saved=https://www.genspark.ai/api/files/s/sqow9bm9
[04:39:40] ⏱ 생성대기 시작 SRT_1400 max=120s
[04:39:55] ⏱ 생성대기 진행 15.2s SRT_1400 busy=False url_ok=False src=
[04:39:55] ⏱ 생성대기 한도감지 15.2s SRT_1400 · AI Image 한도 감지 · 5시간 제한에 근접했습니다. --- New AI 이미지 홈 Skills 세컨드 브레인 더보기 SRT_1400 무협 만화 스타일 일러스트 생성 요청 공유 pasted-text-1787686773159.txt 102.0
[04:39:55] run_scene 실패(재시도 없음): AI Image 한도 감지
[04:39:55] SRT_1400 실패(한도 확정 streak=1) — 브라우저 종료 후 대기·재오픈
AI Image 한도 감지
[04:40:00] 한도 대기 전 ChromeDebug 종료
[04:40:00] 한도 대기 60분(probe1h) 시작 — SRT_1400 한도 · 1h시험생성
[04:40:15] 한도 대기 취소됨
[04:40:27] 탭로그 ON — 브라우저 열기·생성 · 씬 3개 · reopen=True · 한도대기ON
[04:40:32] ChromeDebug 재시작 port=9242 user_data=C:\ChromeDebug_2_5
[04:40:36] 모델 이미 Pro: Nano Banana Pro
[04:40:36] 세션 준비 — login=OK model=Nano Banana Pro auto=True
[04:40:36] ensure_page cur_sc=10 prefer_sc=10 cur=https://www.genspark.ai/ai_image prefer=https://www.genspark.ai/ai_image
[04:40:37] fill OK(clip) follow=False chars=68627
[04:40:38] 입력창 붙여넣기 — 프롬프트 45379자 + SRT 23205자 = 합계 68627자
  prompt=C:/cursor/videt/2_5_sceneImage/md/image.검신회귀록.txt
  srt=C:\cursor\wuxia\무협극장\검신귀환록\2부\14장\mp3\new.srt
[04:40:39] ensure_page cur_sc=10 prefer_sc=10 cur=https://www.genspark.ai/ai_image prefer=https://www.genspark.ai/ai_image
[04:40:40] 동일 입력창에 명령 추가(미실행): ===== CHARACTER LOOK (SRT_1400) =====
State keys: Jin≈19|blood_robe; Baek≈19|blood_robe; Namgung|base
Jin Muhan, approximately nineteen years old, East-Asian young swordsman, sharp…
[04:40:40] 상태키 SRT_1400 · Baek|blood_robe; Jin≈19|blood_robe
[04:40:40] run_scene 시작 SRT_1400 · seen_files=70 · last_saved=https://www.genspark.ai/api/files/s/sqow9bm9
[04:40:40] ensure_page cur_sc=10 prefer_sc=10 cur=https://www.genspark.ai/ai_image prefer=https://www.genspark.ai/ai_image
[04:40:40] 모델 선택 시작 현재=(없음)
[04:40:41] 모델 선택 결과 ok=False 칩=(없음) picked=
[04:40:41] ⏱ 준비 SRT_1400 0.1s · chars=2957
[04:40:41] submit 시작 composer=2957 url=https://www.genspark.ai/ai_image
[04:40:41] submit geo 실패 hit=no-btn
[04:40:41] submit 시도 method=geo geo=False
[04:40:41] submit 미확인 method=geo generating=False composer=2957
[04:40:42] submit geo 실패 hit=no-btn
[04:40:42] submit 시도 method=send send=False
[04:40:42] submit 미확인 method=send generating=False composer=2957
[04:40:42] submit 시도 method=ctrl
[04:40:43] submit 미확인 method=ctrl generating=False composer=2959
[04:40:44] submit 시도 method=enter
[04:40:44] submit 확인 method=enter generating=False composer=0
[04:40:44] ⏱ 입력창전송 SRT_1400 3.8s
[04:40:44] 제출 후 last_saved=https://www.genspark.ai/api/files/s/sqow9bm9
[04:40:45] ⏱ 생성대기 시작 SRT_1400 max=120s
[04:41:00] ⏱ 생성대기 진행 15.1s SRT_1400 busy=True url_ok=False src=
[04:41:00] ⏱ 생성대기 한도감지 15.1s SRT_1400 · AI Image 한도 감지 · 5시간 제한에 근접했습니다. --- New AI 이미지 홈 Skills 세컨드 브레인 더보기 SRT_1400 무협 만화 스타일 일러스트 생성 요청 공유 pasted-text-1787686837502.txt 102.0
[04:41:00] run_scene 실패(재시도 없음): AI Image 한도 감지
[04:41:00] SRT_1400 실패(한도 확정 streak=1) — 브라우저 종료 후 대기·재오픈
AI Image 한도 감지
[04:41:03] 한도 대기 전 ChromeDebug 종료
[04:41:03] 한도 대기 60분(probe1h) 시작 — SRT_1400 한도 · 1h시험생성
[04:41:48] 한도 대기 취소됨
[04:43:15] 탭로그 ON — 브라우저 열기·생성 · 씬 3개 · reopen=True
[04:43:20] ChromeDebug 재시작 port=9242 user_data=C:\ChromeDebug_2_5
[04:43:26] 모델 이미 Pro: Nano Banana Pro
[04:43:26] 세션 준비 — login=OK model=Nano Banana Pro auto=True
[04:43:26] ensure_page cur_sc=10 prefer_sc=10 cur=https://www.genspark.ai/ai_image prefer=https://www.genspark.ai/ai_image
[04:43:28] fill OK(clip) follow=False chars=68627
[04:43:28] 입력창 붙여넣기 — 프롬프트 45379자 + SRT 23205자 = 합계 68627자
  prompt=C:/cursor/videt/2_5_sceneImage/md/image.검신회귀록.txt
  srt=C:\cursor\wuxia\무협극장\검신귀환록\2부\14장\mp3\new.srt
[04:43:29] ensure_page cur_sc=10 prefer_sc=10 cur=https://www.genspark.ai/ai_image prefer=https://www.genspark.ai/ai_image
[04:43:30] 동일 입력창에 명령 추가(미실행): ===== CHARACTER LOOK (SRT_1400) =====
State keys: Jin≈19|blood_robe; Baek≈19|blood_robe; Namgung|base
Jin Muhan, approximately nineteen years old, East-Asian young swordsman, sharp…
[04:43:31] 상태키 SRT_1400 · Baek|blood_robe; Jin≈19|blood_robe
[04:43:31] run_scene 시작 SRT_1400 · seen_files=70 · last_saved=https://www.genspark.ai/api/files/s/sqow9bm9
[04:43:31] ensure_page cur_sc=10 prefer_sc=10 cur=https://www.genspark.ai/ai_image prefer=https://www.genspark.ai/ai_image
[04:43:31] 모델 선택 시작 현재=(없음)
[04:43:31] 모델 선택 결과 ok=False 칩=(없음) picked=
[04:43:31] ⏱ 준비 SRT_1400 0.1s · chars=2957
[04:43:31] submit 시작 composer=2957 url=https://www.genspark.ai/ai_image
[04:43:31] submit geo 실패 hit=no-btn
[04:43:31] submit 시도 method=geo geo=False
[04:43:32] submit 미확인 method=geo generating=False composer=2957
[04:43:32] submit geo 실패 hit=no-btn
[04:43:32] submit 시도 method=send send=False
[04:43:33] submit 미확인 method=send generating=False composer=2957
[04:43:33] submit 시도 method=ctrl
[04:43:33] submit 미확인 method=ctrl generating=False composer=2959
[04:43:34] submit 시도 method=enter
[04:43:35] submit 확인 method=enter generating=False composer=0
[04:43:35] ⏱ 입력창전송 SRT_1400 3.8s
[04:43:35] 제출 후 last_saved=https://www.genspark.ai/api/files/s/sqow9bm9
[04:43:35] ⏱ 생성대기 시작 SRT_1400 max=120s
[04:43:51] ⏱ 생성대기 진행 15.6s SRT_1400 busy=True url_ok=False src=
[04:43:57] ⏱ 생성대기 완료 21.6s SRT_1400 https://www.genspark.ai/api/files/s/pnswpoxj
[04:43:57] ⏱ 생성대기구간 SRT_1400 21.6s · ok=True
[04:43:57] SRT_1400 근접 이미지 https://www.genspark.ai/api/files/s/pnswpoxj
[04:43:57] 다운로드 files URL=https://www.genspark.ai/api/files/s/pnswpoxj → SRT_1400.png
[04:43:57] ⏱ 다운로드 직접실패 0.3s · 페이지 fetch 재시도: HTTP Error 403: Forbidden
[04:43:57] ⏱ 다운로드 fetch 0.1s size=757457 SRT_1400.png
[04:43:57] ⏱ 다운로드구간 SRT_1400 0.4s · SRT_1400.png
[04:43:58] ⏱ 다운로드후유휴 SRT_1400 1.2s · idle=True
[04:43:58] ⏱ 씬합계 SRT_1400 27.3s · https://www.genspark.ai/api/files/s/pnswpoxj
[04:43:58] SRT_1400 생성·다운로드 완료
C:\cursor\wuxia\무협극장\검신귀환록\2부\14장\png\SRT_1400.png
[04:43:58] 상태키 SRT_1420 · Baek|blood_robe; Jin≈19|blood_robe
[04:43:58] run_scene 시작 SRT_1420 · seen_files=71 · last_saved=https://www.genspark.ai/api/files/s/pnswpoxj
[04:43:58] ⏱ 준비 SRT_1420 0.0s · chars=1341
[04:43:59] ⏱ 다음명령유휴 SRT_1420 1.1s · idle=True
[04:44:00] fill OK(clip) follow=True chars=1341
[04:44:00] submit 시작 composer=1341 url=https://www.genspark.ai/agents?id=10d71aff-fc5b-44c7-916b-df5c65d90a41
[04:44:00] submit geo 실패 hit=no-btn
[04:44:00] submit 시도 method=geo geo=False
[04:44:01] submit 미확인 method=geo generating=False composer=1341
[04:44:01] submit geo 실패 hit=no-btn
[04:44:01] submit 시도 method=send send=False
[04:44:01] submit 미확인 method=send generating=False composer=1341
[04:44:02] submit 시도 method=ctrl
[04:44:02] submit 미확인 method=ctrl generating=False composer=1343
[04:44:03] submit 시도 method=enter
[04:44:03] submit 확인 method=enter generating=False composer=0
[04:44:03] ⏱ 입력·전송 SRT_1420 3.7s · chars=1341
[04:44:03] 제출 후 last_saved=https://www.genspark.ai/api/files/s/pnswpoxj
[04:44:03] ⏱ 생성대기 시작 SRT_1420 max=120s
[04:44:19] ⏱ 생성대기 진행 15.4s SRT_1420 busy=False url_ok=False src=
[04:44:19] ⏱ 생성대기 한도감지 15.4s SRT_1420 · AI Image 한도 - 재설정 2026-08-26 07:57 · AI Image 5시간 제한에 도달했습니다. 8월 26일 오전 7:57에 재설정됩니다 --- 5시간 제한 --- New AI 이미지 홈 Skills 세컨드 브레인 더보기 SRT_1400 무협 만화 스타일 일러스트 생
[04:44:19] run_scene 실패(재시도 없음): AI Image 한도 - 재설정 2026-08-26 07:57
[04:44:19] SRT_1420 실패 — 다음 씬 계속
AI Image 한도 - 재설정 2026-08-26 07:57
[04:44:19] 상태키 SRT_1431 · Baek|blood_robe; Jin≈19|blood_robe
[04:44:19] 늦은이미지 회수 실패 SRT_1420: SRT_1420 요청 아래 새 이미지가 없습니다.
[04:44:19] run_scene 시작 SRT_1431 · seen_files=71 · last_saved=https://www.genspark.ai/api/files/s/pnswpoxj
[04:44:19] ⏱ 준비 SRT_1431 0.0s · chars=2012
[04:44:20] ⏱ 다음명령유휴 SRT_1431 1.2s · idle=True
[04:44:21] fill OK(clip) follow=True chars=2012
[04:44:21] submit 시작 composer=2012 url=https://www.genspark.ai/agents?id=10d71aff-fc5b-44c7-916b-df5c65d90a41
[04:44:21] submit geo 실패 hit=no-btn
[04:44:21] submit 시도 method=geo geo=False
[04:44:21] submit 미확인 method=geo generating=False composer=2012
[04:44:22] submit geo 실패 hit=no-btn
[04:44:22] submit 시도 method=send send=False
[04:44:22] submit 미확인 method=send generating=False composer=2012
[04:44:23] submit 시도 method=ctrl
[04:44:23] submit 미확인 method=ctrl generating=False composer=2014
[04:44:23] submit 시도 method=enter
[04:44:24] submit 확인 method=enter generating=False composer=0
[04:44:24] ⏱ 입력·전송 SRT_1431 3.8s · chars=2012
[04:44:24] 제출 후 last_saved=https://www.genspark.ai/api/files/s/pnswpoxj
[04:44:24] ⏱ 생성대기 시작 SRT_1431 max=120s
[04:44:39] ⏱ 생성대기 진행 15.3s SRT_1431 busy=False url_ok=False src=
[04:44:39] ⏱ 생성대기 한도감지 15.3s SRT_1431 · AI Image 한도 - 재설정 2026-08-26 07:57 · AI Image 5시간 제한에 도달했습니다. 8월 26일 오전 7:57에 재설정됩니다 --- 5시간 제한 --- 세션 한도 도달 AI Image 5시간 제한에 도달했습니다. 8월 26일 오전 7:57에 재설정됩니다
[04:44:39] run_scene 실패(재시도 없음): AI Image 한도 - 재설정 2026-08-26 07:57
[04:44:39] SRT_1431 실패 — 다음 씬 계속
AI Image 한도 - 재설정 2026-08-26 07:57
[04:45:37] 탭로그 ON — 브라우저 열기·생성 · 씬 2개 · reopen=True · 한도대기ON
[04:45:42] ChromeDebug 재시작 port=9242 user_data=C:\ChromeDebug_2_5
[04:45:46] 모델 이미 Pro: Nano Banana Pro
[04:45:46] 세션 준비 — login=OK model=Nano Banana Pro auto=True
[04:45:47] ensure_page cur_sc=10 prefer_sc=10 cur=https://www.genspark.ai/ai_image prefer=https://www.genspark.ai/ai_image
[04:45:48] fill OK(clip) follow=False chars=68627
[04:45:49] 입력창 붙여넣기 — 프롬프트 45379자 + SRT 23205자 = 합계 68627자
  prompt=C:/cursor/videt/2_5_sceneImage/md/image.검신회귀록.txt
  srt=C:\cursor\wuxia\무협극장\검신귀환록\2부\14장\mp3\new.srt
[04:45:50] ensure_page cur_sc=10 prefer_sc=10 cur=https://www.genspark.ai/ai_image prefer=https://www.genspark.ai/ai_image
[04:45:51] 동일 입력창에 명령 추가(미실행): ===== CHARACTER LOOK (SRT_1420) =====
State keys: Namgung|base
Namgung Rin, approximately nineteen years old, quiet sharp-eyed East-Asian youth from a fallen clan branch, tall thin…
[04:45:51] 상태키 SRT_1420 · Baek|blood_robe; Jin≈19|blood_robe
[04:45:51] run_scene 시작 SRT_1420 · seen_files=71 · last_saved=https://www.genspark.ai/api/files/s/pnswpoxj
[04:45:51] ensure_page cur_sc=10 prefer_sc=10 cur=https://www.genspark.ai/ai_image prefer=https://www.genspark.ai/ai_image
[04:45:51] 모델 선택 시작 현재=(없음)
[04:45:51] 모델 선택 결과 ok=False 칩=(없음) picked=
[04:45:51] ⏱ 준비 SRT_1420 0.1s · chars=1341
[04:45:52] submit 시작 composer=1341 url=https://www.genspark.ai/ai_image
[04:45:52] submit geo 실패 hit=no-btn
[04:45:52] submit 시도 method=geo geo=False
[04:45:52] submit 미확인 method=geo generating=False composer=1341
[04:45:52] submit geo 실패 hit=no-btn
[04:45:52] submit 시도 method=send send=False
[04:45:53] submit 미확인 method=send generating=False composer=1341
[04:45:53] submit 시도 method=ctrl
[04:45:54] submit 미확인 method=ctrl generating=False composer=1343
[04:45:54] submit 시도 method=enter
[04:45:55] submit 확인 method=enter generating=False composer=0
[04:45:55] ⏱ 입력창전송 SRT_1420 3.8s
[04:45:55] 제출 후 last_saved=https://www.genspark.ai/api/files/s/pnswpoxj
[04:45:55] ⏱ 생성대기 시작 SRT_1420 max=120s
[04:46:10] ⏱ 생성대기 진행 15.0s SRT_1420 busy=False url_ok=False src=
[04:46:10] ⏱ 생성대기 한도감지 15.0s SRT_1420 · AI Image 한도 - 재설정 2026-08-26 07:57 · AI Image 5시간 제한에 도달했습니다. 8월 26일 오전 7:57에 재설정됩니다 --- 5시간 제한 --- 세션 한도 도달 AI Image 5시간 제한에 도달했습니다. 8월 26일 오전 7:57에 재설정됩니다
[04:46:10] run_scene 실패(재시도 없음): AI Image 한도 - 재설정 2026-08-26 07:57
[04:46:10] SRT_1420 실패(한도 확정 streak=1) — 브라우저 종료 후 대기·재오픈
AI Image 한도 - 재설정 2026-08-26 07:57
[04:46:14] 한도 대기 전 ChromeDebug 종료
[04:46:14] 한도 대기 191분(until_reset) 시작 — SRT_1420 한도 · 재설정 08/26 07:57
[22:55:24] 탭로그 ON — 실행·생성 · 씬 60개 · reopen=True · 한도대기ON
[22:56:13] 실행·생성 오류: ChromeDebug(CDP :9244)에 연결하지 못했습니다.
Chrome이 완전히 뜬 뒤 「실행」를 다시 눌러 주세요.
[22:57:05] 탭로그 ON — 실행·생성 · 씬 60개 · reopen=True · 한도대기ON
[22:57:42] 탭로그 ON — 실행·생성 · 씬 60개 · reopen=True · 한도대기ON
[22:57:47] ChromeDebug 재시작 slot=2 port=9244 user_data=C:\ChromeDebug_2_5_slot2 reused=0
[23:00:26] 모델 이미 Pro: Nano Banana Pro
[23:00:26] 세션 준비 — login=확인 model=Nano Banana Pro auto=True
[23:00:26] ensure_page cur_sc=10 prefer_sc=10 cur=https://www.genspark.ai/ai_image prefer=https://www.genspark.ai/ai_image
[23:00:27] fill OK(clip) follow=True chars=74076
[23:00:27] 입력창 붙여넣기 — 프롬프트 50827자 + SRT 23206자 = 합계 74076자
  prompt=C:/cursor/wuxia/2_5_sceneImage/md/image.wuxiz.txt
  srt=C:\cursor\wuxia\workspace\swardmaster\2부\14장\mp3\new.srt
[23:00:29] ensure_page cur_sc=10 prefer_sc=10 cur=https://www.genspark.ai/ai_image prefer=https://www.genspark.ai/ai_image
[23:00:29] 동일 입력창에 명령 추가(미실행): ===== CHARACTER LOOK (SRT_100) =====
State keys: Jin≈19|blood_robe; Baek≈19|blood_robe; Namgung|base
Jin Muhan, approximately nineteen years old, East-Asian young swordsman, sharp …
[23:00:30] 상태키 SRT_100 · Baek|blood_robe; Jin|blood_robe
[23:00:30] run_scene 시작 SRT_100 · seen_files=71 · last_saved=https://www.genspark.ai/api/files/s/pnswpoxj
[23:00:30] ensure_page cur_sc=10 prefer_sc=10 cur=https://www.genspark.ai/ai_image prefer=https://www.genspark.ai/ai_image
[23:00:30] 모델 이미 Pro: Nano Banana Pro
[23:00:30] ⏱ 준비 SRT_100 0.0s · chars=5548
[23:00:30] submit 시작 composer=5548 url=https://www.genspark.ai/ai_image
[23:00:30] submit geo 실패 hit=no-btn
[23:00:30] submit 시도 method=geo geo=False
[23:00:31] submit 미확인 method=geo generating=False composer=5548
[23:00:31] submit geo 실패 hit=no-btn
[23:00:31] submit 시도 method=send send=False
[23:00:32] submit 미확인 method=send generating=False composer=5548
[23:00:32] submit 시도 method=ctrl
[23:00:33] submit 미확인 method=ctrl generating=False composer=5550
[23:00:33] submit 시도 method=enter
[23:00:33] submit 미확인 method=enter generating=False composer=5550
[23:00:33] submit geo 실패 hit=no-btn
[23:00:33] submit 시도 method=geo2 geo=False
[23:00:34] submit 미확인 method=geo2 generating=False composer=5550
[23:00:36] submit geo 실패 hit=no-editor
[23:00:36] submit 시도 method=send2 send=False
[23:00:37] submit 확인 method=send2 generating=False composer=0
[23:00:37] ⏱ 입력창전송 SRT_100 6.6s
[23:00:37] 제출 후 last_saved=https://www.genspark.ai/api/files/s/pnswpoxj
[23:00:37] ⏱ 생성대기 시작 SRT_100 max=120s
[23:00:52] ⏱ 생성대기 진행 15.3s SRT_100 busy=True url_ok=False src=
[23:01:07] ⏱ 생성대기 진행 30.5s SRT_100 busy=False url_ok=False src=
[23:01:22] ⏱ 생성대기 진행 45.5s SRT_100 busy=False url_ok=False src=
[23:01:38] ⏱ 생성대기 진행 60.9s SRT_100 busy=False url_ok=False src=
[23:01:53] ⏱ 생성대기 진행 76.0s SRT_100 busy=False url_ok=False src=
[23:02:08] ⏱ 생성대기 진행 91.2s SRT_100 busy=False url_ok=False src=
[23:02:23] ⏱ 생성대기 진행 106.2s SRT_100 busy=False url_ok=False src=
[23:02:38] SRT 근접 이미지 탐색 실패: Page.evaluate: Execution context was destroyed, most likely because of a navigation
[23:02:41] SRT 근접 이미지 탐색 실패: Page.evaluate: Execution context was destroyed, most likely because of a navigation
[23:03:02] ⏱ 생성대기 시간초과 145.4s SRT_100 (새 api/files 이미지 없음, max=120s)
[23:03:02] ⏱ 생성대기구간 SRT_100 145.4s · ok=False
[23:03:02] run_scene 실패(재시도 없음): 새 이미지 대기 초과 (120s) — 다음 씬으로 진행
[23:03:02] SRT_100 실패 — 다음 씬 계속
새 이미지 대기 초과 (120s) — 다음 씬으로 진행
[23:03:03] 상태키 SRT_140 · Baek|blood_robe; Jin|blood_robe
[23:03:03] 늦은이미지 회수 실패 SRT_100: SRT_100 요청 아래 새 이미지가 없습니다.
[23:03:03] run_scene 시작 SRT_140 · seen_files=71 · last_saved=https://www.genspark.ai/api/files/s/pnswpoxj
[23:03:03] ensure_page cur_sc=10 prefer_sc=10 cur=https://www.genspark.ai/ai_image prefer=https://www.genspark.ai/ai_image
[23:03:03] ⏱ 준비 SRT_140 0.0s · chars=4615
[23:03:04] ⏱ 다음명령유휴 SRT_140 1.2s · idle=True
[23:03:04] fill OK(clip) follow=True chars=4615
[23:03:04] submit 시작 composer=4615 url=https://www.genspark.ai/ai_image
[23:03:04] submit geo 실패 hit=no-btn
[23:03:04] submit 시도 method=geo geo=False
[23:03:05] submit 미확인 method=geo generating=False composer=4615
[23:03:05] submit geo 실패 hit=no-btn
[23:03:05] submit 시도 method=send send=False
[23:03:06] submit 미확인 method=send generating=False composer=4615
[23:03:06] submit 시도 method=ctrl
[23:03:07] submit 미확인 method=ctrl generating=False composer=4617
[23:03:07] submit 시도 method=enter
[23:03:08] submit 확인 method=enter generating=False composer=0
[23:03:08] ⏱ 입력·전송 SRT_140 4.5s · chars=4615
[23:03:08] 제출 후 last_saved=https://www.genspark.ai/api/files/s/pnswpoxj
[23:03:08] ⏱ 생성대기 시작 SRT_140 max=120s
[23:03:24] ⏱ 생성대기 진행 15.4s SRT_140 busy=False url_ok=False src=
[23:03:24] ⏱ 생성대기 한도감지 15.4s SRT_140 · AI Image 한도 - 재설정 2026-08-29 01:14 · AI Image 5시간 제한에 도달했습니다. 8월 29일 오전 1:14에 재설정됩니다 --- 5시간 제한 --- 세션 한도 도달 AI Image 5시간 제한에 도달했습니다. 8월 29일 오전 1:14에 재설정됩니다
[23:03:24] run_scene 실패(재시도 없음): AI Image 한도 - 재설정 2026-08-29 01:14
[23:03:24] SRT_140 실패(한도 확정 streak=2) — 브라우저 종료 후 대기·재오픈
AI Image 한도 - 재설정 2026-08-29 01:14
[23:03:27] 한도 대기 전 ChromeDebug 종료
[23:03:27] 한도 대기 시작 — 정상화 예상 2026-08-29 01:14 (131분) — SRT_140 한도
[01:14:30] 한도 대기 종료 — 정상화 예상 2026-08-29 01:14 — 재시도
[01:14:30] 한도 대기 종료 — 브라우저 재오픈 후 SRT_140 재개
[01:14:36] ChromeDebug 재시작 slot=2 port=9244 user_data=C:\ChromeDebug_2_5_slot2 reused=0
[01:16:05] 모델 이미 Pro: Nano Banana Pro
[01:16:05] 세션 준비 — login=OK model=Nano Banana Pro auto=True
[01:16:06] ensure_page cur_sc=10 prefer_sc=10 cur=https://www.genspark.ai/ai_image prefer=https://www.genspark.ai/ai_image
[01:16:07] fill OK(clip) follow=True chars=74076
[01:16:07] 입력창 붙여넣기 — 프롬프트 50827자 + SRT 23206자 = 합계 74076자
  prompt=C:/cursor/wuxia/2_5_sceneImage/md/image.wuxiz.txt
  srt=C:\cursor\wuxia\workspace\swardmaster\2부\14장\mp3\new.srt
[01:16:08] ensure_page cur_sc=10 prefer_sc=10 cur=https://www.genspark.ai/ai_image prefer=https://www.genspark.ai/ai_image
[01:16:09] 동일 입력창에 명령 추가(미실행): ===== CHARACTER LOOK (SRT_140) =====
State keys: Jin≈19|blood_robe; Namgung|base
Jin Muhan, approximately nineteen years old, East-Asian young swordsman, sharp narrow phoenix eyes,…
[01:16:10] 상태키 SRT_140 · Baek|blood_robe; Jin|blood_robe
[01:16:10] run_scene 시작 SRT_140 · seen_files=71 · last_saved=https://www.genspark.ai/api/files/s/pnswpoxj
[01:16:10] ensure_page cur_sc=10 prefer_sc=10 cur=https://www.genspark.ai/ai_image prefer=https://www.genspark.ai/ai_image
[01:16:10] ⏱ 준비 SRT_140 0.0s · chars=4615
[01:16:10] submit 시작 composer=4615 url=https://www.genspark.ai/ai_image
[01:16:10] submit geo 실패 hit=no-btn
[01:16:10] submit 시도 method=geo geo=False
[01:16:11] submit 미확인 method=geo generating=False composer=4615
[01:16:11] submit geo 실패 hit=no-btn
[01:16:11] submit 시도 method=send send=False
[01:16:12] submit 미확인 method=send generating=False composer=4615
[01:16:12] submit 시도 method=ctrl
[01:16:13] submit 미확인 method=ctrl generating=False composer=4617
[01:16:13] submit 시도 method=enter
[01:16:14] submit 확인 method=enter generating=False composer=0
[01:16:14] ⏱ 입력창전송 SRT_140 4.3s
[01:16:14] 제출 후 last_saved=https://www.genspark.ai/api/files/s/pnswpoxj
[01:16:15] ⏱ 생성대기 시작 SRT_140 max=120s
[01:16:29] ⏱ 생성대기 완료 14.1s SRT_140 https://www.genspark.ai/api/files/s/bfv2qn0g
[01:16:29] ⏱ 생성대기구간 SRT_140 14.1s · ok=True
[01:16:29] SRT_140 근접 이미지 https://www.genspark.ai/api/files/s/bfv2qn0g
[01:16:29] 다운로드 files URL=https://www.genspark.ai/api/files/s/bfv2qn0g → SRT_140.png
[01:16:30] ⏱ 다운로드 직접 0.9s size=727524 SRT_140.png
[01:16:30] ⏱ 다운로드구간 SRT_140 0.9s · SRT_140.png
[01:16:31] ⏱ 다운로드후유휴 SRT_140 1.5s · idle=True
[01:16:31] ⏱ 씬합계 SRT_140 21.0s · https://www.genspark.ai/api/files/s/bfv2qn0g
[01:16:31] SRT_140 생성·다운로드 완료
C:\cursor\wuxia\workspace\swardmaster\2부\14장\png\SRT_140.png
[01:16:31] 상태키 SRT_160 · Baek|blood_robe; Jin|blood_robe
[01:16:31] run_scene 시작 SRT_160 · seen_files=72 · last_saved=https://www.genspark.ai/api/files/s/bfv2qn0g
[01:16:31] ⏱ 준비 SRT_160 0.0s · chars=4278
[01:16:33] ⏱ 다음명령유휴 SRT_160 1.5s · idle=True
[01:16:33] fill OK(clip) follow=True chars=4278
[01:16:33] submit 시작 composer=4278 url=https://www.genspark.ai/agents?id=cbe23a14-fee5-487f-87a3-352e35bfc3b7
[01:16:33] submit geo 실패 hit=no-btn
[01:16:33] submit 시도 method=geo geo=False
[01:16:34] submit 미확인 method=geo generating=False composer=4278
[01:16:34] submit geo 실패 hit=no-btn
[01:16:34] submit 시도 method=send send=False
[01:16:35] submit 미확인 method=send generating=False composer=4278
[01:16:35] submit 시도 method=ctrl
[01:16:36] submit 미확인 method=ctrl generating=False composer=4280
[01:16:36] submit 시도 method=enter
[01:16:37] submit 확인 method=enter generating=False composer=0
[01:16:37] ⏱ 입력·전송 SRT_160 4.1s · chars=4278
[01:16:37] 제출 후 last_saved=https://www.genspark.ai/api/files/s/bfv2qn0g
[01:16:37] ⏱ 생성대기 시작 SRT_160 max=120s
[01:16:51] ⏱ 생성대기 완료 13.6s SRT_160 https://www.genspark.ai/api/files/s/d369jrek
[01:16:51] ⏱ 생성대기구간 SRT_160 13.6s · ok=True
[01:16:51] SRT_160 근접 이미지 https://www.genspark.ai/api/files/s/d369jrek
[01:16:51] 다운로드 files URL=https://www.genspark.ai/api/files/s/d369jrek → SRT_160.png
[01:16:51] ⏱ 다운로드 직접 0.7s size=634042 SRT_160.png
[01:16:51] ⏱ 다운로드구간 SRT_160 0.7s · SRT_160.png
[01:16:53] ⏱ 다운로드후유휴 SRT_160 1.4s · idle=True
[01:16:53] ⏱ 씬합계 SRT_160 21.5s · https://www.genspark.ai/api/files/s/d369jrek
[01:16:53] SRT_160 생성·다운로드 완료
C:\cursor\wuxia\workspace\swardmaster\2부\14장\png\SRT_160.png
[01:16:53] 상태키 SRT_180 · Baek|blood_robe; Jin|blood_robe
[01:16:53] run_scene 시작 SRT_180 · seen_files=73 · last_saved=https://www.genspark.ai/api/files/s/d369jrek
[01:16:53] ⏱ 준비 SRT_180 0.0s · chars=4258
[01:16:54] ⏱ 다음명령유휴 SRT_180 1.4s · idle=True
[01:16:55] fill OK(clip) follow=True chars=4258
[01:16:55] submit 시작 composer=4258 url=https://www.genspark.ai/agents?id=cbe23a14-fee5-487f-87a3-352e35bfc3b7
[01:16:55] submit geo 실패 hit=no-btn
[01:16:55] submit 시도 method=geo geo=False
[01:16:56] submit 미확인 method=geo generating=False composer=4258
[01:16:56] submit geo 실패 hit=no-btn
[01:16:56] submit 시도 method=send send=False
[01:16:57] submit 미확인 method=send generating=False composer=4258
[01:16:57] submit 시도 method=ctrl
[01:16:58] submit 미확인 method=ctrl generating=False composer=4260
[01:16:58] submit 시도 method=enter
[01:16:58] submit 확인 method=enter generating=False composer=0
[01:16:58] ⏱ 입력·전송 SRT_180 4.2s · chars=4258
[01:16:58] 제출 후 last_saved=https://www.genspark.ai/api/files/s/d369jrek
[01:16:59] ⏱ 생성대기 시작 SRT_180 max=120s
[01:17:10] ⏱ 생성대기 완료 11.7s SRT_180 https://www.genspark.ai/api/files/s/wyengrbq
[01:17:10] ⏱ 생성대기구간 SRT_180 11.7s · ok=True
[01:17:10] SRT_180 근접 이미지 https://www.genspark.ai/api/files/s/wyengrbq
[01:17:10] 다운로드 files URL=https://www.genspark.ai/api/files/s/wyengrbq → SRT_180.png
[01:17:11] ⏱ 다운로드 직접 0.8s size=653815 SRT_180.png
[01:17:11] ⏱ 다운로드구간 SRT_180 0.8s · SRT_180.png
[01:17:13] ⏱ 다운로드후유휴 SRT_180 1.3s · idle=True
[01:17:13] ⏱ 씬합계 SRT_180 19.7s · https://www.genspark.ai/api/files/s/wyengrbq
[01:17:13] SRT_180 생성·다운로드 완료
C:\cursor\wuxia\workspace\swardmaster\2부\14장\png\SRT_180.png
[01:17:13] 상태키 SRT_200 · Baek|blood_robe; Jin|blood_robe
[01:17:13] run_scene 시작 SRT_200 · seen_files=74 · last_saved=https://www.genspark.ai/api/files/s/wyengrbq
[01:17:13] ⏱ 준비 SRT_200 0.0s · chars=4354
[01:17:14] ⏱ 다음명령유휴 SRT_200 1.4s · idle=True
[01:17:15] fill OK(clip) follow=True chars=4354
[01:17:15] submit 시작 composer=4354 url=https://www.genspark.ai/agents?id=cbe23a14-fee5-487f-87a3-352e35bfc3b7
[01:17:15] submit geo 실패 hit=no-btn
[01:17:15] submit 시도 method=geo geo=False
[01:17:15] submit 미확인 method=geo generating=False composer=4354
[01:17:16] submit geo 실패 hit=no-btn
[01:17:16] submit 시도 method=send send=False
[01:17:16] submit 미확인 method=send generating=False composer=4354
[01:17:17] submit 시도 method=ctrl
[01:17:17] submit 미확인 method=ctrl generating=False composer=4356
[01:17:17] submit 시도 method=enter
[01:17:18] submit 확인 method=enter generating=False composer=0
[01:17:18] ⏱ 입력·전송 SRT_200 3.9s · chars=4354
[01:17:18] 제출 후 last_saved=https://www.genspark.ai/api/files/s/wyengrbq
[01:17:18] ⏱ 생성대기 시작 SRT_200 max=120s
[01:17:31] ⏱ 생성대기 완료 13.0s SRT_200 https://www.genspark.ai/api/files/s/tiykuzug
[01:17:31] ⏱ 생성대기구간 SRT_200 13.0s · ok=True
[01:17:31] SRT_200 근접 이미지 https://www.genspark.ai/api/files/s/tiykuzug
[01:17:31] 다운로드 files URL=https://www.genspark.ai/api/files/s/tiykuzug → SRT_200.png
[01:17:32] ⏱ 다운로드 직접 0.7s size=819316 SRT_200.png
[01:17:32] ⏱ 다운로드구간 SRT_200 0.8s · SRT_200.png
[01:17:33] ⏱ 다운로드후유휴 SRT_200 1.3s · idle=True
[01:17:33] ⏱ 씬합계 SRT_200 20.6s · https://www.genspark.ai/api/files/s/tiykuzug
[01:17:33] SRT_200 생성·다운로드 완료
C:\cursor\wuxia\workspace\swardmaster\2부\14장\png\SRT_200.png
[01:17:33] 상태키 SRT_220 · Baek|blood_robe; Jin|blood_robe
[01:17:33] run_scene 시작 SRT_220 · seen_files=75 · last_saved=https://www.genspark.ai/api/files/s/tiykuzug
[01:17:33] ⏱ 준비 SRT_220 0.0s · chars=4312
[01:17:35] ⏱ 다음명령유휴 SRT_220 1.4s · idle=True
[01:17:36] fill OK(clip) follow=True chars=4312
[01:17:36] submit 시작 composer=4312 url=https://www.genspark.ai/agents?id=cbe23a14-fee5-487f-87a3-352e35bfc3b7
[01:17:36] submit geo 실패 hit=no-btn
[01:17:36] submit 시도 method=geo geo=False
[01:17:36] submit 미확인 method=geo generating=False composer=4312
[01:17:37] submit geo 실패 hit=no-btn
[01:17:37] submit 시도 method=send send=False
[01:17:37] submit 미확인 method=send generating=False composer=4312
[01:17:38] submit 시도 method=ctrl
[01:17:38] submit 미확인 method=ctrl generating=False composer=4314
[01:17:38] submit 시도 method=enter
[01:17:39] submit 확인 method=enter generating=False composer=0
[01:17:39] ⏱ 입력·전송 SRT_220 4.2s · chars=4312
[01:17:39] 제출 후 last_saved=https://www.genspark.ai/api/files/s/tiykuzug
[01:17:39] ⏱ 생성대기 시작 SRT_220 max=120s
[01:17:51] ⏱ 생성대기 완료 12.3s SRT_220 https://www.genspark.ai/api/files/s/bsi0fhxt
[01:17:51] ⏱ 생성대기구간 SRT_220 12.3s · ok=True
[01:17:52] SRT_220 근접 이미지 https://www.genspark.ai/api/files/s/bsi0fhxt
[01:17:52] 다운로드 files URL=https://www.genspark.ai/api/files/s/bsi0fhxt → SRT_220.png
[01:17:52] ⏱ 다운로드 직접 0.8s size=611017 SRT_220.png
[01:17:52] ⏱ 다운로드구간 SRT_220 0.8s · SRT_220.png
[01:17:54] ⏱ 다운로드후유휴 SRT_220 1.4s · idle=True
[01:17:54] ⏱ 씬합계 SRT_220 20.3s · https://www.genspark.ai/api/files/s/bsi0fhxt
[01:17:54] SRT_220 생성·다운로드 완료
C:\cursor\wuxia\workspace\swardmaster\2부\14장\png\SRT_220.png
[01:17:54] 상태키 SRT_240 · Baek|blood_robe; Jin|blood_robe
[01:17:54] run_scene 시작 SRT_240 · seen_files=76 · last_saved=https://www.genspark.ai/api/files/s/bsi0fhxt
[01:17:54] ⏱ 준비 SRT_240 0.0s · chars=4636
[01:17:55] ⏱ 다음명령유휴 SRT_240 1.4s · idle=True
[01:17:56] fill OK(clip) follow=True chars=4636
[01:17:56] submit 시작 composer=4636 url=https://www.genspark.ai/agents?id=cbe23a14-fee5-487f-87a3-352e35bfc3b7
[01:17:56] submit geo 실패 hit=no-btn
[01:17:56] submit 시도 method=geo geo=False
[01:17:57] submit 미확인 method=geo generating=False composer=4636
[01:17:57] submit geo 실패 hit=no-btn
[01:17:57] submit 시도 method=send send=False
[01:17:58] submit 미확인 method=send generating=False composer=4636
[01:17:58] submit 시도 method=ctrl
[01:17:59] submit 미확인 method=ctrl generating=False composer=4638
[01:17:59] submit 시도 method=enter
[01:17:59] submit 확인 method=enter generating=False composer=0
[01:17:59] ⏱ 입력·전송 SRT_240 4.1s · chars=4636
[01:17:59] 제출 후 last_saved=https://www.genspark.ai/api/files/s/bsi0fhxt
[01:18:00] ⏱ 생성대기 시작 SRT_240 max=120s
[01:18:11] ⏱ 생성대기 완료 11.7s SRT_240 https://www.genspark.ai/api/files/s/04upwum5
[01:18:11] ⏱ 생성대기구간 SRT_240 11.7s · ok=True
[01:18:11] SRT_240 근접 이미지 https://www.genspark.ai/api/files/s/04upwum5
[01:18:11] 다운로드 files URL=https://www.genspark.ai/api/files/s/04upwum5 → SRT_240.png
[01:18:12] ⏱ 다운로드 직접 0.7s size=645495 SRT_240.png
[01:18:12] ⏱ 다운로드구간 SRT_240 0.7s · SRT_240.png
[01:18:13] ⏱ 다운로드후유휴 SRT_240 1.4s · idle=True
[01:18:13] ⏱ 씬합계 SRT_240 19.5s · https://www.genspark.ai/api/files/s/04upwum5
[01:18:13] SRT_240 생성·다운로드 완료
C:\cursor\wuxia\workspace\swardmaster\2부\14장\png\SRT_240.png
[01:18:14] 상태키 SRT_260 · Baek|blood_robe; Jin|blood_robe
[01:18:14] run_scene 시작 SRT_260 · seen_files=77 · last_saved=https://www.genspark.ai/api/files/s/04upwum5
[01:18:14] ⏱ 준비 SRT_260 0.0s · chars=3294
[01:18:15] ⏱ 다음명령유휴 SRT_260 1.4s · idle=True
[01:18:16] fill OK(clip) follow=True chars=3294
[01:18:16] submit 시작 composer=3294 url=https://www.genspark.ai/agents?id=cbe23a14-fee5-487f-87a3-352e35bfc3b7
[01:18:16] submit geo 실패 hit=no-btn
[01:18:16] submit 시도 method=geo geo=False
[01:18:17] submit 미확인 method=geo generating=False composer=3294
[01:18:17] submit geo 실패 hit=no-btn
[01:18:17] submit 시도 method=send send=False
[01:18:18] submit 미확인 method=send generating=False composer=3294
[01:18:18] submit 시도 method=ctrl
[01:18:18] submit 미확인 method=ctrl generating=False composer=3296
[01:18:19] submit 시도 method=enter
[01:18:19] submit 확인 method=enter generating=False composer=0
[01:18:19] ⏱ 입력·전송 SRT_260 4.2s · chars=3294
[01:18:19] 제출 후 last_saved=https://www.genspark.ai/api/files/s/04upwum5
[01:18:20] ⏱ 생성대기 시작 SRT_260 max=120s
[01:18:30] ⏱ 생성대기 완료 10.6s SRT_260 https://www.genspark.ai/api/files/s/qfhicub4
[01:18:30] ⏱ 생성대기구간 SRT_260 10.6s · ok=True
[01:18:30] SRT_260 근접 이미지 https://www.genspark.ai/api/files/s/qfhicub4
[01:18:30] 다운로드 files URL=https://www.genspark.ai/api/files/s/qfhicub4 → SRT_260.png
[01:18:31] ⏱ 다운로드 직접 0.7s size=569619 SRT_260.png
[01:18:31] ⏱ 다운로드구간 SRT_260 0.8s · SRT_260.png
[01:18:32] ⏱ 다운로드후유휴 SRT_260 1.3s · idle=True
[01:18:32] ⏱ 씬합계 SRT_260 18.6s · https://www.genspark.ai/api/files/s/qfhicub4
[01:18:32] SRT_260 생성·다운로드 완료
C:\cursor\wuxia\workspace\swardmaster\2부\14장\png\SRT_260.png
[01:18:32] 상태키 SRT_280 · Baek|blood_robe; Jin|blood_robe
[01:18:32] run_scene 시작 SRT_280 · seen_files=78 · last_saved=https://www.genspark.ai/api/files/s/qfhicub4
[01:18:32] ⏱ 준비 SRT_280 0.0s · chars=3318
[01:18:34] ⏱ 다음명령유휴 SRT_280 1.4s · idle=True
[01:18:35] fill OK(clip) follow=True chars=3318
[01:18:35] submit 시작 composer=3318 url=https://www.genspark.ai/agents?id=cbe23a14-fee5-487f-87a3-352e35bfc3b7
[01:18:35] submit geo 실패 hit=no-btn
[01:18:35] submit 시도 method=geo geo=False
[01:18:35] submit 미확인 method=geo generating=False composer=3318
[01:18:36] submit geo 실패 hit=no-btn
[01:18:36] submit 시도 method=send send=False
[01:18:36] submit 미확인 method=send generating=False composer=3318
[01:18:36] submit 시도 method=ctrl
[01:18:37] submit 미확인 method=ctrl generating=False composer=3320
[01:18:37] submit 시도 method=enter
[01:18:38] submit 확인 method=enter generating=False composer=0
[01:18:38] ⏱ 입력·전송 SRT_280 4.1s · chars=3318
[01:18:38] 제출 후 last_saved=https://www.genspark.ai/api/files/s/qfhicub4
[01:18:38] ⏱ 생성대기 시작 SRT_280 max=120s
[01:18:51] ⏱ 생성대기 완료 12.8s SRT_280 https://www.genspark.ai/api/files/s/s90jfxe3
[01:18:51] ⏱ 생성대기구간 SRT_280 12.8s · ok=True
[01:18:51] SRT_280 근접 이미지 https://www.genspark.ai/api/files/s/s90jfxe3
[01:18:51] 다운로드 files URL=https://www.genspark.ai/api/files/s/s90jfxe3 → SRT_280.png
[01:18:52] ⏱ 다운로드 직접 0.7s size=613369 SRT_280.png
[01:18:52] ⏱ 다운로드구간 SRT_280 0.7s · SRT_280.png
[01:18:53] ⏱ 다운로드후유휴 SRT_280 1.4s · idle=True
[01:18:53] ⏱ 씬합계 SRT_280 20.6s · https://www.genspark.ai/api/files/s/s90jfxe3
[01:18:53] SRT_280 생성·다운로드 완료
C:\cursor\wuxia\workspace\swardmaster\2부\14장\png\SRT_280.png
[01:18:53] 상태키 SRT_300 · Baek|blood_robe; Jin|blood_robe
[01:18:53] run_scene 시작 SRT_300 · seen_files=79 · last_saved=https://www.genspark.ai/api/files/s/s90jfxe3
[01:18:53] ⏱ 준비 SRT_300 0.0s · chars=3320
[01:18:55] ⏱ 다음명령유휴 SRT_300 1.4s · idle=True
[01:18:55] fill OK(clip) follow=True chars=3320
[01:18:55] submit 시작 composer=3320 url=https://www.genspark.ai/agents?id=cbe23a14-fee5-487f-87a3-352e35bfc3b7
[01:18:55] submit geo 실패 hit=no-btn
[01:18:55] submit 시도 method=geo geo=False
[01:18:56] submit 미확인 method=geo generating=False composer=3320
[01:18:56] submit geo 실패 hit=no-btn
[01:18:56] submit 시도 method=send send=False
[01:18:57] submit 미확인 method=send generating=False composer=3320
[01:18:57] submit 시도 method=ctrl
[01:18:58] submit 미확인 method=ctrl generating=False composer=3322
[01:18:58] submit 시도 method=enter
[01:18:59] submit 확인 method=enter generating=False composer=0
[01:18:59] ⏱ 입력·전송 SRT_300 4.0s · chars=3320
[01:18:59] 제출 후 last_saved=https://www.genspark.ai/api/files/s/s90jfxe3
[01:18:59] ⏱ 생성대기 시작 SRT_300 max=120s
[01:19:12] ⏱ 생성대기 완료 13.1s SRT_300 https://www.genspark.ai/api/files/s/8wgry5zf
[01:19:12] ⏱ 생성대기구간 SRT_300 13.1s · ok=True
[01:19:12] SRT_300 근접 이미지 https://www.genspark.ai/api/files/s/8wgry5zf
[01:19:12] 다운로드 files URL=https://www.genspark.ai/api/files/s/8wgry5zf → SRT_300.png
[01:19:13] ⏱ 다운로드 직접 0.7s size=596912 SRT_300.png
[01:19:13] ⏱ 다운로드구간 SRT_300 0.8s · SRT_300.png
[01:19:14] ⏱ 다운로드후유휴 SRT_300 1.4s · idle=True
[01:19:14] ⏱ 씬합계 SRT_300 20.9s · https://www.genspark.ai/api/files/s/8wgry5zf
[01:19:14] SRT_300 생성·다운로드 완료
C:\cursor\wuxia\workspace\swardmaster\2부\14장\png\SRT_300.png
[01:19:14] 상태키 SRT_320 · Baek|blood_robe; Jin|blood_robe
[01:19:14] run_scene 시작 SRT_320 · seen_files=80 · last_saved=https://www.genspark.ai/api/files/s/8wgry5zf
[01:19:14] ⏱ 준비 SRT_320 0.0s · chars=3310
[01:19:16] ⏱ 다음명령유휴 SRT_320 1.4s · idle=True
[01:19:16] fill OK(clip) follow=True chars=3310
[01:19:16] submit 시작 composer=3310 url=https://www.genspark.ai/agents?id=cbe23a14-fee5-487f-87a3-352e35bfc3b7
[01:19:16] submit geo 실패 hit=no-btn
[01:19:16] submit 시도 method=geo geo=False
[01:19:17] submit 미확인 method=geo generating=False composer=3310
[01:19:17] submit geo 실패 hit=no-btn
[01:19:17] submit 시도 method=send send=False
[01:19:18] submit 미확인 method=send generating=False composer=3310
[01:19:18] submit 시도 method=ctrl
[01:19:19] submit 미확인 method=ctrl generating=False composer=3312
[01:19:19] submit 시도 method=enter
[01:19:20] submit 확인 method=enter generating=False composer=0
[01:19:20] ⏱ 입력·전송 SRT_320 4.0s · chars=3310
[01:19:20] 제출 후 last_saved=https://www.genspark.ai/api/files/s/8wgry5zf
[01:19:20] ⏱ 생성대기 시작 SRT_320 max=120s
[01:19:30] ⏱ 생성대기 완료 10.3s SRT_320 https://www.genspark.ai/api/files/s/dmm7ukdb
[01:19:30] ⏱ 생성대기구간 SRT_320 10.3s · ok=True
[01:19:30] SRT_320 근접 이미지 https://www.genspark.ai/api/files/s/dmm7ukdb
[01:19:30] 다운로드 files URL=https://www.genspark.ai/api/files/s/dmm7ukdb → SRT_320.png
[01:19:31] ⏱ 다운로드 직접 0.8s size=809255 SRT_320.png
[01:19:31] ⏱ 다운로드구간 SRT_320 0.8s · SRT_320.png
[01:19:32] ⏱ 다운로드후유휴 SRT_320 1.4s · idle=True
[01:19:32] ⏱ 씬합계 SRT_320 18.1s · https://www.genspark.ai/api/files/s/dmm7ukdb
[01:19:32] SRT_320 생성·다운로드 완료
C:\cursor\wuxia\workspace\swardmaster\2부\14장\png\SRT_320.png
[01:19:33] 상태키 SRT_340 · Baek|blood_robe; Jin|blood_robe
[01:19:33] run_scene 시작 SRT_340 · seen_files=81 · last_saved=https://www.genspark.ai/api/files/s/dmm7ukdb
[01:19:33] ⏱ 준비 SRT_340 0.0s · chars=3301
[01:19:34] ⏱ 다음명령유휴 SRT_340 1.3s · idle=True
[01:19:35] fill OK(clip) follow=True chars=3301
[01:19:35] submit 시작 composer=3301 url=https://www.genspark.ai/agents?id=cbe23a14-fee5-487f-87a3-352e35bfc3b7
[01:19:35] submit geo 실패 hit=no-btn
[01:19:35] submit 시도 method=geo geo=False
[01:19:35] submit 미확인 method=geo generating=False composer=3301
[01:19:36] submit geo 실패 hit=no-btn
[01:19:36] submit 시도 method=send send=False
[01:19:36] submit 미확인 method=send generating=False composer=3301
[01:19:36] submit 시도 method=ctrl
[01:19:37] submit 미확인 method=ctrl generating=False composer=3303
[01:19:37] submit 시도 method=enter
[01:19:38] submit 확인 method=enter generating=False composer=0
[01:19:38] ⏱ 입력·전송 SRT_340 4.0s · chars=3301
[01:19:38] 제출 후 last_saved=https://www.genspark.ai/api/files/s/dmm7ukdb
[01:19:38] ⏱ 생성대기 시작 SRT_340 max=120s
[01:19:51] ⏱ 생성대기 완료 12.6s SRT_340 https://www.genspark.ai/api/files/s/wujkrh57
[01:19:51] ⏱ 생성대기구간 SRT_340 12.6s · ok=True
[01:19:51] SRT_340 근접 이미지 https://www.genspark.ai/api/files/s/wujkrh57
[01:19:51] 다운로드 files URL=https://www.genspark.ai/api/files/s/wujkrh57 → SRT_340.png
[01:19:51] ⏱ 다운로드 직접 0.7s size=799943 SRT_340.png
[01:19:51] ⏱ 다운로드구간 SRT_340 0.7s · SRT_340.png
[01:19:53] ⏱ 다운로드후유휴 SRT_340 1.3s · idle=True
[01:19:53] ⏱ 씬합계 SRT_340 20.2s · https://www.genspark.ai/api/files/s/wujkrh57
[01:19:53] SRT_340 생성·다운로드 완료
C:\cursor\wuxia\workspace\swardmaster\2부\14장\png\SRT_340.png
[01:19:53] 상태키 SRT_360 · Baek|blood_robe; Jin|blood_robe
[01:19:53] run_scene 시작 SRT_360 · seen_files=82 · last_saved=https://www.genspark.ai/api/files/s/wujkrh57
[01:19:53] ⏱ 준비 SRT_360 0.0s · chars=4365
[01:19:54] ⏱ 다음명령유휴 SRT_360 1.5s · idle=True
[01:19:55] fill OK(clip) follow=True chars=4365
[01:19:55] submit 시작 composer=4365 url=https://www.genspark.ai/agents?id=cbe23a14-fee5-487f-87a3-352e35bfc3b7
[01:19:55] submit geo 실패 hit=no-btn
[01:19:55] submit 시도 method=geo geo=False
[01:19:56] submit 미확인 method=geo generating=False composer=4365
[01:19:56] submit geo 실패 hit=no-btn
[01:19:56] submit 시도 method=send send=False
[01:19:57] submit 미확인 method=send generating=False composer=4365
[01:19:57] submit 시도 method=ctrl
[01:19:58] submit 미확인 method=ctrl generating=False composer=4367
[01:19:58] submit 시도 method=enter
[01:19:58] submit 확인 method=enter generating=False composer=0
[01:19:58] ⏱ 입력·전송 SRT_360 4.0s · chars=4365
[01:19:58] 제출 후 last_saved=https://www.genspark.ai/api/files/s/wujkrh57
[01:19:59] ⏱ 생성대기 시작 SRT_360 max=120s
[01:20:14] ⏱ 생성대기 진행 15.2s SRT_360 busy=False url_ok=True src=https://www.genspark.ai/api/files/s/rnoqroyh
[01:20:14] ⏱ 생성대기 완료 15.5s SRT_360 https://www.genspark.ai/api/files/s/rnoqroyh
[01:20:14] ⏱ 생성대기구간 SRT_360 15.5s · ok=True
[01:20:14] SRT_360 근접 이미지 https://www.genspark.ai/api/files/s/rnoqroyh
[01:20:14] 다운로드 files URL=https://www.genspark.ai/api/files/s/rnoqroyh → SRT_360.png
[01:20:15] ⏱ 다운로드 직접 0.8s size=668718 SRT_360.png
[01:20:15] ⏱ 다운로드구간 SRT_360 0.8s · SRT_360.png
[01:20:16] ⏱ 다운로드후유휴 SRT_360 1.4s · idle=True
[01:20:16] ⏱ 씬합계 SRT_360 23.4s · https://www.genspark.ai/api/files/s/rnoqroyh
[01:20:16] SRT_360 생성·다운로드 완료
C:\cursor\wuxia\workspace\swardmaster\2부\14장\png\SRT_360.png
[01:20:16] 상태키 SRT_380 · Baek|blood_robe; Jin|blood_robe
[01:20:16] run_scene 시작 SRT_380 · seen_files=83 · last_saved=https://www.genspark.ai/api/files/s/rnoqroyh
[01:20:17] ⏱ 준비 SRT_380 0.0s · chars=6181
[01:20:18] ⏱ 다음명령유휴 SRT_380 1.4s · idle=True
[01:20:19] fill OK(clip) follow=True chars=6181
[01:20:19] submit 시작 composer=6181 url=https://www.genspark.ai/agents?id=cbe23a14-fee5-487f-87a3-352e35bfc3b7
[01:20:19] submit geo 실패 hit=no-btn
[01:20:19] submit 시도 method=geo geo=False
[01:20:19] submit 미확인 method=geo generating=False composer=6181
[01:20:20] submit geo 실패 hit=no-btn
[01:20:20] submit 시도 method=send send=False
[01:20:20] submit 미확인 method=send generating=False composer=6181
[01:20:20] submit 시도 method=ctrl
[01:20:21] submit 미확인 method=ctrl generating=False composer=6183
[01:20:21] submit 시도 method=enter
[01:20:22] submit 확인 method=enter generating=False composer=0
[01:20:22] ⏱ 입력·전송 SRT_380 4.0s · chars=6181
[01:20:22] 제출 후 last_saved=https://www.genspark.ai/api/files/s/rnoqroyh
[01:20:22] ⏱ 생성대기 시작 SRT_380 max=120s
[01:20:37] ⏱ 생성대기 진행 15.1s SRT_380 busy=False url_ok=False src=
[01:20:38] ⏱ 생성대기 완료 15.8s SRT_380 https://www.genspark.ai/api/files/s/itzeqqwg
[01:20:38] ⏱ 생성대기구간 SRT_380 15.8s · ok=True
[01:20:38] SRT_380 근접 이미지 https://www.genspark.ai/api/files/s/itzeqqwg
[01:20:38] 다운로드 files URL=https://www.genspark.ai/api/files/s/itzeqqwg → SRT_380.png
[01:20:39] ⏱ 다운로드 직접 0.7s size=738232 SRT_380.png
[01:20:39] ⏱ 다운로드구간 SRT_380 0.8s · SRT_380.png
[01:20:40] ⏱ 다운로드후유휴 SRT_380 1.4s · idle=True
[01:20:40] ⏱ 씬합계 SRT_380 23.6s · https://www.genspark.ai/api/files/s/itzeqqwg
[01:20:40] SRT_380 생성·다운로드 완료
C:\cursor\wuxia\workspace\swardmaster\2부\14장\png\SRT_380.png
[01:20:40] 상태키 SRT_400 · Baek|blood_robe; Jin|blood_robe
[01:20:40] run_scene 시작 SRT_400 · seen_files=84 · last_saved=https://www.genspark.ai/api/files/s/itzeqqwg
[01:20:40] ⏱ 준비 SRT_400 0.0s · chars=4051
[01:20:42] ⏱ 다음명령유휴 SRT_400 1.4s · idle=True
[01:20:42] fill OK(clip) follow=True chars=4051
[01:20:42] submit 시작 composer=4051 url=https://www.genspark.ai/agents?id=cbe23a14-fee5-487f-87a3-352e35bfc3b7
[01:20:42] submit geo 실패 hit=no-btn
[01:20:42] submit 시도 method=geo geo=False
[01:20:43] submit 미확인 method=geo generating=False composer=4051
[01:20:43] submit geo 실패 hit=no-btn
[01:20:43] submit 시도 method=send send=False
[01:20:44] submit 미확인 method=send generating=False composer=4051
[01:20:44] submit 시도 method=ctrl
[01:20:45] submit 미확인 method=ctrl generating=False composer=4053
[01:20:45] submit 시도 method=enter
[01:20:46] submit 확인 method=enter generating=False composer=0
[01:20:46] ⏱ 입력·전송 SRT_400 4.1s · chars=4051
[01:20:46] 제출 후 last_saved=https://www.genspark.ai/api/files/s/itzeqqwg
[01:20:46] ⏱ 생성대기 시작 SRT_400 max=120s
[01:21:01] ⏱ 생성대기 완료 14.9s SRT_400 https://www.genspark.ai/api/files/s/k8qkj2m5
[01:21:01] ⏱ 생성대기구간 SRT_400 14.9s · ok=True
[01:21:01] SRT_400 근접 이미지 https://www.genspark.ai/api/files/s/k8qkj2m5
[01:21:01] 다운로드 files URL=https://www.genspark.ai/api/files/s/k8qkj2m5 → SRT_400.png
[01:21:02] ⏱ 다운로드 직접 0.6s size=599426 SRT_400.png
[01:21:02] ⏱ 다운로드구간 SRT_400 0.7s · SRT_400.png
[01:21:03] ⏱ 다운로드후유휴 SRT_400 1.4s · idle=True
[01:21:03] ⏱ 씬합계 SRT_400 22.7s · https://www.genspark.ai/api/files/s/k8qkj2m5
[01:21:03] SRT_400 생성·다운로드 완료
C:\cursor\wuxia\workspace\swardmaster\2부\14장\png\SRT_400.png
[01:21:03] 상태키 SRT_420 · Baek|blood_robe; Jin|blood_robe
[01:21:03] run_scene 시작 SRT_420 · seen_files=85 · last_saved=https://www.genspark.ai/api/files/s/k8qkj2m5
[01:21:03] ⏱ 준비 SRT_420 0.0s · chars=2761
[01:21:05] ⏱ 다음명령유휴 SRT_420 1.5s · idle=True
[01:21:05] fill OK(clip) follow=True chars=2761
[01:21:05] submit 시작 composer=2761 url=https://www.genspark.ai/agents?id=cbe23a14-fee5-487f-87a3-352e35bfc3b7
[01:21:05] submit geo 실패 hit=no-btn
[01:21:05] submit 시도 method=geo geo=False
[01:21:06] submit 미확인 method=geo generating=False composer=2761
[01:21:06] submit geo 실패 hit=no-btn
[01:21:06] submit 시도 method=send send=False
[01:21:07] submit 미확인 method=send generating=False composer=2761
[01:21:07] submit 시도 method=ctrl
[01:21:08] submit 미확인 method=ctrl generating=False composer=2763
[01:21:08] submit 시도 method=enter
[01:21:09] submit 확인 method=enter generating=False composer=0
[01:21:09] ⏱ 입력·전송 SRT_420 4.0s · chars=2761
[01:21:09] 제출 후 last_saved=https://www.genspark.ai/api/files/s/k8qkj2m5
[01:21:09] ⏱ 생성대기 시작 SRT_420 max=120s
[01:21:22] ⏱ 생성대기 완료 13.4s SRT_420 https://www.genspark.ai/api/files/s/xgl9nzyu
[01:21:22] ⏱ 생성대기구간 SRT_420 13.4s · ok=True
[01:21:22] SRT_420 근접 이미지 https://www.genspark.ai/api/files/s/xgl9nzyu
[01:21:22] 다운로드 files URL=https://www.genspark.ai/api/files/s/xgl9nzyu → SRT_420.png
[01:21:23] ⏱ 다운로드 직접 0.7s size=553491 SRT_420.png
[01:21:23] ⏱ 다운로드구간 SRT_420 0.8s · SRT_420.png
[01:21:24] ⏱ 다운로드후유휴 SRT_420 1.3s · idle=True
[01:21:24] ⏱ 씬합계 SRT_420 21.3s · https://www.genspark.ai/api/files/s/xgl9nzyu
[01:21:24] SRT_420 생성·다운로드 완료
C:\cursor\wuxia\workspace\swardmaster\2부\14장\png\SRT_420.png
[01:21:25] 상태키 SRT_440 · Baek|blood_robe; Jin|blood_robe
[01:21:25] run_scene 시작 SRT_440 · seen_files=86 · last_saved=https://www.genspark.ai/api/files/s/xgl9nzyu
[01:21:25] ⏱ 준비 SRT_440 0.0s · chars=2780
[01:21:26] ⏱ 다음명령유휴 SRT_440 1.4s · idle=True
[01:21:27] fill OK(clip) follow=True chars=2780
[01:21:27] submit 시작 composer=2780 url=https://www.genspark.ai/agents?id=cbe23a14-fee5-487f-87a3-352e35bfc3b7
[01:21:27] submit geo 실패 hit=no-btn
[01:21:27] submit 시도 method=geo geo=False
[01:21:28] submit 미확인 method=geo generating=False composer=2780
[01:21:28] submit geo 실패 hit=no-btn
[01:21:28] submit 시도 method=send send=False
[01:21:28] submit 미확인 method=send generating=False composer=2780
[01:21:29] submit 시도 method=ctrl
[01:21:29] submit 미확인 method=ctrl generating=False composer=2782
[01:21:30] submit 시도 method=enter
[01:21:30] submit 확인 method=enter generating=False composer=0
[01:21:30] ⏱ 입력·전송 SRT_440 4.2s · chars=2780
[01:21:30] 제출 후 last_saved=https://www.genspark.ai/api/files/s/xgl9nzyu
[01:21:30] ⏱ 생성대기 시작 SRT_440 max=120s
[01:21:42] ⏱ 생성대기 완료 11.6s SRT_440 https://www.genspark.ai/api/files/s/cvu1fm5n
[01:21:42] ⏱ 생성대기구간 SRT_440 11.6s · ok=True
[01:21:42] SRT_440 근접 이미지 https://www.genspark.ai/api/files/s/cvu1fm5n
[01:21:42] 다운로드 files URL=https://www.genspark.ai/api/files/s/cvu1fm5n → SRT_440.png
[01:21:43] ⏱ 다운로드 직접 0.7s size=531103 SRT_440.png
[01:21:43] ⏱ 다운로드구간 SRT_440 0.7s · SRT_440.png
[01:21:44] ⏱ 다운로드후유휴 SRT_440 1.4s · idle=True
[01:21:44] ⏱ 씬합계 SRT_440 19.4s · https://www.genspark.ai/api/files/s/cvu1fm5n
[01:21:44] SRT_440 생성·다운로드 완료
C:\cursor\wuxia\workspace\swardmaster\2부\14장\png\SRT_440.png
[01:21:44] 상태키 SRT_460 · Baek|blood_robe; Jin|blood_robe
[01:21:44] run_scene 시작 SRT_460 · seen_files=87 · last_saved=https://www.genspark.ai/api/files/s/cvu1fm5n
[01:21:44] ⏱ 준비 SRT_460 0.0s · chars=4619
[01:21:46] ⏱ 다음명령유휴 SRT_460 1.4s · idle=True
[01:21:46] fill OK(clip) follow=True chars=4619
[01:21:46] submit 시작 composer=4619 url=https://www.genspark.ai/agents?id=cbe23a14-fee5-487f-87a3-352e35bfc3b7
[01:21:47] submit geo 실패 hit=no-btn
[01:21:47] submit 시도 method=geo geo=False
[01:21:47] submit 미확인 method=geo generating=False composer=4619
[01:21:48] submit geo 실패 hit=no-btn
[01:21:48] submit 시도 method=send send=False
[01:21:48] submit 미확인 method=send generating=False composer=4619
[01:21:48] submit 시도 method=ctrl
[01:21:49] submit 미확인 method=ctrl generating=False composer=4621
[01:21:49] submit 시도 method=enter
[01:21:50] submit 확인 method=enter generating=False composer=0
[01:21:50] ⏱ 입력·전송 SRT_460 4.3s · chars=4619
[01:21:50] 제출 후 last_saved=https://www.genspark.ai/api/files/s/cvu1fm5n
[01:21:50] ⏱ 생성대기 시작 SRT_460 max=120s
[01:22:03] ⏱ 생성대기 완료 12.6s SRT_460 https://www.genspark.ai/api/files/s/dnutjruo
[01:22:03] ⏱ 생성대기구간 SRT_460 12.6s · ok=True
[01:22:03] SRT_460 근접 이미지 https://www.genspark.ai/api/files/s/dnutjruo
[01:22:03] 다운로드 files URL=https://www.genspark.ai/api/files/s/dnutjruo → SRT_460.png
[01:22:03] ⏱ 다운로드 직접 0.7s size=760380 SRT_460.png
[01:22:03] ⏱ 다운로드구간 SRT_460 0.7s · SRT_460.png
[01:22:05] ⏱ 다운로드후유휴 SRT_460 1.5s · idle=True
[01:22:05] ⏱ 씬합계 SRT_460 20.8s · https://www.genspark.ai/api/files/s/dnutjruo
[01:22:05] SRT_460 생성·다운로드 완료
C:\cursor\wuxia\workspace\swardmaster\2부\14장\png\SRT_460.png
[01:22:05] 상태키 SRT_500 · Baek|blood_robe; Jin|blood_robe
[01:22:05] run_scene 시작 SRT_500 · seen_files=88 · last_saved=https://www.genspark.ai/api/files/s/dnutjruo
[01:22:05] ⏱ 준비 SRT_500 0.0s · chars=2988
[01:22:06] ⏱ 다음명령유휴 SRT_500 1.3s · idle=True
[01:22:07] fill OK(clip) follow=True chars=2988
[01:22:07] submit 시작 composer=2988 url=https://www.genspark.ai/agents?id=cbe23a14-fee5-487f-87a3-352e35bfc3b7
[01:22:07] submit geo 실패 hit=no-btn
[01:22:07] submit 시도 method=geo geo=False
[01:22:08] submit 미확인 method=geo generating=False composer=2988
[01:22:08] submit geo 실패 hit=no-btn
[01:22:08] submit 시도 method=send send=False
[01:22:09] submit 미확인 method=send generating=False composer=2988
[01:22:09] submit 시도 method=ctrl
[01:22:10] submit 미확인 method=ctrl generating=False composer=2990
[01:22:10] submit 시도 method=enter
[01:22:11] submit 확인 method=enter generating=False composer=0
[01:22:11] ⏱ 입력·전송 SRT_500 4.2s · chars=2988
[01:22:11] 제출 후 last_saved=https://www.genspark.ai/api/files/s/dnutjruo
[01:22:11] ⏱ 생성대기 시작 SRT_500 max=120s
[01:22:24] ⏱ 생성대기 완료 13.5s SRT_500 https://www.genspark.ai/api/files/s/1wyaimfb
[01:22:24] ⏱ 생성대기구간 SRT_500 13.5s · ok=True
[01:22:24] SRT_500 근접 이미지 https://www.genspark.ai/api/files/s/1wyaimfb
[01:22:24] 다운로드 files URL=https://www.genspark.ai/api/files/s/1wyaimfb → SRT_500.png
[01:22:25] ⏱ 다운로드 직접 0.7s size=704914 SRT_500.png
[01:22:25] ⏱ 다운로드구간 SRT_500 0.7s · SRT_500.png
[01:22:27] ⏱ 다운로드후유휴 SRT_500 1.5s · idle=True
[01:22:27] ⏱ 씬합계 SRT_500 21.6s · https://www.genspark.ai/api/files/s/1wyaimfb
[01:22:27] SRT_500 생성·다운로드 완료
C:\cursor\wuxia\workspace\swardmaster\2부\14장\png\SRT_500.png
[01:22:27] 상태키 SRT_520 · Baek|blood_robe; Jin|blood_robe
[01:22:27] run_scene 시작 SRT_520 · seen_files=89 · last_saved=https://www.genspark.ai/api/files/s/1wyaimfb
[01:22:27] ⏱ 준비 SRT_520 0.0s · chars=3288
[01:22:28] ⏱ 다음명령유휴 SRT_520 1.5s · idle=True
[01:22:29] fill OK(clip) follow=True chars=3288
[01:22:29] submit 시작 composer=3288 url=https://www.genspark.ai/agents?id=cbe23a14-fee5-487f-87a3-352e35bfc3b7
[01:22:29] submit geo 실패 hit=no-btn
[01:22:29] submit 시도 method=geo geo=False
[01:22:30] submit 미확인 method=geo generating=False composer=3288
[01:22:30] submit geo 실패 hit=no-btn
[01:22:30] submit 시도 method=send send=False
[01:22:31] submit 미확인 method=send generating=False composer=3288
[01:22:31] submit 시도 method=ctrl
[01:22:32] submit 미확인 method=ctrl generating=False composer=3290
[01:22:32] submit 시도 method=enter
[01:22:32] submit 확인 method=enter generating=False composer=0
[01:22:32] ⏱ 입력·전송 SRT_520 4.1s · chars=3288
[01:22:32] 제출 후 last_saved=https://www.genspark.ai/api/files/s/1wyaimfb
[01:22:33] ⏱ 생성대기 시작 SRT_520 max=120s
[01:22:47] ⏱ 생성대기 완료 13.8s SRT_520 https://www.genspark.ai/api/files/s/ujn2x60e
[01:22:47] ⏱ 생성대기구간 SRT_520 13.8s · ok=True
[01:22:47] SRT_520 근접 이미지 https://www.genspark.ai/api/files/s/ujn2x60e
[01:22:47] 다운로드 files URL=https://www.genspark.ai/api/files/s/ujn2x60e → SRT_520.png
[01:22:47] ⏱ 다운로드 직접 0.7s size=764713 SRT_520.png
[01:22:47] ⏱ 다운로드구간 SRT_520 0.7s · SRT_520.png
[01:22:49] ⏱ 다운로드후유휴 SRT_520 1.3s · idle=True
[01:22:49] ⏱ 씬합계 SRT_520 21.8s · https://www.genspark.ai/api/files/s/ujn2x60e
[01:22:49] SRT_520 생성·다운로드 완료
C:\cursor\wuxia\workspace\swardmaster\2부\14장\png\SRT_520.png
[01:22:49] 상태키 SRT_560 · Baek|blood_robe; Jin|blood_robe
[01:22:49] run_scene 시작 SRT_560 · seen_files=90 · last_saved=https://www.genspark.ai/api/files/s/ujn2x60e
[01:22:49] ⏱ 준비 SRT_560 0.0s · chars=4639
[01:22:50] ⏱ 다음명령유휴 SRT_560 1.5s · idle=True
[01:22:51] fill OK(clip) follow=True chars=4639
[01:22:51] submit 시작 composer=4639 url=https://www.genspark.ai/agents?id=cbe23a14-fee5-487f-87a3-352e35bfc3b7
[01:22:51] submit geo 실패 hit=no-btn
[01:22:51] submit 시도 method=geo geo=False
[01:22:52] submit 미확인 method=geo generating=False composer=4639
[01:22:52] submit geo 실패 hit=no-btn
[01:22:52] submit 시도 method=send send=False
[01:22:53] submit 미확인 method=send generating=False composer=4639
[01:22:53] submit 시도 method=ctrl
[01:22:54] submit 미확인 method=ctrl generating=False composer=4641
[01:22:54] submit 시도 method=enter
[01:22:54] submit 확인 method=enter generating=False composer=0
[01:22:54] ⏱ 입력·전송 SRT_560 4.2s · chars=4639
[01:22:54] 제출 후 last_saved=https://www.genspark.ai/api/files/s/ujn2x60e
[01:22:55] ⏱ 생성대기 시작 SRT_560 max=120s
[01:23:09] ⏱ 생성대기 완료 14.2s SRT_560 https://www.genspark.ai/api/files/s/reksyhva
[01:23:09] ⏱ 생성대기구간 SRT_560 14.2s · ok=True
[01:23:09] SRT_560 근접 이미지 https://www.genspark.ai/api/files/s/reksyhva
[01:23:09] 다운로드 files URL=https://www.genspark.ai/api/files/s/reksyhva → SRT_560.png
[01:23:10] ⏱ 다운로드 직접 0.7s size=641032 SRT_560.png
[01:23:10] ⏱ 다운로드구간 SRT_560 0.7s · SRT_560.png
[01:23:11] ⏱ 다운로드후유휴 SRT_560 1.5s · idle=True
[01:23:11] ⏱ 씬합계 SRT_560 22.3s · https://www.genspark.ai/api/files/s/reksyhva
[01:23:11] SRT_560 생성·다운로드 완료
C:\cursor\wuxia\workspace\swardmaster\2부\14장\png\SRT_560.png
[01:23:11] 상태키 SRT_580 · Baek|blood_robe; Jin|blood_robe
[01:23:11] run_scene 시작 SRT_580 · seen_files=91 · last_saved=https://www.genspark.ai/api/files/s/reksyhva
[01:23:11] ⏱ 준비 SRT_580 0.0s · chars=4255
[01:23:13] ⏱ 다음명령유휴 SRT_580 1.4s · idle=True
[01:23:13] fill OK(clip) follow=True chars=4255
[01:23:13] submit 시작 composer=4255 url=https://www.genspark.ai/agents?id=cbe23a14-fee5-487f-87a3-352e35bfc3b7
[01:23:14] submit geo 실패 hit=no-btn
[01:23:14] submit 시도 method=geo geo=False
[01:23:14] submit 미확인 method=geo generating=False composer=4255
[01:23:15] submit geo 실패 hit=no-btn
[01:23:15] submit 시도 method=send send=False
[01:23:15] submit 미확인 method=send generating=False composer=4255
[01:23:15] submit 시도 method=ctrl
[01:23:16] submit 미확인 method=ctrl generating=False composer=4257
[01:23:16] submit 시도 method=enter
[01:23:17] submit 확인 method=enter generating=False composer=0
[01:23:17] ⏱ 입력·전송 SRT_580 4.2s · chars=4255
[01:23:17] 제출 후 last_saved=https://www.genspark.ai/api/files/s/reksyhva
[01:23:17] ⏱ 생성대기 시작 SRT_580 max=120s
[01:23:28] ⏱ 생성대기 완료 11.2s SRT_580 https://www.genspark.ai/api/files/s/whrmqxkp
[01:23:28] ⏱ 생성대기구간 SRT_580 11.2s · ok=True
[01:23:28] SRT_580 근접 이미지 https://www.genspark.ai/api/files/s/whrmqxkp
[01:23:28] 다운로드 files URL=https://www.genspark.ai/api/files/s/whrmqxkp → SRT_580.png
[01:23:29] ⏱ 다운로드 직접 0.7s size=509677 SRT_580.png
[01:23:29] ⏱ 다운로드구간 SRT_580 0.7s · SRT_580.png
[01:23:30] ⏱ 다운로드후유휴 SRT_580 1.3s · idle=True
[01:23:30] ⏱ 씬합계 SRT_580 19.1s · https://www.genspark.ai/api/files/s/whrmqxkp
[01:23:30] SRT_580 생성·다운로드 완료
C:\cursor\wuxia\workspace\swardmaster\2부\14장\png\SRT_580.png
[01:23:31] 상태키 SRT_620 · Baek|blood_robe; Jin|blood_robe
[01:23:31] run_scene 시작 SRT_620 · seen_files=92 · last_saved=https://www.genspark.ai/api/files/s/whrmqxkp
[01:23:31] ⏱ 준비 SRT_620 0.0s · chars=4607
[01:23:32] ⏱ 다음명령유휴 SRT_620 1.4s · idle=True
[01:23:33] fill OK(clip) follow=True chars=4607
[01:23:33] submit 시작 composer=4607 url=https://www.genspark.ai/agents?id=cbe23a14-fee5-487f-87a3-352e35bfc3b7
[01:23:33] submit geo 실패 hit=no-btn
[01:23:33] submit 시도 method=geo geo=False
[01:23:33] submit 미확인 method=geo generating=False composer=4607
[01:23:34] submit geo 실패 hit=no-btn
[01:23:34] submit 시도 method=send send=False
[01:23:34] submit 미확인 method=send generating=False composer=4607
[01:23:35] submit 시도 method=ctrl
[01:23:35] submit 미확인 method=ctrl generating=False composer=4609
[01:23:36] submit 시도 method=enter
[01:23:36] submit 확인 method=enter generating=False composer=0
[01:23:36] ⏱ 입력·전송 SRT_620 4.2s · chars=4607
[01:23:36] 제출 후 last_saved=https://www.genspark.ai/api/files/s/whrmqxkp
[01:23:36] ⏱ 생성대기 시작 SRT_620 max=120s
[01:23:49] ⏱ 생성대기 완료 13.0s SRT_620 https://www.genspark.ai/api/files/s/sdwp7hfw
[01:23:49] ⏱ 생성대기구간 SRT_620 13.0s · ok=True
[01:23:49] SRT_620 근접 이미지 https://www.genspark.ai/api/files/s/sdwp7hfw
[01:23:49] 다운로드 files URL=https://www.genspark.ai/api/files/s/sdwp7hfw → SRT_620.png
[01:23:50] ⏱ 다운로드 직접 0.7s size=587809 SRT_620.png
[01:23:50] ⏱ 다운로드구간 SRT_620 0.7s · SRT_620.png
[01:23:52] ⏱ 다운로드후유휴 SRT_620 1.5s · idle=True
[01:23:52] ⏱ 씬합계 SRT_620 21.1s · https://www.genspark.ai/api/files/s/sdwp7hfw
[01:23:52] SRT_620 생성·다운로드 완료
C:\cursor\wuxia\workspace\swardmaster\2부\14장\png\SRT_620.png
[01:23:52] 상태키 SRT_640 · Baek|blood_robe; Jin|blood_robe
[01:23:52] run_scene 시작 SRT_640 · seen_files=93 · last_saved=https://www.genspark.ai/api/files/s/sdwp7hfw
[01:23:52] ⏱ 준비 SRT_640 0.0s · chars=4282
[01:23:53] ⏱ 다음명령유휴 SRT_640 1.4s · idle=True
[01:23:54] fill OK(clip) follow=True chars=4282
[01:23:54] submit 시작 composer=4282 url=https://www.genspark.ai/agents?id=cbe23a14-fee5-487f-87a3-352e35bfc3b7
[01:23:54] submit geo 실패 hit=no-btn
[01:23:54] submit 시도 method=geo geo=False
[01:23:55] submit 미확인 method=geo generating=False composer=4282
[01:23:55] submit geo 실패 hit=no-btn
[01:23:55] submit 시도 method=send send=False
[01:23:56] submit 미확인 method=send generating=False composer=4282
[01:23:56] submit 시도 method=ctrl
[01:23:56] submit 미확인 method=ctrl generating=False composer=4284
[01:23:57] submit 시도 method=enter
[01:23:57] submit 확인 method=enter generating=False composer=0
[01:23:57] ⏱ 입력·전송 SRT_640 4.1s · chars=4282
[01:23:57] 제출 후 last_saved=https://www.genspark.ai/api/files/s/sdwp7hfw
[01:23:58] ⏱ 생성대기 시작 SRT_640 max=120s
[01:24:09] ⏱ 생성대기 완료 12.0s SRT_640 https://www.genspark.ai/api/files/s/eolwc8gg
[01:24:09] ⏱ 생성대기구간 SRT_640 12.0s · ok=True
[01:24:10] SRT_640 근접 이미지 https://www.genspark.ai/api/files/s/eolwc8gg
[01:24:10] 다운로드 files URL=https://www.genspark.ai/api/files/s/eolwc8gg → SRT_640.png
[01:24:10] ⏱ 다운로드 직접 0.7s size=631494 SRT_640.png
[01:24:10] ⏱ 다운로드구간 SRT_640 0.7s · SRT_640.png
[01:24:12] ⏱ 다운로드후유휴 SRT_640 1.4s · idle=True
[01:24:12] ⏱ 씬합계 SRT_640 19.9s · https://www.genspark.ai/api/files/s/eolwc8gg
[01:24:12] SRT_640 생성·다운로드 완료
C:\cursor\wuxia\workspace\swardmaster\2부\14장\png\SRT_640.png
[01:24:12] 상태키 SRT_660 · Baek|blood_robe; Jin|blood_robe
[01:24:12] run_scene 시작 SRT_660 · seen_files=94 · last_saved=https://www.genspark.ai/api/files/s/eolwc8gg
[01:24:12] ⏱ 준비 SRT_660 0.0s · chars=3308
[01:24:13] ⏱ 다음명령유휴 SRT_660 1.4s · idle=True
[01:24:14] fill OK(clip) follow=True chars=3308
[01:24:14] submit 시작 composer=3308 url=https://www.genspark.ai/agents?id=cbe23a14-fee5-487f-87a3-352e35bfc3b7
[01:24:14] submit geo 실패 hit=no-btn
[01:24:14] submit 시도 method=geo geo=False
[01:24:15] submit 미확인 method=geo generating=False composer=3308
[01:24:15] submit geo 실패 hit=no-btn
[01:24:15] submit 시도 method=send send=False
[01:24:16] submit 미확인 method=send generating=False composer=3308
[01:24:16] submit 시도 method=ctrl
[01:24:17] submit 미확인 method=ctrl generating=False composer=3310
[01:24:17] submit 시도 method=enter
[01:24:17] submit 확인 method=enter generating=False composer=0
[01:24:17] ⏱ 입력·전송 SRT_660 4.1s · chars=3308
[01:24:17] 제출 후 last_saved=https://www.genspark.ai/api/files/s/eolwc8gg
[01:24:18] ⏱ 생성대기 시작 SRT_660 max=120s
[01:24:32] ⏱ 생성대기 완료 13.9s SRT_660 https://www.genspark.ai/api/files/s/9dojt8e7
[01:24:32] ⏱ 생성대기구간 SRT_660 13.9s · ok=True
[01:24:32] SRT_660 근접 이미지 https://www.genspark.ai/api/files/s/9dojt8e7
[01:24:32] 다운로드 files URL=https://www.genspark.ai/api/files/s/9dojt8e7 → SRT_660.png
[01:24:32] ⏱ 다운로드 직접 0.7s size=553269 SRT_660.png
[01:24:32] ⏱ 다운로드구간 SRT_660 0.8s · SRT_660.png
[01:24:34] ⏱ 다운로드후유휴 SRT_660 1.5s · idle=True
[01:24:34] ⏱ 씬합계 SRT_660 22.0s · https://www.genspark.ai/api/files/s/9dojt8e7
[01:24:34] SRT_660 생성·다운로드 완료
C:\cursor\wuxia\workspace\swardmaster\2부\14장\png\SRT_660.png
[01:24:34] 상태키 SRT_680 · Baek|blood_robe; Jin|blood_robe
[01:24:34] run_scene 시작 SRT_680 · seen_files=95 · last_saved=https://www.genspark.ai/api/files/s/9dojt8e7
[01:24:34] ⏱ 준비 SRT_680 0.0s · chars=3289
[01:24:35] ⏱ 다음명령유휴 SRT_680 1.4s · idle=True
[01:24:36] fill OK(clip) follow=True chars=3289
[01:24:36] submit 시작 composer=3289 url=https://www.genspark.ai/agents?id=cbe23a14-fee5-487f-87a3-352e35bfc3b7
[01:24:36] submit geo 실패 hit=no-btn
[01:24:36] submit 시도 method=geo geo=False
[01:24:37] submit 미확인 method=geo generating=False composer=3289
[01:24:37] submit geo 실패 hit=no-btn
[01:24:37] submit 시도 method=send send=False
[01:24:38] submit 미확인 method=send generating=False composer=3289
[01:24:38] submit 시도 method=ctrl
[01:24:39] submit 미확인 method=ctrl generating=False composer=3291
[01:24:39] submit 시도 method=enter
[01:24:40] submit 확인 method=enter generating=False composer=0
[01:24:40] ⏱ 입력·전송 SRT_680 4.2s · chars=3289
[01:24:40] 제출 후 last_saved=https://www.genspark.ai/api/files/s/9dojt8e7
[01:24:40] ⏱ 생성대기 시작 SRT_680 max=120s
[01:24:52] ⏱ 생성대기 완료 11.9s SRT_680 https://www.genspark.ai/api/files/s/0gdaq9oi
[01:24:52] ⏱ 생성대기구간 SRT_680 11.9s · ok=True
[01:24:52] SRT_680 근접 이미지 https://www.genspark.ai/api/files/s/0gdaq9oi
[01:24:52] 다운로드 files URL=https://www.genspark.ai/api/files/s/0gdaq9oi → SRT_680.png
[01:24:53] ⏱ 다운로드 직접 0.8s size=526967 SRT_680.png
[01:24:53] ⏱ 다운로드구간 SRT_680 0.8s · SRT_680.png
[01:24:54] ⏱ 다운로드후유휴 SRT_680 1.4s · idle=True
[01:24:54] ⏱ 씬합계 SRT_680 20.0s · https://www.genspark.ai/api/files/s/0gdaq9oi
[01:24:54] SRT_680 생성·다운로드 완료
C:\cursor\wuxia\workspace\swardmaster\2부\14장\png\SRT_680.png
[01:24:54] 상태키 SRT_700 · Baek|blood_robe; Jin|blood_robe
[01:24:54] run_scene 시작 SRT_700 · seen_files=96 · last_saved=https://www.genspark.ai/api/files/s/0gdaq9oi
[01:24:54] ⏱ 준비 SRT_700 0.0s · chars=4257
[01:24:56] ⏱ 다음명령유휴 SRT_700 1.4s · idle=True
[01:24:56] fill OK(clip) follow=True chars=4257
[01:24:56] submit 시작 composer=4257 url=https://www.genspark.ai/agents?id=cbe23a14-fee5-487f-87a3-352e35bfc3b7
[01:24:56] submit geo 실패 hit=no-btn
[01:24:56] submit 시도 method=geo geo=False
[01:24:57] submit 미확인 method=geo generating=False composer=4257
[01:24:58] submit geo 실패 hit=no-btn
[01:24:58] submit 시도 method=send send=False
[01:24:58] submit 미확인 method=send generating=False composer=4257
[01:24:58] submit 시도 method=ctrl
[01:24:59] submit 미확인 method=ctrl generating=False composer=4259
[01:24:59] submit 시도 method=enter
[01:25:00] submit 확인 method=enter generating=False composer=0
[01:25:00] ⏱ 입력·전송 SRT_700 4.3s · chars=4257
[01:25:00] 제출 후 last_saved=https://www.genspark.ai/api/files/s/0gdaq9oi
[01:25:00] ⏱ 생성대기 시작 SRT_700 max=120s
[01:25:15] ⏱ 생성대기 완료 15.2s SRT_700 https://www.genspark.ai/api/files/s/rpxnfaeo
[01:25:15] ⏱ 생성대기구간 SRT_700 15.2s · ok=True
[01:25:15] SRT_700 근접 이미지 https://www.genspark.ai/api/files/s/rpxnfaeo
[01:25:15] 다운로드 files URL=https://www.genspark.ai/api/files/s/rpxnfaeo → SRT_700.png
[01:25:16] ⏱ 다운로드 직접 0.7s size=500183 SRT_700.png
[01:25:16] ⏱ 다운로드구간 SRT_700 0.7s · SRT_700.png
[01:25:17] ⏱ 다운로드후유휴 SRT_700 1.4s · idle=True
[01:25:17] ⏱ 씬합계 SRT_700 23.3s · https://www.genspark.ai/api/files/s/rpxnfaeo
[01:25:17] SRT_700 생성·다운로드 완료
C:\cursor\wuxia\workspace\swardmaster\2부\14장\png\SRT_700.png
[01:25:18] 상태키 SRT_720 · Baek|blood_robe; Jin|blood_robe
[01:25:18] run_scene 시작 SRT_720 · seen_files=97 · last_saved=https://www.genspark.ai/api/files/s/rpxnfaeo
[01:25:18] ⏱ 준비 SRT_720 0.0s · chars=4627
[01:25:19] ⏱ 다음명령유휴 SRT_720 1.4s · idle=True
[01:25:20] fill OK(clip) follow=True chars=4627
[01:25:20] submit 시작 composer=4627 url=https://www.genspark.ai/agents?id=cbe23a14-fee5-487f-87a3-352e35bfc3b7
[01:25:20] submit geo 실패 hit=no-btn
[01:25:20] submit 시도 method=geo geo=False
[01:25:20] submit 미확인 method=geo generating=False composer=4627
[01:25:21] submit geo 실패 hit=no-btn
[01:25:21] submit 시도 method=send send=False
[01:25:21] submit 미확인 method=send generating=False composer=4627
[01:25:22] submit 시도 method=ctrl
[01:25:22] submit 미확인 method=ctrl generating=False composer=4629
[01:25:23] submit 시도 method=enter
[01:25:23] submit 확인 method=enter generating=False composer=0
[01:25:23] ⏱ 입력·전송 SRT_720 4.1s · chars=4627
[01:25:23] 제출 후 last_saved=https://www.genspark.ai/api/files/s/rpxnfaeo
[01:25:23] ⏱ 생성대기 시작 SRT_720 max=120s
[01:25:37] ⏱ 생성대기 완료 13.6s SRT_720 https://www.genspark.ai/api/files/s/8drhvtfg
[01:25:37] ⏱ 생성대기구간 SRT_720 13.6s · ok=True
[01:25:37] SRT_720 근접 이미지 https://www.genspark.ai/api/files/s/8drhvtfg
[01:25:37] 다운로드 files URL=https://www.genspark.ai/api/files/s/8drhvtfg → SRT_720.png
[01:25:38] ⏱ 다운로드 직접 1.0s size=720803 SRT_720.png
[01:25:38] ⏱ 다운로드구간 SRT_720 1.1s · SRT_720.png
[01:25:40] ⏱ 다운로드후유휴 SRT_720 1.5s · idle=True
[01:25:40] ⏱ 씬합계 SRT_720 22.0s · https://www.genspark.ai/api/files/s/8drhvtfg
[01:25:40] SRT_720 생성·다운로드 완료
C:\cursor\wuxia\workspace\swardmaster\2부\14장\png\SRT_720.png
[01:25:40] 상태키 SRT_740 · Baek|blood_robe; Jin|blood_robe
[01:25:40] run_scene 시작 SRT_740 · seen_files=98 · last_saved=https://www.genspark.ai/api/files/s/8drhvtfg
[01:25:40] ⏱ 준비 SRT_740 0.0s · chars=4284
[01:25:41] ⏱ 다음명령유휴 SRT_740 1.5s · idle=True
[01:25:42] fill OK(clip) follow=True chars=4284
[01:25:42] submit 시작 composer=4284 url=https://www.genspark.ai/agents?id=cbe23a14-fee5-487f-87a3-352e35bfc3b7
[01:25:42] submit geo 실패 hit=no-btn
[01:25:42] submit 시도 method=geo geo=False
[01:25:43] submit 미확인 method=geo generating=False composer=4284
[01:25:43] submit geo 실패 hit=no-btn
[01:25:43] submit 시도 method=send send=False
[01:25:44] submit 미확인 method=send generating=False composer=4284
[01:25:44] submit 시도 method=ctrl
[01:25:45] submit 미확인 method=ctrl generating=False composer=4286
[01:25:45] submit 시도 method=enter
[01:25:45] submit 확인 method=enter generating=False composer=0
[01:25:45] ⏱ 입력·전송 SRT_740 4.2s · chars=4284
[01:25:45] 제출 후 last_saved=https://www.genspark.ai/api/files/s/8drhvtfg
[01:25:46] ⏱ 생성대기 시작 SRT_740 max=120s
[01:25:57] ⏱ 생성대기 완료 11.1s SRT_740 https://www.genspark.ai/api/files/s/ipvwnpwk
[01:25:57] ⏱ 생성대기구간 SRT_740 11.1s · ok=True
[01:25:57] SRT_740 근접 이미지 https://www.genspark.ai/api/files/s/ipvwnpwk
[01:25:57] 다운로드 files URL=https://www.genspark.ai/api/files/s/ipvwnpwk → SRT_740.png
[01:25:58] ⏱ 다운로드 직접 0.7s size=574158 SRT_740.png
[01:25:58] ⏱ 다운로드구간 SRT_740 0.8s · SRT_740.png
[01:25:59] ⏱ 다운로드후유휴 SRT_740 1.5s · idle=True
[01:25:59] ⏱ 씬합계 SRT_740 19.3s · https://www.genspark.ai/api/files/s/ipvwnpwk
[01:25:59] SRT_740 생성·다운로드 완료
C:\cursor\wuxia\workspace\swardmaster\2부\14장\png\SRT_740.png
[01:25:59] 상태키 SRT_760 · Baek|blood_robe; Jin|blood_robe
[01:25:59] run_scene 시작 SRT_760 · seen_files=99 · last_saved=https://www.genspark.ai/api/files/s/ipvwnpwk
[01:25:59] ⏱ 준비 SRT_760 0.0s · chars=4625
[01:26:01] ⏱ 다음명령유휴 SRT_760 1.4s · idle=True
[01:26:01] fill OK(clip) follow=True chars=4625
[01:26:01] submit 시작 composer=4625 url=https://www.genspark.ai/agents?id=cbe23a14-fee5-487f-87a3-352e35bfc3b7
[01:26:02] submit geo 실패 hit=no-btn
[01:26:02] submit 시도 method=geo geo=False
[01:26:02] submit 미확인 method=geo generating=False composer=4625
[01:26:03] submit geo 실패 hit=no-btn
[01:26:03] submit 시도 method=send send=False
[01:26:03] submit 미확인 method=send generating=False composer=4625
[01:26:03] submit 시도 method=ctrl
[01:26:04] submit 미확인 method=ctrl generating=False composer=4627
[01:26:04] submit 시도 method=enter
[01:26:05] submit 확인 method=enter generating=False composer=0
[01:26:05] ⏱ 입력·전송 SRT_760 4.2s · chars=4625
[01:26:05] 제출 후 last_saved=https://www.genspark.ai/api/files/s/ipvwnpwk
[01:26:05] ⏱ 생성대기 시작 SRT_760 max=120s
[01:26:19] ⏱ 생성대기 완료 13.4s SRT_760 https://www.genspark.ai/api/files/s/ertuguy1
[01:26:19] ⏱ 생성대기구간 SRT_760 13.4s · ok=True
[01:26:19] SRT_760 근접 이미지 https://www.genspark.ai/api/files/s/ertuguy1
[01:26:19] 다운로드 files URL=https://www.genspark.ai/api/files/s/ertuguy1 → SRT_760.png
[01:26:19] ⏱ 다운로드 직접 0.7s size=687955 SRT_760.png
[01:26:19] ⏱ 다운로드구간 SRT_760 0.7s · SRT_760.png
[01:26:21] ⏱ 다운로드후유휴 SRT_760 1.5s · idle=True
[01:26:21] ⏱ 씬합계 SRT_760 21.6s · https://www.genspark.ai/api/files/s/ertuguy1
[01:26:21] SRT_760 생성·다운로드 완료
C:\cursor\wuxia\workspace\swardmaster\2부\14장\png\SRT_760.png
[01:26:21] 상태키 SRT_780 · Baek|blood_robe; Jin|blood_robe
[01:26:21] run_scene 시작 SRT_780 · seen_files=100 · last_saved=https://www.genspark.ai/api/files/s/ertuguy1
[01:26:21] ⏱ 준비 SRT_780 0.0s · chars=4282
[01:26:23] ⏱ 다음명령유휴 SRT_780 1.6s · idle=True
[01:26:23] fill OK(clip) follow=True chars=4282
[01:26:23] submit 시작 composer=4282 url=https://www.genspark.ai/agents?id=cbe23a14-fee5-487f-87a3-352e35bfc3b7
[01:26:23] submit geo 실패 hit=no-btn
[01:26:23] submit 시도 method=geo geo=False
[01:26:24] submit 미확인 method=geo generating=False composer=4282
[01:26:24] submit geo 실패 hit=no-btn
[01:26:24] submit 시도 method=send send=False
[01:26:25] submit 미확인 method=send generating=False composer=4282
[01:26:25] submit 시도 method=ctrl
[01:26:26] submit 미확인 method=ctrl generating=False composer=4284
[01:26:26] submit 시도 method=enter
[01:26:27] submit 확인 method=enter generating=False composer=0
[01:26:27] ⏱ 입력·전송 SRT_780 4.2s · chars=4282
[01:26:27] 제출 후 last_saved=https://www.genspark.ai/api/files/s/ertuguy1
[01:26:27] ⏱ 생성대기 시작 SRT_780 max=120s
[01:26:40] ⏱ 생성대기 완료 13.1s SRT_780 https://www.genspark.ai/api/files/s/l238fg0o
[01:26:40] ⏱ 생성대기구간 SRT_780 13.1s · ok=True
[01:26:40] SRT_780 근접 이미지 https://www.genspark.ai/api/files/s/l238fg0o
[01:26:40] 다운로드 files URL=https://www.genspark.ai/api/files/s/l238fg0o → SRT_780.png
[01:26:41] ⏱ 다운로드 직접 0.7s size=614295 SRT_780.png
[01:26:41] ⏱ 다운로드구간 SRT_780 0.7s · SRT_780.png
[01:26:42] ⏱ 다운로드후유휴 SRT_780 1.5s · idle=True
[01:26:42] ⏱ 씬합계 SRT_780 21.3s · https://www.genspark.ai/api/files/s/l238fg0o
[01:26:42] SRT_780 생성·다운로드 완료
C:\cursor\wuxia\workspace\swardmaster\2부\14장\png\SRT_780.png
[01:26:42] 상태키 SRT_800 · Baek|blood_robe; Jin|blood_robe
[01:26:42] run_scene 시작 SRT_800 · seen_files=101 · last_saved=https://www.genspark.ai/api/files/s/l238fg0o
[01:26:43] ⏱ 준비 SRT_800 0.0s · chars=4576
[01:26:44] ⏱ 다음명령유휴 SRT_800 1.6s · idle=True
[01:26:45] fill OK(clip) follow=True chars=4576
[01:26:45] submit 시작 composer=4576 url=https://www.genspark.ai/agents?id=cbe23a14-fee5-487f-87a3-352e35bfc3b7
[01:26:45] submit geo 실패 hit=no-btn
[01:26:45] submit 시도 method=geo geo=False
[01:26:46] submit 미확인 method=geo generating=False composer=4576
[01:26:46] submit geo 실패 hit=no-btn
[01:26:46] submit 시도 method=send send=False
[01:26:47] submit 미확인 method=send generating=False composer=4576
[01:26:47] submit 시도 method=ctrl
[01:26:47] submit 미확인 method=ctrl generating=False composer=4578
[01:26:48] submit 시도 method=enter
[01:26:48] submit 확인 method=enter generating=False composer=0
[01:26:48] ⏱ 입력·전송 SRT_800 4.3s · chars=4576
[01:26:48] 제출 후 last_saved=https://www.genspark.ai/api/files/s/l238fg0o
[01:26:49] ⏱ 생성대기 시작 SRT_800 max=120s
[01:27:03] ⏱ 생성대기 완료 14.6s SRT_800 https://www.genspark.ai/api/files/s/fqq5jsxv
[01:27:03] ⏱ 생성대기구간 SRT_800 14.7s · ok=True
[01:27:03] SRT_800 근접 이미지 https://www.genspark.ai/api/files/s/fqq5jsxv
[01:27:03] 다운로드 files URL=https://www.genspark.ai/api/files/s/fqq5jsxv → SRT_800.png
[01:27:04] ⏱ 다운로드 직접 0.8s size=702166 SRT_800.png
[01:27:04] ⏱ 다운로드구간 SRT_800 0.8s · SRT_800.png
[01:27:06] ⏱ 다운로드후유휴 SRT_800 1.5s · idle=True
[01:27:06] ⏱ 씬합계 SRT_800 23.1s · https://www.genspark.ai/api/files/s/fqq5jsxv
[01:27:06] SRT_800 생성·다운로드 완료
C:\cursor\wuxia\workspace\swardmaster\2부\14장\png\SRT_800.png
[01:27:06] 상태키 SRT_820 · Baek|blood_robe; Jin|blood_robe
[01:27:06] run_scene 시작 SRT_820 · seen_files=102 · last_saved=https://www.genspark.ai/api/files/s/fqq5jsxv
[01:27:06] ⏱ 준비 SRT_820 0.0s · chars=4643
[01:27:07] ⏱ 다음명령유휴 SRT_820 1.4s · idle=True
[01:27:08] fill OK(clip) follow=True chars=4643
[01:27:08] submit 시작 composer=4643 url=https://www.genspark.ai/agents?id=cbe23a14-fee5-487f-87a3-352e35bfc3b7
[01:27:08] submit geo 실패 hit=no-btn
[01:27:08] submit 시도 method=geo geo=False
[01:27:09] submit 미확인 method=geo generating=False composer=4643
[01:27:09] submit geo 실패 hit=no-btn
[01:27:09] submit 시도 method=send send=False
[01:27:10] submit 미확인 method=send generating=False composer=4643
[01:27:10] submit 시도 method=ctrl
[01:27:10] submit 미확인 method=ctrl generating=False composer=4645
[01:27:11] submit 시도 method=enter
[01:27:11] submit 확인 method=enter generating=False composer=0
[01:27:11] ⏱ 입력·전송 SRT_820 4.1s · chars=4643
[01:27:11] 제출 후 last_saved=https://www.genspark.ai/api/files/s/fqq5jsxv
[01:27:12] ⏱ 생성대기 시작 SRT_820 max=120s
[01:27:26] ⏱ 생성대기 완료 14.5s SRT_820 https://www.genspark.ai/api/files/s/oeluqbgc
[01:27:26] ⏱ 생성대기구간 SRT_820 14.5s · ok=True
[01:27:26] SRT_820 근접 이미지 https://www.genspark.ai/api/files/s/oeluqbgc
[01:27:26] 다운로드 files URL=https://www.genspark.ai/api/files/s/oeluqbgc → SRT_820.png
[01:27:27] ⏱ 다운로드 직접 0.9s size=705431 SRT_820.png
[01:27:27] ⏱ 다운로드구간 SRT_820 0.9s · SRT_820.png
[01:27:29] ⏱ 다운로드후유휴 SRT_820 1.7s · idle=True
[01:27:29] ⏱ 씬합계 SRT_820 22.9s · https://www.genspark.ai/api/files/s/oeluqbgc
[01:27:29] SRT_820 생성·다운로드 완료
C:\cursor\wuxia\workspace\swardmaster\2부\14장\png\SRT_820.png
[01:27:29] 상태키 SRT_860 · Baek|blood_robe; Jin|blood_robe
[01:27:29] run_scene 시작 SRT_860 · seen_files=103 · last_saved=https://www.genspark.ai/api/files/s/oeluqbgc
[01:27:29] ⏱ 준비 SRT_860 0.0s · chars=4630
[01:27:30] ⏱ 다음명령유휴 SRT_860 1.4s · idle=True
[01:27:31] fill OK(clip) follow=True chars=4630
[01:27:31] submit 시작 composer=4630 url=https://www.genspark.ai/agents?id=cbe23a14-fee5-487f-87a3-352e35bfc3b7
[01:27:31] submit geo 실패 hit=no-btn
[01:27:31] submit 시도 method=geo geo=False
[01:27:32] submit 미확인 method=geo generating=False composer=4630
[01:27:32] submit geo 실패 hit=no-btn
[01:27:32] submit 시도 method=send send=False
[01:27:33] submit 미확인 method=send generating=False composer=4630
[01:27:33] submit 시도 method=ctrl
[01:27:34] submit 미확인 method=ctrl generating=False composer=4632
[01:27:34] submit 시도 method=enter
[01:27:35] submit 확인 method=enter generating=False composer=0
[01:27:35] ⏱ 입력·전송 SRT_860 4.3s · chars=4630
[01:27:35] 제출 후 last_saved=https://www.genspark.ai/api/files/s/oeluqbgc
[01:27:35] ⏱ 생성대기 시작 SRT_860 max=120s
[01:27:47] ⏱ 생성대기 완료 12.2s SRT_860 https://www.genspark.ai/api/files/s/xz0m706r
[01:27:47] ⏱ 생성대기구간 SRT_860 12.2s · ok=True
[01:27:47] SRT_860 근접 이미지 https://www.genspark.ai/api/files/s/xz0m706r
[01:27:47] 다운로드 files URL=https://www.genspark.ai/api/files/s/xz0m706r → SRT_860.png
[01:27:48] ⏱ 다운로드 직접 0.7s size=568353 SRT_860.png
[01:27:48] ⏱ 다운로드구간 SRT_860 0.7s · SRT_860.png
[01:27:49] ⏱ 다운로드후유휴 SRT_860 1.5s · idle=True
[01:27:49] ⏱ 씬합계 SRT_860 20.4s · https://www.genspark.ai/api/files/s/xz0m706r
[01:27:49] SRT_860 생성·다운로드 완료
C:\cursor\wuxia\workspace\swardmaster\2부\14장\png\SRT_860.png
[01:27:49] 상태키 SRT_880 · Baek|blood_robe; Jin|blood_robe
[01:27:49] run_scene 시작 SRT_880 · seen_files=104 · last_saved=https://www.genspark.ai/api/files/s/xz0m706r
[01:27:49] ⏱ 준비 SRT_880 0.0s · chars=3291
[01:27:51] ⏱ 다음명령유휴 SRT_880 1.4s · idle=True
[01:27:52] fill OK(clip) follow=True chars=3291
[01:27:52] submit 시작 composer=3291 url=https://www.genspark.ai/agents?id=cbe23a14-fee5-487f-87a3-352e35bfc3b7
[01:27:52] submit geo 실패 hit=no-btn
[01:27:52] submit 시도 method=geo geo=False
[01:27:52] submit 미확인 method=geo generating=False composer=3291
[01:27:53] submit geo 실패 hit=no-btn
[01:27:53] submit 시도 method=send send=False
[01:27:53] submit 미확인 method=send generating=False composer=3291
[01:27:54] submit 시도 method=ctrl
[01:27:54] submit 미확인 method=ctrl generating=False composer=3293
[01:27:55] submit 시도 method=enter
[01:27:55] submit 확인 method=enter generating=False composer=0
[01:27:55] ⏱ 입력·전송 SRT_880 4.3s · chars=3291
[01:27:55] 제출 후 last_saved=https://www.genspark.ai/api/files/s/xz0m706r
[01:27:55] ⏱ 생성대기 시작 SRT_880 max=120s
[01:28:11] ⏱ 생성대기 완료 15.2s SRT_880 https://www.genspark.ai/api/files/s/esdftt21
[01:28:11] ⏱ 생성대기구간 SRT_880 15.2s · ok=True
[01:28:11] SRT_880 근접 이미지 https://www.genspark.ai/api/files/s/esdftt21
[01:28:11] 다운로드 files URL=https://www.genspark.ai/api/files/s/esdftt21 → SRT_880.png
[01:28:11] ⏱ 다운로드 직접 0.7s size=548037 SRT_880.png
[01:28:11] ⏱ 다운로드구간 SRT_880 0.7s · SRT_880.png
[01:28:13] ⏱ 다운로드후유휴 SRT_880 1.5s · idle=True
[01:28:13] ⏱ 씬합계 SRT_880 23.3s · https://www.genspark.ai/api/files/s/esdftt21
[01:28:13] SRT_880 생성·다운로드 완료
C:\cursor\wuxia\workspace\swardmaster\2부\14장\png\SRT_880.png
[01:28:13] 상태키 SRT_900 · Baek|blood_robe; Jin|blood_robe
[01:28:13] run_scene 시작 SRT_900 · seen_files=105 · last_saved=https://www.genspark.ai/api/files/s/esdftt21
[01:28:13] ⏱ 준비 SRT_900 0.0s · chars=4056
[01:28:14] ⏱ 다음명령유휴 SRT_900 1.5s · idle=True
[01:28:15] fill OK(clip) follow=True chars=4056
[01:28:15] submit 시작 composer=4056 url=https://www.genspark.ai/agents?id=cbe23a14-fee5-487f-87a3-352e35bfc3b7
[01:28:15] submit geo 실패 hit=no-btn
[01:28:15] submit 시도 method=geo geo=False
[01:28:16] submit 미확인 method=geo generating=False composer=4056
[01:28:16] submit geo 실패 hit=no-btn
[01:28:16] submit 시도 method=send send=False
[01:28:17] submit 미확인 method=send generating=False composer=4056
[01:28:17] submit 시도 method=ctrl
[01:28:18] submit 미확인 method=ctrl generating=False composer=4058
[01:28:18] submit 시도 method=enter
[01:28:19] submit 확인 method=enter generating=False composer=0
[01:28:19] ⏱ 입력·전송 SRT_900 4.2s · chars=4056
[01:28:19] 제출 후 last_saved=https://www.genspark.ai/api/files/s/esdftt21
[01:28:19] ⏱ 생성대기 시작 SRT_900 max=120s
[01:28:31] ⏱ 생성대기 완료 11.8s SRT_900 https://www.genspark.ai/api/files/s/bwtejy0j
[01:28:31] ⏱ 생성대기구간 SRT_900 11.8s · ok=True
[01:28:31] SRT_900 근접 이미지 https://www.genspark.ai/api/files/s/bwtejy0j
[01:28:31] 다운로드 files URL=https://www.genspark.ai/api/files/s/bwtejy0j → SRT_900.png
[01:28:31] ⏱ 다운로드 직접 0.7s size=770474 SRT_900.png
[01:28:31] ⏱ 다운로드구간 SRT_900 0.7s · SRT_900.png
[01:28:33] ⏱ 다운로드후유휴 SRT_900 1.4s · idle=True
[01:28:33] ⏱ 씬합계 SRT_900 19.9s · https://www.genspark.ai/api/files/s/bwtejy0j
[01:28:33] SRT_900 생성·다운로드 완료
C:\cursor\wuxia\workspace\swardmaster\2부\14장\png\SRT_900.png
[01:28:33] 상태키 SRT_920 · Baek|blood_robe; Jin|blood_robe
[01:28:33] run_scene 시작 SRT_920 · seen_files=106 · last_saved=https://www.genspark.ai/api/files/s/bwtejy0j
[01:28:33] ⏱ 준비 SRT_920 0.0s · chars=4068
[01:28:35] ⏱ 다음명령유휴 SRT_920 1.6s · idle=True
[01:28:35] fill OK(clip) follow=True chars=4068
[01:28:35] submit 시작 composer=4068 url=https://www.genspark.ai/agents?id=cbe23a14-fee5-487f-87a3-352e35bfc3b7
[01:28:36] submit geo 실패 hit=no-btn
[01:28:36] submit 시도 method=geo geo=False
[01:28:36] submit 미확인 method=geo generating=False composer=4068
[01:28:37] submit geo 실패 hit=no-btn
[01:28:37] submit 시도 method=send send=False
[01:28:37] submit 미확인 method=send generating=False composer=4068
[01:28:38] submit 시도 method=ctrl
[01:28:38] submit 미확인 method=ctrl generating=False composer=4070
[01:28:38] submit 시도 method=enter
[01:28:39] submit 확인 method=enter generating=False composer=0
[01:28:39] ⏱ 입력·전송 SRT_920 4.4s · chars=4068
[01:28:39] 제출 후 last_saved=https://www.genspark.ai/api/files/s/bwtejy0j
[01:28:39] ⏱ 생성대기 시작 SRT_920 max=120s
[01:28:54] ⏱ 생성대기 완료 14.6s SRT_920 https://www.genspark.ai/api/files/s/xh8jhye3
[01:28:54] ⏱ 생성대기구간 SRT_920 14.6s · ok=True
[01:28:54] SRT_920 근접 이미지 https://www.genspark.ai/api/files/s/xh8jhye3
[01:28:54] 다운로드 files URL=https://www.genspark.ai/api/files/s/xh8jhye3 → SRT_920.png
[01:28:55] ⏱ 다운로드 직접 0.7s size=749914 SRT_920.png
[01:28:55] ⏱ 다운로드구간 SRT_920 0.7s · SRT_920.png
[01:28:56] ⏱ 다운로드후유휴 SRT_920 1.5s · idle=True
[01:28:56] ⏱ 씬합계 SRT_920 23.1s · https://www.genspark.ai/api/files/s/xh8jhye3
[01:28:56] SRT_920 생성·다운로드 완료
C:\cursor\wuxia\workspace\swardmaster\2부\14장\png\SRT_920.png
[01:28:56] 상태키 SRT_940 · Baek|blood_robe; Jin|blood_robe
[01:28:56] run_scene 시작 SRT_940 · seen_files=107 · last_saved=https://www.genspark.ai/api/files/s/xh8jhye3
[01:28:56] ⏱ 준비 SRT_940 0.0s · chars=4079
[01:28:58] ⏱ 다음명령유휴 SRT_940 1.5s · idle=True
[01:28:59] fill OK(clip) follow=True chars=4079
[01:28:59] submit 시작 composer=4079 url=https://www.genspark.ai/agents?id=cbe23a14-fee5-487f-87a3-352e35bfc3b7
[01:28:59] submit geo 실패 hit=no-btn
[01:28:59] submit 시도 method=geo geo=False
[01:28:59] submit 미확인 method=geo generating=False composer=4079
[01:29:00] submit geo 실패 hit=no-btn
[01:29:00] submit 시도 method=send send=False
[01:29:00] submit 미확인 method=send generating=False composer=4079
[01:29:01] submit 시도 method=ctrl
[01:29:01] submit 미확인 method=ctrl generating=False composer=4081
[01:29:01] submit 시도 method=enter
[01:29:02] submit 확인 method=enter generating=False composer=0
[01:29:02] ⏱ 입력·전송 SRT_940 4.2s · chars=4079
[01:29:02] 제출 후 last_saved=https://www.genspark.ai/api/files/s/xh8jhye3
[01:29:02] ⏱ 생성대기 시작 SRT_940 max=120s
[01:29:16] ⏱ 생성대기 완료 14.1s SRT_940 https://www.genspark.ai/api/files/s/lyo4sxkd
[01:29:16] ⏱ 생성대기구간 SRT_940 14.1s · ok=True
[01:29:16] SRT_940 근접 이미지 https://www.genspark.ai/api/files/s/lyo4sxkd
[01:29:16] 다운로드 files URL=https://www.genspark.ai/api/files/s/lyo4sxkd → SRT_940.png
[01:29:17] ⏱ 다운로드 직접 0.7s size=614131 SRT_940.png
[01:29:17] ⏱ 다운로드구간 SRT_940 0.7s · SRT_940.png
[01:29:19] ⏱ 다운로드후유휴 SRT_940 1.5s · idle=True
[01:29:19] ⏱ 씬합계 SRT_940 22.2s · https://www.genspark.ai/api/files/s/lyo4sxkd
[01:29:19] SRT_940 생성·다운로드 완료
C:\cursor\wuxia\workspace\swardmaster\2부\14장\png\SRT_940.png
[01:29:19] 상태키 SRT_960 · Baek|blood_robe; Jin|blood_robe
[01:29:19] run_scene 시작 SRT_960 · seen_files=108 · last_saved=https://www.genspark.ai/api/files/s/lyo4sxkd
[01:29:19] ⏱ 준비 SRT_960 0.0s · chars=4079
[01:29:20] ⏱ 다음명령유휴 SRT_960 1.4s · idle=True
[01:29:21] fill OK(clip) follow=True chars=4079
[01:29:21] submit 시작 composer=4079 url=https://www.genspark.ai/agents?id=cbe23a14-fee5-487f-87a3-352e35bfc3b7
[01:29:21] submit geo 실패 hit=no-btn
[01:29:21] submit 시도 method=geo geo=False
[01:29:22] submit 미확인 method=geo generating=False composer=4079
[01:29:22] submit geo 실패 hit=no-btn
[01:29:22] submit 시도 method=send send=False
[01:29:23] submit 미확인 method=send generating=False composer=4079
[01:29:23] submit 시도 method=ctrl
[01:29:24] submit 미확인 method=ctrl generating=False composer=4081
[01:29:24] submit 시도 method=enter
[01:29:25] submit 확인 method=enter generating=False composer=0
[01:29:25] ⏱ 입력·전송 SRT_960 4.5s · chars=4079
[01:29:25] 제출 후 last_saved=https://www.genspark.ai/api/files/s/lyo4sxkd
[01:29:25] ⏱ 생성대기 시작 SRT_960 max=120s
[01:29:39] ⏱ 생성대기 완료 14.1s SRT_960 https://www.genspark.ai/api/files/s/nxv463ax
[01:29:39] ⏱ 생성대기구간 SRT_960 14.1s · ok=True
[01:29:39] SRT_960 근접 이미지 https://www.genspark.ai/api/files/s/nxv463ax
[01:29:39] 다운로드 files URL=https://www.genspark.ai/api/files/s/nxv463ax → SRT_960.png
[01:29:40] ⏱ 다운로드 직접 0.7s size=721074 SRT_960.png
[01:29:40] ⏱ 다운로드구간 SRT_960 0.7s · SRT_960.png
[01:29:41] ⏱ 다운로드후유휴 SRT_960 1.5s · idle=True
[01:29:41] ⏱ 씬합계 SRT_960 22.5s · https://www.genspark.ai/api/files/s/nxv463ax
[01:29:41] SRT_960 생성·다운로드 완료
C:\cursor\wuxia\workspace\swardmaster\2부\14장\png\SRT_960.png
[01:29:41] 상태키 SRT_1000 · Baek|blood_robe; Jin|blood_robe
[01:29:41] run_scene 시작 SRT_1000 · seen_files=109 · last_saved=https://www.genspark.ai/api/files/s/nxv463ax
[01:29:41] ⏱ 준비 SRT_1000 0.0s · chars=4606
[01:29:43] ⏱ 다음명령유휴 SRT_1000 1.6s · idle=True
[01:29:44] fill OK(clip) follow=True chars=4606
[01:29:44] submit 시작 composer=4606 url=https://www.genspark.ai/agents?id=cbe23a14-fee5-487f-87a3-352e35bfc3b7
[01:29:44] submit geo 실패 hit=no-btn
[01:29:44] submit 시도 method=geo geo=False
[01:29:44] submit 미확인 method=geo generating=False composer=4606
[01:29:45] submit geo 실패 hit=no-btn
[01:29:45] submit 시도 method=send send=False
[01:29:45] submit 미확인 method=send generating=False composer=4606
[01:29:46] submit 시도 method=ctrl
[01:29:46] submit 미확인 method=ctrl generating=False composer=4608
[01:29:47] submit 시도 method=enter
[01:29:47] submit 확인 method=enter generating=False composer=0
[01:29:47] ⏱ 입력·전송 SRT_1000 4.3s · chars=4606
[01:29:47] 제출 후 last_saved=https://www.genspark.ai/api/files/s/nxv463ax
[01:29:47] ⏱ 생성대기 시작 SRT_1000 max=120s
[01:30:02] ⏱ 생성대기 진행 15.0s SRT_1000 busy=False url_ok=False src=
[01:30:02] ⏱ 생성대기 한도감지 15.0s SRT_1000 · AI Image 한도 - 재설정 2026-08-29 06:15 · AI Image 5시간 제한에 도달했습니다. 8월 29일 오전 6:15에 재설정됩니다 --- 5시간 제한 --- 세션 한도 도달 AI Image 5시간 제한에 도달했습니다. 8월 29일 오전 6:15에 재설정됩니다
[01:30:02] run_scene 실패(재시도 없음): AI Image 한도 - 재설정 2026-08-29 06:15
[01:30:02] SRT_1000 실패(한도 확정 streak=1) — 브라우저 종료 후 대기·재오픈
AI Image 한도 - 재설정 2026-08-29 06:15
[01:30:07] 한도 대기 전 ChromeDebug 종료
[01:30:07] 한도 대기 시작 — 정상화 예상 2026-08-29 06:15 (285분) — SRT_1000 한도
[06:15:31] 한도 대기 종료 — 정상화 예상 2026-08-29 06:15 — 재시도
[06:15:31] 한도 대기 종료 — 브라우저 재오픈 후 SRT_1000 재개
[06:15:36] ChromeDebug 재시작 slot=2 port=9244 user_data=C:\ChromeDebug_2_5_slot2 reused=0
[06:15:42] 모델 이미 Pro: Nano Banana Pro
[06:15:42] 세션 준비 — login=OK model=Nano Banana Pro auto=True
[06:15:42] ensure_page cur_sc=10 prefer_sc=10 cur=https://www.genspark.ai/ai_image prefer=https://www.genspark.ai/ai_image
[06:15:43] fill OK(clip) follow=True chars=74076
[06:15:44] 입력창 붙여넣기 — 프롬프트 50827자 + SRT 23206자 = 합계 74076자
  prompt=C:/cursor/wuxia/2_5_sceneImage/md/image.wuxiz.txt
  srt=C:\cursor\wuxia\workspace\swardmaster\2부\14장\mp3\new.srt
[06:15:45] ensure_page cur_sc=10 prefer_sc=10 cur=https://www.genspark.ai/ai_image prefer=https://www.genspark.ai/ai_image
[06:15:46] 동일 입력창에 명령 추가(미실행): ===== CHARACTER LOOK (SRT_1000) =====
State keys: Jin≈19|blood_robe; Namgung|base
Jin Muhan, approximately nineteen years old, East-Asian young swordsman, sharp narrow phoenix eyes…
[06:15:47] 상태키 SRT_1000 · Baek|blood_robe; Jin|blood_robe
[06:15:47] run_scene 시작 SRT_1000 · seen_files=109 · last_saved=https://www.genspark.ai/api/files/s/nxv463ax
[06:15:47] ensure_page cur_sc=10 prefer_sc=10 cur=https://www.genspark.ai/ai_image prefer=https://www.genspark.ai/ai_image
[06:15:47] ⏱ 준비 SRT_1000 0.0s · chars=4606
[06:15:47] submit 시작 composer=4606 url=https://www.genspark.ai/ai_image
[06:15:47] submit geo 실패 hit=no-btn
[06:15:47] submit 시도 method=geo geo=False
[06:15:47] submit 미확인 method=geo generating=False composer=4606
[06:15:48] submit geo 실패 hit=no-btn
[06:15:48] submit 시도 method=send send=False
[06:15:48] submit 미확인 method=send generating=False composer=4606
[06:15:49] submit 시도 method=ctrl
[06:15:49] submit 미확인 method=ctrl generating=False composer=4608
[06:15:51] submit 시도 method=enter
[06:15:52] submit 확인 method=enter generating=False composer=0
[06:15:52] ⏱ 입력창전송 SRT_1000 4.9s
[06:15:52] 제출 후 last_saved=https://www.genspark.ai/api/files/s/nxv463ax
[06:15:52] ⏱ 생성대기 시작 SRT_1000 max=120s
[06:16:07] ⏱ 생성대기 진행 15.2s SRT_1000 busy=False url_ok=False src=
[06:16:10] ⏱ 생성대기 완료 17.8s SRT_1000 https://www.genspark.ai/api/files/s/y7mbgcvu
[06:16:10] ⏱ 생성대기구간 SRT_1000 17.8s · ok=True
[06:16:10] SRT_1000 근접 이미지 https://www.genspark.ai/api/files/s/y7mbgcvu
[06:16:10] 다운로드 files URL=https://www.genspark.ai/api/files/s/y7mbgcvu → SRT_1000.png
[06:16:10] ⏱ 다운로드 직접 0.7s size=711375 SRT_1000.png
[06:16:10] ⏱ 다운로드구간 SRT_1000 0.7s · SRT_1000.png
[06:16:12] ⏱ 다운로드후유휴 SRT_1000 1.5s · idle=True
[06:16:12] ⏱ 씬합계 SRT_1000 25.2s · https://www.genspark.ai/api/files/s/y7mbgcvu
[06:16:12] SRT_1000 생성·다운로드 완료
C:\cursor\wuxia\workspace\swardmaster\2부\14장\png\SRT_1000.png
[06:16:12] 상태키 SRT_1020 · Baek|blood_robe; Jin|blood_robe
[06:16:12] run_scene 시작 SRT_1020 · seen_files=110 · last_saved=https://www.genspark.ai/api/files/s/y7mbgcvu
[06:16:12] ⏱ 준비 SRT_1020 0.0s · chars=4624
[06:16:13] ⏱ 다음명령유휴 SRT_1020 1.4s · idle=True
[06:16:14] fill OK(clip) follow=True chars=4624
[06:16:14] submit 시작 composer=4624 url=https://www.genspark.ai/agents?id=6029121c-941a-48cb-a86a-d247ba889774
[06:16:14] submit geo 실패 hit=no-btn
[06:16:14] submit 시도 method=geo geo=False
[06:16:15] submit 미확인 method=geo generating=False composer=4624
[06:16:15] submit geo 실패 hit=no-btn
[06:16:15] submit 시도 method=send send=False
[06:16:16] submit 미확인 method=send generating=False composer=4624
[06:16:16] submit 시도 method=ctrl
[06:16:17] submit 미확인 method=ctrl generating=False composer=4626
[06:16:17] submit 시도 method=enter
[06:16:18] submit 확인 method=enter generating=False composer=0
[06:16:18] ⏱ 입력·전송 SRT_1020 4.1s · chars=4624
[06:16:18] 제출 후 last_saved=https://www.genspark.ai/api/files/s/y7mbgcvu
[06:16:18] ⏱ 생성대기 시작 SRT_1020 max=120s
[06:16:33] ⏱ 생성대기 진행 15.2s SRT_1020 busy=False url_ok=False src=
[06:16:37] ⏱ 생성대기 완료 19.1s SRT_1020 https://www.genspark.ai/api/files/s/fqehtpyf
[06:16:37] ⏱ 생성대기구간 SRT_1020 19.1s · ok=True
[06:16:37] SRT_1020 근접 이미지 https://www.genspark.ai/api/files/s/fqehtpyf
[06:16:37] 다운로드 files URL=https://www.genspark.ai/api/files/s/fqehtpyf → SRT_1020.png
[06:16:38] ⏱ 다운로드 직접 0.7s size=729133 SRT_1020.png
[06:16:38] ⏱ 다운로드구간 SRT_1020 0.7s · SRT_1020.png
[06:16:39] ⏱ 다운로드후유휴 SRT_1020 1.4s · idle=True
[06:16:39] ⏱ 씬합계 SRT_1020 27.0s · https://www.genspark.ai/api/files/s/fqehtpyf
[06:16:39] SRT_1020 생성·다운로드 완료
C:\cursor\wuxia\workspace\swardmaster\2부\14장\png\SRT_1020.png
[06:16:39] 상태키 SRT_1040 · Baek|blood_robe; Jin|blood_robe
[06:16:39] run_scene 시작 SRT_1040 · seen_files=111 · last_saved=https://www.genspark.ai/api/files/s/fqehtpyf
[06:16:39] ⏱ 준비 SRT_1040 0.0s · chars=4600
[06:16:41] ⏱ 다음명령유휴 SRT_1040 1.3s · idle=True
[06:16:41] fill OK(clip) follow=True chars=4600
[06:16:41] submit 시작 composer=4600 url=https://www.genspark.ai/agents?id=6029121c-941a-48cb-a86a-d247ba889774
[06:16:42] submit geo 실패 hit=no-btn
[06:16:42] submit 시도 method=geo geo=False
[06:16:42] submit 미확인 method=geo generating=False composer=4600
[06:16:43] submit geo 실패 hit=no-btn
[06:16:43] submit 시도 method=send send=False
[06:16:43] submit 미확인 method=send generating=False composer=4600
[06:16:43] submit 시도 method=ctrl
[06:16:44] submit 미확인 method=ctrl generating=False composer=4602
[06:16:44] submit 시도 method=enter
[06:16:45] submit 확인 method=enter generating=False composer=0
[06:16:45] ⏱ 입력·전송 SRT_1040 4.3s · chars=4600
[06:16:45] 제출 후 last_saved=https://www.genspark.ai/api/files/s/fqehtpyf
[06:16:45] ⏱ 생성대기 시작 SRT_1040 max=120s
[06:17:00] ⏱ 생성대기 완료 14.9s SRT_1040 https://www.genspark.ai/api/files/s/okfrcfdh
[06:17:00] ⏱ 생성대기구간 SRT_1040 14.9s · ok=True
[06:17:00] SRT_1040 근접 이미지 https://www.genspark.ai/api/files/s/okfrcfdh
[06:17:00] 다운로드 files URL=https://www.genspark.ai/api/files/s/okfrcfdh → SRT_1040.png
[06:17:01] ⏱ 다운로드 직접 0.7s size=692956 SRT_1040.png
[06:17:01] ⏱ 다운로드구간 SRT_1040 0.7s · SRT_1040.png
[06:17:02] ⏱ 다운로드후유휴 SRT_1040 1.3s · idle=True
[06:17:02] ⏱ 씬합계 SRT_1040 22.8s · https://www.genspark.ai/api/files/s/okfrcfdh
[06:17:02] SRT_1040 생성·다운로드 완료
C:\cursor\wuxia\workspace\swardmaster\2부\14장\png\SRT_1040.png
[06:17:02] 상태키 SRT_1060 · Baek|blood_robe; Jin|blood_robe
[06:17:02] run_scene 시작 SRT_1060 · seen_files=112 · last_saved=https://www.genspark.ai/api/files/s/okfrcfdh
[06:17:02] ⏱ 준비 SRT_1060 0.0s · chars=4641
[06:17:04] ⏱ 다음명령유휴 SRT_1060 1.6s · idle=True
[06:17:04] fill OK(clip) follow=True chars=4641
[06:17:05] submit 시작 composer=4641 url=https://www.genspark.ai/agents?id=6029121c-941a-48cb-a86a-d247ba889774
[06:17:05] submit geo 실패 hit=no-btn
[06:17:05] submit 시도 method=geo geo=False
[06:17:05] submit 미확인 method=geo generating=False composer=4641
[06:17:06] submit geo 실패 hit=no-btn
[06:17:06] submit 시도 method=send send=False
[06:17:06] submit 미확인 method=send generating=False composer=4641
[06:17:06] submit 시도 method=ctrl
[06:17:07] submit 미확인 method=ctrl generating=False composer=4643
[06:17:07] submit 시도 method=enter
[06:17:08] submit 확인 method=enter generating=False composer=0
[06:17:08] ⏱ 입력·전송 SRT_1060 4.0s · chars=4641
[06:17:08] 제출 후 last_saved=https://www.genspark.ai/api/files/s/okfrcfdh
[06:17:08] ⏱ 생성대기 시작 SRT_1060 max=120s
[06:17:22] ⏱ 생성대기 완료 13.9s SRT_1060 https://www.genspark.ai/api/files/s/vz1qapj3
[06:17:22] ⏱ 생성대기구간 SRT_1060 14.0s · ok=True
[06:17:22] SRT_1060 근접 이미지 https://www.genspark.ai/api/files/s/vz1qapj3
[06:17:22] 다운로드 files URL=https://www.genspark.ai/api/files/s/vz1qapj3 → SRT_1060.png
[06:17:23] ⏱ 다운로드 직접 0.7s size=474831 SRT_1060.png
[06:17:23] ⏱ 다운로드구간 SRT_1060 0.7s · SRT_1060.png
[06:17:24] ⏱ 다운로드후유휴 SRT_1060 1.3s · idle=True
[06:17:24] ⏱ 씬합계 SRT_1060 21.8s · https://www.genspark.ai/api/files/s/vz1qapj3
[06:17:24] SRT_1060 생성·다운로드 완료
C:\cursor\wuxia\workspace\swardmaster\2부\14장\png\SRT_1060.png
[06:17:24] 상태키 SRT_1080 · Baek|blood_robe; Jin|blood_robe
[06:17:24] run_scene 시작 SRT_1080 · seen_files=113 · last_saved=https://www.genspark.ai/api/files/s/vz1qapj3
[06:17:24] ⏱ 준비 SRT_1080 0.0s · chars=4601
[06:17:26] ⏱ 다음명령유휴 SRT_1080 1.4s · idle=True
[06:17:26] fill OK(clip) follow=True chars=4601
[06:17:26] submit 시작 composer=4601 url=https://www.genspark.ai/agents?id=6029121c-941a-48cb-a86a-d247ba889774
[06:17:26] submit geo 실패 hit=no-btn
[06:17:26] submit 시도 method=geo geo=False
[06:17:27] submit 미확인 method=geo generating=False composer=4601
[06:17:27] submit geo 실패 hit=no-btn
[06:17:27] submit 시도 method=send send=False
[06:17:28] submit 미확인 method=send generating=False composer=4601
[06:17:28] submit 시도 method=ctrl
[06:17:29] submit 미확인 method=ctrl generating=False composer=4603
[06:17:29] submit 시도 method=enter
[06:17:30] submit 확인 method=enter generating=False composer=0
[06:17:30] ⏱ 입력·전송 SRT_1080 4.0s · chars=4601
[06:17:30] 제출 후 last_saved=https://www.genspark.ai/api/files/s/vz1qapj3
[06:17:30] ⏱ 생성대기 시작 SRT_1080 max=120s
[06:17:45] ⏱ 생성대기 진행 15.0s SRT_1080 busy=False url_ok=False src=
[06:17:45] ⏱ 생성대기 완료 15.7s SRT_1080 https://www.genspark.ai/api/files/s/qi0mxv5a
[06:17:45] ⏱ 생성대기구간 SRT_1080 15.7s · ok=True
[06:17:45] SRT_1080 근접 이미지 https://www.genspark.ai/api/files/s/qi0mxv5a
[06:17:45] 다운로드 files URL=https://www.genspark.ai/api/files/s/qi0mxv5a → SRT_1080.png
[06:17:46] ⏱ 다운로드 직접 0.7s size=652468 SRT_1080.png
[06:17:46] ⏱ 다운로드구간 SRT_1080 0.7s · SRT_1080.png
[06:17:47] ⏱ 다운로드후유휴 SRT_1080 1.3s · idle=True
[06:17:47] ⏱ 씬합계 SRT_1080 23.3s · https://www.genspark.ai/api/files/s/qi0mxv5a
[06:17:47] SRT_1080 생성·다운로드 완료
C:\cursor\wuxia\workspace\swardmaster\2부\14장\png\SRT_1080.png
[06:17:48] 상태키 SRT_1100 · Baek|blood_robe; Jin|blood_robe
[06:17:48] run_scene 시작 SRT_1100 · seen_files=114 · last_saved=https://www.genspark.ai/api/files/s/qi0mxv5a
[06:17:48] ⏱ 준비 SRT_1100 0.0s · chars=4628
[06:17:49] ⏱ 다음명령유휴 SRT_1100 1.3s · idle=True
[06:17:50] fill OK(clip) follow=True chars=4628
[06:17:50] submit 시작 composer=4628 url=https://www.genspark.ai/agents?id=6029121c-941a-48cb-a86a-d247ba889774
[06:17:50] submit geo 실패 hit=no-btn
[06:17:50] submit 시도 method=geo geo=False
[06:17:50] submit 미확인 method=geo generating=False composer=4628
[06:17:50] submit geo 실패 hit=no-btn
[06:17:50] submit 시도 method=send send=False
[06:17:51] submit 미확인 method=send generating=False composer=4628
[06:17:51] submit 시도 method=ctrl
[06:17:52] submit 미확인 method=ctrl generating=False composer=4630
[06:17:52] submit 시도 method=enter
[06:17:53] submit 확인 method=enter generating=False composer=0
[06:17:53] ⏱ 입력·전송 SRT_1100 3.9s · chars=4628
[06:17:53] 제출 후 last_saved=https://www.genspark.ai/api/files/s/qi0mxv5a
[06:17:53] ⏱ 생성대기 시작 SRT_1100 max=120s
[06:18:07] ⏱ 생성대기 완료 14.0s SRT_1100 https://www.genspark.ai/api/files/s/stwpbeaa
[06:18:07] ⏱ 생성대기구간 SRT_1100 14.0s · ok=True
[06:18:07] SRT_1100 근접 이미지 https://www.genspark.ai/api/files/s/stwpbeaa
[06:18:07] 다운로드 files URL=https://www.genspark.ai/api/files/s/stwpbeaa → SRT_1100.png
[06:18:08] ⏱ 다운로드 직접 0.8s size=659002 SRT_1100.png
[06:18:08] ⏱ 다운로드구간 SRT_1100 0.8s · SRT_1100.png
[06:18:09] ⏱ 다운로드후유휴 SRT_1100 1.2s · idle=True
[06:18:09] ⏱ 씬합계 SRT_1100 21.4s · https://www.genspark.ai/api/files/s/stwpbeaa
[06:18:09] SRT_1100 생성·다운로드 완료
C:\cursor\wuxia\workspace\swardmaster\2부\14장\png\SRT_1100.png
[06:18:09] 상태키 SRT_1160 · Baek|blood_robe; Jin|blood_robe
[06:18:09] run_scene 시작 SRT_1160 · seen_files=115 · last_saved=https://www.genspark.ai/api/files/s/stwpbeaa
[06:18:09] ⏱ 준비 SRT_1160 0.0s · chars=4596
[06:18:10] ⏱ 다음명령유휴 SRT_1160 1.2s · idle=True
[06:18:11] fill OK(clip) follow=True chars=4596
[06:18:11] submit 시작 composer=4596 url=https://www.genspark.ai/agents?id=6029121c-941a-48cb-a86a-d247ba889774
[06:18:11] submit geo 실패 hit=no-btn
[06:18:11] submit 시도 method=geo geo=False
[06:18:12] submit 미확인 method=geo generating=False composer=4596
[06:18:12] submit geo 실패 hit=no-btn
[06:18:12] submit 시도 method=send send=False
[06:18:13] submit 미확인 method=send generating=False composer=4596
[06:18:13] submit 시도 method=ctrl
[06:18:13] submit 미확인 method=ctrl generating=False composer=4598
[06:18:14] submit 시도 method=enter
[06:18:14] submit 확인 method=enter generating=False composer=0
[06:18:14] ⏱ 입력·전송 SRT_1160 3.8s · chars=4596
[06:18:14] 제출 후 last_saved=https://www.genspark.ai/api/files/s/stwpbeaa
[06:18:14] ⏱ 생성대기 시작 SRT_1160 max=120s
[06:18:28] ⏱ 생성대기 완료 13.2s SRT_1160 https://www.genspark.ai/api/files/s/9jh0wfqo
[06:18:28] ⏱ 생성대기구간 SRT_1160 13.2s · ok=True
[06:18:28] SRT_1160 근접 이미지 https://www.genspark.ai/api/files/s/9jh0wfqo
[06:18:28] 다운로드 files URL=https://www.genspark.ai/api/files/s/9jh0wfqo → SRT_1160.png
[06:18:28] ⏱ 다운로드 직접 0.7s size=638621 SRT_1160.png
[06:18:28] ⏱ 다운로드구간 SRT_1160 0.7s · SRT_1160.png
[06:18:30] ⏱ 다운로드후유휴 SRT_1160 1.3s · idle=True
[06:18:30] ⏱ 씬합계 SRT_1160 20.4s · https://www.genspark.ai/api/files/s/9jh0wfqo
[06:18:30] SRT_1160 생성·다운로드 완료
C:\cursor\wuxia\workspace\swardmaster\2부\14장\png\SRT_1160.png
[06:18:30] 상태키 SRT_1180 · Baek|blood_robe; Jin|blood_robe
[06:18:30] run_scene 시작 SRT_1180 · seen_files=116 · last_saved=https://www.genspark.ai/api/files/s/9jh0wfqo
[06:18:30] ⏱ 준비 SRT_1180 0.0s · chars=4622
[06:18:31] ⏱ 다음명령유휴 SRT_1180 1.2s · idle=True
[06:18:32] fill OK(clip) follow=True chars=4622
[06:18:32] submit 시작 composer=4622 url=https://www.genspark.ai/agents?id=6029121c-941a-48cb-a86a-d247ba889774
[06:18:32] submit geo 실패 hit=no-btn
[06:18:32] submit 시도 method=geo geo=False
[06:18:32] submit 미확인 method=geo generating=False composer=4622
[06:18:33] submit geo 실패 hit=no-btn
[06:18:33] submit 시도 method=send send=False
[06:18:33] submit 미확인 method=send generating=False composer=4622
[06:18:33] submit 시도 method=ctrl
[06:18:34] submit 미확인 method=ctrl generating=False composer=4624
[06:18:34] submit 시도 method=enter
[06:18:35] submit 확인 method=enter generating=False composer=0
[06:18:35] ⏱ 입력·전송 SRT_1180 3.9s · chars=4622
[06:18:35] 제출 후 last_saved=https://www.genspark.ai/api/files/s/9jh0wfqo
[06:18:35] ⏱ 생성대기 시작 SRT_1180 max=120s
[06:18:50] ⏱ 생성대기 진행 15.1s SRT_1180 busy=False url_ok=False src=
[06:18:52] ⏱ 생성대기 완료 16.8s SRT_1180 https://www.genspark.ai/api/files/s/la8nhtuk
[06:18:52] ⏱ 생성대기구간 SRT_1180 16.8s · ok=True
[06:18:52] SRT_1180 근접 이미지 https://www.genspark.ai/api/files/s/la8nhtuk
[06:18:52] 다운로드 files URL=https://www.genspark.ai/api/files/s/la8nhtuk → SRT_1180.png
[06:18:53] ⏱ 다운로드 직접 0.7s size=645830 SRT_1180.png
[06:18:53] ⏱ 다운로드구간 SRT_1180 0.7s · SRT_1180.png
[06:18:54] ⏱ 다운로드후유휴 SRT_1180 1.3s · idle=True
[06:18:54] ⏱ 씬합계 SRT_1180 24.1s · https://www.genspark.ai/api/files/s/la8nhtuk
[06:18:54] SRT_1180 생성·다운로드 완료
C:\cursor\wuxia\workspace\swardmaster\2부\14장\png\SRT_1180.png
[06:18:54] 상태키 SRT_1200 · Baek|blood_robe; Jin|blood_robe
[06:18:54] run_scene 시작 SRT_1200 · seen_files=117 · last_saved=https://www.genspark.ai/api/files/s/la8nhtuk
[06:18:54] ⏱ 준비 SRT_1200 0.0s · chars=4069
[06:18:55] ⏱ 다음명령유휴 SRT_1200 1.4s · idle=True
[06:18:56] fill OK(clip) follow=True chars=4069
[06:18:56] submit 시작 composer=4069 url=https://www.genspark.ai/agents?id=6029121c-941a-48cb-a86a-d247ba889774
[06:18:56] submit geo 실패 hit=no-btn
[06:18:56] submit 시도 method=geo geo=False
[06:18:57] submit 미확인 method=geo generating=False composer=4069
[06:18:57] submit geo 실패 hit=no-btn
[06:18:57] submit 시도 method=send send=False
[06:18:58] submit 미확인 method=send generating=False composer=4069
[06:18:58] submit 시도 method=ctrl
[06:18:59] submit 미확인 method=ctrl generating=False composer=4071
[06:18:59] submit 시도 method=enter
[06:18:59] submit 확인 method=enter generating=False composer=0
[06:18:59] ⏱ 입력·전송 SRT_1200 4.0s · chars=4069
[06:18:59] 제출 후 last_saved=https://www.genspark.ai/api/files/s/la8nhtuk
[06:19:00] ⏱ 생성대기 시작 SRT_1200 max=120s
[06:19:15] ⏱ 생성대기 진행 15.1s SRT_1200 busy=False url_ok=False src=
[06:19:19] ⏱ 생성대기 완료 19.6s SRT_1200 https://www.genspark.ai/api/files/s/p9s9hl25
[06:19:19] ⏱ 생성대기구간 SRT_1200 19.6s · ok=True
[06:19:19] SRT_1200 근접 이미지 https://www.genspark.ai/api/files/s/p9s9hl25
[06:19:19] 다운로드 files URL=https://www.genspark.ai/api/files/s/p9s9hl25 → SRT_1200.png
[06:19:20] ⏱ 다운로드 직접 0.7s size=623300 SRT_1200.png
[06:19:20] ⏱ 다운로드구간 SRT_1200 0.7s · SRT_1200.png
[06:19:21] ⏱ 다운로드후유휴 SRT_1200 1.4s · idle=True
[06:19:21] ⏱ 씬합계 SRT_1200 27.3s · https://www.genspark.ai/api/files/s/p9s9hl25
[06:19:21] SRT_1200 생성·다운로드 완료
C:\cursor\wuxia\workspace\swardmaster\2부\14장\png\SRT_1200.png
[06:19:22] 상태키 SRT_1220 · Baek|blood_robe; Jin|blood_robe
[06:19:22] run_scene 시작 SRT_1220 · seen_files=118 · last_saved=https://www.genspark.ai/api/files/s/p9s9hl25
[06:19:22] ⏱ 준비 SRT_1220 0.0s · chars=4593
[06:19:23] ⏱ 다음명령유휴 SRT_1220 1.3s · idle=True
[06:19:23] fill OK(clip) follow=True chars=4593
[06:19:23] submit 시작 composer=4593 url=https://www.genspark.ai/agents?id=6029121c-941a-48cb-a86a-d247ba889774
[06:19:24] submit geo 실패 hit=no-btn
[06:19:24] submit 시도 method=geo geo=False
[06:19:24] submit 미확인 method=geo generating=False composer=4593
[06:19:25] submit geo 실패 hit=no-btn
[06:19:25] submit 시도 method=send send=False
[06:19:25] submit 미확인 method=send generating=False composer=4593
[06:19:25] submit 시도 method=ctrl
[06:19:26] submit 미확인 method=ctrl generating=False composer=4595
[06:19:26] submit 시도 method=enter
[06:19:27] submit 확인 method=enter generating=False composer=0
[06:19:27] ⏱ 입력·전송 SRT_1220 4.0s · chars=4593
[06:19:27] 제출 후 last_saved=https://www.genspark.ai/api/files/s/p9s9hl25
[06:19:27] ⏱ 생성대기 시작 SRT_1220 max=120s
[06:19:42] ⏱ 생성대기 진행 15.1s SRT_1220 busy=False url_ok=False src=
[06:19:45] ⏱ 생성대기 완료 17.8s SRT_1220 https://www.genspark.ai/api/files/s/bpymcw57
[06:19:45] ⏱ 생성대기구간 SRT_1220 17.8s · ok=True
[06:19:45] SRT_1220 근접 이미지 https://www.genspark.ai/api/files/s/bpymcw57
[06:19:45] 다운로드 files URL=https://www.genspark.ai/api/files/s/bpymcw57 → SRT_1220.png
[06:19:46] ⏱ 다운로드 직접 0.7s size=614499 SRT_1220.png
[06:19:46] ⏱ 다운로드구간 SRT_1220 0.7s · SRT_1220.png
[06:19:48] ⏱ 다운로드후유휴 SRT_1220 1.9s · idle=True
[06:19:48] ⏱ 씬합계 SRT_1220 26.0s · https://www.genspark.ai/api/files/s/bpymcw57
[06:19:48] SRT_1220 생성·다운로드 완료
C:\cursor\wuxia\workspace\swardmaster\2부\14장\png\SRT_1220.png
[06:19:48] 상태키 SRT_1240 · Baek|blood_robe; Jin|blood_robe
[06:19:48] run_scene 시작 SRT_1240 · seen_files=119 · last_saved=https://www.genspark.ai/api/files/s/bpymcw57
[06:19:48] ⏱ 준비 SRT_1240 0.0s · chars=4605
[06:19:50] ⏱ 다음명령유휴 SRT_1240 1.9s · idle=True
[06:19:51] fill OK(clip) follow=True chars=4605
[06:19:51] submit 시작 composer=4605 url=https://www.genspark.ai/agents?id=6029121c-941a-48cb-a86a-d247ba889774
[06:19:51] submit geo 실패 hit=no-btn
[06:19:51] submit 시도 method=geo geo=False
[06:19:51] submit 미확인 method=geo generating=False composer=4605
[06:19:52] submit geo 실패 hit=no-btn
[06:19:52] submit 시도 method=send send=False
[06:19:52] submit 미확인 method=send generating=False composer=4605
[06:19:52] submit 시도 method=ctrl
[06:19:53] submit 미확인 method=ctrl generating=False composer=4607
[06:19:53] submit 시도 method=enter
[06:19:54] submit 확인 method=enter generating=False composer=0
[06:19:54] ⏱ 입력·전송 SRT_1240 4.3s · chars=4605
[06:19:54] 제출 후 last_saved=https://www.genspark.ai/api/files/s/bpymcw57
[06:19:54] ⏱ 생성대기 시작 SRT_1240 max=120s
[06:20:08] ⏱ 생성대기 완료 13.5s SRT_1240 https://www.genspark.ai/api/files/s/bjqsliot
[06:20:08] ⏱ 생성대기구간 SRT_1240 13.5s · ok=True
[06:20:08] SRT_1240 근접 이미지 https://www.genspark.ai/api/files/s/bjqsliot
[06:20:08] 다운로드 files URL=https://www.genspark.ai/api/files/s/bjqsliot → SRT_1240.png
[06:20:08] ⏱ 다운로드 직접 0.7s size=597604 SRT_1240.png
[06:20:08] ⏱ 다운로드구간 SRT_1240 0.7s · SRT_1240.png
[06:20:10] ⏱ 다운로드후유휴 SRT_1240 1.4s · idle=True
[06:20:10] ⏱ 씬합계 SRT_1240 22.1s · https://www.genspark.ai/api/files/s/bjqsliot
[06:20:10] SRT_1240 생성·다운로드 완료
C:\cursor\wuxia\workspace\swardmaster\2부\14장\png\SRT_1240.png
[06:20:10] 상태키 SRT_1260 · Baek|blood_robe; Jin|blood_robe
[06:20:10] run_scene 시작 SRT_1260 · seen_files=120 · last_saved=https://www.genspark.ai/api/files/s/bjqsliot
[06:20:10] ⏱ 준비 SRT_1260 0.0s · chars=5530
[06:20:11] ⏱ 다음명령유휴 SRT_1260 1.4s · idle=True
[06:20:12] fill OK(clip) follow=True chars=5530
[06:20:12] submit 시작 composer=5530 url=https://www.genspark.ai/agents?id=6029121c-941a-48cb-a86a-d247ba889774
[06:20:12] submit geo 실패 hit=no-btn
[06:20:12] submit 시도 method=geo geo=False
[06:20:13] submit 미확인 method=geo generating=False composer=5530
[06:20:13] submit geo 실패 hit=no-btn
[06:20:13] submit 시도 method=send send=False
[06:20:14] submit 미확인 method=send generating=False composer=5530
[06:20:14] submit 시도 method=ctrl
[06:20:15] submit 미확인 method=ctrl generating=False composer=5532
[06:20:15] submit 시도 method=enter
[06:20:16] submit 확인 method=enter generating=False composer=0
[06:20:16] ⏱ 입력·전송 SRT_1260 4.1s · chars=5530
[06:20:16] 제출 후 last_saved=https://www.genspark.ai/api/files/s/bjqsliot
[06:20:16] ⏱ 생성대기 시작 SRT_1260 max=120s
[06:20:31] ⏱ 생성대기 진행 15.0s SRT_1260 busy=False url_ok=False src=
[06:20:33] ⏱ 생성대기 완료 17.2s SRT_1260 https://www.genspark.ai/api/files/s/xsd6xlja
[06:20:33] ⏱ 생성대기구간 SRT_1260 17.2s · ok=True
[06:20:33] SRT_1260 근접 이미지 https://www.genspark.ai/api/files/s/xsd6xlja
[06:20:33] 다운로드 files URL=https://www.genspark.ai/api/files/s/xsd6xlja → SRT_1260.png
[06:20:34] ⏱ 다운로드 직접 0.7s size=633943 SRT_1260.png
[06:20:34] ⏱ 다운로드구간 SRT_1260 0.7s · SRT_1260.png
[06:20:35] ⏱ 다운로드후유휴 SRT_1260 1.4s · idle=True
[06:20:35] ⏱ 씬합계 SRT_1260 25.1s · https://www.genspark.ai/api/files/s/xsd6xlja
[06:20:35] SRT_1260 생성·다운로드 완료
C:\cursor\wuxia\workspace\swardmaster\2부\14장\png\SRT_1260.png
[06:20:35] 상태키 SRT_1280 · Baek|blood_robe; Jin|blood_robe
[06:20:35] run_scene 시작 SRT_1280 · seen_files=121 · last_saved=https://www.genspark.ai/api/files/s/xsd6xlja
[06:20:35] ⏱ 준비 SRT_1280 0.0s · chars=5533
[06:20:37] ⏱ 다음명령유휴 SRT_1280 1.4s · idle=True
[06:20:37] fill OK(clip) follow=True chars=5533
[06:20:37] submit 시작 composer=5533 url=https://www.genspark.ai/agents?id=6029121c-941a-48cb-a86a-d247ba889774
[06:20:37] submit geo 실패 hit=no-btn
[06:20:37] submit 시도 method=geo geo=False
[06:20:38] submit 미확인 method=geo generating=False composer=5533
[06:20:38] submit geo 실패 hit=no-btn
[06:20:38] submit 시도 method=send send=False
[06:20:39] submit 미확인 method=send generating=False composer=5533
[06:20:39] submit 시도 method=ctrl
[06:20:40] submit 미확인 method=ctrl generating=False composer=5535
[06:20:40] submit 시도 method=enter
[06:20:41] submit 확인 method=enter generating=False composer=0
[06:20:41] ⏱ 입력·전송 SRT_1280 4.0s · chars=5533
[06:20:41] 제출 후 last_saved=https://www.genspark.ai/api/files/s/xsd6xlja
[06:20:41] ⏱ 생성대기 시작 SRT_1280 max=120s
[06:20:56] ⏱ 생성대기 완료 14.8s SRT_1280 https://www.genspark.ai/api/files/s/ltfsdzbj
[06:20:56] ⏱ 생성대기구간 SRT_1280 14.8s · ok=True
[06:20:56] SRT_1280 근접 이미지 https://www.genspark.ai/api/files/s/ltfsdzbj
[06:20:56] 다운로드 files URL=https://www.genspark.ai/api/files/s/ltfsdzbj → SRT_1280.png
[06:20:56] ⏱ 다운로드 직접 0.7s size=618642 SRT_1280.png
[06:20:56] ⏱ 다운로드구간 SRT_1280 0.7s · SRT_1280.png
[06:20:58] ⏱ 다운로드후유휴 SRT_1280 1.4s · idle=True
[06:20:58] ⏱ 씬합계 SRT_1280 22.5s · https://www.genspark.ai/api/files/s/ltfsdzbj
[06:20:58] SRT_1280 생성·다운로드 완료
C:\cursor\wuxia\workspace\swardmaster\2부\14장\png\SRT_1280.png
[06:20:58] 상태키 SRT_1300 · Baek|blood_robe; Jin|blood_robe
[06:20:58] run_scene 시작 SRT_1300 · seen_files=122 · last_saved=https://www.genspark.ai/api/files/s/ltfsdzbj
[06:20:58] ⏱ 준비 SRT_1300 0.0s · chars=5538
[06:21:00] ⏱ 다음명령유휴 SRT_1300 1.5s · idle=True
[06:21:00] fill OK(clip) follow=True chars=5538
[06:21:00] submit 시작 composer=5538 url=https://www.genspark.ai/agents?id=6029121c-941a-48cb-a86a-d247ba889774
[06:21:00] submit geo 실패 hit=no-btn
[06:21:00] submit 시도 method=geo geo=False
[06:21:01] submit 미확인 method=geo generating=False composer=5538
[06:21:01] submit geo 실패 hit=no-btn
[06:21:01] submit 시도 method=send send=False
[06:21:02] submit 미확인 method=send generating=False composer=5538
[06:21:02] submit 시도 method=ctrl
[06:21:03] submit 미확인 method=ctrl generating=False composer=5540
[06:21:03] submit 시도 method=enter
[06:21:04] submit 확인 method=enter generating=False composer=0
[06:21:04] ⏱ 입력·전송 SRT_1300 4.0s · chars=5538
[06:21:04] 제출 후 last_saved=https://www.genspark.ai/api/files/s/ltfsdzbj
[06:21:04] ⏱ 생성대기 시작 SRT_1300 max=120s
[06:21:19] ⏱ 생성대기 진행 15.4s SRT_1300 busy=False url_ok=False src=
[06:21:20] ⏱ 생성대기 완료 16.6s SRT_1300 https://www.genspark.ai/api/files/s/je2odq1v
[06:21:20] ⏱ 생성대기구간 SRT_1300 16.6s · ok=True
[06:21:20] SRT_1300 근접 이미지 https://www.genspark.ai/api/files/s/je2odq1v
[06:21:20] 다운로드 files URL=https://www.genspark.ai/api/files/s/je2odq1v → SRT_1300.png
[06:21:21] ⏱ 다운로드 직접 0.7s size=548491 SRT_1300.png
[06:21:21] ⏱ 다운로드구간 SRT_1300 0.7s · SRT_1300.png
[06:21:22] ⏱ 다운로드후유휴 SRT_1300 1.4s · idle=True
[06:21:22] ⏱ 씬합계 SRT_1300 24.5s · https://www.genspark.ai/api/files/s/je2odq1v
[06:21:22] SRT_1300 생성·다운로드 완료
C:\cursor\wuxia\workspace\swardmaster\2부\14장\png\SRT_1300.png
[06:21:23] 상태키 SRT_1320 · Baek|blood_robe; Jin|blood_robe
[06:21:23] run_scene 시작 SRT_1320 · seen_files=123 · last_saved=https://www.genspark.ai/api/files/s/je2odq1v
[06:21:23] ⏱ 준비 SRT_1320 0.0s · chars=4603
[06:21:24] ⏱ 다음명령유휴 SRT_1320 1.4s · idle=True
[06:21:25] fill OK(clip) follow=True chars=4603
[06:21:25] submit 시작 composer=4603 url=https://www.genspark.ai/agents?id=6029121c-941a-48cb-a86a-d247ba889774
[06:21:25] submit geo 실패 hit=no-btn
[06:21:25] submit 시도 method=geo geo=False
[06:21:25] submit 미확인 method=geo generating=False composer=4603
[06:21:26] submit geo 실패 hit=no-btn
[06:21:26] submit 시도 method=send send=False
[06:21:26] submit 미확인 method=send generating=False composer=4603
[06:21:27] submit 시도 method=ctrl
[06:21:27] submit 미확인 method=ctrl generating=False composer=4605
[06:21:28] submit 시도 method=enter
[06:21:28] submit 확인 method=enter generating=False composer=0
[06:21:28] ⏱ 입력·전송 SRT_1320 4.1s · chars=4603
[06:21:28] 제출 후 last_saved=https://www.genspark.ai/api/files/s/je2odq1v
[06:21:28] ⏱ 생성대기 시작 SRT_1320 max=120s
[06:21:41] ⏱ 생성대기 완료 13.0s SRT_1320 https://www.genspark.ai/api/files/s/x4g7rqdh
[06:21:41] ⏱ 생성대기구간 SRT_1320 13.0s · ok=True
[06:21:41] SRT_1320 근접 이미지 https://www.genspark.ai/api/files/s/x4g7rqdh
[06:21:41] 다운로드 files URL=https://www.genspark.ai/api/files/s/x4g7rqdh → SRT_1320.png
[06:21:43] ⏱ 다운로드 직접 1.5s size=544624 SRT_1320.png
[06:21:43] ⏱ 다운로드구간 SRT_1320 1.5s · SRT_1320.png
[06:21:44] ⏱ 다운로드후유휴 SRT_1320 1.4s · idle=True
[06:21:44] ⏱ 씬합계 SRT_1320 21.6s · https://www.genspark.ai/api/files/s/x4g7rqdh
[06:21:44] SRT_1320 생성·다운로드 완료
C:\cursor\wuxia\workspace\swardmaster\2부\14장\png\SRT_1320.png
[06:21:44] 상태키 SRT_1340 · Baek|blood_robe; Jin|blood_robe
[06:21:44] run_scene 시작 SRT_1340 · seen_files=124 · last_saved=https://www.genspark.ai/api/files/s/x4g7rqdh
[06:21:44] ⏱ 준비 SRT_1340 0.0s · chars=4624
[06:21:46] ⏱ 다음명령유휴 SRT_1340 1.4s · idle=True
[06:21:46] fill OK(clip) follow=True chars=4624
[06:21:46] submit 시작 composer=4624 url=https://www.genspark.ai/agents?id=6029121c-941a-48cb-a86a-d247ba889774
[06:21:47] submit geo 실패 hit=no-btn
[06:21:47] submit 시도 method=geo geo=False
[06:21:47] submit 미확인 method=geo generating=False composer=4624
[06:21:48] submit geo 실패 hit=no-btn
[06:21:48] submit 시도 method=send send=False
[06:21:48] submit 미확인 method=send generating=False composer=4624
[06:21:48] submit 시도 method=ctrl
[06:21:49] submit 미확인 method=ctrl generating=False composer=4626
[06:21:49] submit 시도 method=enter
[06:21:50] submit 확인 method=enter generating=False composer=0
[06:21:50] ⏱ 입력·전송 SRT_1340 4.1s · chars=4624
[06:21:50] 제출 후 last_saved=https://www.genspark.ai/api/files/s/x4g7rqdh
[06:21:50] ⏱ 생성대기 시작 SRT_1340 max=120s
[06:22:05] ⏱ 생성대기 진행 15.3s SRT_1340 busy=False url_ok=False src=
[06:22:10] ⏱ 생성대기 완료 19.5s SRT_1340 https://www.genspark.ai/api/files/s/9jfnkzwn
[06:22:10] ⏱ 생성대기구간 SRT_1340 19.5s · ok=True
[06:22:10] SRT_1340 근접 이미지 https://www.genspark.ai/api/files/s/9jfnkzwn
[06:22:10] 다운로드 files URL=https://www.genspark.ai/api/files/s/9jfnkzwn → SRT_1340.png
[06:22:11] ⏱ 다운로드 직접 1.0s size=590323 SRT_1340.png
[06:22:11] ⏱ 다운로드구간 SRT_1340 1.0s · SRT_1340.png
[06:22:12] ⏱ 다운로드후유휴 SRT_1340 1.6s · idle=True
[06:22:12] ⏱ 씬합계 SRT_1340 27.9s · https://www.genspark.ai/api/files/s/9jfnkzwn
[06:22:12] SRT_1340 생성·다운로드 완료
C:\cursor\wuxia\workspace\swardmaster\2부\14장\png\SRT_1340.png
[06:22:12] 상태키 SRT_1360 · Baek|blood_robe; Jin|blood_robe
[06:22:12] run_scene 시작 SRT_1360 · seen_files=125 · last_saved=https://www.genspark.ai/api/files/s/9jfnkzwn
[06:22:13] ⏱ 준비 SRT_1360 0.0s · chars=5549
[06:22:15] ⏱ 다음명령유휴 SRT_1360 2.0s · idle=True
[06:22:15] fill OK(clip) follow=True chars=5549
[06:22:15] submit 시작 composer=5549 url=https://www.genspark.ai/agents?id=6029121c-941a-48cb-a86a-d247ba889774
[06:22:16] submit geo 실패 hit=no-btn
[06:22:16] submit 시도 method=geo geo=False
[06:22:16] submit 미확인 method=geo generating=False composer=5549
[06:22:17] submit geo 실패 hit=no-btn
[06:22:17] submit 시도 method=send send=False
[06:22:17] submit 미확인 method=send generating=False composer=5549
[06:22:17] submit 시도 method=ctrl
[06:22:18] submit 미확인 method=ctrl generating=False composer=5551
[06:22:18] submit 시도 method=enter
[06:22:19] submit 확인 method=enter generating=False composer=0
[06:22:19] ⏱ 입력·전송 SRT_1360 4.3s · chars=5549
[06:22:19] 제출 후 last_saved=https://www.genspark.ai/api/files/s/9jfnkzwn
[06:22:19] ⏱ 생성대기 시작 SRT_1360 max=120s
[06:22:34] ⏱ 생성대기 진행 15.1s SRT_1360 busy=False url_ok=False src=
[06:22:35] ⏱ 생성대기 완료 16.4s SRT_1360 https://www.genspark.ai/api/files/s/srzgqqdn
[06:22:35] ⏱ 생성대기구간 SRT_1360 16.4s · ok=True
[06:22:35] SRT_1360 근접 이미지 https://www.genspark.ai/api/files/s/srzgqqdn
[06:22:35] 다운로드 files URL=https://www.genspark.ai/api/files/s/srzgqqdn → SRT_1360.png
[06:22:36] ⏱ 다운로드 직접 0.7s size=574078 SRT_1360.png
[06:22:36] ⏱ 다운로드구간 SRT_1360 0.7s · SRT_1360.png
[06:22:38] ⏱ 다운로드후유휴 SRT_1360 1.5s · idle=True
[06:22:38] ⏱ 씬합계 SRT_1360 25.2s · https://www.genspark.ai/api/files/s/srzgqqdn
[06:22:38] SRT_1360 생성·다운로드 완료
C:\cursor\wuxia\workspace\swardmaster\2부\14장\png\SRT_1360.png
[06:22:38] 상태키 SRT_1380 · Baek|blood_robe; Jin|blood_robe
[06:22:38] run_scene 시작 SRT_1380 · seen_files=126 · last_saved=https://www.genspark.ai/api/files/s/srzgqqdn
[06:22:38] ⏱ 준비 SRT_1380 0.0s · chars=4619
[06:22:39] ⏱ 다음명령유휴 SRT_1380 1.4s · idle=True
[06:22:40] fill OK(clip) follow=True chars=4619
[06:22:40] submit 시작 composer=4619 url=https://www.genspark.ai/agents?id=6029121c-941a-48cb-a86a-d247ba889774
[06:22:40] submit geo 실패 hit=no-btn
[06:22:40] submit 시도 method=geo geo=False
[06:22:41] submit 미확인 method=geo generating=False composer=4619
[06:22:41] submit geo 실패 hit=no-btn
[06:22:41] submit 시도 method=send send=False
[06:22:42] submit 미확인 method=send generating=False composer=4619
[06:22:42] submit 시도 method=ctrl
[06:22:43] submit 미확인 method=ctrl generating=False composer=4621
[06:22:43] submit 시도 method=enter
[06:22:44] submit 확인 method=enter generating=False composer=0
[06:22:44] ⏱ 입력·전송 SRT_1380 4.3s · chars=4619
[06:22:44] 제출 후 last_saved=https://www.genspark.ai/api/files/s/srzgqqdn
[06:22:44] ⏱ 생성대기 시작 SRT_1380 max=120s
[06:22:59] ⏱ 생성대기 진행 15.0s SRT_1380 busy=False url_ok=False src=
[06:23:02] ⏱ 생성대기 완료 18.0s SRT_1380 https://www.genspark.ai/api/files/s/bbmk7gd6
[06:23:02] ⏱ 생성대기구간 SRT_1380 18.0s · ok=True
[06:23:02] SRT_1380 근접 이미지 https://www.genspark.ai/api/files/s/bbmk7gd6
[06:23:02] 다운로드 files URL=https://www.genspark.ai/api/files/s/bbmk7gd6 → SRT_1380.png
[06:23:03] ⏱ 다운로드 직접 0.8s size=723099 SRT_1380.png
[06:23:03] ⏱ 다운로드구간 SRT_1380 0.8s · SRT_1380.png
[06:23:04] ⏱ 다운로드후유휴 SRT_1380 1.7s · idle=True
[06:23:04] ⏱ 씬합계 SRT_1380 26.5s · https://www.genspark.ai/api/files/s/bbmk7gd6
[06:23:04] SRT_1380 생성·다운로드 완료
C:\cursor\wuxia\workspace\swardmaster\2부\14장\png\SRT_1380.png
[06:23:05] 상태키 SRT_1400 · Baek|blood_robe; Jin|blood_robe
[06:23:05] run_scene 시작 SRT_1400 · seen_files=127 · last_saved=https://www.genspark.ai/api/files/s/bbmk7gd6
[06:23:05] ⏱ 준비 SRT_1400 0.0s · chars=5554
[06:23:06] ⏱ 다음명령유휴 SRT_1400 1.6s · idle=True
[06:23:07] fill OK(clip) follow=True chars=5554
[06:23:07] submit 시작 composer=5554 url=https://www.genspark.ai/agents?id=6029121c-941a-48cb-a86a-d247ba889774
[06:23:07] submit geo 실패 hit=no-btn
[06:23:07] submit 시도 method=geo geo=False
[06:23:08] submit 미확인 method=geo generating=False composer=5554
[06:23:08] submit geo 실패 hit=no-btn
[06:23:08] submit 시도 method=send send=False
[06:23:09] submit 미확인 method=send generating=False composer=5554
[06:23:09] submit 시도 method=ctrl
[06:23:10] submit 미확인 method=ctrl generating=False composer=5556
[06:23:10] submit 시도 method=enter
[06:23:11] submit 미확인 method=enter generating=True composer=5556
[06:23:11] submit geo 실패 hit=no-btn
[06:23:11] submit 시도 method=geo2 geo=False
[06:23:11] submit 미확인 method=geo2 generating=True composer=5556
[06:23:12] submit geo 실패 hit=no-btn
[06:23:12] submit 시도 method=send2 send=False
[06:23:12] submit 미확인 method=send2 generating=True composer=5556
[06:23:13] submit 시도 method=ctrl2
[06:23:13] submit 미확인 method=ctrl2 generating=True composer=5558
[06:23:13] submit 실패 composer잔존=5558
[06:23:13] submit 재시도 2/3
[06:23:14] submit 시작 composer=5558 url=https://www.genspark.ai/agents?id=6029121c-941a-48cb-a86a-d247ba889774
[06:23:14] submit geo 실패 hit=no-btn
[06:23:14] submit 시도 method=geo geo=False
[06:23:15] submit 미확인 method=geo generating=True composer=5558
[06:23:15] submit geo 실패 hit=no-btn
[06:23:15] submit 시도 method=send send=False
[06:23:16] submit 미확인 method=send generating=True composer=5558
[06:23:16] submit 시도 method=ctrl
[06:23:16] submit 미확인 method=ctrl generating=True composer=5560
[06:23:17] submit 시도 method=enter
[06:23:17] submit 미확인 method=enter generating=False composer=5560
[06:23:17] submit geo 실패 hit=no-btn
[06:23:17] submit 시도 method=geo2 geo=False
[06:23:18] submit 미확인 method=geo2 generating=False composer=5560
[06:23:18] submit geo 실패 hit=no-btn
[06:23:18] submit 시도 method=send2 send=False
[06:23:19] submit 미확인 method=send2 generating=False composer=5560
[06:23:19] submit 시도 method=ctrl2
[06:23:20] submit 미확인 method=ctrl2 generating=False composer=5562
[06:23:20] submit 실패 composer잔존=5562
[06:23:20] submit 재시도 3/3
[06:23:21] submit 시작 composer=5562 url=https://www.genspark.ai/agents?id=6029121c-941a-48cb-a86a-d247ba889774
[06:23:21] submit geo 실패 hit=no-btn
[06:23:21] submit 시도 method=geo geo=False
[06:23:21] submit 미확인 method=geo generating=False composer=5562
[06:23:22] submit geo 실패 hit=no-btn
[06:23:22] submit 시도 method=send send=False
[06:23:22] submit 미확인 method=send generating=False composer=5562
[06:23:22] submit 시도 method=ctrl
[06:23:23] submit 미확인 method=ctrl generating=False composer=5564
[06:23:23] submit 시도 method=enter
[06:23:24] submit 확인 method=enter generating=False composer=0
[06:23:24] ⏱ 입력·전송 SRT_1400 17.8s · chars=5554
[06:23:24] 제출 후 last_saved=https://www.genspark.ai/api/files/s/bbmk7gd6
[06:23:24] ⏱ 생성대기 시작 SRT_1400 max=120s
[06:23:25] ⏱ 생성대기 완료(busy무시) 1.2s SRT_1400 https://www.genspark.ai/api/files/s/sjxdbgx6
[06:23:25] ⏱ 생성대기구간 SRT_1400 1.2s · ok=True
[06:23:25] SRT_1400 근접 이미지 https://www.genspark.ai/api/files/s/sjxdbgx6
[06:23:25] 다운로드 files URL=https://www.genspark.ai/api/files/s/sjxdbgx6 → SRT_1400.png
[06:23:26] ⏱ 다운로드 직접 0.7s size=622125 SRT_1400.png
[06:23:26] ⏱ 다운로드구간 SRT_1400 0.7s · SRT_1400.png
[06:23:30] ⏱ 다운로드후유휴 SRT_1400 3.9s · idle=True
[06:23:30] ⏱ 씬합계 SRT_1400 25.6s · https://www.genspark.ai/api/files/s/sjxdbgx6
[06:23:30] SRT_1400 생성·다운로드 완료
C:\cursor\wuxia\workspace\swardmaster\2부\14장\png\SRT_1400.png
[06:23:30] 상태키 SRT_1420 · Baek|blood_robe; Jin|blood_robe
[06:23:30] run_scene 시작 SRT_1420 · seen_files=128 · last_saved=https://www.genspark.ai/api/files/s/sjxdbgx6
[06:23:30] ⏱ 준비 SRT_1420 0.0s · chars=2923
[06:23:32] ⏱ 다음명령유휴 SRT_1420 1.9s · idle=True
[06:23:33] fill OK(clip) follow=True chars=2923
[06:23:33] submit 시작 composer=2923 url=https://www.genspark.ai/agents?id=6029121c-941a-48cb-a86a-d247ba889774
[06:23:33] submit geo 실패 hit=no-btn
[06:23:33] submit 시도 method=geo geo=False
[06:23:34] submit 미확인 method=geo generating=True composer=2923
[06:23:34] submit geo 실패 hit=no-btn
[06:23:34] submit 시도 method=send send=False
[06:23:35] submit 미확인 method=send generating=True composer=2923
[06:23:35] submit 시도 method=ctrl
[06:23:35] submit 미확인 method=ctrl generating=False composer=2925
[06:23:36] submit 시도 method=enter
[06:23:36] submit 확인 method=enter generating=False composer=0
[06:23:36] ⏱ 입력·전송 SRT_1420 4.0s · chars=2923
[06:23:36] 제출 후 last_saved=https://www.genspark.ai/api/files/s/sjxdbgx6
[06:23:36] ⏱ 생성대기 시작 SRT_1420 max=120s
[06:23:43] ⏱ 생성대기 완료 6.4s SRT_1420 https://www.genspark.ai/api/files/s/fnqwoggo
[06:23:43] ⏱ 생성대기구간 SRT_1420 6.4s · ok=True
[06:23:43] SRT_1420 근접 이미지 https://www.genspark.ai/api/files/s/fnqwoggo
[06:23:43] 다운로드 files URL=https://www.genspark.ai/api/files/s/fnqwoggo → SRT_1420.png
[06:23:44] ⏱ 다운로드 직접 0.7s size=672991 SRT_1420.png
[06:23:44] ⏱ 다운로드구간 SRT_1420 0.8s · SRT_1420.png
[06:35:49] 탭로그 ON — 실행·생성 · 씬 55개 · reopen=True
[06:35:55] ChromeDebug 재시작 slot=1 port=9243 user_data=C:\ChromeDebug_2_5_slot1 reused=0
[06:38:50] 모델 이미 Pro: Nano Banana Pro
[06:38:50] 세션 준비 — login=확인 model=Nano Banana Pro auto=True
[06:38:50] ensure_page cur_sc=10 prefer_sc=10 cur=https://www.genspark.ai/ai_image prefer=https://www.genspark.ai/ai_image
[06:38:51] fill OK(clip) follow=True chars=74076
[06:38:52] 입력창 붙여넣기 — 프롬프트 50827자 + SRT 23206자 = 합계 74076자
  prompt=C:/cursor/wuxia/2_5_sceneImage/md/image.wuxiz.txt
  srt=C:\cursor\wuxia\workspace\swardmaster\2부\14장\mp3\new.srt
[06:38:53] ensure_page cur_sc=10 prefer_sc=10 cur=https://www.genspark.ai/ai_image prefer=https://www.genspark.ai/ai_image
[06:38:54] 동일 입력창에 명령 추가(미실행): ===== CHARACTER LOOK (SRT_100) =====
State keys: Jin≈19|base; Baek≈19|base; Namgung|base
Jin Muhan, approximately nineteen years old, East-Asian young swordsman, sharp narrow phoen…
[06:38:55] 상태키 SRT_100 · Baek|base; Jin|base
[06:38:55] run_scene 시작 SRT_100 · seen_files=129 · last_saved=https://www.genspark.ai/api/files/s/fnqwoggo
[06:38:55] ensure_page cur_sc=10 prefer_sc=10 cur=https://www.genspark.ai/ai_image prefer=https://www.genspark.ai/ai_image
[06:38:55] 모델 이미 Pro: Nano Banana Pro
[06:38:55] ⏱ 준비 SRT_100 0.0s · chars=5622
[06:38:55] submit 시작 composer=5622 url=https://www.genspark.ai/ai_image
[06:38:55] submit geo 실패 hit=no-btn
[06:38:55] submit 시도 method=geo geo=False
[06:38:55] submit 미확인 method=geo generating=False composer=5622
[06:38:56] submit geo 실패 hit=no-btn
[06:38:56] submit 시도 method=send send=False
[06:38:56] submit 미확인 method=send generating=False composer=5622
[06:38:57] submit 시도 method=ctrl
[06:38:57] submit 미확인 method=ctrl generating=False composer=5624
[06:38:57] submit 시도 method=enter
[06:38:58] submit 미확인 method=enter generating=False composer=5624
[06:38:58] submit geo 실패 hit=no-btn
[06:38:58] submit 시도 method=geo2 geo=False
[06:38:59] submit 미확인 method=geo2 generating=False composer=5624
[06:39:01] submit geo 실패 hit=no-editor
[06:39:01] submit 시도 method=send2 send=False
[06:39:01] submit 확인 method=send2 generating=False composer=0
[06:39:01] ⏱ 입력창전송 SRT_100 6.8s
[06:39:01] 제출 후 last_saved=https://www.genspark.ai/api/files/s/fnqwoggo
[06:39:02] ⏱ 생성대기 시작 SRT_100 max=120s
[06:39:17] ⏱ 생성대기 진행 15.4s SRT_100 busy=False url_ok=False src=
[06:39:32] ⏱ 생성대기 진행 30.6s SRT_100 busy=False url_ok=False src=
[06:39:47] ⏱ 생성대기 진행 45.8s SRT_100 busy=False url_ok=False src=
[06:40:02] ⏱ 생성대기 진행 60.8s SRT_100 busy=False url_ok=False src=
[06:40:18] ⏱ 생성대기 진행 76.0s SRT_100 busy=False url_ok=False src=
[06:40:33] ⏱ 생성대기 진행 91.1s SRT_100 busy=False url_ok=False src=
[06:40:42] SRT 근접 이미지 탐색 실패: Page.evaluate: TypeError: Failed to execute 'createTreeWalker' on 'Document': parameter 1 is not of type 'Node'.
    at eval (eval at evaluate (:302:30), <anonymous>:39:39)
    at UtilityScript.evaluate (<anonymous>:309:18)
    at UtilityScript.<anonymous> (<anonymous>:1:44)
[06:40:48] ⏱ 생성대기 진행 106.1s SRT_100 busy=False url_ok=False src=
[06:40:49] 생성대기 예외(closed): Page.wait_for_timeout: Target page, context or browser has been closed
[06:40:49] 생성대기: 작업탭 닫힘 → 복구
[06:40:49] run_scene 실패(재시도 없음): 브라우저 탭이 닫혔습니다. 「실행」를 다시 눌러 주세요.
[06:40:49] SRT_100 실패 — 다음 씬 계속
브라우저 탭이 닫혔습니다. 「실행」를 다시 눌러 주세요.
[06:40:49] 상태키 SRT_140 · Baek|base; Jin|base
[06:40:49] SRT_140 실패 — 다음 씬 계속
브라우저 탭이 닫혔습니다. 「실행」를 다시 눌러 주세요.
[06:40:49] 상태키 SRT_160 · Baek|base; Jin|base
[06:40:49] SRT_160 실패 — 다음 씬 계속
브라우저 탭이 닫혔습니다. 「실행」를 다시 눌러 주세요.
[06:40:49] 상태키 SRT_180 · Baek|base; Jin|base
[06:40:49] SRT_180 실패 — 다음 씬 계속
브라우저 탭이 닫혔습니다. 「실행」를 다시 눌러 주세요.
[06:40:49] 상태키 SRT_200 · Baek|base; Jin|base
[06:40:49] SRT_200 실패 — 다음 씬 계속
브라우저 탭이 닫혔습니다. 「실행」를 다시 눌러 주세요.
[06:40:50] 상태키 SRT_240 · Baek|base; Jin|base
[06:40:50] SRT_240 실패 — 다음 씬 계속
브라우저 탭이 닫혔습니다. 「실행」를 다시 눌러 주세요.
[06:40:50] 상태키 SRT_260 · Baek|base; Jin|base
[06:40:50] SRT_260 실패 — 다음 씬 계속
브라우저 탭이 닫혔습니다. 「실행」를 다시 눌러 주세요.
[06:40:50] 상태키 SRT_280 · Baek|base; Jin|base
[06:40:50] SRT_280 실패 — 다음 씬 계속
브라우저 탭이 닫혔습니다. 「실행」를 다시 눌러 주세요.
[06:40:50] 상태키 SRT_300 · Baek|base; Jin|base
[06:40:50] SRT_300 실패 — 다음 씬 계속
브라우저 탭이 닫혔습니다. 「실행」를 다시 눌러 주세요.
[06:40:50] 상태키 SRT_320 · Baek|base; Jin|base
[06:40:50] SRT_320 실패 — 다음 씬 계속
브라우저 탭이 닫혔습니다. 「실행」를 다시 눌러 주세요.
[06:40:50] 상태키 SRT_340 · Baek|base; Jin|base
[06:40:50] SRT_340 실패 — 다음 씬 계속
브라우저 탭이 닫혔습니다. 「실행」를 다시 눌러 주세요.
[06:40:51] 상태키 SRT_360 · Baek|base; Jin|base
[06:40:51] SRT_360 실패 — 다음 씬 계속
브라우저 탭이 닫혔습니다. 「실행」를 다시 눌러 주세요.
[06:40:51] 상태키 SRT_380 · Baek|base; Jin|base
[06:40:51] SRT_380 실패 — 다음 씬 계속
브라우저 탭이 닫혔습니다. 「실행」를 다시 눌러 주세요.
[06:40:51] 상태키 SRT_400 · Baek|base; Jin|base
[06:40:51] SRT_400 실패 — 다음 씬 계속
브라우저 탭이 닫혔습니다. 「실행」를 다시 눌러 주세요.
[06:40:51] 상태키 SRT_420 · Baek|base; Jin|base
[06:40:51] SRT_420 실패 — 다음 씬 계속
브라우저 탭이 닫혔습니다. 「실행」를 다시 눌러 주세요.
[06:40:51] 상태키 SRT_440 · Baek|base; Jin|base
[06:40:51] SRT_440 실패 — 다음 씬 계속
브라우저 탭이 닫혔습니다. 「실행」를 다시 눌러 주세요.
[06:40:51] 상태키 SRT_460 · Baek|base; Jin|base
[06:40:51] SRT_460 실패 — 다음 씬 계속
브라우저 탭이 닫혔습니다. 「실행」를 다시 눌러 주세요.
[06:40:52] 상태키 SRT_520 · Baek|base; Jin|base
[06:40:52] SRT_520 실패 — 다음 씬 계속
브라우저 탭이 닫혔습니다. 「실행」를 다시 눌러 주세요.
[06:40:52] 상태키 SRT_560 · Baek|base; Jin|base
[06:40:52] SRT_560 실패 — 다음 씬 계속
브라우저 탭이 닫혔습니다. 「실행」를 다시 눌러 주세요.
[06:40:52] 상태키 SRT_580 · Baek|base; Jin|base
[06:40:52] SRT_580 실패 — 다음 씬 계속
브라우저 탭이 닫혔습니다. 「실행」를 다시 눌러 주세요.
[06:40:52] 상태키 SRT_620 · Baek|base; Jin|base
[06:40:52] SRT_620 실패 — 다음 씬 계속
브라우저 탭이 닫혔습니다. 「실행」를 다시 눌러 주세요.
[06:40:52] 상태키 SRT_660 · Baek|base; Jin|base
[06:40:52] SRT_660 실패 — 다음 씬 계속
브라우저 탭이 닫혔습니다. 「실행」를 다시 눌러 주세요.
[06:40:52] 상태키 SRT_680 · Baek|base; Jin|base
[06:40:52] SRT_680 실패 — 다음 씬 계속
브라우저 탭이 닫혔습니다. 「실행」를 다시 눌러 주세요.
[06:40:53] 상태키 SRT_720 · Baek|base; Jin|base
[06:40:53] SRT_720 실패 — 다음 씬 계속
브라우저 탭이 닫혔습니다. 「실행」를 다시 눌러 주세요.
[06:40:53] 상태키 SRT_740 · Baek|base; Jin|base
[06:40:53] SRT_740 실패 — 다음 씬 계속
브라우저 탭이 닫혔습니다. 「실행」를 다시 눌러 주세요.
[06:40:53] 상태키 SRT_760 · Baek|base; Jin|base
[06:40:53] SRT_760 실패 — 다음 씬 계속
브라우저 탭이 닫혔습니다. 「실행」를 다시 눌러 주세요.
[06:40:53] 상태키 SRT_780 · Baek|base; Jin|base
[06:40:53] SRT_780 실패 — 다음 씬 계속
브라우저 탭이 닫혔습니다. 「실행」를 다시 눌러 주세요.
[06:40:53] 상태키 SRT_800 · Baek|base; Jin|base
[06:40:53] SRT_800 실패 — 다음 씬 계속
브라우저 탭이 닫혔습니다. 「실행」를 다시 눌러 주세요.
[06:40:53] 상태키 SRT_820 · Baek|base; Jin|base
[06:40:53] SRT_820 실패 — 다음 씬 계속
브라우저 탭이 닫혔습니다. 「실행」를 다시 눌러 주세요.
[06:40:54] 상태키 SRT_860 · Baek|base; Jin|base
[06:40:54] SRT_860 실패 — 다음 씬 계속
브라우저 탭이 닫혔습니다. 「실행」를 다시 눌러 주세요.
[06:40:54] 상태키 SRT_880 · Baek|base; Jin|base
[06:40:54] SRT_880 실패 — 다음 씬 계속
브라우저 탭이 닫혔습니다. 「실행」를 다시 눌러 주세요.
[06:40:54] 상태키 SRT_900 · Baek|base; Jin|base
[06:40:54] SRT_900 실패 — 다음 씬 계속
브라우저 탭이 닫혔습니다. 「실행」를 다시 눌러 주세요.
[06:40:54] 상태키 SRT_920 · Baek|base; Jin|base
[06:40:54] SRT_920 실패 — 다음 씬 계속
브라우저 탭이 닫혔습니다. 「실행」를 다시 눌러 주세요.
[06:40:54] 상태키 SRT_940 · Baek|base; Jin|base
[06:40:54] SRT_940 실패 — 다음 씬 계속
브라우저 탭이 닫혔습니다. 「실행」를 다시 눌러 주세요.
[06:40:54] 상태키 SRT_960 · Baek|base; Jin|base
[06:40:54] SRT_960 실패 — 다음 씬 계속
브라우저 탭이 닫혔습니다. 「실행」를 다시 눌러 주세요.
[06:40:55] 상태키 SRT_1000 · Baek|base; Jin|base
[06:40:55] SRT_1000 실패 — 다음 씬 계속
브라우저 탭이 닫혔습니다. 「실행」를 다시 눌러 주세요.
[06:40:55] 상태키 SRT_1020 · Baek|base; Jin|base
[06:40:55] SRT_1020 실패 — 다음 씬 계속
브라우저 탭이 닫혔습니다. 「실행」를 다시 눌러 주세요.
[06:40:55] 상태키 SRT_1040 · Baek|base; Jin|base
[06:40:55] SRT_1040 실패 — 다음 씬 계속
브라우저 탭이 닫혔습니다. 「실행」를 다시 눌러 주세요.
[06:40:55] 상태키 SRT_1060 · Baek|base; Jin|base
[06:40:55] SRT_1060 실패 — 다음 씬 계속
브라우저 탭이 닫혔습니다. 「실행」를 다시 눌러 주세요.
[06:40:55] 상태키 SRT_1080 · Baek|base; Jin|base
[06:40:55] SRT_1080 실패 — 다음 씬 계속
브라우저 탭이 닫혔습니다. 「실행」를 다시 눌러 주세요.
[06:40:55] 상태키 SRT_1100 · Baek|base; Jin|base
[06:40:55] SRT_1100 실패 — 다음 씬 계속
브라우저 탭이 닫혔습니다. 「실행」를 다시 눌러 주세요.
[06:40:56] 상태키 SRT_1160 · Baek|base; Jin|base
[06:40:56] SRT_1160 실패 — 다음 씬 계속
브라우저 탭이 닫혔습니다. 「실행」를 다시 눌러 주세요.
[06:40:56] 상태키 SRT_1180 · Baek|base; Jin|base
[06:40:56] SRT_1180 실패 — 다음 씬 계속
브라우저 탭이 닫혔습니다. 「실행」를 다시 눌러 주세요.
[06:40:56] 상태키 SRT_1200 · Baek|base; Jin|base
[06:40:56] SRT_1200 실패 — 다음 씬 계속
브라우저 탭이 닫혔습니다. 「실행」를 다시 눌러 주세요.
[06:40:56] 상태키 SRT_1220 · Baek|base; Jin|base
[06:40:56] SRT_1220 실패 — 다음 씬 계속
브라우저 탭이 닫혔습니다. 「실행」를 다시 눌러 주세요.
[06:40:56] 상태키 SRT_1240 · Baek|base; Jin|base
[06:40:56] SRT_1240 실패 — 다음 씬 계속
브라우저 탭이 닫혔습니다. 「실행」를 다시 눌러 주세요.
[06:40:56] 상태키 SRT_1260 · Baek|base; Jin|base
[06:40:56] SRT_1260 실패 — 다음 씬 계속
브라우저 탭이 닫혔습니다. 「실행」를 다시 눌러 주세요.
[06:40:57] 상태키 SRT_1300 · Baek|base; Jin|base
[06:40:57] SRT_1300 실패 — 다음 씬 계속
브라우저 탭이 닫혔습니다. 「실행」를 다시 눌러 주세요.
[06:40:57] 상태키 SRT_1320 · Baek|base; Jin|base
[06:40:57] SRT_1320 실패 — 다음 씬 계속
브라우저 탭이 닫혔습니다. 「실행」를 다시 눌러 주세요.
[06:40:57] 상태키 SRT_1340 · Baek|base; Jin|base
[06:40:57] SRT_1340 실패 — 다음 씬 계속
브라우저 탭이 닫혔습니다. 「실행」를 다시 눌러 주세요.
[06:40:57] 상태키 SRT_1360 · Baek|base; Jin|base
[06:40:57] SRT_1360 실패 — 다음 씬 계속
브라우저 탭이 닫혔습니다. 「실행」를 다시 눌러 주세요.
[06:40:57] 상태키 SRT_1380 · Baek|base; Jin|base
[06:40:57] SRT_1380 실패 — 다음 씬 계속
브라우저 탭이 닫혔습니다. 「실행」를 다시 눌러 주세요.
[06:40:57] 상태키 SRT_1400 · Baek|base; Jin|base
[06:40:57] SRT_1400 실패 — 다음 씬 계속
브라우저 탭이 닫혔습니다. 「실행」를 다시 눌러 주세요.
[06:40:58] 상태키 SRT_1420 · Baek|base; Jin|base
[06:40:58] SRT_1420 실패 — 다음 씬 계속
브라우저 탭이 닫혔습니다. 「실행」를 다시 눌러 주세요.
[06:40:58] 상태키 SRT_1431 · Baek|base; Jin|base
[06:40:58] SRT_1431 실패 — 다음 씬 계속
브라우저 탭이 닫혔습니다. 「실행」를 다시 눌러 주세요.
[06:42:38] 탭로그 ON — 실행·생성 · 씬 55개 · reopen=True
[06:42:45] ChromeDebug 재시작 slot=1 port=9243 user_data=C:\ChromeDebug_2_5_slot1 reused=0
[06:45:30] 모델 이미 Pro: Nano Banana Pro
[06:45:30] 세션 준비 — login=확인 model=Nano Banana Pro auto=True
[06:45:30] ensure_page cur_sc=10 prefer_sc=10 cur=https://www.genspark.ai/ai_image prefer=https://www.genspark.ai/ai_image
[06:45:31] fill OK(clip) follow=True chars=74076
[06:45:32] 입력창 붙여넣기 — 프롬프트 50827자 + SRT 23206자 = 합계 74076자
  prompt=C:/cursor/wuxia/2_5_sceneImage/md/image.wuxiz.txt
  srt=C:\cursor\wuxia\workspace\swardmaster\2부\14장\mp3\new.srt
[06:45:33] ensure_page cur_sc=10 prefer_sc=10 cur=https://www.genspark.ai/ai_image prefer=https://www.genspark.ai/ai_image
[06:45:34] 동일 입력창에 명령 추가(미실행): ===== CHARACTER LOOK (SRT_100) =====
State keys: Jin≈19|base; Baek≈19|base; Namgung|base
Jin Muhan, approximately nineteen years old, East-Asian young swordsman, sharp narrow phoen…
[06:45:34] 상태키 SRT_100 · Baek|base; Jin|base
[06:45:34] run_scene 시작 SRT_100 · seen_files=129 · last_saved=https://www.genspark.ai/api/files/s/fnqwoggo
[06:45:34] ensure_page cur_sc=10 prefer_sc=10 cur=https://www.genspark.ai/ai_image prefer=https://www.genspark.ai/ai_image
[06:45:34] 모델 이미 Pro: Nano Banana Pro
[06:45:34] ⏱ 준비 SRT_100 0.0s · chars=5622
[06:45:34] submit 시작 composer=5622 url=https://www.genspark.ai/ai_image
[06:45:35] submit geo 실패 hit=no-btn
[06:45:35] submit 시도 method=geo geo=False
[06:45:35] submit 미확인 method=geo generating=False composer=5622
[06:45:35] submit geo 실패 hit=no-btn
[06:45:35] submit 시도 method=send send=False
[06:45:36] submit 미확인 method=send generating=False composer=5622
[06:45:36] submit 시도 method=ctrl
[06:45:37] submit 미확인 method=ctrl generating=False composer=5624
[06:45:37] submit 시도 method=enter
[06:45:38] submit 미확인 method=enter generating=False composer=5624
[06:45:38] submit geo 실패 hit=no-btn
[06:45:38] submit 시도 method=geo2 geo=False
[06:45:38] submit 미확인 method=geo2 generating=False composer=5624
[06:45:41] submit geo 실패 hit=no-editor
[06:45:41] submit 시도 method=send2 send=False
[06:45:41] submit 확인 method=send2 generating=False composer=0
[06:45:41] ⏱ 입력창전송 SRT_100 6.7s
[06:45:41] 제출 후 last_saved=https://www.genspark.ai/api/files/s/fnqwoggo
[06:45:41] ⏱ 생성대기 시작 SRT_100 max=120s
[06:45:57] ⏱ 생성대기 진행 15.3s SRT_100 busy=False url_ok=False src=
[06:46:12] ⏱ 생성대기 진행 30.9s SRT_100 busy=True url_ok=False src=
[06:46:28] ⏱ 생성대기 진행 46.5s SRT_100 busy=False url_ok=False src=
[06:46:43] ⏱ 생성대기 진행 61.9s SRT_100 busy=False url_ok=False src=
[06:48:58] 탭로그 ON — 실행·생성 · 씬 55개 · reopen=True
[06:49:04] ChromeDebug 재시작 slot=1 port=9243 user_data=C:\ChromeDebug_2_5_slot1 reused=0
[06:49:09] 모델 이미 Pro: Nano Banana Pro
[06:49:09] 세션 준비 — login=OK model=Nano Banana Pro auto=True
[06:49:09] ensure_page cur_sc=10 prefer_sc=10 cur=https://www.genspark.ai/ai_image prefer=https://www.genspark.ai/ai_image
[06:49:11] fill OK(clip) follow=True chars=74076
[06:49:11] 입력창 붙여넣기 — 프롬프트 50827자 + SRT 23206자 = 합계 74076자
  prompt=C:/cursor/wuxia/2_5_sceneImage/md/image.wuxiz.txt
  srt=C:\cursor\wuxia\workspace\swardmaster\2부\14장\mp3\new.srt
[06:49:12] ensure_page cur_sc=10 prefer_sc=10 cur=https://www.genspark.ai/ai_image prefer=https://www.genspark.ai/ai_image
[06:49:13] 동일 입력창에 명령 추가(미실행): ===== CHARACTER LOOK (SRT_100) =====
State keys: Jin≈19|base; Baek≈19|base; Namgung|base
Jin Muhan, approximately nineteen years old, East-Asian young swordsman, sharp narrow phoen…
[06:49:14] 상태키 SRT_100 · Baek|base; Jin|base
[06:49:14] run_scene 시작 SRT_100 · seen_files=129 · last_saved=https://www.genspark.ai/api/files/s/fnqwoggo
[06:49:14] ensure_page cur_sc=10 prefer_sc=10 cur=https://www.genspark.ai/ai_image prefer=https://www.genspark.ai/ai_image
[06:49:14] 모델 선택 시작 현재=(없음)
[06:49:14] 모델 선택 결과 ok=False 칩=(없음) picked=
[06:49:14] ⏱ 준비 SRT_100 0.1s · chars=5622
[06:49:14] submit 시작 composer=5622 url=https://www.genspark.ai/ai_image
[06:49:14] submit geo 실패 hit=no-btn
[06:49:14] submit 시도 method=geo geo=False
[06:49:15] submit 미확인 method=geo generating=False composer=5622
[06:49:15] submit geo 실패 hit=no-btn
[06:49:15] submit 시도 method=send send=False
[06:49:16] submit 미확인 method=send generating=False composer=5622
[06:49:16] submit 시도 method=ctrl
[06:49:17] submit 미확인 method=ctrl generating=False composer=5624
[06:49:17] submit 시도 method=enter
[06:49:18] submit 확인 method=enter generating=False composer=5624
[06:49:18] ⏱ 입력창전송 SRT_100 4.2s
[06:49:18] 제출 후 last_saved=https://www.genspark.ai/api/files/s/fnqwoggo
[06:49:19] ⏱ 생성대기 시작 SRT_100 max=120s
[06:49:34] ⏱ 생성대기 진행 15.3s SRT_100 busy=False url_ok=False src=
[06:49:36] ⏱ 생성대기 완료 17.0s SRT_100 https://www.genspark.ai/api/files/s/lhmg7iiy
[06:49:36] ⏱ 생성대기구간 SRT_100 17.0s · ok=True
[06:49:36] SRT_100 근접 이미지 https://www.genspark.ai/api/files/s/lhmg7iiy
[06:49:36] 다운로드 files URL=https://www.genspark.ai/api/files/s/lhmg7iiy → SRT_100.png
[06:49:36] ⏱ 다운로드 직접 0.7s size=844206 SRT_100.png
[06:49:36] ⏱ 다운로드구간 SRT_100 0.7s · SRT_100.png
[06:49:38] ⏱ 다운로드후유휴 SRT_100 1.4s · idle=True
[06:49:38] ⏱ 씬합계 SRT_100 23.6s · https://www.genspark.ai/api/files/s/lhmg7iiy
[06:49:38] SRT_100 생성·다운로드 완료
C:\cursor\wuxia\workspace\swardmaster\2부\14장\png\SRT_100.png
[06:49:38] 상태키 SRT_140 · Baek|base; Jin|base
[06:49:38] run_scene 시작 SRT_140 · seen_files=130 · last_saved=https://www.genspark.ai/api/files/s/lhmg7iiy
[06:49:38] ⏱ 준비 SRT_140 0.0s · chars=4618
[06:49:39] ⏱ 다음명령유휴 SRT_140 1.3s · idle=True
[06:49:40] fill OK(clip) follow=True chars=4618
[06:49:40] submit 시작 composer=4618 url=https://www.genspark.ai/agents?id=c57bf340-9ebd-4434-8914-578d764b0f19
[06:49:40] submit geo 실패 hit=no-btn
[06:49:40] submit 시도 method=geo geo=False
[06:49:40] submit 미확인 method=geo generating=False composer=4618
[06:49:41] submit geo 실패 hit=no-btn
[06:49:41] submit 시도 method=send send=False
[06:49:41] submit 미확인 method=send generating=False composer=4618
[06:49:42] submit 시도 method=ctrl
[06:49:42] submit 미확인 method=ctrl generating=False composer=4620
[06:49:42] submit 시도 method=enter
[06:49:43] submit 확인 method=enter generating=False composer=0
[06:49:43] ⏱ 입력·전송 SRT_140 3.9s · chars=4618
[06:49:43] 제출 후 last_saved=https://www.genspark.ai/api/files/s/lhmg7iiy
[06:49:43] ⏱ 생성대기 시작 SRT_140 max=120s
[06:49:59] ⏱ 생성대기 진행 15.3s SRT_140 busy=False url_ok=False src=
[06:50:14] ⏱ 생성대기 진행 30.6s SRT_140 busy=False url_ok=False src=
[06:50:22] ⏱ 생성대기 완료 38.6s SRT_140 https://www.genspark.ai/api/files/s/5s6xwok6
[06:50:22] ⏱ 생성대기구간 SRT_140 38.6s · ok=True
[06:50:22] SRT_140 근접 이미지 https://www.genspark.ai/api/files/s/5s6xwok6
[06:50:22] 다운로드 files URL=https://www.genspark.ai/api/files/s/5s6xwok6 → SRT_140.png
[06:50:23] ⏱ 다운로드 직접 0.7s size=673807 SRT_140.png
[06:50:23] ⏱ 다운로드구간 SRT_140 0.7s · SRT_140.png
[06:50:24] ⏱ 다운로드후유휴 SRT_140 1.3s · idle=True
[06:50:24] ⏱ 씬합계 SRT_140 46.1s · https://www.genspark.ai/api/files/s/5s6xwok6
[06:50:24] SRT_140 생성·다운로드 완료
C:\cursor\wuxia\workspace\swardmaster\2부\14장\png\SRT_140.png
[06:50:24] 상태키 SRT_160 · Baek|base; Jin|base
[06:50:24] run_scene 시작 SRT_160 · seen_files=131 · last_saved=https://www.genspark.ai/api/files/s/5s6xwok6
[06:50:24] ⏱ 준비 SRT_160 0.0s · chars=4349
[06:50:25] ⏱ 다음명령유휴 SRT_160 1.3s · idle=True
[06:50:26] fill OK(clip) follow=True chars=4349
[06:50:26] submit 시작 composer=4349 url=https://www.genspark.ai/agents?id=c57bf340-9ebd-4434-8914-578d764b0f19
[06:50:26] submit geo 실패 hit=no-btn
[06:50:26] submit 시도 method=geo geo=False
[06:50:27] submit 미확인 method=geo generating=False composer=4349
[06:50:27] submit geo 실패 hit=no-btn
[06:50:27] submit 시도 method=send send=False
[06:50:28] submit 미확인 method=send generating=False composer=4349
[06:50:28] submit 시도 method=ctrl
[06:50:29] submit 미확인 method=ctrl generating=False composer=4351
[06:50:29] submit 시도 method=enter
[06:50:29] submit 확인 method=enter generating=False composer=0
[06:50:29] ⏱ 입력·전송 SRT_160 4.1s · chars=4349
[06:50:29] 제출 후 last_saved=https://www.genspark.ai/api/files/s/5s6xwok6
[06:50:30] ⏱ 생성대기 시작 SRT_160 max=120s
[06:50:43] ⏱ 생성대기 완료 13.3s SRT_160 https://www.genspark.ai/api/files/s/ayr0yxrn
[06:50:43] ⏱ 생성대기구간 SRT_160 13.3s · ok=True
[06:50:43] SRT_160 근접 이미지 https://www.genspark.ai/api/files/s/ayr0yxrn
[06:50:43] 다운로드 files URL=https://www.genspark.ai/api/files/s/ayr0yxrn → SRT_160.png
[06:50:44] ⏱ 다운로드 직접 1.1s size=650795 SRT_160.png
[06:50:44] ⏱ 다운로드구간 SRT_160 1.2s · SRT_160.png
[06:50:46] ⏱ 다운로드후유휴 SRT_160 1.4s · idle=True
[06:50:46] ⏱ 씬합계 SRT_160 21.5s · https://www.genspark.ai/api/files/s/ayr0yxrn
[06:50:46] SRT_160 생성·다운로드 완료
C:\cursor\wuxia\workspace\swardmaster\2부\14장\png\SRT_160.png
[06:50:46] 상태키 SRT_180 · Baek|base; Jin|base
[06:50:46] run_scene 시작 SRT_180 · seen_files=132 · last_saved=https://www.genspark.ai/api/files/s/ayr0yxrn
[06:50:46] ⏱ 준비 SRT_180 0.0s · chars=4329
[06:50:47] ⏱ 다음명령유휴 SRT_180 1.4s · idle=True
[06:50:48] fill OK(clip) follow=True chars=4329
[06:50:48] submit 시작 composer=4329 url=https://www.genspark.ai/agents?id=c57bf340-9ebd-4434-8914-578d764b0f19
[06:50:48] submit geo 실패 hit=no-btn
[06:50:48] submit 시도 method=geo geo=False
[06:50:48] submit 미확인 method=geo generating=False composer=4329
[06:50:49] submit geo 실패 hit=no-btn
[06:50:49] submit 시도 method=send send=False
[06:50:49] submit 미확인 method=send generating=False composer=4329
[06:50:50] submit 시도 method=ctrl
[06:50:50] submit 미확인 method=ctrl generating=False composer=4331
[06:50:50] submit 시도 method=enter
[06:50:51] submit 확인 method=enter generating=False composer=0
[06:50:51] ⏱ 입력·전송 SRT_180 3.8s · chars=4329
[06:50:51] 제출 후 last_saved=https://www.genspark.ai/api/files/s/ayr0yxrn
[06:50:51] ⏱ 생성대기 시작 SRT_180 max=120s
[06:51:06] ⏱ 생성대기 진행 15.2s SRT_180 busy=False url_ok=False src=
[06:51:08] ⏱ 생성대기 완료 16.9s SRT_180 https://www.genspark.ai/api/files/s/grnp74ea
[06:51:08] ⏱ 생성대기구간 SRT_180 16.9s · ok=True
[06:51:08] SRT_180 근접 이미지 https://www.genspark.ai/api/files/s/grnp74ea
[06:51:08] 다운로드 files URL=https://www.genspark.ai/api/files/s/grnp74ea → SRT_180.png
[06:51:09] ⏱ 다운로드 직접 1.0s size=649982 SRT_180.png
[06:51:09] ⏱ 다운로드구간 SRT_180 1.0s · SRT_180.png
[06:51:11] ⏱ 다운로드후유휴 SRT_180 1.4s · idle=True
[06:51:11] ⏱ 씬합계 SRT_180 24.8s · https://www.genspark.ai/api/files/s/grnp74ea
[06:51:11] SRT_180 생성·다운로드 완료
C:\cursor\wuxia\workspace\swardmaster\2부\14장\png\SRT_180.png
[06:51:11] 상태키 SRT_200 · Baek|base; Jin|base
[06:51:11] run_scene 시작 SRT_200 · seen_files=133 · last_saved=https://www.genspark.ai/api/files/s/grnp74ea
[06:51:11] ⏱ 준비 SRT_200 0.0s · chars=4357
[06:51:12] ⏱ 다음명령유휴 SRT_200 1.6s · idle=True
[06:51:13] fill OK(clip) follow=True chars=4357
[06:51:13] submit 시작 composer=4357 url=https://www.genspark.ai/agents?id=c57bf340-9ebd-4434-8914-578d764b0f19
[06:51:13] submit geo 실패 hit=no-btn
[06:51:13] submit 시도 method=geo geo=False
[06:51:14] submit 미확인 method=geo generating=False composer=4357
[06:51:14] submit geo 실패 hit=no-btn
[06:51:14] submit 시도 method=send send=False
[06:51:15] submit 미확인 method=send generating=False composer=4357
[06:51:15] submit 시도 method=ctrl
[06:51:16] submit 미확인 method=ctrl generating=False composer=4359
[06:51:16] submit 시도 method=enter
[06:51:17] submit 확인 method=enter generating=False composer=0
[06:51:17] ⏱ 입력·전송 SRT_200 4.3s · chars=4357
[06:51:17] 제출 후 last_saved=https://www.genspark.ai/api/files/s/grnp74ea
[06:51:17] ⏱ 생성대기 시작 SRT_200 max=120s
[06:51:32] ⏱ 생성대기 완료 14.8s SRT_200 https://www.genspark.ai/api/files/s/puzephul
[06:51:32] ⏱ 생성대기구간 SRT_200 14.8s · ok=True
[06:51:32] SRT_200 근접 이미지 https://www.genspark.ai/api/files/s/puzephul
[06:51:32] 다운로드 files URL=https://www.genspark.ai/api/files/s/puzephul → SRT_200.png
[06:51:32] ⏱ 다운로드 직접 0.7s size=680558 SRT_200.png
[06:51:32] ⏱ 다운로드구간 SRT_200 0.7s · SRT_200.png
[06:51:34] ⏱ 다운로드후유휴 SRT_200 1.5s · idle=True
[06:51:34] ⏱ 씬합계 SRT_200 23.2s · https://www.genspark.ai/api/files/s/puzephul
[06:51:34] SRT_200 생성·다운로드 완료
C:\cursor\wuxia\workspace\swardmaster\2부\14장\png\SRT_200.png
[06:51:34] 상태키 SRT_240 · Baek|base; Jin|base
[06:51:34] run_scene 시작 SRT_240 · seen_files=134 · last_saved=https://www.genspark.ai/api/files/s/puzephul
[06:51:34] ⏱ 준비 SRT_240 0.0s · chars=4710
[06:51:36] ⏱ 다음명령유휴 SRT_240 1.6s · idle=True
[06:51:36] fill OK(clip) follow=True chars=4710
[06:51:36] submit 시작 composer=4710 url=https://www.genspark.ai/agents?id=c57bf340-9ebd-4434-8914-578d764b0f19
[06:51:37] submit geo 실패 hit=no-btn
[06:51:37] submit 시도 method=geo geo=False
[06:51:37] submit 미확인 method=geo generating=False composer=4710
[06:51:37] submit geo 실패 hit=no-btn
[06:51:37] submit 시도 method=send send=False
[06:51:38] submit 미확인 method=send generating=False composer=4710
[06:51:38] submit 시도 method=ctrl
[06:51:39] submit 미확인 method=ctrl generating=False composer=4712
[06:51:39] submit 시도 method=enter
[06:51:40] submit 확인 method=enter generating=False composer=0
[06:51:40] ⏱ 입력·전송 SRT_240 4.1s · chars=4710
[06:51:40] 제출 후 last_saved=https://www.genspark.ai/api/files/s/puzephul
[06:51:40] ⏱ 생성대기 시작 SRT_240 max=120s
[06:51:53] ⏱ 생성대기 완료 13.0s SRT_240 https://www.genspark.ai/api/files/s/jpkkdmgq
[06:51:53] ⏱ 생성대기구간 SRT_240 13.0s · ok=True
[06:51:53] SRT_240 근접 이미지 https://www.genspark.ai/api/files/s/jpkkdmgq
[06:51:53] 다운로드 files URL=https://www.genspark.ai/api/files/s/jpkkdmgq → SRT_240.png
[06:51:54] ⏱ 다운로드 직접 0.7s size=626207 SRT_240.png
[06:51:54] ⏱ 다운로드구간 SRT_240 0.7s · SRT_240.png
[06:51:55] ⏱ 다운로드후유휴 SRT_240 1.5s · idle=True
[06:51:55] ⏱ 씬합계 SRT_240 21.2s · https://www.genspark.ai/api/files/s/jpkkdmgq
[06:51:55] SRT_240 생성·다운로드 완료
C:\cursor\wuxia\workspace\swardmaster\2부\14장\png\SRT_240.png
[06:51:55] 상태키 SRT_260 · Baek|base; Jin|base
[06:51:55] run_scene 시작 SRT_260 · seen_files=135 · last_saved=https://www.genspark.ai/api/files/s/jpkkdmgq
[06:51:55] ⏱ 준비 SRT_260 0.0s · chars=3297
[06:51:57] ⏱ 다음명령유휴 SRT_260 1.4s · idle=True
[06:51:58] fill OK(clip) follow=True chars=3297
[06:51:58] submit 시작 composer=3297 url=https://www.genspark.ai/agents?id=c57bf340-9ebd-4434-8914-578d764b0f19
[06:51:58] submit geo 실패 hit=no-btn
[06:51:58] submit 시도 method=geo geo=False
[06:51:58] submit 미확인 method=geo generating=False composer=3297
[06:51:59] submit geo 실패 hit=no-btn
[06:51:59] submit 시도 method=send send=False
[06:51:59] submit 미확인 method=send generating=False composer=3297
[06:52:00] submit 시도 method=ctrl
[06:52:00] submit 미확인 method=ctrl generating=False composer=3299
[06:52:00] submit 시도 method=enter
[06:52:01] submit 확인 method=enter generating=False composer=0
[06:52:01] ⏱ 입력·전송 SRT_260 4.2s · chars=3297
[06:52:01] 제출 후 last_saved=https://www.genspark.ai/api/files/s/jpkkdmgq
[06:52:01] ⏱ 생성대기 시작 SRT_260 max=120s
[06:52:15] ⏱ 생성대기 완료 14.0s SRT_260 https://www.genspark.ai/api/files/s/aqscjelx
[06:52:15] ⏱ 생성대기구간 SRT_260 14.0s · ok=True
[06:52:15] SRT_260 근접 이미지 https://www.genspark.ai/api/files/s/aqscjelx
[06:52:15] 다운로드 files URL=https://www.genspark.ai/api/files/s/aqscjelx → SRT_260.png
[06:52:16] ⏱ 다운로드 직접 0.7s size=533476 SRT_260.png
[06:52:16] ⏱ 다운로드구간 SRT_260 0.7s · SRT_260.png
[06:52:17] ⏱ 다운로드후유휴 SRT_260 1.3s · idle=True
[06:52:17] ⏱ 씬합계 SRT_260 22.0s · https://www.genspark.ai/api/files/s/aqscjelx
[06:52:17] SRT_260 생성·다운로드 완료
C:\cursor\wuxia\workspace\swardmaster\2부\14장\png\SRT_260.png
[06:52:18] 상태키 SRT_280 · Baek|base; Jin|base
[06:52:18] run_scene 시작 SRT_280 · seen_files=136 · last_saved=https://www.genspark.ai/api/files/s/aqscjelx
[06:52:18] ⏱ 준비 SRT_280 0.0s · chars=3321
[06:52:19] ⏱ 다음명령유휴 SRT_280 1.3s · idle=True
[06:52:20] fill OK(clip) follow=True chars=3321
[06:52:20] submit 시작 composer=3321 url=https://www.genspark.ai/agents?id=c57bf340-9ebd-4434-8914-578d764b0f19
[06:52:20] submit geo 실패 hit=no-btn
[06:52:20] submit 시도 method=geo geo=False
[06:52:20] submit 미확인 method=geo generating=False composer=3321
[06:52:21] submit geo 실패 hit=no-btn
[06:52:21] submit 시도 method=send send=False
[06:52:21] submit 미확인 method=send generating=False composer=3321
[06:52:21] submit 시도 method=ctrl
[06:52:22] submit 미확인 method=ctrl generating=False composer=3323
[06:52:22] submit 시도 method=enter
[06:52:23] submit 확인 method=enter generating=False composer=0
[06:52:23] ⏱ 입력·전송 SRT_280 3.9s · chars=3321
[06:52:23] 제출 후 last_saved=https://www.genspark.ai/api/files/s/aqscjelx
[06:52:23] ⏱ 생성대기 시작 SRT_280 max=120s
[06:52:38] ⏱ 생성대기 완료 15.1s SRT_280 https://www.genspark.ai/api/files/s/327fjhcl
[06:52:38] ⏱ 생성대기구간 SRT_280 15.1s · ok=True
[06:52:38] SRT_280 근접 이미지 https://www.genspark.ai/api/files/s/327fjhcl
[06:52:38] 다운로드 files URL=https://www.genspark.ai/api/files/s/327fjhcl → SRT_280.png
[06:52:39] ⏱ 다운로드 직접 0.8s size=539919 SRT_280.png
[06:52:39] ⏱ 다운로드구간 SRT_280 0.8s · SRT_280.png
[06:52:40] ⏱ 다운로드후유휴 SRT_280 1.4s · idle=True
[06:52:40] ⏱ 씬합계 SRT_280 22.8s · https://www.genspark.ai/api/files/s/327fjhcl
[06:52:40] SRT_280 생성·다운로드 완료
C:\cursor\wuxia\workspace\swardmaster\2부\14장\png\SRT_280.png
[06:52:41] 상태키 SRT_300 · Baek|base; Jin|base
[06:52:41] run_scene 시작 SRT_300 · seen_files=137 · last_saved=https://www.genspark.ai/api/files/s/327fjhcl
[06:52:41] ⏱ 준비 SRT_300 0.0s · chars=3323
[06:52:42] ⏱ 다음명령유휴 SRT_300 1.3s · idle=True
[06:52:43] fill OK(clip) follow=True chars=3323
[06:52:43] submit 시작 composer=3323 url=https://www.genspark.ai/agents?id=c57bf340-9ebd-4434-8914-578d764b0f19
[06:52:43] submit geo 실패 hit=no-btn
[06:52:43] submit 시도 method=geo geo=False
[06:52:43] submit 미확인 method=geo generating=False composer=3323
[06:52:44] submit geo 실패 hit=no-btn
[06:52:44] submit 시도 method=send send=False
[06:52:44] submit 미확인 method=send generating=False composer=3323
[06:52:44] submit 시도 method=ctrl
[06:52:45] submit 미확인 method=ctrl generating=False composer=3325
[06:52:45] submit 시도 method=enter
[06:52:46] submit 확인 method=enter generating=False composer=0
[06:52:46] ⏱ 입력·전송 SRT_300 3.9s · chars=3323
[06:52:46] 제출 후 last_saved=https://www.genspark.ai/api/files/s/327fjhcl
[06:52:46] ⏱ 생성대기 시작 SRT_300 max=120s
[06:53:01] ⏱ 생성대기 진행 15.0s SRT_300 busy=False url_ok=True src=https://www.genspark.ai/api/files/s/tclsy9nz
[06:53:01] ⏱ 생성대기 완료 15.3s SRT_300 https://www.genspark.ai/api/files/s/tclsy9nz
[06:53:01] ⏱ 생성대기구간 SRT_300 15.3s · ok=True
[06:53:01] SRT_300 근접 이미지 https://www.genspark.ai/api/files/s/tclsy9nz
[06:53:01] 다운로드 files URL=https://www.genspark.ai/api/files/s/tclsy9nz → SRT_300.png
[06:53:02] ⏱ 다운로드 직접 0.7s size=492960 SRT_300.png
[06:53:02] ⏱ 다운로드구간 SRT_300 0.7s · SRT_300.png
[06:53:03] ⏱ 다운로드후유휴 SRT_300 1.3s · idle=True
[06:53:03] ⏱ 씬합계 SRT_300 22.9s · https://www.genspark.ai/api/files/s/tclsy9nz
[06:53:03] SRT_300 생성·다운로드 완료
C:\cursor\wuxia\workspace\swardmaster\2부\14장\png\SRT_300.png
[06:53:04] 상태키 SRT_320 · Baek|base; Jin|base
[06:53:04] run_scene 시작 SRT_320 · seen_files=138 · last_saved=https://www.genspark.ai/api/files/s/tclsy9nz
[06:53:04] ⏱ 준비 SRT_320 0.0s · chars=3313
[06:53:05] ⏱ 다음명령유휴 SRT_320 1.2s · idle=True
[06:53:05] fill OK(clip) follow=True chars=3313
[06:53:05] submit 시작 composer=3313 url=https://www.genspark.ai/agents?id=c57bf340-9ebd-4434-8914-578d764b0f19
[06:53:06] submit geo 실패 hit=no-btn
[06:53:06] submit 시도 method=geo geo=False
[06:53:06] submit 미확인 method=geo generating=False composer=3313
[06:53:06] submit geo 실패 hit=no-btn
[06:53:06] submit 시도 method=send send=False
[06:53:07] submit 미확인 method=send generating=False composer=3313
[06:53:07] submit 시도 method=ctrl
[06:53:08] submit 미확인 method=ctrl generating=False composer=3315
[06:53:08] submit 시도 method=enter
[06:53:09] submit 확인 method=enter generating=False composer=0
[06:53:09] ⏱ 입력·전송 SRT_320 3.8s · chars=3313
[06:53:09] 제출 후 last_saved=https://www.genspark.ai/api/files/s/tclsy9nz
[06:53:09] ⏱ 생성대기 시작 SRT_320 max=120s
[06:53:24] ⏱ 생성대기 진행 15.4s SRT_320 busy=False url_ok=False src=
[06:53:25] ⏱ 생성대기 완료 16.6s SRT_320 https://www.genspark.ai/api/files/s/2c4qtyzg
[06:53:25] ⏱ 생성대기구간 SRT_320 16.6s · ok=True
[06:53:25] SRT_320 근접 이미지 https://www.genspark.ai/api/files/s/2c4qtyzg
[06:53:25] 다운로드 files URL=https://www.genspark.ai/api/files/s/2c4qtyzg → SRT_320.png
[06:53:26] ⏱ 다운로드 직접 0.7s size=615083 SRT_320.png
[06:53:26] ⏱ 다운로드구간 SRT_320 0.7s · SRT_320.png
[06:53:28] ⏱ 다운로드후유휴 SRT_320 1.4s · idle=True
[06:53:28] ⏱ 씬합계 SRT_320 24.0s · https://www.genspark.ai/api/files/s/2c4qtyzg
[06:53:28] SRT_320 생성·다운로드 완료
C:\cursor\wuxia\workspace\swardmaster\2부\14장\png\SRT_320.png
[06:53:28] 상태키 SRT_340 · Baek|base; Jin|base
[06:53:28] run_scene 시작 SRT_340 · seen_files=139 · last_saved=https://www.genspark.ai/api/files/s/2c4qtyzg
[06:53:28] ⏱ 준비 SRT_340 0.0s · chars=3304
[06:53:29] ⏱ 다음명령유휴 SRT_340 1.4s · idle=True
[06:53:30] fill OK(clip) follow=True chars=3304
[06:53:30] submit 시작 composer=3304 url=https://www.genspark.ai/agents?id=c57bf340-9ebd-4434-8914-578d764b0f19
[06:53:30] submit geo 실패 hit=no-btn
[06:53:30] submit 시도 method=geo geo=False
[06:53:31] submit 미확인 method=geo generating=False composer=3304
[06:53:31] submit geo 실패 hit=no-btn
[06:53:31] submit 시도 method=send send=False
[06:53:31] submit 미확인 method=send generating=False composer=3304
[06:53:32] submit 시도 method=ctrl
[06:53:32] submit 미확인 method=ctrl generating=False composer=3306
[06:53:32] submit 시도 method=enter
[06:53:33] submit 확인 method=enter generating=False composer=0
[06:53:33] ⏱ 입력·전송 SRT_340 4.0s · chars=3304
[06:53:33] 제출 후 last_saved=https://www.genspark.ai/api/files/s/2c4qtyzg
[06:53:33] ⏱ 생성대기 시작 SRT_340 max=120s
[06:53:48] ⏱ 생성대기 진행 15.1s SRT_340 busy=False url_ok=False src=
[06:53:50] ⏱ 생성대기 완료 16.4s SRT_340 https://www.genspark.ai/api/files/s/1viwtopm
[06:53:50] ⏱ 생성대기구간 SRT_340 16.4s · ok=True
[06:53:50] SRT_340 근접 이미지 https://www.genspark.ai/api/files/s/1viwtopm
[06:53:50] 다운로드 files URL=https://www.genspark.ai/api/files/s/1viwtopm → SRT_340.png
[06:53:50] ⏱ 다운로드 직접 0.7s size=616529 SRT_340.png
[06:53:50] ⏱ 다운로드구간 SRT_340 0.7s · SRT_340.png
[06:53:52] ⏱ 다운로드후유휴 SRT_340 1.3s · idle=True
[06:53:52] ⏱ 씬합계 SRT_340 23.9s · https://www.genspark.ai/api/files/s/1viwtopm
[06:53:52] SRT_340 생성·다운로드 완료
C:\cursor\wuxia\workspace\swardmaster\2부\14장\png\SRT_340.png
[06:53:52] 상태키 SRT_360 · Baek|base; Jin|base
[06:53:52] run_scene 시작 SRT_360 · seen_files=140 · last_saved=https://www.genspark.ai/api/files/s/1viwtopm
[06:53:52] ⏱ 준비 SRT_360 0.0s · chars=4368
[06:53:53] ⏱ 다음명령유휴 SRT_360 1.3s · idle=True
[06:53:54] fill OK(clip) follow=True chars=4368
[06:53:54] submit 시작 composer=4368 url=https://www.genspark.ai/agents?id=c57bf340-9ebd-4434-8914-578d764b0f19
[06:53:54] submit geo 실패 hit=no-btn
[06:53:54] submit 시도 method=geo geo=False
[06:53:54] submit 미확인 method=geo generating=False composer=4368
[06:53:55] submit geo 실패 hit=no-btn
[06:53:55] submit 시도 method=send send=False
[06:53:55] submit 미확인 method=send generating=False composer=4368
[06:53:55] submit 시도 method=ctrl
[06:53:56] submit 미확인 method=ctrl generating=False composer=4370
[06:53:56] submit 시도 method=enter
[06:53:57] submit 확인 method=enter generating=False composer=0
[06:53:57] ⏱ 입력·전송 SRT_360 3.9s · chars=4368
[06:53:57] 제출 후 last_saved=https://www.genspark.ai/api/files/s/1viwtopm
[06:53:57] ⏱ 생성대기 시작 SRT_360 max=120s
[06:54:12] ⏱ 생성대기 진행 15.2s SRT_360 busy=False url_ok=True src=https://www.genspark.ai/api/files/s/x1nsjmwt
[06:54:13] ⏱ 생성대기 완료 15.5s SRT_360 https://www.genspark.ai/api/files/s/x1nsjmwt
[06:54:13] ⏱ 생성대기구간 SRT_360 15.5s · ok=True
[06:54:13] SRT_360 근접 이미지 https://www.genspark.ai/api/files/s/x1nsjmwt
[06:54:13] 다운로드 files URL=https://www.genspark.ai/api/files/s/x1nsjmwt → SRT_360.png
[06:54:13] ⏱ 다운로드 직접 0.7s size=656222 SRT_360.png
[06:54:13] ⏱ 다운로드구간 SRT_360 0.7s · SRT_360.png
[06:54:15] ⏱ 다운로드후유휴 SRT_360 1.3s · idle=True
[06:54:15] ⏱ 씬합계 SRT_360 22.8s · https://www.genspark.ai/api/files/s/x1nsjmwt
[06:54:15] SRT_360 생성·다운로드 완료
C:\cursor\wuxia\workspace\swardmaster\2부\14장\png\SRT_360.png
[06:54:15] 상태키 SRT_380 · Baek|base; Jin|base
[06:54:15] run_scene 시작 SRT_380 · seen_files=141 · last_saved=https://www.genspark.ai/api/files/s/x1nsjmwt
[06:54:15] ⏱ 준비 SRT_380 0.0s · chars=6255
[06:54:16] ⏱ 다음명령유휴 SRT_380 1.2s · idle=True
[06:54:17] fill OK(clip) follow=True chars=6255
[06:54:17] submit 시작 composer=6255 url=https://www.genspark.ai/agents?id=c57bf340-9ebd-4434-8914-578d764b0f19
[06:54:17] submit geo 실패 hit=no-btn
[06:54:17] submit 시도 method=geo geo=False
[06:54:17] submit 미확인 method=geo generating=False composer=6255
[06:54:18] submit geo 실패 hit=no-btn
[06:54:18] submit 시도 method=send send=False
[06:54:18] submit 미확인 method=send generating=False composer=6255
[06:54:19] submit 시도 method=ctrl
[06:54:19] submit 미확인 method=ctrl generating=False composer=6257
[06:54:19] submit 시도 method=enter
[06:54:20] submit 확인 method=enter generating=False composer=0
[06:54:20] ⏱ 입력·전송 SRT_380 3.9s · chars=6255
[06:54:20] 제출 후 last_saved=https://www.genspark.ai/api/files/s/x1nsjmwt
[06:54:20] ⏱ 생성대기 시작 SRT_380 max=120s
[06:54:35] ⏱ 생성대기 진행 15.2s SRT_380 busy=False url_ok=False src=
[06:54:38] ⏱ 생성대기 완료 18.3s SRT_380 https://www.genspark.ai/api/files/s/dxzhac8z
[06:54:38] ⏱ 생성대기구간 SRT_380 18.3s · ok=True
[06:54:39] SRT_380 근접 이미지 https://www.genspark.ai/api/files/s/dxzhac8z
[06:54:39] 다운로드 files URL=https://www.genspark.ai/api/files/s/dxzhac8z → SRT_380.png
[06:54:40] ⏱ 다운로드 직접 1.4s size=708581 SRT_380.png
[06:54:40] ⏱ 다운로드구간 SRT_380 1.4s · SRT_380.png
[06:54:41] ⏱ 다운로드후유휴 SRT_380 1.5s · idle=True
[06:54:41] ⏱ 씬합계 SRT_380 26.6s · https://www.genspark.ai/api/files/s/dxzhac8z
[06:54:41] SRT_380 생성·다운로드 완료
C:\cursor\wuxia\workspace\swardmaster\2부\14장\png\SRT_380.png
[06:54:42] 상태키 SRT_400 · Baek|base; Jin|base
[06:54:42] run_scene 시작 SRT_400 · seen_files=142 · last_saved=https://www.genspark.ai/api/files/s/dxzhac8z
[06:54:42] ⏱ 준비 SRT_400 0.0s · chars=4045
[06:54:43] ⏱ 다음명령유휴 SRT_400 1.4s · idle=True
[06:54:44] fill OK(clip) follow=True chars=4045
[06:54:44] submit 시작 composer=4045 url=https://www.genspark.ai/agents?id=c57bf340-9ebd-4434-8914-578d764b0f19
[06:54:44] submit geo 실패 hit=no-btn
[06:54:44] submit 시도 method=geo geo=False
[06:54:44] submit 미확인 method=geo generating=False composer=4045
[06:54:45] submit geo 실패 hit=no-btn
[06:54:45] submit 시도 method=send send=False
[06:54:45] submit 미확인 method=send generating=False composer=4045
[06:54:46] submit 시도 method=ctrl
[06:54:46] submit 미확인 method=ctrl generating=False composer=4047
[06:54:47] submit 시도 method=enter
[06:54:47] submit 확인 method=enter generating=False composer=0
[06:54:47] ⏱ 입력·전송 SRT_400 4.2s · chars=4045
[06:54:47] 제출 후 last_saved=https://www.genspark.ai/api/files/s/dxzhac8z
[06:54:47] ⏱ 생성대기 시작 SRT_400 max=120s
[06:55:03] ⏱ 생성대기 진행 15.2s SRT_400 busy=False url_ok=False src=
[06:55:07] ⏱ 생성대기 완료 19.9s SRT_400 https://www.genspark.ai/api/files/s/fgklwm5l
[06:55:07] ⏱ 생성대기구간 SRT_400 19.9s · ok=True
[06:55:07] SRT_400 근접 이미지 https://www.genspark.ai/api/files/s/fgklwm5l
[06:55:07] 다운로드 files URL=https://www.genspark.ai/api/files/s/fgklwm5l → SRT_400.png
[06:55:08] ⏱ 다운로드 직접 0.7s size=771757 SRT_400.png
[06:55:08] ⏱ 다운로드구간 SRT_400 0.7s · SRT_400.png
[06:55:10] ⏱ 다운로드후유휴 SRT_400 1.4s · idle=True
[06:55:10] ⏱ 씬합계 SRT_400 27.9s · https://www.genspark.ai/api/files/s/fgklwm5l
[06:55:10] SRT_400 생성·다운로드 완료
C:\cursor\wuxia\workspace\swardmaster\2부\14장\png\SRT_400.png
[06:55:10] 상태키 SRT_420 · Baek|base; Jin|base
[06:55:10] run_scene 시작 SRT_420 · seen_files=143 · last_saved=https://www.genspark.ai/api/files/s/fgklwm5l
[06:55:10] ⏱ 준비 SRT_420 0.0s · chars=2755
[06:55:11] ⏱ 다음명령유휴 SRT_420 1.5s · idle=True
[06:55:16] fill 실패: 후보 1개
[06:55:16] run_scene 실패(재시도 없음): 이어쓰기 입력란을 찾지 못했습니다.
[06:55:16] SRT_420 실패 — 다음 씬 계속
이어쓰기 입력란을 찾지 못했습니다.
[06:55:16] 상태키 SRT_440 · Baek|base; Jin|base
[06:55:16] 늦은이미지 회수 실패 SRT_420: SRT_420 요청 아래 새 이미지가 없습니다.
[06:55:16] run_scene 시작 SRT_440 · seen_files=143 · last_saved=https://www.genspark.ai/api/files/s/fgklwm5l
[06:55:16] ⏱ 준비 SRT_440 0.0s · chars=2774
[06:55:17] ⏱ 다음명령유휴 SRT_440 1.5s · idle=True
[06:55:21] fill OK(clip) follow=True chars=2774
[06:55:21] submit 시작 composer=2774 url=https://www.genspark.ai/agents?id=c57bf340-9ebd-4434-8914-578d764b0f19
[06:55:21] submit geo 실패 hit=no-btn
[06:55:21] submit 시도 method=geo geo=False
[06:55:21] submit 미확인 method=geo generating=False composer=2774
[06:55:22] submit geo 실패 hit=no-btn
[06:55:22] submit 시도 method=send send=False
[06:55:22] submit 미확인 method=send generating=False composer=2774
[06:55:22] submit 시도 method=ctrl
[06:55:23] submit 미확인 method=ctrl generating=False composer=2776
[06:55:23] submit 시도 method=enter
[06:55:24] submit 확인 method=enter generating=False composer=0
[06:55:24] ⏱ 입력·전송 SRT_440 6.4s · chars=2774
[06:55:24] 제출 후 last_saved=https://www.genspark.ai/api/files/s/fgklwm5l
[06:55:24] ⏱ 생성대기 시작 SRT_440 max=120s
[06:55:39] ⏱ 생성대기 진행 15.1s SRT_440 busy=False url_ok=False src=
[06:55:44] ⏱ 생성대기 완료 19.9s SRT_440 https://www.genspark.ai/api/files/s/bspraudf
[06:55:44] ⏱ 생성대기구간 SRT_440 19.9s · ok=True
[06:55:44] SRT_440 근접 이미지 https://www.genspark.ai/api/files/s/bspraudf
[06:55:44] 다운로드 files URL=https://www.genspark.ai/api/files/s/bspraudf → SRT_440.png
[06:55:45] ⏱ 다운로드 직접 0.7s size=711460 SRT_440.png
[06:55:45] ⏱ 다운로드구간 SRT_440 0.7s · SRT_440.png
[06:55:46] ⏱ 다운로드후유휴 SRT_440 1.3s · idle=True
[06:55:46] ⏱ 씬합계 SRT_440 30.0s · https://www.genspark.ai/api/files/s/bspraudf
[06:55:46] SRT_440 생성·다운로드 완료
C:\cursor\wuxia\workspace\swardmaster\2부\14장\png\SRT_440.png
[06:55:46] 상태키 SRT_460 · Baek|base; Jin|base
[06:55:46] 늦은이미지 회수 실패 SRT_420: SRT_420 요청 아래 새 이미지가 없습니다.
[06:55:46] run_scene 시작 SRT_460 · seen_files=144 · last_saved=https://www.genspark.ai/api/files/s/bspraudf
[06:55:46] ⏱ 준비 SRT_460 0.0s · chars=4693
[06:55:47] ⏱ 다음명령유휴 SRT_460 1.3s · idle=True
[06:55:48] raw editors evaluate 실패: Page.evaluate: Target page, context or browser has been closed
[06:55:48] raw editors: (none)
[06:55:48] raw editors evaluate 실패: Page.evaluate: Target page, context or browser has been closed
[06:55:48] raw editors: (none)
[06:55:48] fill 실패: 입력칸 없음 follow=True url=https://www.genspark.ai/agents?id=c57bf340-9ebd-4434-8914-578d764b0f19
[06:55:48] run_scene 실패(재시도 없음): 이어쓰기 입력란을 찾지 못했습니다.
[06:55:48] SRT_460 실패 — 다음 씬 계속
이어쓰기 입력란을 찾지 못했습니다.
[06:55:48] 상태키 SRT_520 · Baek|base; Jin|base
[06:55:48] SRT_520 실패 — 다음 씬 계속
브라우저 탭이 닫혔습니다. 「실행」를 다시 눌러 주세요.
[06:55:48] 상태키 SRT_560 · Baek|base; Jin|base
[06:55:48] SRT_560 실패 — 다음 씬 계속
브라우저 탭이 닫혔습니다. 「실행」를 다시 눌러 주세요.
[06:55:48] 상태키 SRT_580 · Baek|base; Jin|base
[06:55:48] SRT_580 실패 — 다음 씬 계속
브라우저 탭이 닫혔습니다. 「실행」를 다시 눌러 주세요.
[06:55:48] 상태키 SRT_620 · Baek|base; Jin|base
[06:55:48] SRT_620 실패 — 다음 씬 계속
브라우저 탭이 닫혔습니다. 「실행」를 다시 눌러 주세요.
[06:55:49] 상태키 SRT_660 · Baek|base; Jin|base
[06:55:49] SRT_660 실패 — 다음 씬 계속
브라우저 탭이 닫혔습니다. 「실행」를 다시 눌러 주세요.
[06:55:49] 상태키 SRT_680 · Baek|base; Jin|base
[06:55:49] SRT_680 실패 — 다음 씬 계속
브라우저 탭이 닫혔습니다. 「실행」를 다시 눌러 주세요.
[06:55:49] 상태키 SRT_720 · Baek|base; Jin|base
[06:55:49] SRT_720 실패 — 다음 씬 계속
브라우저 탭이 닫혔습니다. 「실행」를 다시 눌러 주세요.
[06:55:49] 상태키 SRT_740 · Baek|base; Jin|base
[06:55:49] SRT_740 실패 — 다음 씬 계속
브라우저 탭이 닫혔습니다. 「실행」를 다시 눌러 주세요.
[06:55:49] 상태키 SRT_760 · Baek|base; Jin|base
[06:55:49] SRT_760 실패 — 다음 씬 계속
브라우저 탭이 닫혔습니다. 「실행」를 다시 눌러 주세요.
[06:55:49] 상태키 SRT_780 · Baek|base; Jin|base
[06:55:49] SRT_780 실패 — 다음 씬 계속
브라우저 탭이 닫혔습니다. 「실행」를 다시 눌러 주세요.
[06:55:50] 상태키 SRT_800 · Baek|base; Jin|base
[06:55:50] SRT_800 실패 — 다음 씬 계속
브라우저 탭이 닫혔습니다. 「실행」를 다시 눌러 주세요.
[06:55:50] 상태키 SRT_820 · Baek|base; Jin|base
[06:55:50] SRT_820 실패 — 다음 씬 계속
브라우저 탭이 닫혔습니다. 「실행」를 다시 눌러 주세요.
[06:55:50] 상태키 SRT_860 · Baek|base; Jin|base
[06:55:50] SRT_860 실패 — 다음 씬 계속
브라우저 탭이 닫혔습니다. 「실행」를 다시 눌러 주세요.
[06:55:50] 상태키 SRT_880 · Baek|base; Jin|base
[06:55:50] SRT_880 실패 — 다음 씬 계속
브라우저 탭이 닫혔습니다. 「실행」를 다시 눌러 주세요.
[06:55:50] 상태키 SRT_900 · Baek|base; Jin|base
[06:55:50] SRT_900 실패 — 다음 씬 계속
브라우저 탭이 닫혔습니다. 「실행」를 다시 눌러 주세요.
[06:55:50] 상태키 SRT_920 · Baek|base; Jin|base
[06:55:50] SRT_920 실패 — 다음 씬 계속
브라우저 탭이 닫혔습니다. 「실행」를 다시 눌러 주세요.
[06:55:51] 상태키 SRT_940 · Baek|base; Jin|base
[06:55:51] SRT_940 실패 — 다음 씬 계속
브라우저 탭이 닫혔습니다. 「실행」를 다시 눌러 주세요.
[06:55:51] 상태키 SRT_960 · Baek|base; Jin|base
[06:55:51] SRT_960 실패 — 다음 씬 계속
브라우저 탭이 닫혔습니다. 「실행」를 다시 눌러 주세요.
[06:55:51] 상태키 SRT_1000 · Baek|base; Jin|base
[06:55:51] SRT_1000 실패 — 다음 씬 계속
브라우저 탭이 닫혔습니다. 「실행」를 다시 눌러 주세요.
[06:55:51] 상태키 SRT_1020 · Baek|base; Jin|base
[06:55:51] SRT_1020 실패 — 다음 씬 계속
브라우저 탭이 닫혔습니다. 「실행」를 다시 눌러 주세요.
[06:55:51] 상태키 SRT_1040 · Baek|base; Jin|base
[06:55:51] SRT_1040 실패 — 다음 씬 계속
브라우저 탭이 닫혔습니다. 「실행」를 다시 눌러 주세요.
[06:55:51] 상태키 SRT_1060 · Baek|base; Jin|base
[06:55:51] SRT_1060 실패 — 다음 씬 계속
브라우저 탭이 닫혔습니다. 「실행」를 다시 눌러 주세요.
[06:55:52] 상태키 SRT_1080 · Baek|base; Jin|base
[06:55:52] SRT_1080 실패 — 다음 씬 계속
브라우저 탭이 닫혔습니다. 「실행」를 다시 눌러 주세요.
[06:55:52] 상태키 SRT_1100 · Baek|base; Jin|base
[06:55:52] SRT_1100 실패 — 다음 씬 계속
브라우저 탭이 닫혔습니다. 「실행」를 다시 눌러 주세요.
[06:55:52] 상태키 SRT_1160 · Baek|base; Jin|base
[06:55:52] SRT_1160 실패 — 다음 씬 계속
브라우저 탭이 닫혔습니다. 「실행」를 다시 눌러 주세요.
[06:55:52] 상태키 SRT_1180 · Baek|base; Jin|base
[06:55:52] SRT_1180 실패 — 다음 씬 계속
브라우저 탭이 닫혔습니다. 「실행」를 다시 눌러 주세요.
[06:55:52] 상태키 SRT_1200 · Baek|base; Jin|base
[06:55:52] SRT_1200 실패 — 다음 씬 계속
브라우저 탭이 닫혔습니다. 「실행」를 다시 눌러 주세요.
[06:55:52] 상태키 SRT_1220 · Baek|base; Jin|base
[06:55:52] SRT_1220 실패 — 다음 씬 계속
브라우저 탭이 닫혔습니다. 「실행」를 다시 눌러 주세요.
[06:55:53] 상태키 SRT_1240 · Baek|base; Jin|base
[06:55:53] SRT_1240 실패 — 다음 씬 계속
브라우저 탭이 닫혔습니다. 「실행」를 다시 눌러 주세요.
[06:55:53] 상태키 SRT_1260 · Baek|base; Jin|base
[06:55:53] SRT_1260 실패 — 다음 씬 계속
브라우저 탭이 닫혔습니다. 「실행」를 다시 눌러 주세요.
[06:55:53] 상태키 SRT_1300 · Baek|base; Jin|base
[06:55:53] SRT_1300 실패 — 다음 씬 계속
브라우저 탭이 닫혔습니다. 「실행」를 다시 눌러 주세요.
[06:55:53] 상태키 SRT_1320 · Baek|base; Jin|base
[06:55:53] SRT_1320 실패 — 다음 씬 계속
브라우저 탭이 닫혔습니다. 「실행」를 다시 눌러 주세요.
[06:55:53] 상태키 SRT_1340 · Baek|base; Jin|base
[06:55:53] SRT_1340 실패 — 다음 씬 계속
브라우저 탭이 닫혔습니다. 「실행」를 다시 눌러 주세요.
[06:55:53] 상태키 SRT_1360 · Baek|base; Jin|base
[06:55:53] SRT_1360 실패 — 다음 씬 계속
브라우저 탭이 닫혔습니다. 「실행」를 다시 눌러 주세요.
[06:55:54] 상태키 SRT_1380 · Baek|base; Jin|base
[06:55:54] SRT_1380 실패 — 다음 씬 계속
브라우저 탭이 닫혔습니다. 「실행」를 다시 눌러 주세요.
[06:55:54] 상태키 SRT_1400 · Baek|base; Jin|base
[06:55:54] SRT_1400 실패 — 다음 씬 계속
브라우저 탭이 닫혔습니다. 「실행」를 다시 눌러 주세요.
[06:55:54] 상태키 SRT_1420 · Baek|base; Jin|base
[06:55:54] SRT_1420 실패 — 다음 씬 계속
브라우저 탭이 닫혔습니다. 「실행」를 다시 눌러 주세요.
[06:55:54] 상태키 SRT_1431 · Baek|base; Jin|base
[06:55:54] SRT_1431 실패 — 다음 씬 계속
브라우저 탭이 닫혔습니다. 「실행」를 다시 눌러 주세요.
[07:04:03] 탭로그 ON — 실행·생성 · 씬 42개 · reopen=True · 한도대기ON
[07:04:09] ChromeDebug 재시작 slot=0 port=9242 user_data=C:\ChromeDebug_2_5 reused=0
[07:04:13] 모델 이미 Pro: Nano Banana Pro
[07:04:13] 세션 준비 — login=OK model=Nano Banana Pro auto=True
[07:04:13] ensure_page cur_sc=10 prefer_sc=10 cur=https://www.genspark.ai/ai_image prefer=https://www.genspark.ai/ai_image
[07:04:14] fill OK(clip) follow=True chars=74076
[07:04:15] 입력창 붙여넣기 — 프롬프트 50827자 + SRT 23206자 = 합계 74076자
  prompt=C:/cursor/wuxia/2_5_sceneImage/md/image.wuxiz.txt
  srt=C:\cursor\wuxia\workspace\swardmaster\2부\14장\mp3\new.srt
[07:04:16] ensure_page cur_sc=10 prefer_sc=10 cur=https://www.genspark.ai/ai_image prefer=https://www.genspark.ai/ai_image
[07:04:17] 동일 입력창에 명령 추가(미실행): ===== CHARACTER LOOK (SRT_400) =====
State keys: Jin≈19|base; Namgung|base
Jin Muhan, approximately nineteen years old, East-Asian young swordsman, sharp narrow phoenix eyes, high …
[07:04:17] 상태키 SRT_400 · Baek|base; Jin|base
[07:04:17] run_scene 시작 SRT_400 · seen_files=144 · last_saved=https://www.genspark.ai/api/files/s/bspraudf
[07:04:17] ensure_page cur_sc=10 prefer_sc=10 cur=https://www.genspark.ai/ai_image prefer=https://www.genspark.ai/ai_image
[07:04:18] 모델 선택 시작 현재=(없음)
[07:04:18] 모델 선택 결과 ok=False 칩=(없음) picked=
[07:04:18] ⏱ 준비 SRT_400 0.1s · chars=4646
[07:04:18] submit 시작 composer=4646 url=https://www.genspark.ai/ai_image
[07:04:18] submit geo 실패 hit=no-btn
[07:04:18] submit 시도 method=geo geo=False
[07:04:18] submit 미확인 method=geo generating=False composer=4646
[07:04:19] submit geo 실패 hit=no-btn
[07:04:19] submit 시도 method=send send=False
[07:04:19] submit 미확인 method=send generating=False composer=4646
[07:04:20] submit 시도 method=ctrl
[07:04:20] submit 미확인 method=ctrl generating=False composer=4648
[07:04:21] submit 시도 method=enter
[07:04:21] submit 확인 method=enter generating=False composer=0
[07:04:21] ⏱ 입력창전송 SRT_400 3.9s
[07:04:21] 제출 후 last_saved=https://www.genspark.ai/api/files/s/bspraudf
[07:04:22] ⏱ 생성대기 시작 SRT_400 max=120s
[07:04:37] ⏱ 생성대기 진행 15.3s SRT_400 busy=False url_ok=False src=
[07:04:42] ⏱ 생성대기 완료 20.0s SRT_400 https://www.genspark.ai/api/files/s/blmcm97v
[07:04:42] ⏱ 생성대기구간 SRT_400 20.0s · ok=True
[07:04:42] SRT_400 근접 이미지 https://www.genspark.ai/api/files/s/blmcm97v
[07:04:42] 다운로드 files URL=https://www.genspark.ai/api/files/s/blmcm97v → SRT_400.png
[07:04:42] ⏱ 다운로드 직접 0.7s size=687451 SRT_400.png
[07:04:42] ⏱ 다운로드구간 SRT_400 0.7s · SRT_400.png
[07:04:44] ⏱ 다운로드후유휴 SRT_400 1.3s · idle=True
[07:04:44] ⏱ 씬합계 SRT_400 26.3s · https://www.genspark.ai/api/files/s/blmcm97v
[07:04:44] SRT_400 생성·다운로드 완료
C:\cursor\wuxia\workspace\swardmaster\2부\14장\png\SRT_400.png
[07:04:44] 상태키 SRT_420 · Baek|base; Jin|base
[07:04:44] run_scene 시작 SRT_420 · seen_files=145 · last_saved=https://www.genspark.ai/api/files/s/blmcm97v
[07:04:44] ⏱ 준비 SRT_420 0.0s · chars=3400
[07:04:45] ⏱ 다음명령유휴 SRT_420 1.2s · idle=True
[07:04:46] fill OK(clip) follow=True chars=3400
[07:04:46] submit 시작 composer=3400 url=https://www.genspark.ai/agents?id=cad5ae24-8328-4877-8bb4-c605aa8f2773
[07:04:46] submit geo 실패 hit=no-btn
[07:04:46] submit 시도 method=geo geo=False
[07:04:47] submit 미확인 method=geo generating=False composer=3400
[07:04:47] submit geo 실패 hit=no-btn
[07:04:47] submit 시도 method=send send=False
[07:04:47] submit 미확인 method=send generating=False composer=3400
[07:04:48] submit 시도 method=ctrl
[07:04:48] submit 미확인 method=ctrl generating=False composer=3402
[07:04:48] submit 시도 method=enter
[07:04:49] submit 확인 method=enter generating=False composer=0
[07:04:49] ⏱ 입력·전송 SRT_420 3.8s · chars=3400
[07:04:49] 제출 후 last_saved=https://www.genspark.ai/api/files/s/blmcm97v
[07:04:49] ⏱ 생성대기 시작 SRT_420 max=120s
[07:04:59] ⏱ 생성대기 완료 9.7s SRT_420 https://www.genspark.ai/api/files/s/g9pmov1k
[07:04:59] ⏱ 생성대기구간 SRT_420 9.7s · ok=True
[07:04:59] SRT_420 근접 이미지 https://www.genspark.ai/api/files/s/g9pmov1k
[07:04:59] 다운로드 files URL=https://www.genspark.ai/api/files/s/g9pmov1k → SRT_420.png
[07:05:00] ⏱ 다운로드 직접 0.7s size=720102 SRT_420.png
[07:05:00] ⏱ 다운로드구간 SRT_420 0.7s · SRT_420.png
[07:05:03] ⏱ 다운로드후유휴 SRT_420 3.5s · idle=True
[07:05:03] ⏱ 씬합계 SRT_420 19.2s · https://www.genspark.ai/api/files/s/g9pmov1k
[07:05:03] SRT_420 생성·다운로드 완료
C:\cursor\wuxia\workspace\swardmaster\2부\14장\png\SRT_420.png
[07:05:03] 상태키 SRT_440 · Baek|base; Jin|base
[07:05:03] run_scene 시작 SRT_440 · seen_files=146 · last_saved=https://www.genspark.ai/api/files/s/g9pmov1k
[07:05:03] ⏱ 준비 SRT_440 0.0s · chars=3419
[07:05:05] ⏱ 다음명령유휴 SRT_440 1.3s · idle=True
[07:05:05] fill OK(clip) follow=True chars=3419
[07:05:05] submit 시작 composer=3419 url=https://www.genspark.ai/agents?id=cad5ae24-8328-4877-8bb4-c605aa8f2773
[07:05:05] submit geo 실패 hit=no-btn
[07:05:05] submit 시도 method=geo geo=False
[07:05:06] submit 미확인 method=geo generating=False composer=3419
[07:05:06] submit geo 실패 hit=no-btn
[07:05:06] submit 시도 method=send send=False
[07:05:07] submit 미확인 method=send generating=False composer=3419
[07:05:07] submit 시도 method=ctrl
[07:05:08] submit 미확인 method=ctrl generating=False composer=3421
[07:05:08] submit 시도 method=enter
[07:05:08] submit 확인 method=enter generating=False composer=0
[07:05:08] ⏱ 입력·전송 SRT_440 3.8s · chars=3419
[07:05:08] 제출 후 last_saved=https://www.genspark.ai/api/files/s/g9pmov1k
[07:05:09] ⏱ 생성대기 시작 SRT_440 max=120s
[07:05:23] ⏱ 생성대기 완료 13.8s SRT_440 https://www.genspark.ai/api/files/s/8n1aohoi
[07:05:23] ⏱ 생성대기구간 SRT_440 13.8s · ok=True
[07:05:23] SRT_440 근접 이미지 https://www.genspark.ai/api/files/s/8n1aohoi
[07:05:23] 다운로드 files URL=https://www.genspark.ai/api/files/s/8n1aohoi → SRT_440.png
[07:05:23] ⏱ 다운로드 직접 0.7s size=701308 SRT_440.png
[07:05:23] ⏱ 다운로드구간 SRT_440 0.8s · SRT_440.png
[07:05:27] ⏱ 다운로드후유휴 SRT_440 3.8s · idle=True
[07:05:27] ⏱ 씬합계 SRT_440 23.8s · https://www.genspark.ai/api/files/s/8n1aohoi
[07:05:27] SRT_440 생성·다운로드 완료
C:\cursor\wuxia\workspace\swardmaster\2부\14장\png\SRT_440.png
[07:05:27] 상태키 SRT_460 · Baek|base; Jin|base
[07:05:27] run_scene 시작 SRT_460 · seen_files=147 · last_saved=https://www.genspark.ai/api/files/s/8n1aohoi
[07:05:27] ⏱ 준비 SRT_460 0.0s · chars=4787
[07:05:29] ⏱ 다음명령유휴 SRT_460 1.3s · idle=True
[07:05:29] fill OK(clip) follow=True chars=4787
[07:05:29] submit 시작 composer=4787 url=https://www.genspark.ai/agents?id=cad5ae24-8328-4877-8bb4-c605aa8f2773
[07:05:29] submit geo 실패 hit=no-btn
[07:05:29] submit 시도 method=geo geo=False
[07:05:30] submit 미확인 method=geo generating=False composer=4787
[07:05:30] submit geo 실패 hit=no-btn
[07:05:30] submit 시도 method=send send=False
[07:05:31] submit 미확인 method=send generating=False composer=4787
[07:05:31] submit 시도 method=ctrl
[07:05:32] submit 미확인 method=ctrl generating=False composer=4789
[07:05:32] submit 시도 method=enter
[07:05:32] submit 확인 method=enter generating=False composer=0
[07:05:32] ⏱ 입력·전송 SRT_460 3.8s · chars=4787
[07:05:32] 제출 후 last_saved=https://www.genspark.ai/api/files/s/8n1aohoi
[07:05:33] ⏱ 생성대기 시작 SRT_460 max=120s
[07:05:47] ⏱ 생성대기 완료 14.5s SRT_460 https://www.genspark.ai/api/files/s/ui4sgodq
[07:05:47] ⏱ 생성대기구간 SRT_460 14.5s · ok=True
[07:05:47] SRT_460 근접 이미지 https://www.genspark.ai/api/files/s/ui4sgodq
[07:05:47] 다운로드 files URL=https://www.genspark.ai/api/files/s/ui4sgodq → SRT_460.png
[07:05:48] ⏱ 다운로드 직접 0.7s size=665681 SRT_460.png
[07:05:48] ⏱ 다운로드구간 SRT_460 0.7s · SRT_460.png
[07:05:50] ⏱ 다운로드후유휴 SRT_460 1.8s · idle=True
[07:05:50] ⏱ 씬합계 SRT_460 22.4s · https://www.genspark.ai/api/files/s/ui4sgodq
[07:05:50] SRT_460 생성·다운로드 완료
C:\cursor\wuxia\workspace\swardmaster\2부\14장\png\SRT_460.png
[07:05:50] 상태키 SRT_520 · Baek|base; Jin|base
[07:05:50] run_scene 시작 SRT_520 · seen_files=148 · last_saved=https://www.genspark.ai/api/files/s/ui4sgodq
[07:05:50] ⏱ 준비 SRT_520 0.0s · chars=3338
[07:05:51] ⏱ 다음명령유휴 SRT_520 1.3s · idle=True
[07:05:52] fill OK(clip) follow=True chars=3338
[07:05:52] submit 시작 composer=3338 url=https://www.genspark.ai/agents?id=cad5ae24-8328-4877-8bb4-c605aa8f2773
[07:05:52] submit geo 실패 hit=no-btn
[07:05:52] submit 시도 method=geo geo=False
[07:05:53] submit 미확인 method=geo generating=False composer=3338
[07:05:53] submit geo 실패 hit=no-btn
[07:05:53] submit 시도 method=send send=False
[07:05:53] submit 미확인 method=send generating=False composer=3338
[07:05:54] submit 시도 method=ctrl
[07:05:54] submit 미확인 method=ctrl generating=False composer=3340
[07:05:54] submit 시도 method=enter
[07:05:55] submit 확인 method=enter generating=False composer=0
[07:05:55] ⏱ 입력·전송 SRT_520 3.9s · chars=3338
[07:05:55] 제출 후 last_saved=https://www.genspark.ai/api/files/s/ui4sgodq
[07:05:55] ⏱ 생성대기 시작 SRT_520 max=120s
[07:06:10] ⏱ 생성대기 완료 14.3s SRT_520 https://www.genspark.ai/api/files/s/zo3wwbln
[07:06:10] ⏱ 생성대기구간 SRT_520 14.3s · ok=True
[07:06:10] SRT_520 근접 이미지 https://www.genspark.ai/api/files/s/zo3wwbln
[07:06:10] 다운로드 files URL=https://www.genspark.ai/api/files/s/zo3wwbln → SRT_520.png
[07:06:10] ⏱ 다운로드 직접 0.7s size=706565 SRT_520.png
[07:06:10] ⏱ 다운로드구간 SRT_520 0.7s · SRT_520.png
[07:06:12] ⏱ 다운로드후유휴 SRT_520 1.3s · idle=True
[07:06:12] ⏱ 씬합계 SRT_520 21.7s · https://www.genspark.ai/api/files/s/zo3wwbln
[07:06:12] SRT_520 생성·다운로드 완료
C:\cursor\wuxia\workspace\swardmaster\2부\14장\png\SRT_520.png
[07:06:12] 상태키 SRT_560 · Baek|base; Jin|base
[07:06:12] run_scene 시작 SRT_560 · seen_files=149 · last_saved=https://www.genspark.ai/api/files/s/zo3wwbln
[07:06:12] ⏱ 준비 SRT_560 0.0s · chars=4689
[07:06:13] ⏱ 다음명령유휴 SRT_560 1.2s · idle=True
[07:06:13] fill OK(clip) follow=True chars=4689
[07:06:13] submit 시작 composer=4689 url=https://www.genspark.ai/agents?id=cad5ae24-8328-4877-8bb4-c605aa8f2773
[07:06:14] submit geo 실패 hit=no-btn
[07:06:14] submit 시도 method=geo geo=False
[07:06:14] submit 미확인 method=geo generating=False composer=4689
[07:06:15] submit geo 실패 hit=no-btn
[07:06:15] submit 시도 method=send send=False
[07:06:15] submit 미확인 method=send generating=False composer=4689
[07:06:15] submit 시도 method=ctrl
[07:06:16] submit 미확인 method=ctrl generating=False composer=4691
[07:06:16] submit 시도 method=enter
[07:06:17] submit 확인 method=enter generating=False composer=0
[07:06:17] ⏱ 입력·전송 SRT_560 3.8s · chars=4689
[07:06:17] 제출 후 last_saved=https://www.genspark.ai/api/files/s/zo3wwbln
[07:06:17] ⏱ 생성대기 시작 SRT_560 max=120s
[07:06:29] SRT 근접 이미지 탐색 실패: Page.evaluate: Target page, context or browser has been closed
[07:06:29] 생성대기 예외(closed): Page.wait_for_timeout: Target page, context or browser has been closed
[07:06:29] 생성대기: 작업탭 닫힘 → 복구
[07:06:29] run_scene 실패(재시도 없음): 브라우저 탭이 닫혔습니다. 「실행」를 다시 눌러 주세요.
[07:06:29] SRT_560 실패 — 다음 씬 계속
브라우저 탭이 닫혔습니다. 「실행」를 다시 눌러 주세요.
[07:06:29] 상태키 SRT_580 · Baek|base; Jin|base
[07:06:29] SRT_580 실패(한도 추정 streak=2) — 브라우저 종료 후 대기·재오픈
브라우저 탭이 닫혔습니다. 「실행」를 다시 눌러 주세요.
[07:06:33] 한도 대기 전 ChromeDebug 종료
[07:06:36] 한도 대기 불가 — 실행 시작 시각 미입력
[12:20:34] 탭로그 ON — 실행·생성 · 씬 37개 · reopen=True · 한도대기ON
[12:20:40] ChromeDebug 재시작 slot=0 port=9242 user_data=C:\ChromeDebug_2_5 reused=0
[12:20:46] 모델 이미 Pro: Nano Banana Pro
[12:20:46] 세션 준비 — login=OK model=Nano Banana Pro auto=True
[12:20:46] ensure_page cur_sc=10 prefer_sc=10 cur=https://www.genspark.ai/ai_image prefer=https://www.genspark.ai/ai_image
[12:20:49] fill OK(clip) follow=True chars=74076
[12:20:49] 입력창 붙여넣기 — 프롬프트 50827자 + SRT 23206자 = 합계 74076자
  prompt=C:/cursor/wuxia/2_5_sceneImage/md/image.wuxiz.txt
  srt=C:\cursor\wuxia\workspace\swardmaster\2부\14장\mp3\new.srt
[12:20:50] ensure_page cur_sc=10 prefer_sc=10 cur=https://www.genspark.ai/ai_image prefer=https://www.genspark.ai/ai_image
[12:20:51] 동일 입력창에 명령 추가(미실행): ===== CHARACTER LOOK (SRT_560) =====
State keys: Jin≈19|base; Namgung|base
Jin Muhan, approximately nineteen years old, East-Asian young swordsman, sharp narrow phoenix eyes, high …
[12:20:52] 상태키 SRT_560 · Baek|base; Jin|base
[12:20:52] run_scene 시작 SRT_560 · seen_files=149 · last_saved=https://www.genspark.ai/api/files/s/zo3wwbln
[12:20:52] ensure_page cur_sc=10 prefer_sc=10 cur=https://www.genspark.ai/ai_image prefer=https://www.genspark.ai/ai_image
[12:20:52] 모델 선택 시작 현재=(없음)
[12:20:52] 모델 선택 결과 ok=False 칩=(없음) picked=
[12:20:52] ⏱ 준비 SRT_560 0.1s · chars=4689
[12:20:52] submit 시작 composer=4689 url=https://www.genspark.ai/ai_image
[12:20:52] submit geo 실패 hit=no-btn
[12:20:52] submit 시도 method=geo geo=False
[12:20:53] submit 미확인 method=geo generating=False composer=4689
[12:20:53] submit geo 실패 hit=no-btn
[12:20:53] submit 시도 method=send send=False
[12:20:54] submit 미확인 method=send generating=False composer=4689
[12:20:54] submit 시도 method=ctrl
[12:20:55] submit 미확인 method=ctrl generating=False composer=4691
[12:20:56] submit 시도 method=enter
[12:20:56] submit 확인 method=enter generating=False composer=0
[12:20:56] ⏱ 입력창전송 SRT_560 4.2s
[12:20:56] 제출 후 last_saved=https://www.genspark.ai/api/files/s/zo3wwbln
[12:20:57] ⏱ 생성대기 시작 SRT_560 max=120s
[12:21:12] ⏱ 생성대기 진행 15.4s SRT_560 busy=False url_ok=False src=
[12:21:17] ⏱ 생성대기 완료 20.4s SRT_560 https://www.genspark.ai/api/files/s/vdlf0x49
[12:21:17] ⏱ 생성대기구간 SRT_560 20.4s · ok=True
[12:21:17] SRT_560 근접 이미지 https://www.genspark.ai/api/files/s/vdlf0x49
[12:21:17] 다운로드 files URL=https://www.genspark.ai/api/files/s/vdlf0x49 → SRT_560.png
[12:21:18] ⏱ 다운로드 직접 0.9s size=676636 SRT_560.png
[12:21:18] ⏱ 다운로드구간 SRT_560 1.0s · SRT_560.png
[12:21:19] ⏱ 다운로드후유휴 SRT_560 1.4s · idle=True
[12:21:19] ⏱ 씬합계 SRT_560 27.3s · https://www.genspark.ai/api/files/s/vdlf0x49
[12:21:19] SRT_560 생성·다운로드 완료
C:\cursor\wuxia\workspace\swardmaster\2부\14장\png\SRT_560.png
[12:21:20] 상태키 SRT_580 · Baek|base; Jin|base
[12:21:20] run_scene 시작 SRT_580 · seen_files=150 · last_saved=https://www.genspark.ai/api/files/s/vdlf0x49
[12:21:20] ⏱ 준비 SRT_580 0.0s · chars=4373
[12:21:21] ⏱ 다음명령유휴 SRT_580 1.4s · idle=True
[12:21:22] fill OK(clip) follow=True chars=4373
[12:21:22] submit 시작 composer=4373 url=https://www.genspark.ai/agents?id=f7c09064-a73e-4b11-a6b8-500114722258
[12:21:22] submit geo 실패 hit=no-btn
[12:21:22] submit 시도 method=geo geo=False
[12:21:22] submit 미확인 method=geo generating=False composer=4373
[12:21:23] submit geo 실패 hit=no-btn
[12:21:23] submit 시도 method=send send=False
[12:21:23] submit 미확인 method=send generating=False composer=4373
[12:21:23] submit 시도 method=ctrl
[12:21:24] submit 미확인 method=ctrl generating=False composer=4375
[12:21:24] submit 시도 method=enter
[12:21:25] submit 확인 method=enter generating=False composer=0
[12:21:25] ⏱ 입력·전송 SRT_580 3.9s · chars=4373
[12:21:25] 제출 후 last_saved=https://www.genspark.ai/api/files/s/vdlf0x49
[12:21:25] ⏱ 생성대기 시작 SRT_580 max=120s
[12:21:37] ⏱ 생성대기 완료 12.3s SRT_580 https://www.genspark.ai/api/files/s/khkrtkcq
[12:21:37] ⏱ 생성대기구간 SRT_580 12.3s · ok=True
[12:21:37] SRT_580 근접 이미지 https://www.genspark.ai/api/files/s/khkrtkcq
[12:21:37] 다운로드 files URL=https://www.genspark.ai/api/files/s/khkrtkcq → SRT_580.png
[12:21:38] ⏱ 다운로드 직접 0.7s size=659276 SRT_580.png
[12:21:38] ⏱ 다운로드구간 SRT_580 0.8s · SRT_580.png
[12:21:40] ⏱ 다운로드후유휴 SRT_580 1.4s · idle=True
[12:21:40] ⏱ 씬합계 SRT_580 20.0s · https://www.genspark.ai/api/files/s/khkrtkcq
[12:21:40] SRT_580 생성·다운로드 완료
C:\cursor\wuxia\workspace\swardmaster\2부\14장\png\SRT_580.png
[12:21:40] 상태키 SRT_620 · Baek|base; Jin|base
[12:21:40] run_scene 시작 SRT_620 · seen_files=151 · last_saved=https://www.genspark.ai/api/files/s/khkrtkcq
[12:21:40] ⏱ 준비 SRT_620 0.0s · chars=4775
[12:21:41] ⏱ 다음명령유휴 SRT_620 1.6s · idle=True
[12:21:42] fill OK(clip) follow=True chars=4775
[12:21:42] submit 시작 composer=4775 url=https://www.genspark.ai/agents?id=f7c09064-a73e-4b11-a6b8-500114722258
[12:21:43] submit geo 실패 hit=no-btn
[12:21:43] submit 시도 method=geo geo=False
[12:21:43] submit 미확인 method=geo generating=False composer=4775
[12:21:43] submit geo 실패 hit=no-btn
[12:21:43] submit 시도 method=send send=False
[12:21:44] submit 미확인 method=send generating=False composer=4775
[12:21:44] submit 시도 method=ctrl
[12:21:45] submit 미확인 method=ctrl generating=False composer=4777
[12:21:45] submit 시도 method=enter
[12:21:46] submit 확인 method=enter generating=False composer=0
[12:21:46] ⏱ 입력·전송 SRT_620 4.5s · chars=4775
[12:21:46] 제출 후 last_saved=https://www.genspark.ai/api/files/s/khkrtkcq
[12:21:46] ⏱ 생성대기 시작 SRT_620 max=120s
[12:21:58] ⏱ 생성대기 완료 11.7s SRT_620 https://www.genspark.ai/api/files/s/ropg84vr
[12:21:58] ⏱ 생성대기구간 SRT_620 11.7s · ok=True
[12:21:58] SRT_620 근접 이미지 https://www.genspark.ai/api/files/s/ropg84vr
[12:21:58] 다운로드 files URL=https://www.genspark.ai/api/files/s/ropg84vr → SRT_620.png
[12:21:59] ⏱ 다운로드 직접 0.8s size=688833 SRT_620.png
[12:21:59] ⏱ 다운로드구간 SRT_620 0.8s · SRT_620.png
[12:22:00] ⏱ 다운로드후유휴 SRT_620 1.4s · idle=True
[12:22:00] ⏱ 씬합계 SRT_620 20.3s · https://www.genspark.ai/api/files/s/ropg84vr
[12:22:00] SRT_620 생성·다운로드 완료
C:\cursor\wuxia\workspace\swardmaster\2부\14장\png\SRT_620.png
[12:22:00] 상태키 SRT_660 · Baek|base; Jin|base
[12:22:00] run_scene 시작 SRT_660 · seen_files=152 · last_saved=https://www.genspark.ai/api/files/s/ropg84vr
[12:22:00] ⏱ 준비 SRT_660 0.0s · chars=3358
[12:22:02] ⏱ 다음명령유휴 SRT_660 1.5s · idle=True
[12:22:02] fill OK(clip) follow=True chars=3358
[12:22:02] submit 시작 composer=3358 url=https://www.genspark.ai/agents?id=f7c09064-a73e-4b11-a6b8-500114722258
[12:22:03] submit geo 실패 hit=no-btn
[12:22:03] submit 시도 method=geo geo=False
[12:22:03] submit 미확인 method=geo generating=False composer=3358
[12:22:04] submit geo 실패 hit=no-btn
[12:22:04] submit 시도 method=send send=False
[12:22:04] submit 미확인 method=send generating=False composer=3358
[12:22:05] submit 시도 method=ctrl
[12:22:05] submit 미확인 method=ctrl generating=False composer=3360
[12:22:05] submit 시도 method=enter
[12:22:06] submit 확인 method=enter generating=False composer=0
[12:22:06] ⏱ 입력·전송 SRT_660 4.3s · chars=3358
[12:22:06] 제출 후 last_saved=https://www.genspark.ai/api/files/s/ropg84vr
[12:22:06] ⏱ 생성대기 시작 SRT_660 max=120s
[12:22:18] ⏱ 생성대기 완료 11.3s SRT_660 https://www.genspark.ai/api/files/s/4yckqpqr
[12:22:18] ⏱ 생성대기구간 SRT_660 11.3s · ok=True
[12:22:18] SRT_660 근접 이미지 https://www.genspark.ai/api/files/s/4yckqpqr
[12:22:18] 다운로드 files URL=https://www.genspark.ai/api/files/s/4yckqpqr → SRT_660.png
[12:22:18] ⏱ 다운로드 직접 0.8s size=554866 SRT_660.png
[12:22:18] ⏱ 다운로드구간 SRT_660 0.8s · SRT_660.png
[12:22:20] ⏱ 다운로드후유휴 SRT_660 1.4s · idle=True
[12:22:20] ⏱ 씬합계 SRT_660 19.6s · https://www.genspark.ai/api/files/s/4yckqpqr
[12:22:20] SRT_660 생성·다운로드 완료
C:\cursor\wuxia\workspace\swardmaster\2부\14장\png\SRT_660.png
[12:22:20] 상태키 SRT_680 · Baek|base; Jin|base
[12:22:20] run_scene 시작 SRT_680 · seen_files=153 · last_saved=https://www.genspark.ai/api/files/s/4yckqpqr
[12:22:20] ⏱ 준비 SRT_680 0.0s · chars=3339
[12:22:21] ⏱ 다음명령유휴 SRT_680 1.5s · idle=True
[12:22:22] fill OK(clip) follow=True chars=3339
[12:22:22] submit 시작 composer=3339 url=https://www.genspark.ai/agents?id=f7c09064-a73e-4b11-a6b8-500114722258
[12:22:22] submit geo 실패 hit=no-btn
[12:22:22] submit 시도 method=geo geo=False
[12:22:23] submit 미확인 method=geo generating=False composer=3339
[12:22:23] submit geo 실패 hit=no-btn
[12:22:23] submit 시도 method=send send=False
[12:22:24] submit 미확인 method=send generating=False composer=3339
[12:22:24] submit 시도 method=ctrl
[12:22:24] submit 미확인 method=ctrl generating=False composer=3341
[12:22:25] submit 시도 method=enter
[12:22:25] submit 확인 method=enter generating=False composer=0
[12:22:25] ⏱ 입력·전송 SRT_680 3.9s · chars=3339
[12:22:25] 제출 후 last_saved=https://www.genspark.ai/api/files/s/4yckqpqr
[12:22:25] ⏱ 생성대기 시작 SRT_680 max=120s
[12:22:36] ⏱ 생성대기 완료 10.4s SRT_680 https://www.genspark.ai/api/files/s/qwfa8pjm
[12:22:36] ⏱ 생성대기구간 SRT_680 10.4s · ok=True
[12:22:36] SRT_680 근접 이미지 https://www.genspark.ai/api/files/s/qwfa8pjm
[12:22:36] 다운로드 files URL=https://www.genspark.ai/api/files/s/qwfa8pjm → SRT_680.png
[12:22:37] ⏱ 다운로드 직접 0.7s size=571475 SRT_680.png
[12:22:37] ⏱ 다운로드구간 SRT_680 0.8s · SRT_680.png
[12:22:38] ⏱ 다운로드후유휴 SRT_680 1.3s · idle=True
[12:22:38] ⏱ 씬합계 SRT_680 18.1s · https://www.genspark.ai/api/files/s/qwfa8pjm
[12:22:38] SRT_680 생성·다운로드 완료
C:\cursor\wuxia\workspace\swardmaster\2부\14장\png\SRT_680.png
[12:22:38] 상태키 SRT_720 · Baek|base; Jin|base
[12:22:38] run_scene 시작 SRT_720 · seen_files=154 · last_saved=https://www.genspark.ai/api/files/s/qwfa8pjm
[12:22:38] ⏱ 준비 SRT_720 0.0s · chars=4677
[12:22:40] ⏱ 다음명령유휴 SRT_720 1.4s · idle=True
[12:22:40] fill OK(clip) follow=True chars=4677
[12:22:40] submit 시작 composer=4677 url=https://www.genspark.ai/agents?id=f7c09064-a73e-4b11-a6b8-500114722258
[12:22:40] submit geo 실패 hit=no-btn
[12:22:40] submit 시도 method=geo geo=False
[12:22:41] submit 미확인 method=geo generating=False composer=4677
[12:22:41] submit geo 실패 hit=no-btn
[12:22:41] submit 시도 method=send send=False
[12:22:42] submit 미확인 method=send generating=False composer=4677
[12:22:42] submit 시도 method=ctrl
[12:22:43] submit 미확인 method=ctrl generating=False composer=4679
[12:22:43] submit 시도 method=enter
[12:22:44] submit 확인 method=enter generating=False composer=0
[12:22:44] ⏱ 입력·전송 SRT_720 4.2s · chars=4677
[12:22:44] 제출 후 last_saved=https://www.genspark.ai/api/files/s/qwfa8pjm
[12:22:44] ⏱ 생성대기 시작 SRT_720 max=120s
[12:22:58] ⏱ 생성대기 완료 13.9s SRT_720 https://www.genspark.ai/api/files/s/pihsyd0t
[12:22:58] ⏱ 생성대기구간 SRT_720 13.9s · ok=True
[12:22:58] SRT_720 근접 이미지 https://www.genspark.ai/api/files/s/pihsyd0t
[12:22:58] 다운로드 files URL=https://www.genspark.ai/api/files/s/pihsyd0t → SRT_720.png
[12:22:59] ⏱ 다운로드 직접 0.7s size=590515 SRT_720.png
[12:22:59] ⏱ 다운로드구간 SRT_720 0.7s · SRT_720.png
[12:23:00] ⏱ 다운로드후유휴 SRT_720 1.3s · idle=True
[12:23:00] ⏱ 씬합계 SRT_720 21.9s · https://www.genspark.ai/api/files/s/pihsyd0t
[12:23:00] SRT_720 생성·다운로드 완료
C:\cursor\wuxia\workspace\swardmaster\2부\14장\png\SRT_720.png
[12:23:00] 상태키 SRT_740 · Baek|base; Jin|base
[12:23:00] run_scene 시작 SRT_740 · seen_files=155 · last_saved=https://www.genspark.ai/api/files/s/pihsyd0t
[12:23:00] ⏱ 준비 SRT_740 0.0s · chars=4402
[12:23:02] ⏱ 다음명령유휴 SRT_740 1.3s · idle=True
[12:23:02] fill OK(clip) follow=True chars=4402
[12:23:02] submit 시작 composer=4402 url=https://www.genspark.ai/agents?id=f7c09064-a73e-4b11-a6b8-500114722258
[12:23:02] submit geo 실패 hit=no-btn
[12:23:02] submit 시도 method=geo geo=False
[12:23:03] submit 미확인 method=geo generating=False composer=4402
[12:23:03] submit geo 실패 hit=no-btn
[12:23:03] submit 시도 method=send send=False
[12:23:04] submit 미확인 method=send generating=False composer=4402
[12:23:04] submit 시도 method=ctrl
[12:23:05] submit 미확인 method=ctrl generating=False composer=4404
[12:23:05] submit 시도 method=enter
[12:23:05] submit 확인 method=enter generating=False composer=0
[12:23:06] ⏱ 입력·전송 SRT_740 3.9s · chars=4402
[12:23:06] 제출 후 last_saved=https://www.genspark.ai/api/files/s/pihsyd0t
[12:23:06] ⏱ 생성대기 시작 SRT_740 max=120s
[12:23:20] ⏱ 생성대기 완료 13.8s SRT_740 https://www.genspark.ai/api/files/s/u3ffo2n3
[12:23:20] ⏱ 생성대기구간 SRT_740 13.8s · ok=True
[12:23:20] SRT_740 근접 이미지 https://www.genspark.ai/api/files/s/u3ffo2n3
[12:23:20] 다운로드 files URL=https://www.genspark.ai/api/files/s/u3ffo2n3 → SRT_740.png
[12:23:20] ⏱ 다운로드 직접 0.8s size=585961 SRT_740.png
[12:23:20] ⏱ 다운로드구간 SRT_740 0.8s · SRT_740.png
[12:23:22] ⏱ 다운로드후유휴 SRT_740 1.2s · idle=True
[12:23:22] ⏱ 씬합계 SRT_740 21.4s · https://www.genspark.ai/api/files/s/u3ffo2n3
[12:23:22] SRT_740 생성·다운로드 완료
C:\cursor\wuxia\workspace\swardmaster\2부\14장\png\SRT_740.png
[12:23:22] 상태키 SRT_760 · Baek|base; Jin|base
[12:23:22] run_scene 시작 SRT_760 · seen_files=156 · last_saved=https://www.genspark.ai/api/files/s/u3ffo2n3
[12:23:22] ⏱ 준비 SRT_760 0.0s · chars=4675
[12:23:23] ⏱ 다음명령유휴 SRT_760 1.3s · idle=True
[12:23:24] fill OK(clip) follow=True chars=4675
[12:23:24] submit 시작 composer=4675 url=https://www.genspark.ai/agents?id=f7c09064-a73e-4b11-a6b8-500114722258
[12:23:24] submit geo 실패 hit=no-btn
[12:23:24] submit 시도 method=geo geo=False
[12:23:24] submit 미확인 method=geo generating=False composer=4675
[12:23:25] submit geo 실패 hit=no-btn
[12:23:25] submit 시도 method=send send=False
[12:23:25] submit 미확인 method=send generating=False composer=4675
[12:23:26] submit 시도 method=ctrl
[12:23:26] submit 미확인 method=ctrl generating=False composer=4677
[12:23:26] submit 시도 method=enter
[12:23:27] submit 확인 method=enter generating=False composer=0
[12:23:27] ⏱ 입력·전송 SRT_760 3.9s · chars=4675
[12:23:27] 제출 후 last_saved=https://www.genspark.ai/api/files/s/u3ffo2n3
[12:23:27] ⏱ 생성대기 시작 SRT_760 max=120s
[12:23:40] ⏱ 생성대기 완료 12.4s SRT_760 https://www.genspark.ai/api/files/s/nyrgd18g
[12:23:40] ⏱ 생성대기구간 SRT_760 12.4s · ok=True
[12:23:40] SRT_760 근접 이미지 https://www.genspark.ai/api/files/s/nyrgd18g
[12:23:40] 다운로드 files URL=https://www.genspark.ai/api/files/s/nyrgd18g → SRT_760.png
[12:23:40] ⏱ 다운로드 직접 0.7s size=569908 SRT_760.png
[12:23:40] ⏱ 다운로드구간 SRT_760 0.8s · SRT_760.png
[12:23:42] ⏱ 다운로드후유휴 SRT_760 1.2s · idle=True
[12:23:42] ⏱ 씬합계 SRT_760 19.9s · https://www.genspark.ai/api/files/s/nyrgd18g
[12:23:42] SRT_760 생성·다운로드 완료
C:\cursor\wuxia\workspace\swardmaster\2부\14장\png\SRT_760.png
[12:23:42] 상태키 SRT_780 · Baek|base; Jin|base
[12:23:42] run_scene 시작 SRT_780 · seen_files=157 · last_saved=https://www.genspark.ai/api/files/s/nyrgd18g
[12:23:42] ⏱ 준비 SRT_780 0.0s · chars=4400
[12:23:43] ⏱ 다음명령유휴 SRT_780 1.3s · idle=True
[12:23:44] fill OK(clip) follow=True chars=4400
[12:23:44] submit 시작 composer=4400 url=https://www.genspark.ai/agents?id=f7c09064-a73e-4b11-a6b8-500114722258
[12:23:44] submit geo 실패 hit=no-btn
[12:23:44] submit 시도 method=geo geo=False
[12:23:44] submit 미확인 method=geo generating=False composer=4400
[12:23:45] submit geo 실패 hit=no-btn
[12:23:45] submit 시도 method=send send=False
[12:23:45] submit 미확인 method=send generating=False composer=4400
[12:23:46] submit 시도 method=ctrl
[12:23:46] submit 미확인 method=ctrl generating=False composer=4402
[12:23:46] submit 시도 method=enter
[12:23:47] submit 확인 method=enter generating=False composer=0
[12:23:47] ⏱ 입력·전송 SRT_780 3.9s · chars=4400
[12:23:47] 제출 후 last_saved=https://www.genspark.ai/api/files/s/nyrgd18g
[12:23:47] ⏱ 생성대기 시작 SRT_780 max=120s
[12:24:02] ⏱ 생성대기 진행 15.2s SRT_780 busy=False url_ok=False src=
[12:24:03] ⏱ 생성대기 완료(busy무시) 16.1s SRT_780 https://www.genspark.ai/api/files/s/tjvrhukv
[12:24:03] ⏱ 생성대기구간 SRT_780 16.1s · ok=True
[12:24:03] SRT_780 근접 이미지 https://www.genspark.ai/api/files/s/tjvrhukv
[12:24:03] 다운로드 files URL=https://www.genspark.ai/api/files/s/tjvrhukv → SRT_780.png
[12:24:04] ⏱ 다운로드 직접 0.8s size=588630 SRT_780.png
[12:24:04] ⏱ 다운로드구간 SRT_780 0.8s · SRT_780.png
[12:24:05] ⏱ 다운로드후유휴 SRT_780 1.4s · idle=True
[12:24:05] ⏱ 씬합계 SRT_780 23.6s · https://www.genspark.ai/api/files/s/tjvrhukv
[12:24:05] SRT_780 생성·다운로드 완료
C:\cursor\wuxia\workspace\swardmaster\2부\14장\png\SRT_780.png
[12:24:06] 상태키 SRT_800 · Baek|base; Jin|base
[12:24:06] run_scene 시작 SRT_800 · seen_files=158 · last_saved=https://www.genspark.ai/api/files/s/tjvrhukv
[12:24:06] ⏱ 준비 SRT_800 0.0s · chars=4626
[12:24:07] ⏱ 다음명령유휴 SRT_800 1.3s · idle=True
[12:24:07] fill OK(clip) follow=True chars=4626
[12:24:07] submit 시작 composer=4626 url=https://www.genspark.ai/agents?id=f7c09064-a73e-4b11-a6b8-500114722258
[12:24:08] submit geo 실패 hit=no-btn
[12:24:08] submit 시도 method=geo geo=False
[12:24:08] submit 미확인 method=geo generating=True composer=4626
[12:24:08] submit geo 실패 hit=no-btn
[12:24:08] submit 시도 method=send send=False
[12:24:09] submit 미확인 method=send generating=True composer=4626
[12:24:09] submit 시도 method=ctrl
[12:24:10] submit 미확인 method=ctrl generating=True composer=4628
[12:24:10] submit 시도 method=enter
[12:24:11] submit 미확인 method=enter generating=True composer=4628
[12:24:11] submit geo 실패 hit=no-btn
[12:24:11] submit 시도 method=geo2 geo=False
[12:24:11] submit 미확인 method=geo2 generating=True composer=4628
[12:24:12] submit geo 실패 hit=no-btn
[12:24:12] submit 시도 method=send2 send=False
[12:24:12] submit 미확인 method=send2 generating=False composer=4628
[12:24:12] submit 시도 method=ctrl2
[12:24:13] submit 미확인 method=ctrl2 generating=False composer=4630
[12:24:13] submit 실패 composer잔존=4630
[12:24:13] submit 재시도 2/3
[12:24:14] submit 시작 composer=4630 url=https://www.genspark.ai/agents?id=f7c09064-a73e-4b11-a6b8-500114722258
[12:24:14] submit geo 실패 hit=no-btn
[12:24:14] submit 시도 method=geo geo=False
[12:24:14] submit 미확인 method=geo generating=False composer=4630
[12:24:15] submit geo 실패 hit=no-btn
[12:24:15] submit 시도 method=send send=False
[12:24:15] submit 미확인 method=send generating=False composer=4630
[12:24:16] submit 시도 method=ctrl
[12:24:16] submit 미확인 method=ctrl generating=False composer=4632
[12:24:16] submit 시도 method=enter
[12:24:17] submit 확인 method=enter generating=False composer=0
[12:24:17] ⏱ 입력·전송 SRT_800 10.1s · chars=4626
[12:24:17] 제출 후 last_saved=https://www.genspark.ai/api/files/s/tjvrhukv
[12:24:17] ⏱ 생성대기 시작 SRT_800 max=120s
[12:24:18] ⏱ 생성대기 완료(busy무시) 1.1s SRT_800 https://www.genspark.ai/api/files/s/bacokhjc
[12:24:18] ⏱ 생성대기구간 SRT_800 1.1s · ok=True
[12:24:18] SRT_800 근접 이미지 https://www.genspark.ai/api/files/s/bacokhjc
[12:24:18] 다운로드 files URL=https://www.genspark.ai/api/files/s/bacokhjc → SRT_800.png
[12:24:19] ⏱ 다운로드 직접 0.8s size=549878 SRT_800.png
[12:24:19] ⏱ 다운로드구간 SRT_800 0.8s · SRT_800.png
[12:24:21] ⏱ 다운로드후유휴 SRT_800 1.8s · idle=True
[12:24:21] ⏱ 씬합계 SRT_800 15.3s · https://www.genspark.ai/api/files/s/bacokhjc
[12:24:21] SRT_800 생성·다운로드 완료
C:\cursor\wuxia\workspace\swardmaster\2부\14장\png\SRT_800.png
[12:24:21] 상태키 SRT_820 · Baek|base; Jin|base
[12:24:21] run_scene 시작 SRT_820 · seen_files=159 · last_saved=https://www.genspark.ai/api/files/s/bacokhjc
[12:24:21] ⏱ 준비 SRT_820 0.0s · chars=4693
[12:24:22] ⏱ 다음명령유휴 SRT_820 1.4s · idle=True
[12:24:23] fill OK(clip) follow=True chars=4693
[12:24:23] submit 시작 composer=4693 url=https://www.genspark.ai/agents?id=f7c09064-a73e-4b11-a6b8-500114722258
[12:24:23] submit geo 실패 hit=no-btn
[12:24:23] submit 시도 method=geo geo=False
[12:24:24] submit 미확인 method=geo generating=True composer=4693
[12:24:24] submit geo 실패 hit=no-btn
[12:24:24] submit 시도 method=send send=False
[12:24:25] submit 미확인 method=send generating=True composer=4693
[12:24:25] submit 시도 method=ctrl
[12:24:26] submit 미확인 method=ctrl generating=True composer=4695
[12:24:26] submit 시도 method=enter
[12:24:26] submit 미확인 method=enter generating=False composer=4695
[12:24:26] submit geo 실패 hit=no-btn
[12:24:26] submit 시도 method=geo2 geo=False
[12:24:27] submit 미확인 method=geo2 generating=False composer=4695
[12:24:27] submit geo 실패 hit=no-btn
[12:24:27] submit 시도 method=send2 send=False
[12:24:28] submit 미확인 method=send2 generating=False composer=4695
[12:24:28] submit 시도 method=ctrl2
[12:24:29] submit 미확인 method=ctrl2 generating=False composer=4697
[12:24:29] submit 실패 composer잔존=4697
[12:24:29] submit 재시도 2/3
[12:24:29] submit 시작 composer=4697 url=https://www.genspark.ai/agents?id=f7c09064-a73e-4b11-a6b8-500114722258
[12:24:29] submit geo 실패 hit=no-btn
[12:24:29] submit 시도 method=geo geo=False
[12:24:30] submit 미확인 method=geo generating=False composer=4697
[12:24:30] submit geo 실패 hit=no-btn
[12:24:30] submit 시도 method=send send=False
[12:24:31] submit 미확인 method=send generating=False composer=4697
[12:24:31] submit 시도 method=ctrl
[12:24:32] submit 미확인 method=ctrl generating=False composer=4699
[12:24:32] submit 시도 method=enter
[12:24:33] submit 확인 method=enter generating=False composer=0
[12:24:33] ⏱ 입력·전송 SRT_820 10.1s · chars=4693
[12:24:33] 제출 후 last_saved=https://www.genspark.ai/api/files/s/bacokhjc
[12:24:33] ⏱ 생성대기 시작 SRT_820 max=120s
[12:24:34] ⏱ 생성대기 완료(busy무시) 1.1s SRT_820 https://www.genspark.ai/api/files/s/2fstrmqr
[12:24:34] ⏱ 생성대기구간 SRT_820 1.1s · ok=True
[12:24:34] SRT_820 근접 이미지 https://www.genspark.ai/api/files/s/2fstrmqr
[12:24:34] 다운로드 files URL=https://www.genspark.ai/api/files/s/2fstrmqr → SRT_820.png
[12:24:35] ⏱ 다운로드 직접 0.7s size=590752 SRT_820.png
[12:24:35] ⏱ 다운로드구간 SRT_820 0.8s · SRT_820.png
[12:24:36] ⏱ 다운로드후유휴 SRT_820 1.3s · idle=True
[12:24:36] ⏱ 씬합계 SRT_820 14.9s · https://www.genspark.ai/api/files/s/2fstrmqr
[12:24:36] SRT_820 생성·다운로드 완료
C:\cursor\wuxia\workspace\swardmaster\2부\14장\png\SRT_820.png
[12:24:36] 상태키 SRT_860 · Baek|base; Jin|base
[12:24:36] run_scene 시작 SRT_860 · seen_files=160 · last_saved=https://www.genspark.ai/api/files/s/2fstrmqr
[12:24:36] ⏱ 준비 SRT_860 0.0s · chars=4798
[12:24:37] ⏱ 다음명령유휴 SRT_860 1.3s · idle=True
[12:24:38] fill OK(clip) follow=True chars=4798
[12:24:38] submit 시작 composer=4798 url=https://www.genspark.ai/agents?id=f7c09064-a73e-4b11-a6b8-500114722258
[12:24:38] submit geo 실패 hit=no-btn
[12:24:38] submit 시도 method=geo geo=False
[12:24:39] submit 미확인 method=geo generating=True composer=4798
[12:24:39] submit geo 실패 hit=no-btn
[12:24:39] submit 시도 method=send send=False
[12:24:40] submit 미확인 method=send generating=False composer=4798
[12:24:40] submit 시도 method=ctrl
[12:24:41] submit 미확인 method=ctrl generating=False composer=4800
[12:24:41] submit 시도 method=enter
[12:24:41] submit 확인 method=enter generating=False composer=0
[12:24:41] ⏱ 입력·전송 SRT_860 3.9s · chars=4798
[12:24:41] 제출 후 last_saved=https://www.genspark.ai/api/files/s/2fstrmqr
[12:24:42] ⏱ 생성대기 시작 SRT_860 max=120s
[12:24:43] ⏱ 생성대기 완료(busy무시) 1.8s SRT_860 https://www.genspark.ai/api/files/s/lr3ekwpx
[12:24:43] ⏱ 생성대기구간 SRT_860 1.8s · ok=True
[12:24:43] SRT_860 근접 이미지 https://www.genspark.ai/api/files/s/lr3ekwpx
[12:24:43] 다운로드 files URL=https://www.genspark.ai/api/files/s/lr3ekwpx → SRT_860.png
[12:24:44] ⏱ 다운로드 직접 0.9s size=548741 SRT_860.png
[12:24:44] ⏱ 다운로드구간 SRT_860 0.9s · SRT_860.png
[12:24:46] ⏱ 다운로드후유휴 SRT_860 1.2s · idle=True
[12:24:46] ⏱ 씬합계 SRT_860 9.4s · https://www.genspark.ai/api/files/s/lr3ekwpx
[12:24:46] SRT_860 생성·다운로드 완료
C:\cursor\wuxia\workspace\swardmaster\2부\14장\png\SRT_860.png
[12:24:46] 상태키 SRT_880 · Baek|base; Jin|base
[12:24:46] run_scene 시작 SRT_880 · seen_files=161 · last_saved=https://www.genspark.ai/api/files/s/lr3ekwpx
[12:24:46] ⏱ 준비 SRT_880 0.0s · chars=3341
[12:24:47] ⏱ 다음명령유휴 SRT_880 1.3s · idle=True
[12:24:48] fill OK(clip) follow=True chars=3341
[12:24:48] submit 시작 composer=3341 url=https://www.genspark.ai/agents?id=f7c09064-a73e-4b11-a6b8-500114722258
[12:24:48] submit geo 실패 hit=no-btn
[12:24:48] submit 시도 method=geo geo=False
[12:24:48] submit 미확인 method=geo generating=True composer=3341
[12:24:49] submit geo 실패 hit=no-btn
[12:24:49] submit 시도 method=send send=False
[12:24:49] submit 미확인 method=send generating=False composer=3341
[12:24:49] submit 시도 method=ctrl
[12:24:50] submit 미확인 method=ctrl generating=False composer=3343
[12:24:50] submit 시도 method=enter
[12:24:51] submit 확인 method=enter generating=False composer=0
[12:24:51] ⏱ 입력·전송 SRT_880 3.9s · chars=3341
[12:24:51] 제출 후 last_saved=https://www.genspark.ai/api/files/s/lr3ekwpx
[12:24:51] ⏱ 생성대기 시작 SRT_880 max=120s
[12:24:55] ⏱ 생성대기 완료(busy무시) 4.1s SRT_880 https://www.genspark.ai/api/files/s/q26t08jb
[12:24:55] ⏱ 생성대기구간 SRT_880 4.1s · ok=True
[12:24:55] SRT_880 근접 이미지 https://www.genspark.ai/api/files/s/q26t08jb
[12:24:55] 다운로드 files URL=https://www.genspark.ai/api/files/s/q26t08jb → SRT_880.png
[12:24:56] ⏱ 다운로드 직접 0.7s size=557003 SRT_880.png
[12:24:56] ⏱ 다운로드구간 SRT_880 0.8s · SRT_880.png
[12:24:57] ⏱ 다운로드후유휴 SRT_880 1.2s · idle=True
[12:24:57] ⏱ 씬합계 SRT_880 11.5s · https://www.genspark.ai/api/files/s/q26t08jb
[12:24:57] SRT_880 생성·다운로드 완료
C:\cursor\wuxia\workspace\swardmaster\2부\14장\png\SRT_880.png
[12:24:57] 상태키 SRT_900 · Baek|base; Jin|base
[12:24:57] run_scene 시작 SRT_900 · seen_files=162 · last_saved=https://www.genspark.ai/api/files/s/q26t08jb
[12:24:57] ⏱ 준비 SRT_900 0.0s · chars=4651
[12:25:01] ⏱ 다음명령유휴 SRT_900 3.5s · idle=True
[12:25:01] fill OK(clip) follow=True chars=4651
[12:25:01] submit 시작 composer=4651 url=https://www.genspark.ai/agents?id=f7c09064-a73e-4b11-a6b8-500114722258
[12:25:02] submit geo 실패 hit=no-btn
[12:25:02] submit 시도 method=geo geo=False
[12:25:02] submit 미확인 method=geo generating=False composer=4651
[12:25:02] submit geo 실패 hit=no-btn
[12:25:03] submit 시도 method=send send=False
[12:25:03] submit 미확인 method=send generating=False composer=4651
[12:25:03] submit 시도 method=ctrl
[12:25:04] submit 미확인 method=ctrl generating=False composer=4653
[12:25:04] submit 시도 method=enter
[12:25:05] submit 확인 method=enter generating=False composer=0
[12:25:05] ⏱ 입력·전송 SRT_900 3.9s · chars=4651
[12:25:05] 제출 후 last_saved=https://www.genspark.ai/api/files/s/q26t08jb
[12:25:05] ⏱ 생성대기 시작 SRT_900 max=120s
[12:25:06] ⏱ 생성대기 완료 0.9s SRT_900 https://www.genspark.ai/api/files/s/mfyujmjy
[12:25:06] ⏱ 생성대기구간 SRT_900 0.9s · ok=True
[12:25:06] SRT_900 근접 이미지 https://www.genspark.ai/api/files/s/mfyujmjy
[12:25:06] 다운로드 files URL=https://www.genspark.ai/api/files/s/mfyujmjy → SRT_900.png
[12:25:07] ⏱ 다운로드 직접 1.1s size=660144 SRT_900.png
[12:25:07] ⏱ 다운로드구간 SRT_900 1.1s · SRT_900.png
[12:25:08] ⏱ 다운로드후유휴 SRT_900 1.3s · idle=True
[12:25:08] ⏱ 씬합계 SRT_900 11.0s · https://www.genspark.ai/api/files/s/mfyujmjy
[12:25:08] SRT_900 생성·다운로드 완료
C:\cursor\wuxia\workspace\swardmaster\2부\14장\png\SRT_900.png
[12:25:09] 상태키 SRT_920 · Baek|base; Jin|base
[12:25:09] run_scene 시작 SRT_920 · seen_files=163 · last_saved=https://www.genspark.ai/api/files/s/mfyujmjy
[12:25:09] ⏱ 준비 SRT_920 0.0s · chars=4663
[12:25:10] ⏱ 다음명령유휴 SRT_920 1.3s · idle=True
[12:25:10] fill OK(clip) follow=True chars=4663
[12:25:10] submit 시작 composer=4663 url=https://www.genspark.ai/agents?id=f7c09064-a73e-4b11-a6b8-500114722258
[12:25:11] submit geo 실패 hit=no-btn
[12:25:11] submit 시도 method=geo geo=False
[12:25:11] submit 미확인 method=geo generating=True composer=4663
[12:25:11] submit geo 실패 hit=no-btn
[12:25:11] submit 시도 method=send send=False
[12:25:12] submit 미확인 method=send generating=True composer=4663
[12:25:12] submit 시도 method=ctrl
[12:25:13] submit 미확인 method=ctrl generating=True composer=4665
[12:25:13] submit 시도 method=enter
[12:25:14] submit 미확인 method=enter generating=False composer=4665
[12:25:14] submit geo 실패 hit=no-btn
[12:25:14] submit 시도 method=geo2 geo=False
[12:25:14] submit 미확인 method=geo2 generating=False composer=4665
[12:25:15] submit geo 실패 hit=no-btn
[12:25:15] submit 시도 method=send2 send=False
[12:25:15] submit 미확인 method=send2 generating=False composer=4665
[12:25:15] submit 시도 method=ctrl2
[12:25:16] submit 미확인 method=ctrl2 generating=False composer=4667
[12:25:16] submit 실패 composer잔존=4667
[12:25:16] submit 재시도 2/3
[12:25:17] submit 시작 composer=4667 url=https://www.genspark.ai/agents?id=f7c09064-a73e-4b11-a6b8-500114722258
[12:25:17] submit geo 실패 hit=no-btn
[12:25:17] submit 시도 method=geo geo=False
[12:25:17] submit 미확인 method=geo generating=False composer=4667
[12:25:18] submit geo 실패 hit=no-btn
[12:25:18] submit 시도 method=send send=False
[12:25:18] submit 미확인 method=send generating=False composer=4667
[12:25:19] submit 시도 method=ctrl
[12:25:19] submit 미확인 method=ctrl generating=False composer=4669
[12:25:19] submit 시도 method=enter
[12:25:20] submit 확인 method=enter generating=False composer=0
[12:25:20] ⏱ 입력·전송 SRT_920 10.1s · chars=4663
[12:25:20] 제출 후 last_saved=https://www.genspark.ai/api/files/s/mfyujmjy
[12:25:20] ⏱ 생성대기 시작 SRT_920 max=120s
[12:25:21] ⏱ 생성대기 완료(busy무시) 1.1s SRT_920 https://www.genspark.ai/api/files/s/ui6kht6j
[12:25:21] ⏱ 생성대기구간 SRT_920 1.1s · ok=True
[12:25:21] SRT_920 근접 이미지 https://www.genspark.ai/api/files/s/ui6kht6j
[12:25:21] 다운로드 files URL=https://www.genspark.ai/api/files/s/ui6kht6j → SRT_920.png
[12:25:22] ⏱ 다운로드 직접 0.8s size=634524 SRT_920.png
[12:25:22] ⏱ 다운로드구간 SRT_920 0.8s · SRT_920.png
[12:25:23] ⏱ 다운로드후유휴 SRT_920 1.2s · idle=True
[12:25:23] ⏱ 씬합계 SRT_920 14.8s · https://www.genspark.ai/api/files/s/ui6kht6j
[12:25:23] SRT_920 생성·다운로드 완료
C:\cursor\wuxia\workspace\swardmaster\2부\14장\png\SRT_920.png
[12:25:23] 상태키 SRT_940 · Baek|base; Jin|base
[12:25:24] run_scene 시작 SRT_940 · seen_files=164 · last_saved=https://www.genspark.ai/api/files/s/ui6kht6j
[12:25:24] ⏱ 준비 SRT_940 0.0s · chars=4674
[12:25:25] ⏱ 다음명령유휴 SRT_940 1.4s · idle=True
[12:25:25] fill OK(clip) follow=True chars=4674
[12:25:25] submit 시작 composer=4674 url=https://www.genspark.ai/agents?id=f7c09064-a73e-4b11-a6b8-500114722258
[12:25:26] submit geo 실패 hit=no-btn
[12:25:26] submit 시도 method=geo geo=False
[12:25:26] submit 미확인 method=geo generating=True composer=4674
[12:25:26] submit geo 실패 hit=no-btn
[12:25:26] submit 시도 method=send send=False
[12:25:27] submit 미확인 method=send generating=True composer=4674
[12:25:27] submit 시도 method=ctrl
[12:25:28] submit 미확인 method=ctrl generating=False composer=4676
[12:25:28] submit 시도 method=enter
[12:25:29] submit 확인 method=enter generating=False composer=0
[12:25:29] ⏱ 입력·전송 SRT_940 3.9s · chars=4674
[12:25:29] 제출 후 last_saved=https://www.genspark.ai/api/files/s/ui6kht6j
[12:25:29] ⏱ 생성대기 시작 SRT_940 max=120s
[12:25:32] ⏱ 생성대기 완료(busy무시) 2.6s SRT_940 https://www.genspark.ai/api/files/s/jdq0xvuu
[12:25:32] ⏱ 생성대기구간 SRT_940 2.6s · ok=True
[12:25:32] SRT_940 근접 이미지 https://www.genspark.ai/api/files/s/jdq0xvuu
[12:25:32] 다운로드 files URL=https://www.genspark.ai/api/files/s/jdq0xvuu → SRT_940.png
[12:25:32] ⏱ 다운로드 직접 0.7s size=574743 SRT_940.png
[12:25:32] ⏱ 다운로드구간 SRT_940 0.7s · SRT_940.png
[12:25:34] ⏱ 다운로드후유휴 SRT_940 1.3s · idle=True
[12:25:34] ⏱ 씬합계 SRT_940 10.1s · https://www.genspark.ai/api/files/s/jdq0xvuu
[12:25:34] SRT_940 생성·다운로드 완료
C:\cursor\wuxia\workspace\swardmaster\2부\14장\png\SRT_940.png
[12:25:34] 상태키 SRT_960 · Baek|base; Jin|base
[12:25:34] run_scene 시작 SRT_960 · seen_files=165 · last_saved=https://www.genspark.ai/api/files/s/jdq0xvuu
[12:25:34] ⏱ 준비 SRT_960 0.0s · chars=4674
[12:25:35] ⏱ 다음명령유휴 SRT_960 1.3s · idle=True
[12:25:36] fill OK(clip) follow=True chars=4674
[12:25:36] submit 시작 composer=4674 url=https://www.genspark.ai/agents?id=f7c09064-a73e-4b11-a6b8-500114722258
[12:25:36] submit geo 실패 hit=no-btn
[12:25:36] submit 시도 method=geo geo=False
[12:25:36] submit 미확인 method=geo generating=True composer=4674
[12:25:37] submit geo 실패 hit=no-btn
[12:25:37] submit 시도 method=send send=False
[12:25:37] submit 미확인 method=send generating=True composer=4674
[12:25:38] submit 시도 method=ctrl
[12:25:38] submit 미확인 method=ctrl generating=True composer=4676
[12:25:38] submit 시도 method=enter
[12:25:39] submit 미확인 method=enter generating=True composer=4676
[12:25:39] submit geo 실패 hit=no-btn
[12:25:39] submit 시도 method=geo2 geo=False
[12:25:40] submit 미확인 method=geo2 generating=False composer=4676
[12:25:40] submit geo 실패 hit=no-btn
[12:25:40] submit 시도 method=send2 send=False
[12:25:40] submit 미확인 method=send2 generating=False composer=4676
[12:25:41] submit 시도 method=ctrl2
[12:25:41] submit 미확인 method=ctrl2 generating=False composer=4678
[12:25:41] submit 실패 composer잔존=4678
[12:25:41] submit 재시도 2/3
[12:25:42] submit 시작 composer=4678 url=https://www.genspark.ai/agents?id=f7c09064-a73e-4b11-a6b8-500114722258
[12:25:42] submit geo 실패 hit=no-btn
[12:25:42] submit 시도 method=geo geo=False
[12:25:43] submit 미확인 method=geo generating=False composer=4678
[12:25:43] submit geo 실패 hit=no-btn
[12:25:43] submit 시도 method=send send=False
[12:25:44] submit 미확인 method=send generating=False composer=4678
[12:25:44] submit 시도 method=ctrl
[12:25:45] submit 미확인 method=ctrl generating=False composer=4680
[12:25:45] submit 시도 method=enter
[12:25:45] submit 확인 method=enter generating=False composer=0
[12:25:45] ⏱ 입력·전송 SRT_960 10.3s · chars=4674
[12:25:45] 제출 후 last_saved=https://www.genspark.ai/api/files/s/jdq0xvuu
[12:25:46] ⏱ 생성대기 시작 SRT_960 max=120s
[12:25:46] ⏱ 생성대기 완료 0.9s SRT_960 https://www.genspark.ai/api/files/s/gxccmnfa
[12:25:46] ⏱ 생성대기구간 SRT_960 0.9s · ok=True
[12:25:46] SRT_960 근접 이미지 https://www.genspark.ai/api/files/s/gxccmnfa
[12:25:46] 다운로드 files URL=https://www.genspark.ai/api/files/s/gxccmnfa → SRT_960.png
[12:25:47] ⏱ 다운로드 직접 0.7s size=679196 SRT_960.png
[12:25:47] ⏱ 다운로드구간 SRT_960 0.8s · SRT_960.png
[12:25:50] ⏱ 다운로드후유휴 SRT_960 2.3s · idle=True
[12:25:50] ⏱ 씬합계 SRT_960 15.8s · https://www.genspark.ai/api/files/s/gxccmnfa
[12:25:50] SRT_960 생성·다운로드 완료
C:\cursor\wuxia\workspace\swardmaster\2부\14장\png\SRT_960.png
[12:25:50] 상태키 SRT_1000 · Baek|base; Jin|base
[12:25:50] run_scene 시작 SRT_1000 · seen_files=166 · last_saved=https://www.genspark.ai/api/files/s/gxccmnfa
[12:25:50] ⏱ 준비 SRT_1000 0.0s · chars=4656
[12:25:51] ⏱ 다음명령유휴 SRT_1000 1.3s · idle=True
[12:25:52] fill OK(clip) follow=True chars=4656
[12:25:52] submit 시작 composer=4656 url=https://www.genspark.ai/agents?id=f7c09064-a73e-4b11-a6b8-500114722258
[12:25:52] submit geo 실패 hit=no-btn
[12:25:52] submit 시도 method=geo geo=False
[12:25:52] submit 미확인 method=geo generating=True composer=4656
[12:25:53] submit geo 실패 hit=no-btn
[12:25:53] submit 시도 method=send send=False
[12:25:53] submit 미확인 method=send generating=True composer=4656
[12:25:54] submit 시도 method=ctrl
[12:25:54] submit 미확인 method=ctrl generating=False composer=4658
[12:25:55] submit 시도 method=enter
[12:25:55] submit 확인 method=enter generating=False composer=0
[12:25:55] ⏱ 입력·전송 SRT_1000 4.0s · chars=4656
[12:25:55] 제출 후 last_saved=https://www.genspark.ai/api/files/s/gxccmnfa
[12:25:55] ⏱ 생성대기 시작 SRT_1000 max=120s
[12:25:58] ⏱ 생성대기 완료(busy무시) 2.6s SRT_1000 https://www.genspark.ai/api/files/s/3jxdyqph
[12:25:58] ⏱ 생성대기구간 SRT_1000 2.6s · ok=True
[12:25:58] SRT_1000 근접 이미지 https://www.genspark.ai/api/files/s/3jxdyqph
[12:25:58] 다운로드 files URL=https://www.genspark.ai/api/files/s/3jxdyqph → SRT_1000.png
[12:25:59] ⏱ 다운로드 직접 0.7s size=722544 SRT_1000.png
[12:25:59] ⏱ 다운로드구간 SRT_1000 0.8s · SRT_1000.png
[12:26:00] ⏱ 다운로드후유휴 SRT_1000 1.2s · idle=True
[12:26:00] ⏱ 씬합계 SRT_1000 10.2s · https://www.genspark.ai/api/files/s/3jxdyqph
[12:26:00] SRT_1000 생성·다운로드 완료
C:\cursor\wuxia\workspace\swardmaster\2부\14장\png\SRT_1000.png
[12:26:00] 상태키 SRT_1020 · Baek|base; Jin|base
[12:26:00] run_scene 시작 SRT_1020 · seen_files=167 · last_saved=https://www.genspark.ai/api/files/s/3jxdyqph
[12:26:00] ⏱ 준비 SRT_1020 0.0s · chars=4674
[12:26:01] ⏱ 다음명령유휴 SRT_1020 1.2s · idle=True
[12:26:02] fill OK(clip) follow=True chars=4674
[12:26:02] submit 시작 composer=4674 url=https://www.genspark.ai/agents?id=f7c09064-a73e-4b11-a6b8-500114722258
[12:26:02] submit geo 실패 hit=no-btn
[12:26:02] submit 시도 method=geo geo=False
[12:26:03] submit 미확인 method=geo generating=True composer=4674
[12:26:03] submit geo 실패 hit=no-btn
[12:26:03] submit 시도 method=send send=False
[12:26:04] submit 미확인 method=send generating=True composer=4674
[12:26:04] submit 시도 method=ctrl
[12:26:05] submit 미확인 method=ctrl generating=True composer=4676
[12:26:05] submit 시도 method=enter
[12:26:05] submit 미확인 method=enter generating=True composer=4676
[12:26:05] submit geo 실패 hit=no-btn
[12:26:05] submit 시도 method=geo2 geo=False
[12:26:06] submit 미확인 method=geo2 generating=True composer=4676
[12:26:06] submit geo 실패 hit=no-btn
[12:26:06] submit 시도 method=send2 send=False
[12:26:07] submit 미확인 method=send2 generating=True composer=4676
[12:26:07] submit 시도 method=ctrl2
[12:26:08] submit 미확인 method=ctrl2 generating=False composer=4678
[12:26:08] submit 실패 composer잔존=4678
[12:26:08] submit 재시도 2/3
[12:26:08] submit 시작 composer=4678 url=https://www.genspark.ai/agents?id=f7c09064-a73e-4b11-a6b8-500114722258
[12:26:09] submit geo 실패 hit=no-btn
[12:26:09] submit 시도 method=geo geo=False
[12:26:09] submit 미확인 method=geo generating=False composer=4678
[12:26:09] submit geo 실패 hit=no-btn
[12:26:09] submit 시도 method=send send=False
[12:26:10] submit 미확인 method=send generating=False composer=4678
[12:26:10] submit 시도 method=ctrl
[12:26:11] submit 미확인 method=ctrl generating=False composer=4680
[12:26:11] submit 시도 method=enter
[12:26:12] submit 확인 method=enter generating=False composer=0
[12:26:12] ⏱ 입력·전송 SRT_1020 10.3s · chars=4674
[12:26:12] 제출 후 last_saved=https://www.genspark.ai/api/files/s/3jxdyqph
[12:26:12] ⏱ 생성대기 시작 SRT_1020 max=120s
[12:26:13] ⏱ 생성대기 완료(busy무시) 1.1s SRT_1020 https://www.genspark.ai/api/files/s/dcpxdjle
[12:26:13] ⏱ 생성대기구간 SRT_1020 1.1s · ok=True
[12:26:13] SRT_1020 근접 이미지 https://www.genspark.ai/api/files/s/dcpxdjle
[12:26:13] 다운로드 files URL=https://www.genspark.ai/api/files/s/dcpxdjle → SRT_1020.png
[12:26:14] ⏱ 다운로드 직접 1.0s size=695291 SRT_1020.png
[12:26:14] ⏱ 다운로드구간 SRT_1020 1.0s · SRT_1020.png
[12:26:16] ⏱ 다운로드후유휴 SRT_1020 1.8s · idle=True
[12:26:16] ⏱ 씬합계 SRT_1020 15.7s · https://www.genspark.ai/api/files/s/dcpxdjle
[12:26:16] SRT_1020 생성·다운로드 완료
C:\cursor\wuxia\workspace\swardmaster\2부\14장\png\SRT_1020.png
[12:26:16] 상태키 SRT_1040 · Baek|base; Jin|base
[12:26:16] run_scene 시작 SRT_1040 · seen_files=168 · last_saved=https://www.genspark.ai/api/files/s/dcpxdjle
[12:26:16] ⏱ 준비 SRT_1040 0.0s · chars=4650
[12:26:17] ⏱ 다음명령유휴 SRT_1040 1.3s · idle=True
[12:26:18] fill OK(clip) follow=True chars=4650
[12:26:18] submit 시작 composer=4650 url=https://www.genspark.ai/agents?id=f7c09064-a73e-4b11-a6b8-500114722258
[12:26:18] submit geo 실패 hit=no-btn
[12:26:18] submit 시도 method=geo geo=False
[12:26:19] submit 미확인 method=geo generating=False composer=4650
[12:26:19] submit geo 실패 hit=no-btn
[12:26:19] submit 시도 method=send send=False
[12:26:20] submit 미확인 method=send generating=True composer=4650
[12:26:20] submit 시도 method=ctrl
[12:26:20] submit 미확인 method=ctrl generating=False composer=4652
[12:26:21] submit 시도 method=enter
[12:26:21] submit 확인 method=enter generating=False composer=0
[12:26:21] ⏱ 입력·전송 SRT_1040 4.1s · chars=4650
[12:26:21] 제출 후 last_saved=https://www.genspark.ai/api/files/s/dcpxdjle
[12:26:22] ⏱ 생성대기 시작 SRT_1040 max=120s
[12:26:26] ⏱ 생성대기 완료 4.7s SRT_1040 https://www.genspark.ai/api/files/s/7rtdyddv
[12:26:26] ⏱ 생성대기구간 SRT_1040 4.7s · ok=True
[12:26:26] SRT_1040 근접 이미지 https://www.genspark.ai/api/files/s/7rtdyddv
[12:26:26] 다운로드 files URL=https://www.genspark.ai/api/files/s/7rtdyddv → SRT_1040.png
[12:26:27] ⏱ 다운로드 직접 0.8s size=786519 SRT_1040.png
[12:26:27] ⏱ 다운로드구간 SRT_1040 0.8s · SRT_1040.png
[12:26:28] ⏱ 다운로드후유휴 SRT_1040 1.3s · idle=True
[12:26:28] ⏱ 씬합계 SRT_1040 12.3s · https://www.genspark.ai/api/files/s/7rtdyddv
[12:26:28] SRT_1040 생성·다운로드 완료
C:\cursor\wuxia\workspace\swardmaster\2부\14장\png\SRT_1040.png
[12:26:28] 상태키 SRT_1060 · Baek|base; Jin|base
[12:26:28] run_scene 시작 SRT_1060 · seen_files=169 · last_saved=https://www.genspark.ai/api/files/s/7rtdyddv
[12:26:28] ⏱ 준비 SRT_1060 0.0s · chars=4691
[12:26:30] ⏱ 다음명령유휴 SRT_1060 1.4s · idle=True
[12:26:31] fill OK(clip) follow=True chars=4691
[12:26:31] submit 시작 composer=4691 url=https://www.genspark.ai/agents?id=f7c09064-a73e-4b11-a6b8-500114722258
[12:26:31] submit geo 실패 hit=no-btn
[12:26:31] submit 시도 method=geo geo=False
[12:26:31] submit 미확인 method=geo generating=True composer=4691
[12:26:32] submit geo 실패 hit=no-btn
[12:26:32] submit 시도 method=send send=False
[12:26:32] submit 미확인 method=send generating=True composer=4691
[12:26:32] submit 시도 method=ctrl
[12:26:33] submit 미확인 method=ctrl generating=True composer=4693
[12:26:33] submit 시도 method=enter
[12:26:34] submit 미확인 method=enter generating=False composer=4693
[12:26:34] submit geo 실패 hit=no-btn
[12:26:34] submit 시도 method=geo2 geo=False
[12:26:34] submit 미확인 method=geo2 generating=False composer=4693
[12:26:35] submit geo 실패 hit=no-btn
[12:26:35] submit 시도 method=send2 send=False
[12:26:35] submit 미확인 method=send2 generating=False composer=4693
[12:26:36] submit 시도 method=ctrl2
[12:26:36] submit 미확인 method=ctrl2 generating=False composer=4695
[12:26:36] submit 실패 composer잔존=4695
[12:26:36] submit 재시도 2/3
[12:26:37] submit 시작 composer=4695 url=https://www.genspark.ai/agents?id=f7c09064-a73e-4b11-a6b8-500114722258
[12:26:37] submit geo 실패 hit=no-btn
[12:26:37] submit 시도 method=geo geo=False
[12:26:37] submit 미확인 method=geo generating=False composer=4695
[12:26:38] submit geo 실패 hit=no-btn
[12:26:38] submit 시도 method=send send=False
[12:26:38] submit 미확인 method=send generating=False composer=4695
[12:26:39] submit 시도 method=ctrl
[12:26:39] submit 미확인 method=ctrl generating=False composer=4697
[12:26:40] submit 시도 method=enter
[12:26:40] submit 확인 method=enter generating=False composer=0
[12:26:40] ⏱ 입력·전송 SRT_1060 10.3s · chars=4691
[12:26:40] 제출 후 last_saved=https://www.genspark.ai/api/files/s/7rtdyddv
[12:26:40] ⏱ 생성대기 시작 SRT_1060 max=120s
[12:26:41] ⏱ 생성대기 완료 0.9s SRT_1060 https://www.genspark.ai/api/files/s/gptfuhie
[12:26:41] ⏱ 생성대기구간 SRT_1060 0.9s · ok=True
[12:26:41] SRT_1060 근접 이미지 https://www.genspark.ai/api/files/s/gptfuhie
[12:26:41] 다운로드 files URL=https://www.genspark.ai/api/files/s/gptfuhie → SRT_1060.png
[12:26:42] ⏱ 다운로드 직접 0.8s size=670548 SRT_1060.png
[12:26:42] ⏱ 다운로드구간 SRT_1060 0.8s · SRT_1060.png
[12:26:43] ⏱ 다운로드후유휴 SRT_1060 1.3s · idle=True
[12:26:43] ⏱ 씬합계 SRT_1060 14.9s · https://www.genspark.ai/api/files/s/gptfuhie
[12:26:43] SRT_1060 생성·다운로드 완료
C:\cursor\wuxia\workspace\swardmaster\2부\14장\png\SRT_1060.png
[12:26:44] 상태키 SRT_1080 · Baek|base; Jin|base
[12:26:44] run_scene 시작 SRT_1080 · seen_files=170 · last_saved=https://www.genspark.ai/api/files/s/gptfuhie
[12:26:44] ⏱ 준비 SRT_1080 0.0s · chars=4651
[12:26:45] ⏱ 다음명령유휴 SRT_1080 1.5s · idle=True
[12:26:46] fill OK(clip) follow=True chars=4651
[12:26:46] submit 시작 composer=4651 url=https://www.genspark.ai/agents?id=f7c09064-a73e-4b11-a6b8-500114722258
[12:26:46] submit geo 실패 hit=no-btn
[12:26:46] submit 시도 method=geo geo=False
[12:26:47] submit 미확인 method=geo generating=True composer=4651
[12:26:47] submit geo 실패 hit=no-btn
[12:26:47] submit 시도 method=send send=False
[12:26:48] submit 미확인 method=send generating=False composer=4651
[12:26:48] submit 시도 method=ctrl
[12:26:49] submit 미확인 method=ctrl generating=False composer=4653
[12:26:49] submit 시도 method=enter
[12:26:50] submit 확인 method=enter generating=False composer=0
[12:26:50] ⏱ 입력·전송 SRT_1080 4.8s · chars=4651
[12:26:50] 제출 후 last_saved=https://www.genspark.ai/api/files/s/gptfuhie
[12:26:50] ⏱ 생성대기 시작 SRT_1080 max=120s
[12:26:53] ⏱ 생성대기 완료 3.4s SRT_1080 https://www.genspark.ai/api/files/s/tptptphm
[12:26:53] ⏱ 생성대기구간 SRT_1080 3.4s · ok=True
[12:26:54] SRT_1080 근접 이미지 https://www.genspark.ai/api/files/s/tptptphm
[12:26:54] 다운로드 files URL=https://www.genspark.ai/api/files/s/tptptphm → SRT_1080.png
[12:26:54] ⏱ 다운로드 직접 0.8s size=809942 SRT_1080.png
[12:26:54] ⏱ 다운로드구간 SRT_1080 0.8s · SRT_1080.png
[12:26:56] ⏱ 다운로드후유휴 SRT_1080 1.4s · idle=True
[12:26:56] ⏱ 씬합계 SRT_1080 12.1s · https://www.genspark.ai/api/files/s/tptptphm
[12:26:56] SRT_1080 생성·다운로드 완료
C:\cursor\wuxia\workspace\swardmaster\2부\14장\png\SRT_1080.png
[12:26:56] 상태키 SRT_1100 · Baek|base; Jin|base
[12:26:56] run_scene 시작 SRT_1100 · seen_files=171 · last_saved=https://www.genspark.ai/api/files/s/tptptphm
[12:26:56] ⏱ 준비 SRT_1100 0.0s · chars=4678
[12:27:00] ⏱ 다음명령유휴 SRT_1100 4.0s · idle=True
[12:27:00] fill OK(clip) follow=True chars=4678
[12:27:01] submit 시작 composer=4678 url=https://www.genspark.ai/agents?id=f7c09064-a73e-4b11-a6b8-500114722258
[12:27:01] submit geo 실패 hit=no-btn
[12:27:01] submit 시도 method=geo geo=False
[12:27:01] submit 미확인 method=geo generating=False composer=4678
[12:27:02] submit geo 실패 hit=no-btn
[12:27:02] submit 시도 method=send send=False
[12:27:02] submit 미확인 method=send generating=False composer=4678
[12:27:02] submit 시도 method=ctrl
[12:27:03] submit 미확인 method=ctrl generating=False composer=4680
[12:27:03] submit 시도 method=enter
[12:27:04] submit 확인 method=enter generating=False composer=0
[12:27:04] ⏱ 입력·전송 SRT_1100 4.0s · chars=4678
[12:27:04] 제출 후 last_saved=https://www.genspark.ai/api/files/s/tptptphm
[12:27:04] ⏱ 생성대기 시작 SRT_1100 max=120s
[12:27:05] ⏱ 생성대기 완료 0.9s SRT_1100 https://www.genspark.ai/api/files/s/c8kzsexm
[12:27:05] ⏱ 생성대기구간 SRT_1100 0.9s · ok=True
[12:27:05] SRT_1100 근접 이미지 https://www.genspark.ai/api/files/s/c8kzsexm
[12:27:05] 다운로드 files URL=https://www.genspark.ai/api/files/s/c8kzsexm → SRT_1100.png
[12:27:06] ⏱ 다운로드 직접 0.7s size=687659 SRT_1100.png
[12:27:06] ⏱ 다운로드구간 SRT_1100 0.7s · SRT_1100.png
[12:27:07] ⏱ 다운로드후유휴 SRT_1100 1.3s · idle=True
[12:27:07] ⏱ 씬합계 SRT_1100 11.3s · https://www.genspark.ai/api/files/s/c8kzsexm
[12:27:07] SRT_1100 생성·다운로드 완료
C:\cursor\wuxia\workspace\swardmaster\2부\14장\png\SRT_1100.png
[12:27:07] 상태키 SRT_1160 · Baek|base; Jin|base
[12:27:07] run_scene 시작 SRT_1160 · seen_files=172 · last_saved=https://www.genspark.ai/api/files/s/c8kzsexm
[12:27:07] ⏱ 준비 SRT_1160 0.0s · chars=4646
[12:27:12] ⏱ 다음명령유휴 SRT_1160 4.6s · idle=True
[12:27:12] fill OK(clip) follow=True chars=4646
[12:27:12] submit 시작 composer=4646 url=https://www.genspark.ai/agents?id=f7c09064-a73e-4b11-a6b8-500114722258
[12:27:13] submit geo 실패 hit=no-btn
[12:27:13] submit 시도 method=geo geo=False
[12:27:13] submit 미확인 method=geo generating=True composer=4646
[12:27:13] submit geo 실패 hit=no-btn
[12:27:13] submit 시도 method=send send=False
[12:27:14] submit 미확인 method=send generating=True composer=4646
[12:27:14] submit 시도 method=ctrl
[12:27:15] submit 미확인 method=ctrl generating=False composer=4648
[12:27:15] submit 시도 method=enter
[12:27:16] submit 확인 method=enter generating=False composer=0
[12:27:16] ⏱ 입력·전송 SRT_1160 4.2s · chars=4646
[12:27:16] 제출 후 last_saved=https://www.genspark.ai/api/files/s/c8kzsexm
[12:27:16] ⏱ 생성대기 시작 SRT_1160 max=120s
[12:27:19] ⏱ 생성대기 완료(busy무시) 2.3s SRT_1160 https://www.genspark.ai/api/files/s/ajsaqdas
[12:27:19] ⏱ 생성대기구간 SRT_1160 2.3s · ok=True
[12:27:19] SRT_1160 근접 이미지 https://www.genspark.ai/api/files/s/ajsaqdas
[12:27:19] 다운로드 files URL=https://www.genspark.ai/api/files/s/ajsaqdas → SRT_1160.png
[12:27:19] ⏱ 다운로드 직접 0.8s size=704511 SRT_1160.png
[12:27:19] ⏱ 다운로드구간 SRT_1160 0.8s · SRT_1160.png
[12:27:21] ⏱ 다운로드후유휴 SRT_1160 1.3s · idle=True
[12:27:21] ⏱ 씬합계 SRT_1160 13.5s · https://www.genspark.ai/api/files/s/ajsaqdas
[12:27:21] SRT_1160 생성·다운로드 완료
C:\cursor\wuxia\workspace\swardmaster\2부\14장\png\SRT_1160.png
[12:27:21] 상태키 SRT_1180 · Baek|base; Jin|base
[12:27:21] run_scene 시작 SRT_1180 · seen_files=173 · last_saved=https://www.genspark.ai/api/files/s/ajsaqdas
[12:27:21] ⏱ 준비 SRT_1180 0.0s · chars=4672
[12:27:22] ⏱ 다음명령유휴 SRT_1180 1.3s · idle=True
[12:27:23] fill OK(clip) follow=True chars=4672
[12:27:23] submit 시작 composer=4672 url=https://www.genspark.ai/agents?id=f7c09064-a73e-4b11-a6b8-500114722258
[12:27:23] submit geo 실패 hit=no-btn
[12:27:23] submit 시도 method=geo geo=False
[12:27:24] submit 미확인 method=geo generating=True composer=4672
[12:27:24] submit geo 실패 hit=no-btn
[12:27:24] submit 시도 method=send send=False
[12:27:25] submit 미확인 method=send generating=False composer=4672
[12:27:25] submit 시도 method=ctrl
[12:27:25] submit 미확인 method=ctrl generating=False composer=4674
[12:27:26] submit 시도 method=enter
[12:27:26] submit 확인 method=enter generating=False composer=0
[12:27:26] ⏱ 입력·전송 SRT_1180 4.0s · chars=4672
[12:27:26] 제출 후 last_saved=https://www.genspark.ai/api/files/s/ajsaqdas
[12:27:26] ⏱ 생성대기 시작 SRT_1180 max=120s
[12:27:28] ⏱ 생성대기 완료(busy무시) 1.6s SRT_1180 https://www.genspark.ai/api/files/s/skaunruv
[12:27:28] ⏱ 생성대기구간 SRT_1180 1.6s · ok=True
[12:27:28] SRT_1180 근접 이미지 https://www.genspark.ai/api/files/s/skaunruv
[12:27:28] 다운로드 files URL=https://www.genspark.ai/api/files/s/skaunruv → SRT_1180.png
[12:27:29] ⏱ 다운로드 직접 0.7s size=713460 SRT_1180.png
[12:27:29] ⏱ 다운로드구간 SRT_1180 0.8s · SRT_1180.png
[12:27:30] ⏱ 다운로드후유휴 SRT_1180 1.2s · idle=True
[12:27:30] ⏱ 씬합계 SRT_1180 9.2s · https://www.genspark.ai/api/files/s/skaunruv
[12:27:30] SRT_1180 생성·다운로드 완료
C:\cursor\wuxia\workspace\swardmaster\2부\14장\png\SRT_1180.png
[12:27:30] 상태키 SRT_1200 · Baek|base; Jin|base
[12:27:30] run_scene 시작 SRT_1200 · seen_files=174 · last_saved=https://www.genspark.ai/api/files/s/skaunruv
[12:27:30] ⏱ 준비 SRT_1200 0.0s · chars=4664
[12:27:32] ⏱ 다음명령유휴 SRT_1200 1.3s · idle=True
[12:27:32] fill OK(clip) follow=True chars=4664
[12:27:32] submit 시작 composer=4664 url=https://www.genspark.ai/agents?id=f7c09064-a73e-4b11-a6b8-500114722258
[12:27:32] submit geo 실패 hit=no-btn
[12:27:32] submit 시도 method=geo geo=False
[12:27:33] submit 미확인 method=geo generating=True composer=4664
[12:27:33] submit geo 실패 hit=no-btn
[12:27:33] submit 시도 method=send send=False
[12:27:34] submit 미확인 method=send generating=False composer=4664
[12:27:34] submit 시도 method=ctrl
[12:27:35] submit 미확인 method=ctrl generating=False composer=4666
[12:27:35] submit 시도 method=enter
[12:27:36] submit 확인 method=enter generating=False composer=0
[12:27:36] ⏱ 입력·전송 SRT_1200 4.1s · chars=4664
[12:27:36] 제출 후 last_saved=https://www.genspark.ai/api/files/s/skaunruv
[12:27:36] ⏱ 생성대기 시작 SRT_1200 max=120s
[12:27:39] ⏱ 생성대기 완료 3.4s SRT_1200 https://www.genspark.ai/api/files/s/vrbeunil
[12:27:39] ⏱ 생성대기구간 SRT_1200 3.4s · ok=True
[12:27:39] SRT_1200 근접 이미지 https://www.genspark.ai/api/files/s/vrbeunil
[12:27:39] 다운로드 files URL=https://www.genspark.ai/api/files/s/vrbeunil → SRT_1200.png
[12:27:40] ⏱ 다운로드 직접 0.7s size=673463 SRT_1200.png
[12:27:40] ⏱ 다운로드구간 SRT_1200 0.8s · SRT_1200.png
[12:27:41] ⏱ 다운로드후유휴 SRT_1200 1.3s · idle=True
[12:27:41] ⏱ 씬합계 SRT_1200 11.0s · https://www.genspark.ai/api/files/s/vrbeunil
[12:27:41] SRT_1200 생성·다운로드 완료
C:\cursor\wuxia\workspace\swardmaster\2부\14장\png\SRT_1200.png
[12:27:41] 상태키 SRT_1220 · Baek|base; Jin|base
[12:27:41] run_scene 시작 SRT_1220 · seen_files=175 · last_saved=https://www.genspark.ai/api/files/s/vrbeunil
[12:27:41] ⏱ 준비 SRT_1220 0.0s · chars=4643
[12:27:45] ⏱ 다음명령유휴 SRT_1220 3.5s · idle=True
[12:27:46] fill OK(clip) follow=True chars=4643
[12:27:46] submit 시작 composer=4643 url=https://www.genspark.ai/agents?id=f7c09064-a73e-4b11-a6b8-500114722258
[12:27:46] submit geo 실패 hit=no-btn
[12:27:46] submit 시도 method=geo geo=False
[12:27:46] submit 미확인 method=geo generating=False composer=4643
[12:27:47] submit geo 실패 hit=no-btn
[12:27:47] submit 시도 method=send send=False
[12:27:47] submit 미확인 method=send generating=False composer=4643
[12:27:48] submit 시도 method=ctrl
[12:27:48] submit 미확인 method=ctrl generating=False composer=4645
[12:27:48] submit 시도 method=enter
[12:27:49] submit 확인 method=enter generating=False composer=0
[12:27:49] ⏱ 입력·전송 SRT_1220 4.0s · chars=4643
[12:27:49] 제출 후 last_saved=https://www.genspark.ai/api/files/s/vrbeunil
[12:27:49] ⏱ 생성대기 시작 SRT_1220 max=120s
[12:27:50] ⏱ 생성대기 완료 0.9s SRT_1220 https://www.genspark.ai/api/files/s/id3zxvyu
[12:27:50] ⏱ 생성대기구간 SRT_1220 0.9s · ok=True
[12:27:50] SRT_1220 근접 이미지 https://www.genspark.ai/api/files/s/id3zxvyu
[12:27:50] 다운로드 files URL=https://www.genspark.ai/api/files/s/id3zxvyu → SRT_1220.png
[12:27:51] ⏱ 다운로드 직접 0.7s size=693073 SRT_1220.png
[12:27:51] ⏱ 다운로드구간 SRT_1220 0.7s · SRT_1220.png
[12:27:58] ⏱ 다운로드후유휴 SRT_1220 6.7s · idle=True
[12:27:58] ⏱ 씬합계 SRT_1220 16.1s · https://www.genspark.ai/api/files/s/id3zxvyu
[12:27:58] SRT_1220 생성·다운로드 완료
C:\cursor\wuxia\workspace\swardmaster\2부\14장\png\SRT_1220.png
[12:27:58] 상태키 SRT_1240 · Baek|base; Jin|base
[12:27:58] run_scene 시작 SRT_1240 · seen_files=176 · last_saved=https://www.genspark.ai/api/files/s/id3zxvyu
[12:27:58] ⏱ 준비 SRT_1240 0.0s · chars=4655
[12:27:59] ⏱ 다음명령유휴 SRT_1240 1.4s · idle=True
[12:28:00] fill OK(clip) follow=True chars=4655
[12:28:00] submit 시작 composer=4655 url=https://www.genspark.ai/agents?id=f7c09064-a73e-4b11-a6b8-500114722258
[12:28:00] submit geo 실패 hit=no-btn
[12:28:00] submit 시도 method=geo geo=False
[12:28:00] submit 미확인 method=geo generating=False composer=4655
[12:28:01] submit geo 실패 hit=no-btn
[12:28:01] submit 시도 method=send send=False
[12:28:02] submit 미확인 method=send generating=True composer=4655
[12:28:02] submit 시도 method=ctrl
[12:28:02] submit 미확인 method=ctrl generating=True composer=4657
[12:28:03] submit 시도 method=enter
[12:28:03] submit 미확인 method=enter generating=False composer=4657
[12:28:03] submit geo 실패 hit=no-btn
[12:28:03] submit 시도 method=geo2 geo=False
[12:28:04] submit 미확인 method=geo2 generating=False composer=4657
[12:28:04] submit geo 실패 hit=no-btn
[12:28:04] submit 시도 method=send2 send=False
[12:28:05] submit 미확인 method=send2 generating=False composer=4657
[12:28:05] submit 시도 method=ctrl2
[12:28:06] submit 미확인 method=ctrl2 generating=False composer=4659
[12:28:06] submit 실패 composer잔존=4659
[12:28:06] submit 재시도 2/3
[12:28:06] submit 시작 composer=4659 url=https://www.genspark.ai/agents?id=f7c09064-a73e-4b11-a6b8-500114722258
[12:28:06] submit geo 실패 hit=no-btn
[12:28:06] submit 시도 method=geo geo=False
[12:28:07] submit 미확인 method=geo generating=False composer=4659
[12:28:07] submit geo 실패 hit=no-btn
[12:28:07] submit 시도 method=send send=False
[12:28:08] submit 미확인 method=send generating=False composer=4659
[12:28:08] submit 시도 method=ctrl
[12:28:09] submit 미확인 method=ctrl generating=False composer=4661
[12:28:09] submit 시도 method=enter
[12:28:10] submit 확인 method=enter generating=False composer=0
[12:28:10] ⏱ 입력·전송 SRT_1240 10.4s · chars=4655
[12:28:10] 제출 후 last_saved=https://www.genspark.ai/api/files/s/id3zxvyu
[12:28:10] ⏱ 생성대기 시작 SRT_1240 max=120s
[12:28:11] ⏱ 생성대기 완료 0.9s SRT_1240 https://www.genspark.ai/api/files/s/awggknkx
[12:28:11] ⏱ 생성대기구간 SRT_1240 0.9s · ok=True
[12:28:11] SRT_1240 근접 이미지 https://www.genspark.ai/api/files/s/awggknkx
[12:28:11] 다운로드 files URL=https://www.genspark.ai/api/files/s/awggknkx → SRT_1240.png
[12:28:11] ⏱ 다운로드 직접 0.7s size=731986 SRT_1240.png
[12:28:11] ⏱ 다운로드구간 SRT_1240 0.8s · SRT_1240.png
[12:28:15] ⏱ 다운로드후유휴 SRT_1240 3.9s · idle=True
[12:28:15] ⏱ 씬합계 SRT_1240 17.7s · https://www.genspark.ai/api/files/s/awggknkx
[12:28:15] SRT_1240 생성·다운로드 완료
C:\cursor\wuxia\workspace\swardmaster\2부\14장\png\SRT_1240.png
[12:28:16] 상태키 SRT_1260 · Baek|base; Jin|base
[12:28:16] run_scene 시작 SRT_1260 · seen_files=177 · last_saved=https://www.genspark.ai/api/files/s/awggknkx
[12:28:16] ⏱ 준비 SRT_1260 0.0s · chars=5698
[12:28:17] ⏱ 다음명령유휴 SRT_1260 1.3s · idle=True
[12:28:18] fill OK(clip) follow=True chars=5698
[12:28:18] submit 시작 composer=5698 url=https://www.genspark.ai/agents?id=f7c09064-a73e-4b11-a6b8-500114722258
[12:28:18] submit geo 실패 hit=no-btn
[12:28:18] submit 시도 method=geo geo=False
[12:28:18] submit 미확인 method=geo generating=False composer=5698
[12:28:19] submit geo 실패 hit=no-btn
[12:28:19] submit 시도 method=send send=False
[12:28:19] submit 미확인 method=send generating=True composer=5698
[12:28:19] submit 시도 method=ctrl
[12:28:20] submit 미확인 method=ctrl generating=False composer=5700
[12:28:20] submit 시도 method=enter
[12:28:21] submit 확인 method=enter generating=False composer=0
[12:28:21] ⏱ 입력·전송 SRT_1260 4.0s · chars=5698
[12:28:21] 제출 후 last_saved=https://www.genspark.ai/api/files/s/awggknkx
[12:28:21] ⏱ 생성대기 시작 SRT_1260 max=120s
[12:28:26] ⏱ 생성대기 완료 4.4s SRT_1260 https://www.genspark.ai/api/files/s/coiwe8wx
[12:28:26] ⏱ 생성대기구간 SRT_1260 4.4s · ok=True
[12:28:26] SRT_1260 근접 이미지 https://www.genspark.ai/api/files/s/coiwe8wx
[12:28:26] 다운로드 files URL=https://www.genspark.ai/api/files/s/coiwe8wx → SRT_1260.png
[12:28:26] ⏱ 다운로드 직접 0.8s size=844460 SRT_1260.png
[12:28:26] ⏱ 다운로드구간 SRT_1260 0.8s · SRT_1260.png
[12:28:28] ⏱ 다운로드후유휴 SRT_1260 1.3s · idle=True
[12:28:28] ⏱ 씬합계 SRT_1260 12.0s · https://www.genspark.ai/api/files/s/coiwe8wx
[12:28:28] SRT_1260 생성·다운로드 완료
C:\cursor\wuxia\workspace\swardmaster\2부\14장\png\SRT_1260.png
[12:28:28] 상태키 SRT_1300 · Baek|base; Jin|base
[12:28:28] run_scene 시작 SRT_1300 · seen_files=178 · last_saved=https://www.genspark.ai/api/files/s/coiwe8wx
[12:28:28] ⏱ 준비 SRT_1300 0.0s · chars=5706
[12:28:32] ⏱ 다음명령유휴 SRT_1300 4.2s · idle=True
[12:28:33] fill OK(clip) follow=True chars=5706
[12:28:33] submit 시작 composer=5706 url=https://www.genspark.ai/agents?id=f7c09064-a73e-4b11-a6b8-500114722258
[12:28:33] submit geo 실패 hit=no-btn
[12:28:33] submit 시도 method=geo geo=False
[12:28:33] submit 미확인 method=geo generating=False composer=5706
[12:28:34] submit geo 실패 hit=no-btn
[12:28:34] submit 시도 method=send send=False
[12:28:34] submit 미확인 method=send generating=False composer=5706
[12:28:34] submit 시도 method=ctrl
[12:28:35] submit 미확인 method=ctrl generating=False composer=5708
[12:28:35] submit 시도 method=enter
[12:28:36] submit 확인 method=enter generating=False composer=0
[12:28:36] ⏱ 입력·전송 SRT_1300 4.0s · chars=5706
[12:28:36] 제출 후 last_saved=https://www.genspark.ai/api/files/s/coiwe8wx
[12:28:36] ⏱ 생성대기 시작 SRT_1300 max=120s
[12:28:37] ⏱ 생성대기 완료 0.9s SRT_1300 https://www.genspark.ai/api/files/s/o20uukie
[12:28:37] ⏱ 생성대기구간 SRT_1300 0.9s · ok=True
[12:28:37] SRT_1300 근접 이미지 https://www.genspark.ai/api/files/s/o20uukie
[12:28:37] 다운로드 files URL=https://www.genspark.ai/api/files/s/o20uukie → SRT_1300.png
[12:28:38] ⏱ 다운로드 직접 0.7s size=607752 SRT_1300.png
[12:28:38] ⏱ 다운로드구간 SRT_1300 0.8s · SRT_1300.png
[12:28:40] ⏱ 다운로드후유휴 SRT_1300 2.4s · idle=True
[12:28:40] ⏱ 씬합계 SRT_1300 12.4s · https://www.genspark.ai/api/files/s/o20uukie
[12:28:40] SRT_1300 생성·다운로드 완료
C:\cursor\wuxia\workspace\swardmaster\2부\14장\png\SRT_1300.png
[12:28:40] 상태키 SRT_1320 · Baek|base; Jin|base
[12:28:40] run_scene 시작 SRT_1320 · seen_files=179 · last_saved=https://www.genspark.ai/api/files/s/o20uukie
[12:28:40] ⏱ 준비 SRT_1320 0.0s · chars=4653
[12:28:42] ⏱ 다음명령유휴 SRT_1320 1.3s · idle=True
[12:28:42] fill OK(clip) follow=True chars=4653
[12:28:42] submit 시작 composer=4653 url=https://www.genspark.ai/agents?id=f7c09064-a73e-4b11-a6b8-500114722258
[12:28:42] submit geo 실패 hit=no-btn
[12:28:42] submit 시도 method=geo geo=False
[12:28:43] submit 미확인 method=geo generating=True composer=4653
[12:28:43] submit geo 실패 hit=no-btn
[12:28:43] submit 시도 method=send send=False
[12:28:44] submit 미확인 method=send generating=True composer=4653
[12:28:44] submit 시도 method=ctrl
[12:28:45] submit 미확인 method=ctrl generating=True composer=4655
[12:28:45] submit 시도 method=enter
[12:28:46] submit 미확인 method=enter generating=False composer=4655
[12:28:46] submit geo 실패 hit=no-btn
[12:28:46] submit 시도 method=geo2 geo=False
[12:28:46] submit 미확인 method=geo2 generating=False composer=4655
[12:28:47] submit geo 실패 hit=no-btn
[12:28:47] submit 시도 method=send2 send=False
[12:28:47] submit 미확인 method=send2 generating=False composer=4655
[12:28:47] submit 시도 method=ctrl2
[12:28:48] submit 미확인 method=ctrl2 generating=False composer=4657
[12:28:48] submit 실패 composer잔존=4657
[12:28:48] submit 재시도 2/3
[12:28:49] submit 시작 composer=4657 url=https://www.genspark.ai/agents?id=f7c09064-a73e-4b11-a6b8-500114722258
[12:28:49] submit geo 실패 hit=no-btn
[12:28:49] submit 시도 method=geo geo=False
[12:28:49] submit 미확인 method=geo generating=False composer=4657
[12:28:50] submit geo 실패 hit=no-btn
[12:28:50] submit 시도 method=send send=False
[12:28:50] submit 미확인 method=send generating=False composer=4657
[12:28:51] submit 시도 method=ctrl
[12:28:51] submit 미확인 method=ctrl generating=False composer=4659
[12:28:52] submit 시도 method=enter
[12:28:52] submit 확인 method=enter generating=False composer=0
[12:28:52] ⏱ 입력·전송 SRT_1320 10.5s · chars=4653
[12:28:52] 제출 후 last_saved=https://www.genspark.ai/api/files/s/o20uukie
[12:28:52] ⏱ 생성대기 시작 SRT_1320 max=120s
[12:28:53] ⏱ 생성대기 완료 0.9s SRT_1320 https://www.genspark.ai/api/files/s/4hsjhso5
[12:28:53] ⏱ 생성대기구간 SRT_1320 0.9s · ok=True
[12:28:53] SRT_1320 근접 이미지 https://www.genspark.ai/api/files/s/4hsjhso5
[12:28:53] 다운로드 files URL=https://www.genspark.ai/api/files/s/4hsjhso5 → SRT_1320.png
[12:28:54] ⏱ 다운로드 직접 0.8s size=629983 SRT_1320.png
[12:28:54] ⏱ 다운로드구간 SRT_1320 0.8s · SRT_1320.png
[12:28:56] ⏱ 다운로드후유휴 SRT_1320 1.9s · idle=True
[12:28:56] ⏱ 씬합계 SRT_1320 15.7s · https://www.genspark.ai/api/files/s/4hsjhso5
[12:28:56] SRT_1320 생성·다운로드 완료
C:\cursor\wuxia\workspace\swardmaster\2부\14장\png\SRT_1320.png
[12:28:56] 상태키 SRT_1340 · Baek|base; Jin|base
[12:28:56] run_scene 시작 SRT_1340 · seen_files=180 · last_saved=https://www.genspark.ai/api/files/s/4hsjhso5
[12:28:56] ⏱ 준비 SRT_1340 0.0s · chars=4674
[12:28:58] ⏱ 다음명령유휴 SRT_1340 1.4s · idle=True
[12:28:58] fill OK(clip) follow=True chars=4674
[12:28:58] submit 시작 composer=4674 url=https://www.genspark.ai/agents?id=f7c09064-a73e-4b11-a6b8-500114722258
[12:28:59] submit geo 실패 hit=no-btn
[12:28:59] submit 시도 method=geo geo=False
[12:28:59] submit 미확인 method=geo generating=True composer=4674
[12:28:59] submit geo 실패 hit=no-btn
[12:28:59] submit 시도 method=send send=False
[12:29:00] submit 미확인 method=send generating=False composer=4674
[12:29:00] submit 시도 method=ctrl
[12:29:01] submit 미확인 method=ctrl generating=False composer=4676
[12:29:01] submit 시도 method=enter
[12:29:02] submit 확인 method=enter generating=False composer=0
[12:29:02] ⏱ 입력·전송 SRT_1340 4.1s · chars=4674
[12:29:02] 제출 후 last_saved=https://www.genspark.ai/api/files/s/4hsjhso5
[12:29:02] ⏱ 생성대기 시작 SRT_1340 max=120s
[12:29:06] ⏱ 생성대기 완료 3.7s SRT_1340 https://www.genspark.ai/api/files/s/srkca4br
[12:29:06] ⏱ 생성대기구간 SRT_1340 3.7s · ok=True
[12:29:06] SRT_1340 근접 이미지 https://www.genspark.ai/api/files/s/srkca4br
[12:29:06] 다운로드 files URL=https://www.genspark.ai/api/files/s/srkca4br → SRT_1340.png
[12:29:07] ⏱ 다운로드 직접 1.1s size=614144 SRT_1340.png
[12:29:07] ⏱ 다운로드구간 SRT_1340 1.2s · SRT_1340.png
[12:29:08] ⏱ 다운로드후유휴 SRT_1340 1.4s · idle=True
[12:29:08] ⏱ 씬합계 SRT_1340 11.9s · https://www.genspark.ai/api/files/s/srkca4br
[12:29:08] SRT_1340 생성·다운로드 완료
C:\cursor\wuxia\workspace\swardmaster\2부\14장\png\SRT_1340.png
[12:29:08] 상태키 SRT_1360 · Baek|base; Jin|base
[12:29:08] run_scene 시작 SRT_1360 · seen_files=181 · last_saved=https://www.genspark.ai/api/files/s/srkca4br
[12:29:08] ⏱ 준비 SRT_1360 0.0s · chars=5717
[12:29:12] ⏱ 다음명령유휴 SRT_1360 3.6s · idle=True
[12:29:13] fill OK(clip) follow=True chars=5717
[12:29:13] submit 시작 composer=5717 url=https://www.genspark.ai/agents?id=f7c09064-a73e-4b11-a6b8-500114722258
[12:29:13] submit geo 실패 hit=no-btn
[12:29:13] submit 시도 method=geo geo=False
[12:29:13] submit 미확인 method=geo generating=False composer=5717
[12:29:14] submit geo 실패 hit=no-btn
[12:29:14] submit 시도 method=send send=False
[12:29:14] submit 미확인 method=send generating=False composer=5717
[12:29:15] submit 시도 method=ctrl
[12:29:15] submit 미확인 method=ctrl generating=False composer=5719
[12:29:16] submit 시도 method=enter
[12:29:16] submit 확인 method=enter generating=False composer=0
[12:29:16] ⏱ 입력·전송 SRT_1360 4.1s · chars=5717
[12:29:16] 제출 후 last_saved=https://www.genspark.ai/api/files/s/srkca4br
[12:29:16] ⏱ 생성대기 시작 SRT_1360 max=120s
[12:29:17] ⏱ 생성대기 완료 0.9s SRT_1360 https://www.genspark.ai/api/files/s/n3spdgmm
[12:29:17] ⏱ 생성대기구간 SRT_1360 0.9s · ok=True
[12:29:17] SRT_1360 근접 이미지 https://www.genspark.ai/api/files/s/n3spdgmm
[12:29:17] 다운로드 files URL=https://www.genspark.ai/api/files/s/n3spdgmm → SRT_1360.png
[12:29:18] ⏱ 다운로드 직접 1.0s size=629466 SRT_1360.png
[12:29:18] ⏱ 다운로드구간 SRT_1360 1.0s · SRT_1360.png
[12:29:20] ⏱ 다운로드후유휴 SRT_1360 1.9s · idle=True
[12:29:20] ⏱ 씬합계 SRT_1360 11.7s · https://www.genspark.ai/api/files/s/n3spdgmm
[12:29:20] SRT_1360 생성·다운로드 완료
C:\cursor\wuxia\workspace\swardmaster\2부\14장\png\SRT_1360.png
[12:29:20] 상태키 SRT_1380 · Baek|base; Jin|base
[12:29:20] run_scene 시작 SRT_1380 · seen_files=182 · last_saved=https://www.genspark.ai/api/files/s/n3spdgmm
[12:29:20] ⏱ 준비 SRT_1380 0.0s · chars=4669
[12:29:22] ⏱ 다음명령유휴 SRT_1380 1.3s · idle=True
[12:29:22] fill OK(clip) follow=True chars=4669
[12:29:22] submit 시작 composer=4669 url=https://www.genspark.ai/agents?id=f7c09064-a73e-4b11-a6b8-500114722258
[12:29:22] submit geo 실패 hit=no-btn
[12:29:22] submit 시도 method=geo geo=False
[12:29:23] submit 미확인 method=geo generating=True composer=4669
[12:29:23] submit geo 실패 hit=no-btn
[12:29:23] submit 시도 method=send send=False
[12:29:24] submit 미확인 method=send generating=True composer=4669
[12:29:24] submit 시도 method=ctrl
[12:29:25] submit 미확인 method=ctrl generating=True composer=4671
[12:29:25] submit 시도 method=enter
[12:29:26] submit 미확인 method=enter generating=False composer=4671
[12:29:26] submit geo 실패 hit=no-btn
[12:29:26] submit 시도 method=geo2 geo=False
[12:29:26] submit 미확인 method=geo2 generating=False composer=4671
[12:29:27] submit geo 실패 hit=no-btn
[12:29:27] submit 시도 method=send2 send=False
[12:29:27] submit 미확인 method=send2 generating=False composer=4671
[12:29:27] submit 시도 method=ctrl2
[12:29:28] submit 미확인 method=ctrl2 generating=False composer=4673
[12:29:28] submit 실패 composer잔존=4673
[12:29:28] submit 재시도 2/3
[12:29:29] submit 시작 composer=4673 url=https://www.genspark.ai/agents?id=f7c09064-a73e-4b11-a6b8-500114722258
[12:29:29] submit geo 실패 hit=no-btn
[12:29:29] submit 시도 method=geo geo=False
[12:29:29] submit 미확인 method=geo generating=False composer=4673
[12:29:30] submit geo 실패 hit=no-btn
[12:29:30] submit 시도 method=send send=False
[12:29:30] submit 미확인 method=send generating=False composer=4673
[12:29:31] submit 시도 method=ctrl
[12:29:31] submit 미확인 method=ctrl generating=False composer=4675
[12:29:32] submit 시도 method=enter
[12:29:32] submit 확인 method=enter generating=False composer=0
[12:29:32] ⏱ 입력·전송 SRT_1380 10.5s · chars=4669
[12:29:32] 제출 후 last_saved=https://www.genspark.ai/api/files/s/n3spdgmm
[12:29:32] ⏱ 생성대기 시작 SRT_1380 max=120s
[12:29:33] ⏱ 생성대기 완료 0.9s SRT_1380 https://www.genspark.ai/api/files/s/lueznak6
[12:29:33] ⏱ 생성대기구간 SRT_1380 0.9s · ok=True
[12:29:33] SRT_1380 근접 이미지 https://www.genspark.ai/api/files/s/lueznak6
[12:29:33] 다운로드 files URL=https://www.genspark.ai/api/files/s/lueznak6 → SRT_1380.png
[12:29:34] ⏱ 다운로드 직접 1.1s size=579579 SRT_1380.png
[12:29:34] ⏱ 다운로드구간 SRT_1380 1.1s · SRT_1380.png
[12:29:38] ⏱ 다운로드후유휴 SRT_1380 3.9s · idle=True
[12:29:38] ⏱ 씬합계 SRT_1380 18.0s · https://www.genspark.ai/api/files/s/lueznak6
[12:29:38] SRT_1380 생성·다운로드 완료
C:\cursor\wuxia\workspace\swardmaster\2부\14장\png\SRT_1380.png
[12:29:38] 상태키 SRT_1400 · Baek|base; Jin|base
[12:29:38] run_scene 시작 SRT_1400 · seen_files=183 · last_saved=https://www.genspark.ai/api/files/s/lueznak6
[12:29:39] ⏱ 준비 SRT_1400 0.0s · chars=5722
[12:29:40] ⏱ 다음명령유휴 SRT_1400 1.4s · idle=True
[12:29:41] fill OK(clip) follow=True chars=5722
[12:29:41] submit 시작 composer=5722 url=https://www.genspark.ai/agents?id=f7c09064-a73e-4b11-a6b8-500114722258
[12:29:41] submit geo 실패 hit=no-btn
[12:29:41] submit 시도 method=geo geo=False
[12:29:41] submit 미확인 method=geo generating=False composer=5722
[12:29:42] submit geo 실패 hit=no-btn
[12:29:42] submit 시도 method=send send=False
[12:29:42] submit 미확인 method=send generating=True composer=5722
[12:29:43] submit 시도 method=ctrl
[12:29:43] submit 미확인 method=ctrl generating=False composer=5724
[12:29:43] submit 시도 method=enter
[12:29:44] submit 미확인 method=enter generating=False composer=5724
[12:29:44] submit geo 실패 hit=no-btn
[12:29:44] submit 시도 method=geo2 geo=False
[12:29:45] submit 미확인 method=geo2 generating=False composer=5724
[12:29:45] submit geo 실패 hit=no-btn
[12:29:45] submit 시도 method=send2 send=False
[12:29:45] submit 미확인 method=send2 generating=False composer=5724
[12:29:46] submit 시도 method=ctrl2
[12:29:46] submit 미확인 method=ctrl2 generating=False composer=5726
[12:29:46] submit 실패 composer잔존=5726
[12:29:46] submit 재시도 2/3
[12:29:47] submit 시작 composer=5726 url=https://www.genspark.ai/agents?id=f7c09064-a73e-4b11-a6b8-500114722258
[12:29:47] submit geo 실패 hit=no-btn
[12:29:47] submit 시도 method=geo geo=False
[12:29:48] submit 미확인 method=geo generating=False composer=5726
[12:29:48] submit geo 실패 hit=no-btn
[12:29:48] submit 시도 method=send send=False
[12:29:49] submit 미확인 method=send generating=False composer=5726
[12:29:49] submit 시도 method=ctrl
[12:29:50] submit 미확인 method=ctrl generating=False composer=5728
[12:29:50] submit 시도 method=enter
[12:29:50] submit 확인 method=enter generating=False composer=0
[12:29:50] ⏱ 입력·전송 SRT_1400 10.5s · chars=5722
[12:29:50] 제출 후 last_saved=https://www.genspark.ai/api/files/s/lueznak6
[12:29:51] ⏱ 생성대기 시작 SRT_1400 max=120s
[12:29:52] ⏱ 생성대기 완료 0.9s SRT_1400 https://www.genspark.ai/api/files/s/gawxw04o
[12:29:52] ⏱ 생성대기구간 SRT_1400 0.9s · ok=True
[12:29:52] SRT_1400 근접 이미지 https://www.genspark.ai/api/files/s/gawxw04o
[12:29:52] 다운로드 files URL=https://www.genspark.ai/api/files/s/gawxw04o → SRT_1400.png
[12:29:52] ⏱ 다운로드 직접 0.8s size=761614 SRT_1400.png
[12:29:52] ⏱ 다운로드구간 SRT_1400 0.9s · SRT_1400.png
[12:29:56] ⏱ 다운로드후유휴 SRT_1400 3.5s · idle=True
[12:29:56] ⏱ 씬합계 SRT_1400 17.5s · https://www.genspark.ai/api/files/s/gawxw04o
[12:29:56] SRT_1400 생성·다운로드 완료
C:\cursor\wuxia\workspace\swardmaster\2부\14장\png\SRT_1400.png
[12:29:56] 상태키 SRT_1420 · Baek|base; Jin|base
[12:29:56] run_scene 시작 SRT_1420 · seen_files=184 · last_saved=https://www.genspark.ai/api/files/s/gawxw04o
[12:29:56] ⏱ 준비 SRT_1420 0.0s · chars=2923
[12:29:57] ⏱ 다음명령유휴 SRT_1420 1.3s · idle=True
[12:29:58] fill OK(clip) follow=True chars=2923
[12:29:58] submit 시작 composer=2923 url=https://www.genspark.ai/agents?id=f7c09064-a73e-4b11-a6b8-500114722258
[12:29:58] submit geo 실패 hit=no-btn
[12:29:58] submit 시도 method=geo geo=False
[12:29:59] submit 미확인 method=geo generating=False composer=2923
[12:29:59] submit geo 실패 hit=no-btn
[12:29:59] submit 시도 method=send send=False
[12:30:00] submit 미확인 method=send generating=True composer=2923
[12:30:00] submit 시도 method=ctrl
[12:30:01] submit 미확인 method=ctrl generating=True composer=2925
[12:30:01] submit 시도 method=enter
[12:30:01] submit 미확인 method=enter generating=True composer=2925
[12:30:01] submit geo 실패 hit=no-btn
[12:30:01] submit 시도 method=geo2 geo=False
[12:30:02] submit 미확인 method=geo2 generating=False composer=2925
[12:30:03] submit geo 실패 hit=no-btn
[12:30:03] submit 시도 method=send2 send=False
[12:30:03] submit 미확인 method=send2 generating=False composer=2925
[12:30:03] submit 시도 method=ctrl2
[12:30:04] submit 미확인 method=ctrl2 generating=False composer=2927
[12:30:04] submit 실패 composer잔존=2927
[12:30:04] submit 재시도 2/3
[12:30:05] submit 시작 composer=2927 url=https://www.genspark.ai/agents?id=f7c09064-a73e-4b11-a6b8-500114722258
[12:30:05] submit geo 실패 hit=no-btn
[12:30:05] submit 시도 method=geo geo=False
[12:30:05] submit 미확인 method=geo generating=False composer=2927
[12:30:06] submit geo 실패 hit=no-btn
[12:30:06] submit 시도 method=send send=False
[12:30:06] submit 미확인 method=send generating=False composer=2927
[12:30:07] submit 시도 method=ctrl
[12:30:07] submit 미확인 method=ctrl generating=False composer=2929
[12:30:08] submit 시도 method=enter
[12:30:08] submit 확인 method=enter generating=False composer=0
[12:30:08] ⏱ 입력·전송 SRT_1420 10.7s · chars=2923
[12:30:08] 제출 후 last_saved=https://www.genspark.ai/api/files/s/gawxw04o
[12:30:08] ⏱ 생성대기 시작 SRT_1420 max=120s
[12:30:09] ⏱ 생성대기 완료 0.9s SRT_1420 https://www.genspark.ai/api/files/s/unwonh2o
[12:30:09] ⏱ 생성대기구간 SRT_1420 0.9s · ok=True
[12:30:09] SRT_1420 근접 이미지 https://www.genspark.ai/api/files/s/unwonh2o
[12:30:09] 다운로드 files URL=https://www.genspark.ai/api/files/s/unwonh2o → SRT_1420.png
[12:30:10] ⏱ 다운로드 직접 0.7s size=751928 SRT_1420.png
[12:30:10] ⏱ 다운로드구간 SRT_1420 0.8s · SRT_1420.png
[12:30:13] ⏱ 다운로드후유휴 SRT_1420 2.4s · idle=True
[12:30:13] ⏱ 씬합계 SRT_1420 16.4s · https://www.genspark.ai/api/files/s/unwonh2o
[12:30:13] SRT_1420 생성·다운로드 완료
C:\cursor\wuxia\workspace\swardmaster\2부\14장\png\SRT_1420.png
[12:30:13] 상태키 SRT_1431 · Baek|base; Jin|base
[12:30:13] run_scene 시작 SRT_1431 · seen_files=185 · last_saved=https://www.genspark.ai/api/files/s/unwonh2o
[12:30:13] ⏱ 준비 SRT_1431 0.0s · chars=3215
[12:30:14] ⏱ 다음명령유휴 SRT_1431 1.4s · idle=True
[12:30:15] fill OK(clip) follow=True chars=3215
[12:30:15] submit 시작 composer=3215 url=https://www.genspark.ai/agents?id=f7c09064-a73e-4b11-a6b8-500114722258
[12:30:15] submit geo 실패 hit=no-btn
[12:30:15] submit 시도 method=geo geo=False
[12:30:15] submit 미확인 method=geo generating=True composer=3215
[12:30:16] submit geo 실패 hit=no-btn
[12:30:16] submit 시도 method=send send=False
[12:30:16] submit 미확인 method=send generating=True composer=3215
[12:30:17] submit 시도 method=ctrl
[12:30:17] submit 미확인 method=ctrl generating=True composer=3217
[12:30:17] submit 시도 method=enter
[12:30:18] submit 미확인 method=enter generating=False composer=3217
[12:30:18] submit geo 실패 hit=no-btn
[12:30:18] submit 시도 method=geo2 geo=False
[12:30:19] submit 미확인 method=geo2 generating=False composer=3217
[12:30:20] submit geo 실패 hit=no-btn
[12:30:20] submit 시도 method=send2 send=False
[12:30:20] submit 미확인 method=send2 generating=False composer=3217
[12:30:21] submit 시도 method=ctrl2
[12:30:21] submit 미확인 method=ctrl2 generating=False composer=3219
[12:30:21] submit 실패 composer잔존=3219
[12:30:21] submit 재시도 2/3
[12:30:22] submit 시작 composer=3219 url=https://www.genspark.ai/agents?id=f7c09064-a73e-4b11-a6b8-500114722258
[12:30:22] submit geo 실패 hit=no-btn
[12:30:22] submit 시도 method=geo geo=False
[12:30:23] submit 미확인 method=geo generating=False composer=3219
[12:30:23] submit geo 실패 hit=no-btn
[12:30:23] submit 시도 method=send send=False
[12:30:23] submit 미확인 method=send generating=False composer=3219
[12:30:24] submit 시도 method=ctrl
[12:30:24] submit 미확인 method=ctrl generating=False composer=3221
[12:30:25] submit 시도 method=enter
[12:30:25] submit 확인 method=enter generating=False composer=0
[12:30:25] ⏱ 입력·전송 SRT_1431 11.1s · chars=3215
[12:30:25] 제출 후 last_saved=https://www.genspark.ai/api/files/s/unwonh2o
[12:30:25] ⏱ 생성대기 시작 SRT_1431 max=120s
[12:30:26] ⏱ 생성대기 완료 0.9s SRT_1431 https://www.genspark.ai/api/files/s/9mi9nnxx
[12:30:26] ⏱ 생성대기구간 SRT_1431 0.9s · ok=True
[12:30:26] SRT_1431 근접 이미지 https://www.genspark.ai/api/files/s/9mi9nnxx
[12:30:26] 다운로드 files URL=https://www.genspark.ai/api/files/s/9mi9nnxx → SRT_1431.png
[12:30:27] ⏱ 다운로드 직접 0.8s size=628465 SRT_1431.png
[12:30:27] ⏱ 다운로드구간 SRT_1431 0.8s · SRT_1431.png
[12:30:30] ⏱ 다운로드후유휴 SRT_1431 3.0s · idle=True
[12:30:30] ⏱ 씬합계 SRT_1431 17.5s · https://www.genspark.ai/api/files/s/9mi9nnxx
[12:30:30] SRT_1431 생성·다운로드 완료
C:\cursor\wuxia\workspace\swardmaster\2부\14장\png\SRT_1431.png
[12:33:28] 탭로그 ON — 실행·생성 · 씬 1개 · reopen=True
[12:33:34] ChromeDebug 재시작 slot=1 port=9243 user_data=C:\ChromeDebug_2_5_slot1 reused=0
[12:33:40] 모델 이미 Pro: Nano Banana Pro
[12:33:40] 세션 준비 — login=OK model=Nano Banana Pro auto=True
[12:33:40] ensure_page cur_sc=10 prefer_sc=10 cur=https://www.genspark.ai/ai_image prefer=https://www.genspark.ai/ai_image
[12:33:42] fill OK(clip) follow=True chars=74076
[12:33:42] 입력창 붙여넣기 — 프롬프트 50827자 + SRT 23206자 = 합계 74076자
  prompt=C:/cursor/wuxia/2_5_sceneImage/md/image.wuxiz.txt
  srt=C:\cursor\wuxia\workspace\swardmaster\2부\14장\mp3\new.srt
[12:33:43] ensure_page cur_sc=10 prefer_sc=10 cur=https://www.genspark.ai/ai_image prefer=https://www.genspark.ai/ai_image
[12:33:44] 동일 입력창에 명령 추가(미실행): ===== CHARACTER LOOK (SRT_780) =====
State keys: Baek≈19|base; Namgung|base
Han Baekgang, approximately nineteen years old, lean East-Asian youth with a deceptively warm smile hidi…
[12:33:45] 상태키 SRT_780 · Baek|base; Jin|base
[12:33:45] run_scene 시작 SRT_780 · seen_files=186 · last_saved=https://www.genspark.ai/api/files/s/9mi9nnxx
[12:33:45] ensure_page cur_sc=10 prefer_sc=10 cur=https://www.genspark.ai/ai_image prefer=https://www.genspark.ai/ai_image
[12:33:45] 모델 선택 시작 현재=(없음)
[12:33:45] 모델 선택 결과 ok=False 칩=(없음) picked=
[12:33:45] ⏱ 준비 SRT_780 0.1s · chars=4400
[12:33:45] submit 시작 composer=4400 url=https://www.genspark.ai/ai_image
[12:33:45] submit geo 실패 hit=no-btn
[12:33:45] submit 시도 method=geo geo=False
[12:33:46] submit 미확인 method=geo generating=False composer=4400
[12:33:46] submit geo 실패 hit=no-btn
[12:33:46] submit 시도 method=send send=False
[12:33:47] submit 미확인 method=send generating=False composer=4400
[12:33:47] submit 시도 method=ctrl
[12:33:48] submit 미확인 method=ctrl generating=False composer=4402
[12:33:49] submit 시도 method=enter
[12:33:49] submit 확인 method=enter generating=False composer=0
[12:33:49] ⏱ 입력창전송 SRT_780 4.3s
[12:33:49] 제출 후 last_saved=https://www.genspark.ai/api/files/s/9mi9nnxx
[12:33:50] ⏱ 생성대기 시작 SRT_780 max=120s
[12:34:05] ⏱ 생성대기 진행 15.4s SRT_780 busy=False url_ok=True src=https://www.genspark.ai/api/files/s/g4cqz1nj
[12:34:05] ⏱ 생성대기 완료 15.7s SRT_780 https://www.genspark.ai/api/files/s/g4cqz1nj
[12:34:05] ⏱ 생성대기구간 SRT_780 15.7s · ok=True
[12:34:05] SRT_780 근접 이미지 https://www.genspark.ai/api/files/s/g4cqz1nj
[12:34:05] 다운로드 files URL=https://www.genspark.ai/api/files/s/g4cqz1nj → SRT_780.png
[12:34:06] ⏱ 다운로드 직접 0.7s size=583774 SRT_780.png
[12:34:06] ⏱ 다운로드구간 SRT_780 0.8s · SRT_780.png
[12:34:08] ⏱ 다운로드후유휴 SRT_780 1.4s · idle=True
[12:34:08] ⏱ 씬합계 SRT_780 22.5s · https://www.genspark.ai/api/files/s/g4cqz1nj
[12:34:08] SRT_780 생성·다운로드 완료
C:\cursor\wuxia\workspace\swardmaster\2부\14장\png\SRT_780.png
