[06:54:05] 탭로그 ON — 실행·생성 · 씬 77개 · reopen=True · 한도대기ON
[06:54:12] ChromeDebug 재시작 slot=0 port=9242 user_data=C:\ChromeDebug_2_5 reused=0
[06:54:18] 모델 이미 Pro: Nano Banana Pro
[06:54:18] 세션 준비 — login=OK model=Nano Banana Pro auto=True
[06:54:19] ensure_page cur_sc=10 prefer_sc=10 cur=https://www.genspark.ai/ai_image prefer=https://www.genspark.ai/ai_image
[06:54:21] fill OK(clip) follow=True chars=73352
[06:54:21] 입력창 붙여넣기 — 프롬프트 50827자 + SRT 22482자 = 합계 73352자
  prompt=C:/cursor/wuxia/2_5_sceneImage/md/image.wuxiz.txt
  srt=C:\cursor\wuxia\workspace\swardmaster\2부\21장\mp3\new.srt
[06:54:22] ensure_page cur_sc=10 prefer_sc=10 cur=https://www.genspark.ai/ai_image prefer=https://www.genspark.ai/ai_image
[06:54:24] 동일 입력창에 명령 추가(미실행): ===== CHARACTER LOOK (SRT_000) =====
Look keys (state tracking OFF): Jin≈19|base; Seo|base
Jin Muhan, approximately nineteen years old, East-Asian young swordsman, sharp narrow pho…
[06:54:25] 상태키 SRT_000 · tracking=OFF; Baek|base; Jin|base
[06:54:25] run_scene 시작 SRT_000 · seen_files=0 · last_saved=
[06:54:25] ensure_page cur_sc=10 prefer_sc=10 cur=https://www.genspark.ai/ai_image prefer=https://www.genspark.ai/ai_image
[06:54:25] 모델 선택 시작 현재=(없음)
[06:54:25] 모델 선택 결과 ok=False 칩=(없음) picked=
[06:54:25] ⏱ 준비 SRT_000 0.2s · chars=4900
[06:54:25] submit 시작 composer=4900 url=https://www.genspark.ai/ai_image
[06:54:25] submit geo 실패 hit=no-btn
[06:54:25] submit 시도 method=geo geo=False
[06:54:26] submit 미확인 method=geo generating=False composer=4900
[06:54:26] submit geo 실패 hit=no-btn
[06:54:26] submit 시도 method=send send=False
[06:54:27] submit 미확인 method=send generating=False composer=4900
[06:54:27] submit 시도 method=ctrl
[06:54:27] submit 미확인 method=ctrl generating=False composer=4902
[06:54:28] submit 시도 method=enter
[06:54:29] submit 확인 method=enter generating=False composer=0
[06:54:29] ⏱ 입력창전송 SRT_000 4.2s
[06:54:29] 제출 후 last_saved=https://www.genspark.ai/api/files/s/yykhq6t6
[06:54:29] ⏱ 생성대기 시작 SRT_000 max=120s
[06:54:45] ⏱ 생성대기 진행 15.5s SRT_000 busy=False url_ok=False src=
[06:54:47] ⏱ 생성대기 완료 18.1s SRT_000 https://www.genspark.ai/api/files/s/vyg4wxpe
[06:54:47] ⏱ 생성대기구간 SRT_000 18.1s · ok=True
[06:54:47] SRT_000 근접 이미지 https://www.genspark.ai/api/files/s/vyg4wxpe
[06:54:47] 다운로드 files URL=https://www.genspark.ai/api/files/s/vyg4wxpe → SRT_000.png
[06:54:48] ⏱ 다운로드 직접 0.8s size=796357 SRT_000.png
[06:54:48] ⏱ 다운로드구간 SRT_000 0.8s · SRT_000.png
[06:54:50] ⏱ 다운로드후유휴 SRT_000 1.6s · idle=True
[06:54:50] ⏱ 씬합계 SRT_000 25.2s · https://www.genspark.ai/api/files/s/vyg4wxpe
[06:54:50] SRT_000 생성·다운로드 완료
C:\cursor\wuxia\workspace\swardmaster\2부\21장\png\SRT_000.png
[06:54:50] 상태키 SRT_020 · tracking=OFF; Baek|base; Jin|base
[06:54:50] run_scene 시작 SRT_020 · seen_files=1 · last_saved=https://www.genspark.ai/api/files/s/vyg4wxpe
[06:54:50] ⏱ 준비 SRT_020 0.0s · chars=5290
[06:54:52] ⏱ 다음명령유휴 SRT_020 1.7s · idle=True
[06:54:53] fill OK(clip) follow=True chars=5290
[06:54:53] submit 시작 composer=5290 url=https://www.genspark.ai/agents?id=7d57be0b-e954-4fd5-9cf3-957dc8d69e68
[06:54:53] submit geo 실패 hit=no-btn
[06:54:53] submit 시도 method=geo geo=False
[06:54:53] submit 미확인 method=geo generating=False composer=5290
[06:54:54] submit geo 실패 hit=no-btn
[06:54:54] submit 시도 method=send send=False
[06:54:55] submit 미확인 method=send generating=False composer=5290
[06:54:55] submit 시도 method=ctrl
[06:54:55] submit 미확인 method=ctrl generating=False composer=5292
[06:54:56] submit 시도 method=enter
[06:54:56] submit 확인 method=enter generating=False composer=0
[06:54:56] ⏱ 입력·전송 SRT_020 4.8s · chars=5290
[06:54:56] 제출 후 last_saved=https://www.genspark.ai/api/files/s/vyg4wxpe
[06:54:57] ⏱ 생성대기 시작 SRT_020 max=120s
[06:55:12] ⏱ 생성대기 진행 15.1s SRT_020 busy=False url_ok=True src=https://www.genspark.ai/api/files/s/zzsfvlfq
[06:55:12] ⏱ 생성대기 완료 15.4s SRT_020 https://www.genspark.ai/api/files/s/zzsfvlfq
[06:55:12] ⏱ 생성대기구간 SRT_020 15.4s · ok=True
[06:55:12] SRT_020 근접 이미지 https://www.genspark.ai/api/files/s/zzsfvlfq
[06:55:12] 다운로드 files URL=https://www.genspark.ai/api/files/s/zzsfvlfq → SRT_020.png
[06:55:13] ⏱ 다운로드 직접 0.7s size=769369 SRT_020.png
[06:55:13] ⏱ 다운로드구간 SRT_020 0.7s · SRT_020.png
[06:55:14] ⏱ 다운로드후유휴 SRT_020 1.5s · idle=True
[06:55:14] ⏱ 씬합계 SRT_020 24.3s · https://www.genspark.ai/api/files/s/zzsfvlfq
[06:55:14] SRT_020 생성·다운로드 완료
C:\cursor\wuxia\workspace\swardmaster\2부\21장\png\SRT_020.png
[06:55:15] 상태키 SRT_040 · tracking=OFF; Baek|base; Jin|base
[06:55:15] run_scene 시작 SRT_040 · seen_files=2 · last_saved=https://www.genspark.ai/api/files/s/zzsfvlfq
[06:55:15] ⏱ 준비 SRT_040 0.0s · chars=5447
[06:55:16] ⏱ 다음명령유휴 SRT_040 1.4s · idle=True
[06:55:17] fill OK(clip) follow=True chars=5447
[06:55:17] submit 시작 composer=5447 url=https://www.genspark.ai/agents?id=7d57be0b-e954-4fd5-9cf3-957dc8d69e68
[06:55:17] submit geo 실패 hit=no-btn
[06:55:17] submit 시도 method=geo geo=False
[06:55:18] submit 미확인 method=geo generating=False composer=5447
[06:55:18] submit geo 실패 hit=no-btn
[06:55:18] submit 시도 method=send send=False
[06:55:19] submit 미확인 method=send generating=False composer=5447
[06:55:19] submit 시도 method=ctrl
[06:55:19] submit 미확인 method=ctrl generating=False composer=5449
[06:55:20] submit 시도 method=enter
[06:55:20] submit 확인 method=enter generating=False composer=0
[06:55:20] ⏱ 입력·전송 SRT_040 4.3s · chars=5447
[06:55:20] 제출 후 last_saved=https://www.genspark.ai/api/files/s/zzsfvlfq
[06:55:21] ⏱ 생성대기 시작 SRT_040 max=120s
[06:55:35] ⏱ 생성대기 완료 14.6s SRT_040 https://www.genspark.ai/api/files/s/h6biinvj
[06:55:35] ⏱ 생성대기구간 SRT_040 14.6s · ok=True
[06:55:35] SRT_040 근접 이미지 https://www.genspark.ai/api/files/s/h6biinvj
[06:55:35] 다운로드 files URL=https://www.genspark.ai/api/files/s/h6biinvj → SRT_040.png
[06:55:36] ⏱ 다운로드 직접 0.8s size=763341 SRT_040.png
[06:55:36] ⏱ 다운로드구간 SRT_040 0.8s · SRT_040.png
[06:55:38] ⏱ 다운로드후유휴 SRT_040 2.3s · idle=True
[06:55:38] ⏱ 씬합계 SRT_040 23.7s · https://www.genspark.ai/api/files/s/h6biinvj
[06:55:38] SRT_040 생성·다운로드 완료
C:\cursor\wuxia\workspace\swardmaster\2부\21장\png\SRT_040.png
[06:55:38] 상태키 SRT_060 · tracking=OFF; Baek|base; Jin|base
[06:55:38] run_scene 시작 SRT_060 · seen_files=3 · last_saved=https://www.genspark.ai/api/files/s/h6biinvj
[06:55:39] ⏱ 준비 SRT_060 0.0s · chars=3848
[06:55:41] ⏱ 다음명령유휴 SRT_060 2.8s · idle=True
[06:55:42] fill OK(clip) follow=True chars=3848
[06:55:42] submit 시작 composer=3848 url=https://www.genspark.ai/agents?id=7d57be0b-e954-4fd5-9cf3-957dc8d69e68
[06:55:42] submit geo 실패 hit=no-btn
[06:55:42] submit 시도 method=geo geo=False
[06:55:43] submit 미확인 method=geo generating=False composer=3848
[06:55:43] submit geo 실패 hit=no-btn
[06:55:43] submit 시도 method=send send=False
[06:55:44] submit 미확인 method=send generating=False composer=3848
[06:55:44] submit 시도 method=ctrl
[06:55:45] submit 미확인 method=ctrl generating=False composer=3850
[06:55:45] submit 시도 method=enter
[06:55:46] submit 확인 method=enter generating=False composer=0
[06:55:46] ⏱ 입력·전송 SRT_060 4.2s · chars=3848
[06:55:46] 제출 후 last_saved=https://www.genspark.ai/api/files/s/h6biinvj
[06:55:46] ⏱ 생성대기 시작 SRT_060 max=120s
[06:56:01] ⏱ 생성대기 진행 15.3s SRT_060 busy=False url_ok=False src=
[06:56:16] ⏱ 생성대기 진행 30.3s SRT_060 busy=False url_ok=False src=
[06:56:31] ⏱ 생성대기 진행 45.5s SRT_060 busy=False url_ok=False src=
[06:56:47] ⏱ 생성대기 진행 60.7s SRT_060 busy=False url_ok=False src=
[06:57:02] ⏱ 생성대기 진행 76.0s SRT_060 busy=False url_ok=False src=
[06:57:17] ⏱ 생성대기 진행 91.2s SRT_060 busy=False url_ok=False src=
[06:57:32] ⏱ 생성대기 진행 106.2s SRT_060 busy=False url_ok=False src=
[06:58:11] ⏱ 생성대기 시간초과 145.6s SRT_060 (새 api/files 이미지 없음, max=120s)
[06:58:11] ⏱ 생성대기구간 SRT_060 145.6s · ok=False
[06:58:11] run_scene 실패(재시도 없음): 이미지는 없고 성공 문구만 있음 — 다음 씬으로 진행
[06:58:11] SRT_060 실패 — 다음 씬 계속
이미지는 없고 성공 문구만 있음 — 다음 씬으로 진행
[06:58:12] 상태키 SRT_080 · tracking=OFF; Baek|base; Jin|base
[06:58:12] 늦은이미지 회수 실패 SRT_060: SRT_060 요청 아래 새 이미지가 없습니다.
[06:58:12] run_scene 시작 SRT_080 · seen_files=3 · last_saved=https://www.genspark.ai/api/files/s/h6biinvj
[06:58:12] ⏱ 준비 SRT_080 0.0s · chars=3853
[06:58:13] ⏱ 다음명령유휴 SRT_080 1.6s · idle=True
[06:58:14] fill OK(clip) follow=True chars=3853
[06:58:14] submit 시작 composer=3853 url=https://www.genspark.ai/agents?id=7d57be0b-e954-4fd5-9cf3-957dc8d69e68
[06:58:14] submit geo 실패 hit=no-btn
[06:58:14] submit 시도 method=geo geo=False
[06:58:15] submit 미확인 method=geo generating=False composer=3853
[06:58:15] submit geo 실패 hit=no-btn
[06:58:15] submit 시도 method=send send=False
[06:58:16] submit 미확인 method=send generating=False composer=3853
[06:58:16] submit 시도 method=ctrl
[06:58:17] submit 미확인 method=ctrl generating=False composer=3855
[06:58:17] submit 시도 method=enter
[06:58:18] submit 확인 method=enter generating=False composer=0
[06:58:18] ⏱ 입력·전송 SRT_080 4.6s · chars=3853
[06:58:18] 제출 후 last_saved=https://www.genspark.ai/api/files/s/h6biinvj
[06:58:18] ⏱ 생성대기 시작 SRT_080 max=120s
[06:58:32] ⏱ 생성대기 완료 14.0s SRT_080 https://www.genspark.ai/api/files/s/ddwtrhrm
[06:58:32] ⏱ 생성대기구간 SRT_080 14.0s · ok=True
[06:58:32] SRT_080 근접 이미지 https://www.genspark.ai/api/files/s/ddwtrhrm
[06:58:32] 다운로드 files URL=https://www.genspark.ai/api/files/s/ddwtrhrm → SRT_080.png
[06:58:33] ⏱ 다운로드 직접 0.8s size=562144 SRT_080.png
[06:58:33] ⏱ 다운로드구간 SRT_080 0.8s · SRT_080.png
[06:58:35] ⏱ 다운로드후유휴 SRT_080 1.5s · idle=True
[06:58:35] ⏱ 씬합계 SRT_080 22.8s · https://www.genspark.ai/api/files/s/ddwtrhrm
[06:58:35] SRT_080 생성·다운로드 완료
C:\cursor\wuxia\workspace\swardmaster\2부\21장\png\SRT_080.png
[06:58:35] 상태키 SRT_100 · tracking=OFF; Baek|base; Jin|base
[06:58:35] 늦은이미지 회수 실패 SRT_060: SRT_060 요청 아래 새 이미지가 없습니다.
[06:58:35] run_scene 시작 SRT_100 · seen_files=4 · last_saved=https://www.genspark.ai/api/files/s/ddwtrhrm
[06:58:35] ⏱ 준비 SRT_100 0.0s · chars=5509
[06:58:36] ⏱ 다음명령유휴 SRT_100 1.5s · idle=True
[06:58:37] fill OK(clip) follow=True chars=5509
[06:58:37] submit 시작 composer=5509 url=https://www.genspark.ai/agents?id=7d57be0b-e954-4fd5-9cf3-957dc8d69e68
[06:58:37] submit geo 실패 hit=no-btn
[06:58:37] submit 시도 method=geo geo=False
[06:58:38] submit 미확인 method=geo generating=False composer=5509
[06:58:38] submit geo 실패 hit=no-btn
[06:58:38] submit 시도 method=send send=False
[06:58:39] submit 미확인 method=send generating=False composer=5509
[06:58:39] submit 시도 method=ctrl
[06:58:40] submit 미확인 method=ctrl generating=False composer=5511
[06:58:40] submit 시도 method=enter
[06:58:40] submit 확인 method=enter generating=False composer=0
[06:58:40] ⏱ 입력·전송 SRT_100 4.2s · chars=5509
[06:58:40] 제출 후 last_saved=https://www.genspark.ai/api/files/s/ddwtrhrm
[06:58:41] ⏱ 생성대기 시작 SRT_100 max=120s
[06:58:56] ⏱ 생성대기 진행 15.2s SRT_100 busy=False url_ok=False src=
[06:58:57] ⏱ 생성대기 완료 16.4s SRT_100 https://www.genspark.ai/api/files/s/smw1cblh
[06:58:57] ⏱ 생성대기구간 SRT_100 16.4s · ok=True
[06:58:57] SRT_100 근접 이미지 https://www.genspark.ai/api/files/s/smw1cblh
[06:58:57] 다운로드 files URL=https://www.genspark.ai/api/files/s/smw1cblh → SRT_100.png
[06:58:58] ⏱ 다운로드 직접 1.0s size=668448 SRT_100.png
[06:58:58] ⏱ 다운로드구간 SRT_100 1.1s · SRT_100.png
[06:59:01] ⏱ 다운로드후유휴 SRT_100 3.1s · idle=True
[06:59:01] ⏱ 씬합계 SRT_100 26.7s · https://www.genspark.ai/api/files/s/smw1cblh
[06:59:01] SRT_100 생성·다운로드 완료
C:\cursor\wuxia\workspace\swardmaster\2부\21장\png\SRT_100.png
[06:59:02] 상태키 SRT_120 · tracking=OFF; Baek|base; Jin|base
[06:59:02] 늦은이미지 회수 실패 SRT_060: SRT_060 요청 아래 새 이미지가 없습니다.
[06:59:02] run_scene 시작 SRT_120 · seen_files=5 · last_saved=https://www.genspark.ai/api/files/s/smw1cblh
[06:59:02] ⏱ 준비 SRT_120 0.0s · chars=3831
[06:59:03] ⏱ 다음명령유휴 SRT_120 1.4s · idle=True
[06:59:04] fill OK(clip) follow=True chars=3831
[06:59:04] submit 시작 composer=3831 url=https://www.genspark.ai/agents?id=7d57be0b-e954-4fd5-9cf3-957dc8d69e68
[06:59:04] submit geo 실패 hit=no-btn
[06:59:04] submit 시도 method=geo geo=False
[06:59:05] submit 미확인 method=geo generating=False composer=3831
[06:59:05] submit geo 실패 hit=no-btn
[06:59:05] submit 시도 method=send send=False
[06:59:06] submit 미확인 method=send generating=False composer=3831
[06:59:06] submit 시도 method=ctrl
[06:59:06] submit 미확인 method=ctrl generating=False composer=3833
[06:59:07] submit 시도 method=enter
[06:59:07] submit 확인 method=enter generating=False composer=0
[06:59:07] ⏱ 입력·전송 SRT_120 4.3s · chars=3831
[06:59:07] 제출 후 last_saved=https://www.genspark.ai/api/files/s/smw1cblh
[06:59:08] ⏱ 생성대기 시작 SRT_120 max=120s
[06:59:22] ⏱ 생성대기 완료 14.2s SRT_120 https://www.genspark.ai/api/files/s/ylsyiwqh
[06:59:22] ⏱ 생성대기구간 SRT_120 14.2s · ok=True
[06:59:22] SRT_120 근접 이미지 https://www.genspark.ai/api/files/s/ylsyiwqh
[06:59:22] 다운로드 files URL=https://www.genspark.ai/api/files/s/ylsyiwqh → SRT_120.png
[06:59:23] ⏱ 다운로드 직접 0.7s size=501911 SRT_120.png
[06:59:23] ⏱ 다운로드구간 SRT_120 0.7s · SRT_120.png
[06:59:24] ⏱ 다운로드후유휴 SRT_120 1.4s · idle=True
[06:59:24] ⏱ 씬합계 SRT_120 22.4s · https://www.genspark.ai/api/files/s/ylsyiwqh
[06:59:24] SRT_120 생성·다운로드 완료
C:\cursor\wuxia\workspace\swardmaster\2부\21장\png\SRT_120.png
[06:59:24] 상태키 SRT_140 · tracking=OFF; Baek|base; Jin|base
[06:59:24] 늦은이미지 회수 실패 SRT_060: SRT_060 요청 아래 새 이미지가 없습니다.
[06:59:24] run_scene 시작 SRT_140 · seen_files=6 · last_saved=https://www.genspark.ai/api/files/s/ylsyiwqh
[06:59:24] ⏱ 준비 SRT_140 0.0s · chars=6443
[06:59:26] ⏱ 다음명령유휴 SRT_140 1.4s · idle=True
[06:59:26] fill OK(clip) follow=True chars=6443
[06:59:26] submit 시작 composer=6443 url=https://www.genspark.ai/agents?id=7d57be0b-e954-4fd5-9cf3-957dc8d69e68
[06:59:26] submit geo 실패 hit=no-btn
[06:59:26] submit 시도 method=geo geo=False
[06:59:27] submit 미확인 method=geo generating=False composer=6443
[06:59:27] submit geo 실패 hit=no-btn
[06:59:27] submit 시도 method=send send=False
[06:59:28] submit 미확인 method=send generating=False composer=6443
[06:59:28] submit 시도 method=ctrl
[06:59:29] submit 미확인 method=ctrl generating=False composer=6445
[06:59:29] submit 시도 method=enter
[06:59:30] submit 확인 method=enter generating=False composer=0
[06:59:30] ⏱ 입력·전송 SRT_140 4.2s · chars=6443
[06:59:30] 제출 후 last_saved=https://www.genspark.ai/api/files/s/ylsyiwqh
[06:59:30] ⏱ 생성대기 시작 SRT_140 max=120s
[06:59:46] ⏱ 생성대기 진행 15.6s SRT_140 busy=False url_ok=False src=
[06:59:47] ⏱ 생성대기 완료 16.8s SRT_140 https://www.genspark.ai/api/files/s/bcs6mtqj
[06:59:47] ⏱ 생성대기구간 SRT_140 16.8s · ok=True
[06:59:47] SRT_140 근접 이미지 https://www.genspark.ai/api/files/s/bcs6mtqj
[06:59:47] 다운로드 files URL=https://www.genspark.ai/api/files/s/bcs6mtqj → SRT_140.png
[06:59:48] ⏱ 다운로드 직접 0.9s size=613508 SRT_140.png
[06:59:48] ⏱ 다운로드구간 SRT_140 0.9s · SRT_140.png
[06:59:51] ⏱ 다운로드후유휴 SRT_140 2.8s · idle=True
[06:59:51] ⏱ 씬합계 SRT_140 26.4s · https://www.genspark.ai/api/files/s/bcs6mtqj
[06:59:51] SRT_140 생성·다운로드 완료
C:\cursor\wuxia\workspace\swardmaster\2부\21장\png\SRT_140.png
[06:59:51] 상태키 SRT_160 · tracking=OFF; Baek|base; Jin|base
[06:59:51] 늦은이미지 회수 실패 SRT_060: SRT_060 요청 아래 새 이미지가 없습니다.
[06:59:51] run_scene 시작 SRT_160 · seen_files=7 · last_saved=https://www.genspark.ai/api/files/s/bcs6mtqj
[06:59:51] ⏱ 준비 SRT_160 0.0s · chars=5509
[06:59:52] ⏱ 다음명령유휴 SRT_160 1.6s · idle=True
[06:59:53] fill OK(clip) follow=True chars=5509
[06:59:53] submit 시작 composer=5509 url=https://www.genspark.ai/agents?id=7d57be0b-e954-4fd5-9cf3-957dc8d69e68
[06:59:53] submit geo 실패 hit=no-btn
[06:59:53] submit 시도 method=geo geo=False
[06:59:54] submit 미확인 method=geo generating=False composer=5509
[06:59:54] submit geo 실패 hit=no-btn
[06:59:54] submit 시도 method=send send=False
[06:59:55] submit 미확인 method=send generating=False composer=5509
[06:59:55] submit 시도 method=ctrl
[06:59:56] submit 미확인 method=ctrl generating=False composer=5511
[06:59:56] submit 시도 method=enter
[06:59:57] submit 확인 method=enter generating=False composer=0
[06:59:57] ⏱ 입력·전송 SRT_160 4.3s · chars=5509
[06:59:57] 제출 후 last_saved=https://www.genspark.ai/api/files/s/bcs6mtqj
[06:59:57] ⏱ 생성대기 시작 SRT_160 max=120s
[07:00:12] ⏱ 생성대기 완료 14.9s SRT_160 https://www.genspark.ai/api/files/s/sstospui
[07:00:12] ⏱ 생성대기구간 SRT_160 14.9s · ok=True
[07:00:12] SRT_160 근접 이미지 https://www.genspark.ai/api/files/s/sstospui
[07:00:12] 다운로드 files URL=https://www.genspark.ai/api/files/s/sstospui → SRT_160.png
[07:00:12] ⏱ 다운로드 직접 0.7s size=632829 SRT_160.png
[07:00:12] ⏱ 다운로드구간 SRT_160 0.7s · SRT_160.png
[07:00:14] ⏱ 다운로드후유휴 SRT_160 1.4s · idle=True
[07:00:14] ⏱ 씬합계 SRT_160 23.2s · https://www.genspark.ai/api/files/s/sstospui
[07:00:14] SRT_160 생성·다운로드 완료
C:\cursor\wuxia\workspace\swardmaster\2부\21장\png\SRT_160.png
[07:00:14] 상태키 SRT_180 · tracking=OFF; Baek|base; Jin|base
[07:00:14] 늦은이미지 회수 실패 SRT_060: SRT_060 요청 아래 새 이미지가 없습니다.
[07:00:14] run_scene 시작 SRT_180 · seen_files=8 · last_saved=https://www.genspark.ai/api/files/s/sstospui
[07:00:14] ⏱ 준비 SRT_180 0.0s · chars=4303
[07:00:16] ⏱ 다음명령유휴 SRT_180 1.4s · idle=True
[07:00:16] fill OK(clip) follow=True chars=4303
[07:00:16] submit 시작 composer=4303 url=https://www.genspark.ai/agents?id=7d57be0b-e954-4fd5-9cf3-957dc8d69e68
[07:00:16] submit geo 실패 hit=no-btn
[07:00:16] submit 시도 method=geo geo=False
[07:00:17] submit 미확인 method=geo generating=False composer=4303
[07:00:17] submit geo 실패 hit=no-btn
[07:00:17] submit 시도 method=send send=False
[07:00:18] submit 미확인 method=send generating=False composer=4303
[07:00:18] submit 시도 method=ctrl
[07:00:19] submit 미확인 method=ctrl generating=False composer=4305
[07:00:19] submit 시도 method=enter
[07:00:20] submit 확인 method=enter generating=False composer=0
[07:00:20] ⏱ 입력·전송 SRT_180 4.2s · chars=4303
[07:00:20] 제출 후 last_saved=https://www.genspark.ai/api/files/s/sstospui
[07:00:20] ⏱ 생성대기 시작 SRT_180 max=120s
[07:00:34] ⏱ 생성대기 완료 13.6s SRT_180 https://www.genspark.ai/api/files/s/wp226hen
[07:00:34] ⏱ 생성대기구간 SRT_180 13.6s · ok=True
[07:00:34] SRT_180 근접 이미지 https://www.genspark.ai/api/files/s/wp226hen
[07:00:34] 다운로드 files URL=https://www.genspark.ai/api/files/s/wp226hen → SRT_180.png
[07:00:35] ⏱ 다운로드 직접 0.9s size=600294 SRT_180.png
[07:00:35] ⏱ 다운로드구간 SRT_180 1.0s · SRT_180.png
[07:00:38] ⏱ 다운로드후유휴 SRT_180 3.2s · idle=True
[07:00:38] ⏱ 씬합계 SRT_180 23.8s · https://www.genspark.ai/api/files/s/wp226hen
[07:00:38] SRT_180 생성·다운로드 완료
C:\cursor\wuxia\workspace\swardmaster\2부\21장\png\SRT_180.png
[07:00:38] 상태키 SRT_200 · tracking=OFF; Baek|base; Jin|base
[07:00:38] 늦은이미지 회수 실패 SRT_060: SRT_060 요청 아래 새 이미지가 없습니다.
[07:00:38] run_scene 시작 SRT_200 · seen_files=9 · last_saved=https://www.genspark.ai/api/files/s/wp226hen
[07:00:38] ⏱ 준비 SRT_200 0.0s · chars=4317
[07:00:40] ⏱ 다음명령유휴 SRT_200 1.5s · idle=True
[07:00:40] fill OK(clip) follow=True chars=4317
[07:00:40] submit 시작 composer=4317 url=https://www.genspark.ai/agents?id=7d57be0b-e954-4fd5-9cf3-957dc8d69e68
[07:00:40] submit geo 실패 hit=no-btn
[07:00:40] submit 시도 method=geo geo=False
[07:00:41] submit 미확인 method=geo generating=False composer=4317
[07:00:41] submit geo 실패 hit=no-btn
[07:00:41] submit 시도 method=send send=False
[07:00:42] submit 미확인 method=send generating=False composer=4317
[07:00:42] submit 시도 method=ctrl
[07:00:43] submit 미확인 method=ctrl generating=False composer=4319
[07:00:43] submit 시도 method=enter
[07:00:44] submit 확인 method=enter generating=False composer=0
[07:00:44] ⏱ 입력·전송 SRT_200 4.3s · chars=4317
[07:00:44] 제출 후 last_saved=https://www.genspark.ai/api/files/s/wp226hen
[07:00:44] ⏱ 생성대기 시작 SRT_200 max=120s
[07:00:59] ⏱ 생성대기 진행 15.1s SRT_200 busy=False url_ok=True src=https://www.genspark.ai/api/files/s/hwtbuwvn
[07:00:59] ⏱ 생성대기 완료 15.3s SRT_200 https://www.genspark.ai/api/files/s/hwtbuwvn
[07:00:59] ⏱ 생성대기구간 SRT_200 15.3s · ok=True
[07:00:59] SRT_200 근접 이미지 https://www.genspark.ai/api/files/s/hwtbuwvn
[07:00:59] 다운로드 files URL=https://www.genspark.ai/api/files/s/hwtbuwvn → SRT_200.png
[07:01:00] ⏱ 다운로드 직접 0.7s size=675465 SRT_200.png
[07:01:00] ⏱ 다운로드구간 SRT_200 0.8s · SRT_200.png
[07:01:02] ⏱ 다운로드후유휴 SRT_200 1.4s · idle=True
[07:01:02] ⏱ 씬합계 SRT_200 23.5s · https://www.genspark.ai/api/files/s/hwtbuwvn
[07:01:02] SRT_200 생성·다운로드 완료
C:\cursor\wuxia\workspace\swardmaster\2부\21장\png\SRT_200.png
[07:01:02] 상태키 SRT_220 · tracking=OFF; Baek|base; Jin|base
[07:01:02] 늦은이미지 회수 실패 SRT_060: SRT_060 요청 아래 새 이미지가 없습니다.
[07:01:02] run_scene 시작 SRT_220 · seen_files=10 · last_saved=https://www.genspark.ai/api/files/s/hwtbuwvn
[07:01:02] ⏱ 준비 SRT_220 0.0s · chars=4296
[07:01:03] ⏱ 다음명령유휴 SRT_220 1.4s · idle=True
[07:01:04] fill OK(clip) follow=True chars=4296
[07:01:04] submit 시작 composer=4296 url=https://www.genspark.ai/agents?id=7d57be0b-e954-4fd5-9cf3-957dc8d69e68
[07:01:04] submit geo 실패 hit=no-btn
[07:01:04] submit 시도 method=geo geo=False
[07:01:05] submit 미확인 method=geo generating=False composer=4296
[07:01:05] submit geo 실패 hit=no-btn
[07:01:05] submit 시도 method=send send=False
[07:01:06] submit 미확인 method=send generating=False composer=4296
[07:01:06] submit 시도 method=ctrl
[07:01:07] submit 미확인 method=ctrl generating=False composer=4298
[07:01:07] submit 시도 method=enter
[07:01:07] submit 확인 method=enter generating=False composer=0
[07:01:07] ⏱ 입력·전송 SRT_220 4.1s · chars=4296
[07:01:07] 제출 후 last_saved=https://www.genspark.ai/api/files/s/hwtbuwvn
[07:01:08] ⏱ 생성대기 시작 SRT_220 max=120s
[07:01:22] ⏱ 생성대기 완료 14.3s SRT_220 https://www.genspark.ai/api/files/s/3uomfdvg
[07:01:22] ⏱ 생성대기구간 SRT_220 14.3s · ok=True
[07:01:22] SRT_220 근접 이미지 https://www.genspark.ai/api/files/s/3uomfdvg
[07:01:22] 다운로드 files URL=https://www.genspark.ai/api/files/s/3uomfdvg → SRT_220.png
[07:01:23] ⏱ 다운로드 직접 0.7s size=539313 SRT_220.png
[07:01:23] ⏱ 다운로드구간 SRT_220 0.8s · SRT_220.png
[07:01:24] ⏱ 다운로드후유휴 SRT_220 1.6s · idle=True
[07:01:24] ⏱ 씬합계 SRT_220 22.5s · https://www.genspark.ai/api/files/s/3uomfdvg
[07:01:24] SRT_220 생성·다운로드 완료
C:\cursor\wuxia\workspace\swardmaster\2부\21장\png\SRT_220.png
[07:01:24] 상태키 SRT_240 · tracking=OFF; Baek|base; Jin|base
[07:01:25] 늦은이미지 회수 실패 SRT_060: SRT_060 요청 아래 새 이미지가 없습니다.
[07:01:25] run_scene 시작 SRT_240 · seen_files=11 · last_saved=https://www.genspark.ai/api/files/s/3uomfdvg
[07:01:25] ⏱ 준비 SRT_240 0.0s · chars=4352
[07:01:26] ⏱ 다음명령유휴 SRT_240 1.7s · idle=True
[07:01:27] fill OK(clip) follow=True chars=4352
[07:01:27] submit 시작 composer=4352 url=https://www.genspark.ai/agents?id=7d57be0b-e954-4fd5-9cf3-957dc8d69e68
[07:01:27] submit geo 실패 hit=no-btn
[07:01:27] submit 시도 method=geo geo=False
[07:01:28] submit 미확인 method=geo generating=False composer=4352
[07:01:28] submit geo 실패 hit=no-btn
[07:01:28] submit 시도 method=send send=False
[07:01:29] submit 미확인 method=send generating=False composer=4352
[07:01:29] submit 시도 method=ctrl
[07:01:29] submit 미확인 method=ctrl generating=False composer=4354
[07:01:30] submit 시도 method=enter
[07:01:30] submit 확인 method=enter generating=False composer=0
[07:01:30] ⏱ 입력·전송 SRT_240 4.1s · chars=4352
[07:01:30] 제출 후 last_saved=https://www.genspark.ai/api/files/s/3uomfdvg
[07:01:31] ⏱ 생성대기 시작 SRT_240 max=120s
[07:01:45] ⏱ 생성대기 완료 14.4s SRT_240 https://www.genspark.ai/api/files/s/4c4zputz
[07:01:45] ⏱ 생성대기구간 SRT_240 14.5s · ok=True
[07:01:45] SRT_240 근접 이미지 https://www.genspark.ai/api/files/s/4c4zputz
[07:01:45] 다운로드 files URL=https://www.genspark.ai/api/files/s/4c4zputz → SRT_240.png
[07:01:46] ⏱ 다운로드 직접 0.8s size=542492 SRT_240.png
[07:01:46] ⏱ 다운로드구간 SRT_240 0.8s · SRT_240.png
[07:01:47] ⏱ 다운로드후유휴 SRT_240 1.4s · idle=True
[07:01:47] ⏱ 씬합계 SRT_240 22.7s · https://www.genspark.ai/api/files/s/4c4zputz
[07:01:47] SRT_240 생성·다운로드 완료
C:\cursor\wuxia\workspace\swardmaster\2부\21장\png\SRT_240.png
[07:01:47] 상태키 SRT_260 · tracking=OFF; Baek|base; Jin|base
[07:01:47] 늦은이미지 회수 실패 SRT_060: SRT_060 요청 아래 새 이미지가 없습니다.
[07:01:47] run_scene 시작 SRT_260 · seen_files=12 · last_saved=https://www.genspark.ai/api/files/s/4c4zputz
[07:01:47] ⏱ 준비 SRT_260 0.0s · chars=4343
[07:01:49] ⏱ 다음명령유휴 SRT_260 1.5s · idle=True
[07:01:50] fill OK(clip) follow=True chars=4343
[07:01:50] submit 시작 composer=4343 url=https://www.genspark.ai/agents?id=7d57be0b-e954-4fd5-9cf3-957dc8d69e68
[07:01:50] submit geo 실패 hit=no-btn
[07:01:50] submit 시도 method=geo geo=False
[07:01:50] submit 미확인 method=geo generating=False composer=4343
[07:01:51] submit geo 실패 hit=no-btn
[07:01:51] submit 시도 method=send send=False
[07:01:51] submit 미확인 method=send generating=False composer=4343
[07:01:51] submit 시도 method=ctrl
[07:01:52] submit 미확인 method=ctrl generating=False composer=4345
[07:01:52] submit 시도 method=enter
[07:01:53] submit 확인 method=enter generating=False composer=0
[07:01:53] ⏱ 입력·전송 SRT_260 4.1s · chars=4343
[07:01:53] 제출 후 last_saved=https://www.genspark.ai/api/files/s/4c4zputz
[07:01:53] ⏱ 생성대기 시작 SRT_260 max=120s
[07:02:08] ⏱ 생성대기 진행 15.0s SRT_260 busy=False url_ok=True src=https://www.genspark.ai/api/files/s/lbzezhku
[07:02:08] ⏱ 생성대기 완료 15.2s SRT_260 https://www.genspark.ai/api/files/s/lbzezhku
[07:02:08] ⏱ 생성대기구간 SRT_260 15.3s · ok=True
[07:02:09] SRT_260 근접 이미지 https://www.genspark.ai/api/files/s/lbzezhku
[07:02:09] 다운로드 files URL=https://www.genspark.ai/api/files/s/lbzezhku → SRT_260.png
[07:02:09] ⏱ 다운로드 직접 0.7s size=533346 SRT_260.png
[07:02:09] ⏱ 다운로드구간 SRT_260 0.7s · SRT_260.png
[07:02:11] ⏱ 다운로드후유휴 SRT_260 1.6s · idle=True
[07:02:11] ⏱ 씬합계 SRT_260 23.4s · https://www.genspark.ai/api/files/s/lbzezhku
[07:02:11] SRT_260 생성·다운로드 완료
C:\cursor\wuxia\workspace\swardmaster\2부\21장\png\SRT_260.png
[07:02:11] 상태키 SRT_280 · tracking=OFF; Baek|base; Jin|base
[07:02:11] 늦은이미지 회수 실패 SRT_060: SRT_060 요청 아래 새 이미지가 없습니다.
[07:02:11] run_scene 시작 SRT_280 · seen_files=13 · last_saved=https://www.genspark.ai/api/files/s/lbzezhku
[07:02:11] ⏱ 준비 SRT_280 0.0s · chars=4345
[07:02:13] ⏱ 다음명령유휴 SRT_280 1.6s · idle=True
[07:02:13] fill OK(clip) follow=True chars=4345
[07:02:13] submit 시작 composer=4345 url=https://www.genspark.ai/agents?id=7d57be0b-e954-4fd5-9cf3-957dc8d69e68
[07:02:14] submit geo 실패 hit=no-btn
[07:02:14] submit 시도 method=geo geo=False
[07:02:14] submit 미확인 method=geo generating=False composer=4345
[07:02:15] submit geo 실패 hit=no-btn
[07:02:15] submit 시도 method=send send=False
[07:02:15] submit 미확인 method=send generating=False composer=4345
[07:02:15] submit 시도 method=ctrl
[07:02:16] submit 미확인 method=ctrl generating=False composer=4347
[07:02:16] submit 시도 method=enter
[07:02:17] submit 확인 method=enter generating=False composer=0
[07:02:17] ⏱ 입력·전송 SRT_280 4.3s · chars=4345
[07:02:17] 제출 후 last_saved=https://www.genspark.ai/api/files/s/lbzezhku
[07:02:17] ⏱ 생성대기 시작 SRT_280 max=120s
[07:02:32] ⏱ 생성대기 진행 15.3s SRT_280 busy=False url_ok=False src=
[07:02:36] ⏱ 생성대기 완료 19.4s SRT_280 https://www.genspark.ai/api/files/s/iqs6oei1
[07:02:36] ⏱ 생성대기구간 SRT_280 19.4s · ok=True
[07:02:37] SRT_280 근접 이미지 https://www.genspark.ai/api/files/s/iqs6oei1
[07:02:37] 다운로드 files URL=https://www.genspark.ai/api/files/s/iqs6oei1 → SRT_280.png
[07:02:37] ⏱ 다운로드 직접 0.8s size=550537 SRT_280.png
[07:02:37] ⏱ 다운로드구간 SRT_280 0.8s · SRT_280.png
[07:02:39] ⏱ 다운로드후유휴 SRT_280 1.4s · idle=True
[07:02:39] ⏱ 씬합계 SRT_280 27.7s · https://www.genspark.ai/api/files/s/iqs6oei1
[07:02:39] SRT_280 생성·다운로드 완료
C:\cursor\wuxia\workspace\swardmaster\2부\21장\png\SRT_280.png
[07:02:39] 상태키 SRT_300 · tracking=OFF; Baek|base; Jin|base
[07:02:39] 늦은이미지 회수 실패 SRT_060: SRT_060 요청 아래 새 이미지가 없습니다.
[07:02:39] run_scene 시작 SRT_300 · seen_files=14 · last_saved=https://www.genspark.ai/api/files/s/iqs6oei1
[07:02:39] ⏱ 준비 SRT_300 0.0s · chars=5617
[07:02:40] ⏱ 다음명령유휴 SRT_300 1.4s · idle=True
[07:02:41] fill OK(clip) follow=True chars=5617
[07:02:41] submit 시작 composer=5617 url=https://www.genspark.ai/agents?id=7d57be0b-e954-4fd5-9cf3-957dc8d69e68
[07:02:41] submit geo 실패 hit=no-btn
[07:02:41] submit 시도 method=geo geo=False
[07:02:42] submit 미확인 method=geo generating=False composer=5617
[07:02:42] submit geo 실패 hit=no-btn
[07:02:42] submit 시도 method=send send=False
[07:02:43] submit 미확인 method=send generating=False composer=5617
[07:02:43] submit 시도 method=ctrl
[07:02:44] submit 미확인 method=ctrl generating=False composer=5619
[07:02:44] submit 시도 method=enter
[07:02:44] submit 확인 method=enter generating=False composer=0
[07:02:44] ⏱ 입력·전송 SRT_300 4.1s · chars=5617
[07:02:44] 제출 후 last_saved=https://www.genspark.ai/api/files/s/iqs6oei1
[07:02:45] ⏱ 생성대기 시작 SRT_300 max=120s
[07:03:00] ⏱ 생성대기 진행 15.1s SRT_300 busy=False url_ok=False src=
[07:03:15] ⏱ 생성대기 진행 30.3s SRT_300 busy=False url_ok=False src=
[07:03:30] ⏱ 생성대기 진행 45.6s SRT_300 busy=False url_ok=False src=
[07:03:45] ⏱ 생성대기 진행 60.7s SRT_300 busy=False url_ok=False src=
[07:04:01] ⏱ 생성대기 진행 76.1s SRT_300 busy=False url_ok=False src=
[07:04:16] ⏱ 생성대기 진행 91.3s SRT_300 busy=False url_ok=False src=
[07:04:31] ⏱ 생성대기 진행 106.3s SRT_300 busy=False url_ok=False src=
[07:05:11] ⏱ 생성대기 시간초과 146.0s SRT_300 (새 api/files 이미지 없음, max=120s)
[07:05:11] ⏱ 생성대기구간 SRT_300 146.0s · ok=False
[07:05:11] run_scene 실패(재시도 없음): 이미지는 없고 성공 문구만 있음 — 다음 씬으로 진행
[07:05:11] SRT_300 실패 — 다음 씬 계속
이미지는 없고 성공 문구만 있음 — 다음 씬으로 진행
[07:05:11] 상태키 SRT_320 · tracking=OFF; Baek|base; Jin|base
[07:05:11] 늦은이미지 회수 실패 SRT_060: SRT_060 요청 아래 새 이미지가 없습니다.
[07:05:11] 늦은이미지 회수 실패 SRT_300: SRT_300 요청 아래 새 이미지가 없습니다.
[07:05:11] run_scene 시작 SRT_320 · seen_files=14 · last_saved=https://www.genspark.ai/api/files/s/iqs6oei1
[07:05:11] ⏱ 준비 SRT_320 0.2s · chars=5579
[07:05:14] ⏱ 다음명령유휴 SRT_320 3.0s · idle=True
[07:05:15] fill OK(clip) follow=True chars=5579
[07:05:15] submit 시작 composer=5579 url=https://www.genspark.ai/agents?id=7d57be0b-e954-4fd5-9cf3-957dc8d69e68
[07:05:15] submit geo 실패 hit=no-btn
[07:05:15] submit 시도 method=geo geo=False
[07:05:16] submit 미확인 method=geo generating=False composer=5579
[07:05:16] submit geo 실패 hit=no-btn
[07:05:16] submit 시도 method=send send=False
[07:05:17] submit 미확인 method=send generating=False composer=5579
[07:05:17] submit 시도 method=ctrl
[07:05:18] submit 미확인 method=ctrl generating=False composer=5581
[07:05:18] submit 시도 method=enter
[07:05:19] submit 확인 method=enter generating=False composer=0
[07:05:19] ⏱ 입력·전송 SRT_320 4.5s · chars=5579
[07:05:19] 제출 후 last_saved=https://www.genspark.ai/api/files/s/iqs6oei1
[07:05:19] ⏱ 생성대기 시작 SRT_320 max=120s
[07:05:33] ⏱ 생성대기 완료 14.1s SRT_320 https://www.genspark.ai/api/files/s/vpop0j6e
[07:05:33] ⏱ 생성대기구간 SRT_320 14.1s · ok=True
[07:05:33] SRT_320 근접 이미지 https://www.genspark.ai/api/files/s/vpop0j6e
[07:05:33] 다운로드 files URL=https://www.genspark.ai/api/files/s/vpop0j6e → SRT_320.png
[07:05:34] ⏱ 다운로드 직접 0.7s size=560948 SRT_320.png
[07:05:34] ⏱ 다운로드구간 SRT_320 0.7s · SRT_320.png
[07:05:35] ⏱ 다운로드후유휴 SRT_320 1.5s · idle=True
[07:05:35] ⏱ 씬합계 SRT_320 24.1s · https://www.genspark.ai/api/files/s/vpop0j6e
[07:05:35] SRT_320 생성·다운로드 완료
C:\cursor\wuxia\workspace\swardmaster\2부\21장\png\SRT_320.png
[07:05:36] 상태키 SRT_340 · tracking=OFF; Baek|base; Jin|base
[07:05:36] 늦은이미지 회수 실패 SRT_060: SRT_060 요청 아래 새 이미지가 없습니다.
[07:05:36] 늦은이미지 회수 실패 SRT_300: SRT_300 요청 아래 새 이미지가 없습니다.
[07:05:36] run_scene 시작 SRT_340 · seen_files=15 · last_saved=https://www.genspark.ai/api/files/s/vpop0j6e
[07:05:36] ⏱ 준비 SRT_340 0.0s · chars=5582
[07:05:37] ⏱ 다음명령유휴 SRT_340 1.5s · idle=True
[07:05:38] fill OK(clip) follow=True chars=5582
[07:05:38] submit 시작 composer=5582 url=https://www.genspark.ai/agents?id=7d57be0b-e954-4fd5-9cf3-957dc8d69e68
[07:05:38] submit geo 실패 hit=no-btn
[07:05:38] submit 시도 method=geo geo=False
[07:05:39] submit 미확인 method=geo generating=False composer=5582
[07:05:39] submit geo 실패 hit=no-btn
[07:05:39] submit 시도 method=send send=False
[07:05:40] submit 미확인 method=send generating=False composer=5582
[07:05:40] submit 시도 method=ctrl
[07:05:40] submit 미확인 method=ctrl generating=False composer=5584
[07:05:41] submit 시도 method=enter
[07:05:41] submit 확인 method=enter generating=False composer=0
[07:05:41] ⏱ 입력·전송 SRT_340 4.1s · chars=5582
[07:05:41] 제출 후 last_saved=https://www.genspark.ai/api/files/s/vpop0j6e
[07:05:42] ⏱ 생성대기 시작 SRT_340 max=120s
[07:05:56] ⏱ 생성대기 완료 14.1s SRT_340 https://www.genspark.ai/api/files/s/fiwtmxj7
[07:05:56] ⏱ 생성대기구간 SRT_340 14.1s · ok=True
[07:05:56] SRT_340 근접 이미지 https://www.genspark.ai/api/files/s/fiwtmxj7
[07:05:56] 다운로드 files URL=https://www.genspark.ai/api/files/s/fiwtmxj7 → SRT_340.png
[07:05:56] ⏱ 다운로드 직접 0.7s size=699991 SRT_340.png
[07:05:56] ⏱ 다운로드구간 SRT_340 0.7s · SRT_340.png
[07:05:58] ⏱ 다운로드후유휴 SRT_340 1.5s · idle=True
[07:05:58] ⏱ 씬합계 SRT_340 22.3s · https://www.genspark.ai/api/files/s/fiwtmxj7
[07:05:58] SRT_340 생성·다운로드 완료
C:\cursor\wuxia\workspace\swardmaster\2부\21장\png\SRT_340.png
[07:05:58] 상태키 SRT_360 · tracking=OFF; Baek|base; Jin|base
[07:05:58] 늦은이미지 회수 실패 SRT_060: SRT_060 요청 아래 새 이미지가 없습니다.
[07:05:58] 늦은이미지 회수 실패 SRT_300: SRT_300 요청 아래 새 이미지가 없습니다.
[07:05:58] run_scene 시작 SRT_360 · seen_files=16 · last_saved=https://www.genspark.ai/api/files/s/fiwtmxj7
[07:05:58] ⏱ 준비 SRT_360 0.0s · chars=4305
[07:06:00] ⏱ 다음명령유휴 SRT_360 1.5s · idle=True
[07:06:00] fill OK(clip) follow=True chars=4305
[07:06:00] submit 시작 composer=4305 url=https://www.genspark.ai/agents?id=7d57be0b-e954-4fd5-9cf3-957dc8d69e68
[07:06:00] submit geo 실패 hit=no-btn
[07:06:00] submit 시도 method=geo geo=False
[07:06:01] submit 미확인 method=geo generating=False composer=4305
[07:06:02] submit geo 실패 hit=no-btn
[07:06:02] submit 시도 method=send send=False
[07:06:02] submit 미확인 method=send generating=False composer=4305
[07:06:03] submit 시도 method=ctrl
[07:06:04] submit 미확인 method=ctrl generating=False composer=4307
[07:06:04] submit 시도 method=enter
[07:06:05] submit 확인 method=enter generating=False composer=0
[07:06:05] ⏱ 입력·전송 SRT_360 5.1s · chars=4305
[07:06:05] 제출 후 last_saved=https://www.genspark.ai/api/files/s/fiwtmxj7
[07:06:05] ⏱ 생성대기 시작 SRT_360 max=120s
[07:06:18] ⏱ 생성대기 완료 13.3s SRT_360 https://www.genspark.ai/api/files/s/xydmkey6
[07:06:18] ⏱ 생성대기구간 SRT_360 13.3s · ok=True
[07:06:18] SRT_360 근접 이미지 https://www.genspark.ai/api/files/s/xydmkey6
[07:06:18] 다운로드 files URL=https://www.genspark.ai/api/files/s/xydmkey6 → SRT_360.png
[07:06:19] ⏱ 다운로드 직접 0.7s size=605649 SRT_360.png
[07:06:19] ⏱ 다운로드구간 SRT_360 0.7s · SRT_360.png
[07:06:20] ⏱ 다운로드후유휴 SRT_360 1.4s · idle=True
[07:06:20] ⏱ 씬합계 SRT_360 22.2s · https://www.genspark.ai/api/files/s/xydmkey6
[07:06:20] SRT_360 생성·다운로드 완료
C:\cursor\wuxia\workspace\swardmaster\2부\21장\png\SRT_360.png
[07:06:21] 상태키 SRT_380 · tracking=OFF; Baek|base; Jin|base
[07:06:21] 늦은이미지 회수 실패 SRT_060: SRT_060 요청 아래 새 이미지가 없습니다.
[07:06:21] 늦은이미지 회수 실패 SRT_300: SRT_300 요청 아래 새 이미지가 없습니다.
[07:06:21] run_scene 시작 SRT_380 · seen_files=17 · last_saved=https://www.genspark.ai/api/files/s/xydmkey6
[07:06:21] ⏱ 준비 SRT_380 0.0s · chars=5787
[07:06:22] ⏱ 다음명령유휴 SRT_380 1.4s · idle=True
[07:06:23] fill OK(clip) follow=True chars=5787
[07:06:23] submit 시작 composer=5787 url=https://www.genspark.ai/agents?id=7d57be0b-e954-4fd5-9cf3-957dc8d69e68
[07:06:23] submit geo 실패 hit=no-btn
[07:06:23] submit 시도 method=geo geo=False
[07:06:23] submit 미확인 method=geo generating=False composer=5787
[07:06:24] submit geo 실패 hit=no-btn
[07:06:24] submit 시도 method=send send=False
[07:06:24] submit 미확인 method=send generating=False composer=5787
[07:06:25] submit 시도 method=ctrl
[07:06:25] submit 미확인 method=ctrl generating=False composer=5789
[07:06:26] submit 시도 method=enter
[07:06:26] submit 확인 method=enter generating=False composer=0
[07:06:26] ⏱ 입력·전송 SRT_380 4.1s · chars=5787
[07:06:26] 제출 후 last_saved=https://www.genspark.ai/api/files/s/xydmkey6
[07:06:26] ⏱ 생성대기 시작 SRT_380 max=120s
[07:06:41] ⏱ 생성대기 완료 14.1s SRT_380 https://www.genspark.ai/api/files/s/mxkfxzwj
[07:06:41] ⏱ 생성대기구간 SRT_380 14.1s · ok=True
[07:06:41] SRT_380 근접 이미지 https://www.genspark.ai/api/files/s/mxkfxzwj
[07:06:41] 다운로드 files URL=https://www.genspark.ai/api/files/s/mxkfxzwj → SRT_380.png
[07:06:41] ⏱ 다운로드 직접 0.7s size=815107 SRT_380.png
[07:06:41] ⏱ 다운로드구간 SRT_380 0.7s · SRT_380.png
[07:06:43] ⏱ 다운로드후유휴 SRT_380 1.4s · idle=True
[07:06:43] ⏱ 씬합계 SRT_380 22.1s · https://www.genspark.ai/api/files/s/mxkfxzwj
[07:06:43] SRT_380 생성·다운로드 완료
C:\cursor\wuxia\workspace\swardmaster\2부\21장\png\SRT_380.png
[07:06:43] 상태키 SRT_400 · tracking=OFF; Baek|base; Jin|base
[07:06:43] 늦은이미지 회수 실패 SRT_060: SRT_060 요청 아래 새 이미지가 없습니다.
[07:06:43] 늦은이미지 회수 실패 SRT_300: SRT_300 요청 아래 새 이미지가 없습니다.
[07:06:43] run_scene 시작 SRT_400 · seen_files=18 · last_saved=https://www.genspark.ai/api/files/s/mxkfxzwj
[07:06:43] ⏱ 준비 SRT_400 0.1s · chars=8158
[07:06:44] ⏱ 다음명령유휴 SRT_400 1.4s · idle=True
[07:06:45] fill OK(clip) follow=True chars=8158
[07:06:45] submit 시작 composer=8158 url=https://www.genspark.ai/agents?id=7d57be0b-e954-4fd5-9cf3-957dc8d69e68
[07:06:46] submit geo 실패 hit=no-btn
[07:06:46] submit 시도 method=geo geo=False
[07:06:46] submit 미확인 method=geo generating=False composer=8158
[07:06:47] submit geo 실패 hit=no-btn
[07:06:47] submit 시도 method=send send=False
[07:06:47] submit 미확인 method=send generating=False composer=8158
[07:06:47] submit 시도 method=ctrl
[07:06:48] submit 미확인 method=ctrl generating=False composer=8160
[07:06:48] submit 시도 method=enter
[07:06:49] submit 확인 method=enter generating=False composer=0
[07:06:49] ⏱ 입력·전송 SRT_400 4.7s · chars=8158
[07:06:49] 제출 후 last_saved=https://www.genspark.ai/api/files/s/mxkfxzwj
[07:06:49] ⏱ 생성대기 시작 SRT_400 max=120s
[07:07:04] ⏱ 생성대기 진행 15.2s SRT_400 busy=False url_ok=False src=
[07:07:04] ⏱ 생성대기 한도감지 15.2s SRT_400 · AI Image 한도 - 재설정 2026-08-30 08:34 · AI Image 5시간 제한에 도달했습니다. 8월 30일 오전 8:34에 재설정됩니다 --- 5시간 제한 --- 세션 한도 도달 AI Image 5시간 제한에 도달했습니다. 8월 30일 오전 8:34에 재설정됩니다
[07:07:05] run_scene 실패(재시도 없음): AI Image 한도 - 재설정 2026-08-30 08:34
[07:07:05] SRT_400 실패(한도 확정 streak=1) — 브라우저 종료 후 대기·재오픈
AI Image 한도 - 재설정 2026-08-30 08:34
[07:07:10] 한도 대기 전 ChromeDebug 종료
[07:07:10] 한도 대기 시작 — 정상화 예상 2026-08-30 08:34 (87분) — SRT_400 한도
[08:34:30] 한도 대기 종료 — 정상화 예상 2026-08-30 08:34 — 재시도
[08:34:30] 한도 대기 종료 — 브라우저 재오픈 후 SRT_400 재개
[08:34:36] ChromeDebug 재시작 slot=0 port=9242 user_data=C:\ChromeDebug_2_5 reused=0
[08:34:43] 모델 이미 Pro: Nano Banana Pro
[08:34:43] 세션 준비 — login=OK model=Nano Banana Pro auto=True
[08:34:43] ensure_page cur_sc=10 prefer_sc=10 cur=https://www.genspark.ai/ai_image prefer=https://www.genspark.ai/ai_image
[08:34:45] fill OK(clip) follow=True chars=73352
[08:34:45] 입력창 붙여넣기 — 프롬프트 50827자 + SRT 22482자 = 합계 73352자
  prompt=C:/cursor/wuxia/2_5_sceneImage/md/image.wuxiz.txt
  srt=C:\cursor\wuxia\workspace\swardmaster\2부\21장\mp3\new.srt
[08:34:46] ensure_page cur_sc=10 prefer_sc=10 cur=https://www.genspark.ai/ai_image prefer=https://www.genspark.ai/ai_image
[08:34:47] 동일 입력창에 명령 추가(미실행): ===== CHARACTER LOOK (SRT_400) =====
Look keys (state tracking OFF): Jin≈19|base; Baek≈19|base; Seo|base; Cheongheo|base; Namgung|base
Jin Muhan, approximately nineteen years old, …
[08:34:48] 상태키 SRT_400 · tracking=OFF; Baek|base; Jin|base
[08:34:48] run_scene 시작 SRT_400 · seen_files=18 · last_saved=https://www.genspark.ai/api/files/s/mxkfxzwj
[08:34:48] ensure_page cur_sc=10 prefer_sc=10 cur=https://www.genspark.ai/ai_image prefer=https://www.genspark.ai/ai_image
[08:34:48] ⏱ 준비 SRT_400 0.0s · chars=8158
[08:34:48] submit 시작 composer=8158 url=https://www.genspark.ai/ai_image
[08:34:48] submit geo 실패 hit=no-btn
[08:34:48] submit 시도 method=geo geo=False
[08:34:49] submit 미확인 method=geo generating=False composer=8158
[08:34:49] submit geo 실패 hit=no-btn
[08:34:49] submit 시도 method=send send=False
[08:34:50] submit 미확인 method=send generating=False composer=8158
[08:34:50] submit 시도 method=ctrl
[08:34:51] submit 미확인 method=ctrl generating=False composer=8160
[08:34:52] submit 시도 method=enter
[08:34:53] submit 확인 method=enter generating=False composer=0
[08:34:53] ⏱ 입력창전송 SRT_400 5.3s
[08:34:53] 제출 후 last_saved=https://www.genspark.ai/api/files/s/mxkfxzwj
[08:34:53] ⏱ 생성대기 시작 SRT_400 max=120s
[08:35:09] ⏱ 생성대기 진행 15.3s SRT_400 busy=False url_ok=True src=https://www.genspark.ai/api/files/s/usvgbhdg
[08:35:09] ⏱ 생성대기 완료 15.6s SRT_400 https://www.genspark.ai/api/files/s/usvgbhdg
[08:35:09] ⏱ 생성대기구간 SRT_400 15.6s · ok=True
[08:35:09] SRT_400 근접 이미지 https://www.genspark.ai/api/files/s/usvgbhdg
[08:35:09] 다운로드 files URL=https://www.genspark.ai/api/files/s/usvgbhdg → SRT_400.png
[08:35:10] ⏱ 다운로드 직접 0.7s size=811241 SRT_400.png
[08:35:10] ⏱ 다운로드구간 SRT_400 0.8s · SRT_400.png
[08:35:11] ⏱ 다운로드후유휴 SRT_400 1.6s · idle=True
[08:35:11] ⏱ 씬합계 SRT_400 23.5s · https://www.genspark.ai/api/files/s/usvgbhdg
[08:35:11] SRT_400 생성·다운로드 완료
C:\cursor\wuxia\workspace\swardmaster\2부\21장\png\SRT_400.png
[08:35:12] 상태키 SRT_420 · tracking=OFF; Baek|base; Jin|base
[08:35:12] run_scene 시작 SRT_420 · seen_files=19 · last_saved=https://www.genspark.ai/api/files/s/usvgbhdg
[08:35:12] ⏱ 준비 SRT_420 0.0s · chars=5763
[08:35:13] ⏱ 다음명령유휴 SRT_420 1.6s · idle=True
[08:35:14] fill OK(clip) follow=True chars=5763
[08:35:14] submit 시작 composer=5763 url=https://www.genspark.ai/agents?id=54418115-6d55-49b8-a06a-d1dfd14780d7
[08:35:14] submit geo 실패 hit=no-btn
[08:35:14] submit 시도 method=geo geo=False
[08:35:15] submit 미확인 method=geo generating=False composer=5763
[08:35:15] submit geo 실패 hit=no-btn
[08:35:15] submit 시도 method=send send=False
[08:35:16] submit 미확인 method=send generating=False composer=5763
[08:35:16] submit 시도 method=ctrl
[08:35:17] submit 미확인 method=ctrl generating=False composer=5765
[08:35:17] submit 시도 method=enter
[08:35:18] submit 확인 method=enter generating=False composer=0
[08:35:18] ⏱ 입력·전송 SRT_420 4.6s · chars=5763
[08:35:18] 제출 후 last_saved=https://www.genspark.ai/api/files/s/usvgbhdg
[08:35:18] ⏱ 생성대기 시작 SRT_420 max=120s
[08:35:31] ⏱ 생성대기 완료 13.4s SRT_420 https://www.genspark.ai/api/files/s/e0v4ajw6
[08:35:31] ⏱ 생성대기구간 SRT_420 13.4s · ok=True
[08:35:31] SRT_420 근접 이미지 https://www.genspark.ai/api/files/s/e0v4ajw6
[08:35:31] 다운로드 files URL=https://www.genspark.ai/api/files/s/e0v4ajw6 → SRT_420.png
[08:35:32] ⏱ 다운로드 직접 0.7s size=755080 SRT_420.png
[08:35:32] ⏱ 다운로드구간 SRT_420 0.7s · SRT_420.png
[08:35:34] ⏱ 다운로드후유휴 SRT_420 1.4s · idle=True
[08:35:34] ⏱ 씬합계 SRT_420 22.0s · https://www.genspark.ai/api/files/s/e0v4ajw6
[08:35:34] SRT_420 생성·다운로드 완료
C:\cursor\wuxia\workspace\swardmaster\2부\21장\png\SRT_420.png
[08:35:34] 상태키 SRT_440 · tracking=OFF; Baek|base; Jin|base
[08:35:34] run_scene 시작 SRT_440 · seen_files=20 · last_saved=https://www.genspark.ai/api/files/s/e0v4ajw6
[08:35:34] ⏱ 준비 SRT_440 0.0s · chars=4323
[08:35:35] ⏱ 다음명령유휴 SRT_440 1.6s · idle=True
[08:35:36] fill OK(clip) follow=True chars=4323
[08:35:36] submit 시작 composer=4323 url=https://www.genspark.ai/agents?id=54418115-6d55-49b8-a06a-d1dfd14780d7
[08:35:36] submit geo 실패 hit=no-btn
[08:35:36] submit 시도 method=geo geo=False
[08:35:37] submit 미확인 method=geo generating=False composer=4323
[08:35:37] submit geo 실패 hit=no-btn
[08:35:37] submit 시도 method=send send=False
[08:35:38] submit 미확인 method=send generating=False composer=4323
[08:35:38] submit 시도 method=ctrl
[08:35:39] submit 미확인 method=ctrl generating=False composer=4325
[08:35:39] submit 시도 method=enter
[08:35:39] submit 확인 method=enter generating=False composer=0
[08:35:39] ⏱ 입력·전송 SRT_440 4.2s · chars=4323
[08:35:39] 제출 후 last_saved=https://www.genspark.ai/api/files/s/e0v4ajw6
[08:35:40] ⏱ 생성대기 시작 SRT_440 max=120s
[08:35:54] ⏱ 생성대기 완료 14.1s SRT_440 https://www.genspark.ai/api/files/s/znmo8gnn
[08:35:54] ⏱ 생성대기구간 SRT_440 14.1s · ok=True
[08:35:54] SRT_440 근접 이미지 https://www.genspark.ai/api/files/s/znmo8gnn
[08:35:54] 다운로드 files URL=https://www.genspark.ai/api/files/s/znmo8gnn → SRT_440.png
[08:35:55] ⏱ 다운로드 직접 0.7s size=754368 SRT_440.png
[08:35:55] ⏱ 다운로드구간 SRT_440 0.7s · SRT_440.png
[08:35:56] ⏱ 다운로드후유휴 SRT_440 1.3s · idle=True
[08:35:56] ⏱ 씬합계 SRT_440 22.1s · https://www.genspark.ai/api/files/s/znmo8gnn
[08:35:56] SRT_440 생성·다운로드 완료
C:\cursor\wuxia\workspace\swardmaster\2부\21장\png\SRT_440.png
[08:35:56] 상태키 SRT_460 · tracking=OFF; Baek|base; Jin|base
[08:35:56] run_scene 시작 SRT_460 · seen_files=21 · last_saved=https://www.genspark.ai/api/files/s/znmo8gnn
[08:35:56] ⏱ 준비 SRT_460 0.0s · chars=4382
[08:35:57] ⏱ 다음명령유휴 SRT_460 1.3s · idle=True
[08:35:58] fill OK(clip) follow=True chars=4382
[08:35:58] submit 시작 composer=4382 url=https://www.genspark.ai/agents?id=54418115-6d55-49b8-a06a-d1dfd14780d7
[08:35:58] submit geo 실패 hit=no-btn
[08:35:58] submit 시도 method=geo geo=False
[08:35:59] submit 미확인 method=geo generating=False composer=4382
[08:35:59] submit geo 실패 hit=no-btn
[08:35:59] submit 시도 method=send send=False
[08:36:00] submit 미확인 method=send generating=False composer=4382
[08:36:00] submit 시도 method=ctrl
[08:36:01] submit 미확인 method=ctrl generating=False composer=4384
[08:36:01] submit 시도 method=enter
[08:36:01] submit 확인 method=enter generating=False composer=0
[08:36:01] ⏱ 입력·전송 SRT_460 4.1s · chars=4382
[08:36:01] 제출 후 last_saved=https://www.genspark.ai/api/files/s/znmo8gnn
[08:36:02] ⏱ 생성대기 시작 SRT_460 max=120s
[08:36:17] ⏱ 생성대기 진행 15.0s SRT_460 busy=False url_ok=False src=
[08:36:18] ⏱ 생성대기 완료 16.6s SRT_460 https://www.genspark.ai/api/files/s/h6tzuhld
[08:36:18] ⏱ 생성대기구간 SRT_460 16.6s · ok=True
[08:36:18] SRT_460 근접 이미지 https://www.genspark.ai/api/files/s/h6tzuhld
[08:36:18] 다운로드 files URL=https://www.genspark.ai/api/files/s/h6tzuhld → SRT_460.png
[08:36:19] ⏱ 다운로드 직접 0.6s size=574241 SRT_460.png
[08:36:19] ⏱ 다운로드구간 SRT_460 0.6s · SRT_460.png
[08:36:20] ⏱ 다운로드후유휴 SRT_460 1.4s · idle=True
[08:36:20] ⏱ 씬합계 SRT_460 24.3s · https://www.genspark.ai/api/files/s/h6tzuhld
[08:36:20] SRT_460 생성·다운로드 완료
C:\cursor\wuxia\workspace\swardmaster\2부\21장\png\SRT_460.png
[08:36:20] 상태키 SRT_480 · tracking=OFF; Baek|base; Jin|base
[08:36:20] run_scene 시작 SRT_480 · seen_files=22 · last_saved=https://www.genspark.ai/api/files/s/h6tzuhld
[08:36:20] ⏱ 준비 SRT_480 0.0s · chars=4372
[08:36:22] ⏱ 다음명령유휴 SRT_480 1.4s · idle=True
[08:36:22] fill OK(clip) follow=True chars=4372
[08:36:22] submit 시작 composer=4372 url=https://www.genspark.ai/agents?id=54418115-6d55-49b8-a06a-d1dfd14780d7
[08:36:23] submit geo 실패 hit=no-btn
[08:36:23] submit 시도 method=geo geo=False
[08:36:23] submit 미확인 method=geo generating=False composer=4372
[08:36:23] submit geo 실패 hit=no-btn
[08:36:23] submit 시도 method=send send=False
[08:36:24] submit 미확인 method=send generating=False composer=4372
[08:36:24] submit 시도 method=ctrl
[08:36:25] submit 미확인 method=ctrl generating=False composer=4374
[08:36:25] submit 시도 method=enter
[08:36:26] submit 확인 method=enter generating=False composer=0
[08:36:26] ⏱ 입력·전송 SRT_480 3.9s · chars=4372
[08:36:26] 제출 후 last_saved=https://www.genspark.ai/api/files/s/h6tzuhld
[08:36:26] ⏱ 생성대기 시작 SRT_480 max=120s
[08:36:37] ⏱ 생성대기 완료 11.2s SRT_480 https://www.genspark.ai/api/files/s/wjjaq6zo
[08:36:37] ⏱ 생성대기구간 SRT_480 11.2s · ok=True
[08:36:37] SRT_480 근접 이미지 https://www.genspark.ai/api/files/s/wjjaq6zo
[08:36:37] 다운로드 files URL=https://www.genspark.ai/api/files/s/wjjaq6zo → SRT_480.png
[08:36:38] ⏱ 다운로드 직접 0.7s size=640633 SRT_480.png
[08:36:38] ⏱ 다운로드구간 SRT_480 0.7s · SRT_480.png
[08:36:39] ⏱ 다운로드후유휴 SRT_480 1.5s · idle=True
[08:36:39] ⏱ 씬합계 SRT_480 18.9s · https://www.genspark.ai/api/files/s/wjjaq6zo
[08:36:39] SRT_480 생성·다운로드 완료
C:\cursor\wuxia\workspace\swardmaster\2부\21장\png\SRT_480.png
[08:36:39] 상태키 SRT_500 · tracking=OFF; Baek|base; Jin|base
[08:36:40] run_scene 시작 SRT_500 · seen_files=23 · last_saved=https://www.genspark.ai/api/files/s/wjjaq6zo
[08:36:40] ⏱ 준비 SRT_500 0.0s · chars=7562
[08:36:41] ⏱ 다음명령유휴 SRT_500 1.6s · idle=True
[08:36:42] fill OK(clip) follow=True chars=7562
[08:36:42] submit 시작 composer=7562 url=https://www.genspark.ai/agents?id=54418115-6d55-49b8-a06a-d1dfd14780d7
[08:36:42] submit geo 실패 hit=no-btn
[08:36:42] submit 시도 method=geo geo=False
[08:36:43] submit 미확인 method=geo generating=False composer=7562
[08:36:43] submit geo 실패 hit=no-btn
[08:36:43] submit 시도 method=send send=False
[08:36:44] submit 미확인 method=send generating=False composer=7562
[08:36:44] submit 시도 method=ctrl
[08:36:45] submit 미확인 method=ctrl generating=False composer=7564
[08:36:45] submit 시도 method=enter
[08:36:45] submit 확인 method=enter generating=False composer=0
[08:36:45] ⏱ 입력·전송 SRT_500 4.3s · chars=7562
[08:36:45] 제출 후 last_saved=https://www.genspark.ai/api/files/s/wjjaq6zo
[08:36:46] ⏱ 생성대기 시작 SRT_500 max=120s
[08:36:59] ⏱ 생성대기 완료 13.8s SRT_500 https://www.genspark.ai/api/files/s/gktuqx5i
[08:36:59] ⏱ 생성대기구간 SRT_500 13.8s · ok=True
[08:36:59] SRT_500 근접 이미지 https://www.genspark.ai/api/files/s/gktuqx5i
[08:36:59] 다운로드 files URL=https://www.genspark.ai/api/files/s/gktuqx5i → SRT_500.png
[08:37:00] ⏱ 다운로드 직접 0.7s size=790865 SRT_500.png
[08:37:00] ⏱ 다운로드구간 SRT_500 0.7s · SRT_500.png
[08:37:01] ⏱ 다운로드후유휴 SRT_500 1.2s · idle=True
[08:37:01] ⏱ 씬합계 SRT_500 21.9s · https://www.genspark.ai/api/files/s/gktuqx5i
[08:37:01] SRT_500 생성·다운로드 완료
C:\cursor\wuxia\workspace\swardmaster\2부\21장\png\SRT_500.png
[08:37:02] 상태키 SRT_520 · tracking=OFF; Baek|base; Jin|base
[08:37:02] run_scene 시작 SRT_520 · seen_files=24 · last_saved=https://www.genspark.ai/api/files/s/gktuqx5i
[08:37:02] ⏱ 준비 SRT_520 0.0s · chars=6917
[08:37:03] ⏱ 다음명령유휴 SRT_520 1.2s · idle=True
[08:37:03] fill OK(clip) follow=True chars=6917
[08:37:03] submit 시작 composer=6917 url=https://www.genspark.ai/agents?id=54418115-6d55-49b8-a06a-d1dfd14780d7
[08:37:03] submit geo 실패 hit=no-btn
[08:37:03] submit 시도 method=geo geo=False
[08:37:04] submit 미확인 method=geo generating=False composer=6917
[08:37:04] submit geo 실패 hit=no-btn
[08:37:04] submit 시도 method=send send=False
[08:37:05] submit 미확인 method=send generating=False composer=6917
[08:37:05] submit 시도 method=ctrl
[08:37:06] submit 미확인 method=ctrl generating=False composer=6919
[08:37:06] submit 시도 method=enter
[08:37:07] submit 확인 method=enter generating=False composer=0
[08:37:07] ⏱ 입력·전송 SRT_520 3.9s · chars=6917
[08:37:07] 제출 후 last_saved=https://www.genspark.ai/api/files/s/gktuqx5i
[08:37:07] ⏱ 생성대기 시작 SRT_520 max=120s
[08:37:21] ⏱ 생성대기 완료 14.1s SRT_520 https://www.genspark.ai/api/files/s/d2zg5kr8
[08:37:21] ⏱ 생성대기구간 SRT_520 14.1s · ok=True
[08:37:21] SRT_520 근접 이미지 https://www.genspark.ai/api/files/s/d2zg5kr8
[08:37:21] 다운로드 files URL=https://www.genspark.ai/api/files/s/d2zg5kr8 → SRT_520.png
[08:37:22] ⏱ 다운로드 직접 0.7s size=743531 SRT_520.png
[08:37:22] ⏱ 다운로드구간 SRT_520 0.7s · SRT_520.png
[08:37:23] ⏱ 다운로드후유휴 SRT_520 1.4s · idle=True
[08:37:23] ⏱ 씬합계 SRT_520 21.5s · https://www.genspark.ai/api/files/s/d2zg5kr8
[08:37:23] SRT_520 생성·다운로드 완료
C:\cursor\wuxia\workspace\swardmaster\2부\21장\png\SRT_520.png
[08:37:23] 상태키 SRT_540 · tracking=OFF; Baek|base; Jin|base
[08:37:23] run_scene 시작 SRT_540 · seen_files=25 · last_saved=https://www.genspark.ai/api/files/s/d2zg5kr8
[08:37:23] ⏱ 준비 SRT_540 0.0s · chars=6246
[08:37:25] ⏱ 다음명령유휴 SRT_540 1.4s · idle=True
[08:37:25] fill OK(clip) follow=True chars=6246
[08:37:25] submit 시작 composer=6246 url=https://www.genspark.ai/agents?id=54418115-6d55-49b8-a06a-d1dfd14780d7
[08:37:25] submit geo 실패 hit=no-btn
[08:37:25] submit 시도 method=geo geo=False
[08:37:26] submit 미확인 method=geo generating=False composer=6246
[08:37:26] submit geo 실패 hit=no-btn
[08:37:26] submit 시도 method=send send=False
[08:37:27] submit 미확인 method=send generating=False composer=6246
[08:37:27] submit 시도 method=ctrl
[08:37:28] submit 미확인 method=ctrl generating=False composer=6248
[08:37:28] submit 시도 method=enter
[08:37:29] submit 확인 method=enter generating=False composer=0
[08:37:29] ⏱ 입력·전송 SRT_540 3.9s · chars=6246
[08:37:29] 제출 후 last_saved=https://www.genspark.ai/api/files/s/d2zg5kr8
[08:37:29] ⏱ 생성대기 시작 SRT_540 max=120s
[08:37:44] ⏱ 생성대기 진행 15.1s SRT_540 busy=False url_ok=False src=
[08:37:47] ⏱ 생성대기 완료 18.6s SRT_540 https://www.genspark.ai/api/files/s/hx0qdhnb
[08:37:47] ⏱ 생성대기구간 SRT_540 18.6s · ok=True
[08:37:47] SRT_540 근접 이미지 https://www.genspark.ai/api/files/s/hx0qdhnb
[08:37:47] 다운로드 files URL=https://www.genspark.ai/api/files/s/hx0qdhnb → SRT_540.png
[08:37:48] ⏱ 다운로드 직접 0.9s size=834008 SRT_540.png
[08:37:48] ⏱ 다운로드구간 SRT_540 0.9s · SRT_540.png
[08:37:50] ⏱ 다운로드후유휴 SRT_540 1.3s · idle=True
[08:37:50] ⏱ 씬합계 SRT_540 26.4s · https://www.genspark.ai/api/files/s/hx0qdhnb
[08:37:50] SRT_540 생성·다운로드 완료
C:\cursor\wuxia\workspace\swardmaster\2부\21장\png\SRT_540.png
[08:37:50] 상태키 SRT_560 · tracking=OFF; Baek|base; Jin|base
[08:37:50] run_scene 시작 SRT_560 · seen_files=26 · last_saved=https://www.genspark.ai/api/files/s/hx0qdhnb
[08:37:50] ⏱ 준비 SRT_560 0.0s · chars=4303
[08:37:51] ⏱ 다음명령유휴 SRT_560 1.5s · idle=True
[08:37:52] fill OK(clip) follow=True chars=4303
[08:37:52] submit 시작 composer=4303 url=https://www.genspark.ai/agents?id=54418115-6d55-49b8-a06a-d1dfd14780d7
[08:37:52] submit geo 실패 hit=no-btn
[08:37:52] submit 시도 method=geo geo=False
[08:37:53] submit 미확인 method=geo generating=False composer=4303
[08:37:53] submit geo 실패 hit=no-btn
[08:37:53] submit 시도 method=send send=False
[08:37:54] submit 미확인 method=send generating=False composer=4303
[08:37:54] submit 시도 method=ctrl
[08:37:55] submit 미확인 method=ctrl generating=False composer=4305
[08:37:55] submit 시도 method=enter
[08:37:55] submit 확인 method=enter generating=False composer=0
[08:37:55] ⏱ 입력·전송 SRT_560 4.0s · chars=4303
[08:37:55] 제출 후 last_saved=https://www.genspark.ai/api/files/s/hx0qdhnb
[08:37:56] ⏱ 생성대기 시작 SRT_560 max=120s
[08:38:11] ⏱ 생성대기 완료 14.9s SRT_560 https://www.genspark.ai/api/files/s/czmcmg4r
[08:38:11] ⏱ 생성대기구간 SRT_560 14.9s · ok=True
[08:38:11] SRT_560 근접 이미지 https://www.genspark.ai/api/files/s/czmcmg4r
[08:38:11] 다운로드 files URL=https://www.genspark.ai/api/files/s/czmcmg4r → SRT_560.png
[08:38:12] ⏱ 다운로드 직접 0.9s size=869103 SRT_560.png
[08:38:12] ⏱ 다운로드구간 SRT_560 0.9s · SRT_560.png
[08:38:13] ⏱ 다운로드후유휴 SRT_560 1.4s · idle=True
[08:38:13] ⏱ 씬합계 SRT_560 23.1s · https://www.genspark.ai/api/files/s/czmcmg4r
[08:38:13] SRT_560 생성·다운로드 완료
C:\cursor\wuxia\workspace\swardmaster\2부\21장\png\SRT_560.png
[08:38:13] 상태키 SRT_580 · tracking=OFF; Baek|base; Jin|base
[08:38:13] run_scene 시작 SRT_580 · seen_files=27 · last_saved=https://www.genspark.ai/api/files/s/czmcmg4r
[08:38:13] ⏱ 준비 SRT_580 0.0s · chars=4333
[08:38:14] ⏱ 다음명령유휴 SRT_580 1.3s · idle=True
[08:38:15] fill OK(clip) follow=True chars=4333
[08:38:15] submit 시작 composer=4333 url=https://www.genspark.ai/agents?id=54418115-6d55-49b8-a06a-d1dfd14780d7
[08:38:15] submit geo 실패 hit=no-btn
[08:38:15] submit 시도 method=geo geo=False
[08:38:16] submit 미확인 method=geo generating=False composer=4333
[08:38:16] submit geo 실패 hit=no-btn
[08:38:16] submit 시도 method=send send=False
[08:38:17] submit 미확인 method=send generating=False composer=4333
[08:38:17] submit 시도 method=ctrl
[08:38:18] submit 미확인 method=ctrl generating=False composer=4335
[08:38:18] submit 시도 method=enter
[08:38:18] submit 확인 method=enter generating=False composer=0
[08:38:18] ⏱ 입력·전송 SRT_580 4.0s · chars=4333
[08:38:18] 제출 후 last_saved=https://www.genspark.ai/api/files/s/czmcmg4r
[08:38:19] ⏱ 생성대기 시작 SRT_580 max=120s
[08:38:30] ⏱ 생성대기 완료(busy무시) 11.3s SRT_580 https://www.genspark.ai/api/files/s/ol2ojtnc
[08:38:30] ⏱ 생성대기구간 SRT_580 11.3s · ok=True
[08:38:30] SRT_580 근접 이미지 https://www.genspark.ai/api/files/s/ol2ojtnc
[08:38:30] 다운로드 files URL=https://www.genspark.ai/api/files/s/ol2ojtnc → SRT_580.png
[08:38:31] ⏱ 다운로드 직접 0.7s size=793113 SRT_580.png
[08:38:31] ⏱ 다운로드구간 SRT_580 0.7s · SRT_580.png
[08:38:32] ⏱ 다운로드후유휴 SRT_580 1.4s · idle=True
[08:38:32] ⏱ 씬합계 SRT_580 19.0s · https://www.genspark.ai/api/files/s/ol2ojtnc
[08:38:32] SRT_580 생성·다운로드 완료
C:\cursor\wuxia\workspace\swardmaster\2부\21장\png\SRT_580.png
[08:38:32] 상태키 SRT_600 · tracking=OFF; Baek|base; Jin|base
[08:38:32] run_scene 시작 SRT_600 · seen_files=28 · last_saved=https://www.genspark.ai/api/files/s/ol2ojtnc
[08:38:32] ⏱ 준비 SRT_600 0.0s · chars=4369
[08:38:34] ⏱ 다음명령유휴 SRT_600 1.4s · idle=True
[08:38:34] fill OK(clip) follow=True chars=4369
[08:38:34] submit 시작 composer=4369 url=https://www.genspark.ai/agents?id=54418115-6d55-49b8-a06a-d1dfd14780d7
[08:38:35] submit geo 실패 hit=no-btn
[08:38:35] submit 시도 method=geo geo=False
[08:38:35] submit 미확인 method=geo generating=False composer=4369
[08:38:35] submit geo 실패 hit=no-btn
[08:38:35] submit 시도 method=send send=False
[08:38:36] submit 미확인 method=send generating=False composer=4369
[08:38:36] submit 시도 method=ctrl
[08:38:37] submit 미확인 method=ctrl generating=False composer=4371
[08:38:37] submit 시도 method=enter
[08:38:38] submit 확인 method=enter generating=False composer=0
[08:38:38] ⏱ 입력·전송 SRT_600 4.1s · chars=4369
[08:38:38] 제출 후 last_saved=https://www.genspark.ai/api/files/s/ol2ojtnc
[08:38:38] ⏱ 생성대기 시작 SRT_600 max=120s
[08:38:52] ⏱ 생성대기 완료 14.0s SRT_600 https://www.genspark.ai/api/files/s/bz7bbk3e
[08:38:52] ⏱ 생성대기구간 SRT_600 14.0s · ok=True
[08:38:52] SRT_600 근접 이미지 https://www.genspark.ai/api/files/s/bz7bbk3e
[08:38:52] 다운로드 files URL=https://www.genspark.ai/api/files/s/bz7bbk3e → SRT_600.png
[08:38:53] ⏱ 다운로드 직접 0.7s size=732918 SRT_600.png
[08:38:53] ⏱ 다운로드구간 SRT_600 0.7s · SRT_600.png
[08:38:54] ⏱ 다운로드후유휴 SRT_600 1.6s · idle=True
[08:38:54] ⏱ 씬합계 SRT_600 22.0s · https://www.genspark.ai/api/files/s/bz7bbk3e
[08:38:54] SRT_600 생성·다운로드 완료
C:\cursor\wuxia\workspace\swardmaster\2부\21장\png\SRT_600.png
[08:38:55] 상태키 SRT_620 · tracking=OFF; Baek|base; Jin|base
[08:38:55] run_scene 시작 SRT_620 · seen_files=29 · last_saved=https://www.genspark.ai/api/files/s/bz7bbk3e
[08:38:55] ⏱ 준비 SRT_620 0.0s · chars=4372
[08:38:56] ⏱ 다음명령유휴 SRT_620 1.5s · idle=True
[08:38:57] fill OK(clip) follow=True chars=4372
[08:38:57] submit 시작 composer=4372 url=https://www.genspark.ai/agents?id=54418115-6d55-49b8-a06a-d1dfd14780d7
[08:38:57] submit geo 실패 hit=no-btn
[08:38:57] submit 시도 method=geo geo=False
[08:38:57] submit 미확인 method=geo generating=False composer=4372
[08:38:58] submit geo 실패 hit=no-btn
[08:38:58] submit 시도 method=send send=False
[08:38:58] submit 미확인 method=send generating=False composer=4372
[08:38:59] submit 시도 method=ctrl
[08:38:59] submit 미확인 method=ctrl generating=False composer=4374
[08:39:00] submit 시도 method=enter
[08:39:00] submit 확인 method=enter generating=False composer=0
[08:39:00] ⏱ 입력·전송 SRT_620 4.1s · chars=4372
[08:39:00] 제출 후 last_saved=https://www.genspark.ai/api/files/s/bz7bbk3e
[08:39:00] ⏱ 생성대기 시작 SRT_620 max=120s
[08:39:15] ⏱ 생성대기 완료 14.3s SRT_620 https://www.genspark.ai/api/files/s/5y6s3nfo
[08:39:15] ⏱ 생성대기구간 SRT_620 14.3s · ok=True
[08:39:15] SRT_620 근접 이미지 https://www.genspark.ai/api/files/s/5y6s3nfo
[08:39:15] 다운로드 files URL=https://www.genspark.ai/api/files/s/5y6s3nfo → SRT_620.png
[08:39:15] ⏱ 다운로드 직접 0.7s size=697456 SRT_620.png
[08:39:15] ⏱ 다운로드구간 SRT_620 0.7s · SRT_620.png
[08:39:17] ⏱ 다운로드후유휴 SRT_620 1.6s · idle=True
[08:39:17] ⏱ 씬합계 SRT_620 22.4s · https://www.genspark.ai/api/files/s/5y6s3nfo
[08:39:17] SRT_620 생성·다운로드 완료
C:\cursor\wuxia\workspace\swardmaster\2부\21장\png\SRT_620.png
[08:39:17] 상태키 SRT_640 · tracking=OFF; Baek|base; Jin|base
[08:39:17] run_scene 시작 SRT_640 · seen_files=30 · last_saved=https://www.genspark.ai/api/files/s/5y6s3nfo
[08:39:17] ⏱ 준비 SRT_640 0.0s · chars=4379
[08:39:18] ⏱ 다음명령유휴 SRT_640 1.3s · idle=True
[08:39:19] fill OK(clip) follow=True chars=4379
[08:39:19] submit 시작 composer=4379 url=https://www.genspark.ai/agents?id=54418115-6d55-49b8-a06a-d1dfd14780d7
[08:39:19] submit geo 실패 hit=no-btn
[08:39:19] submit 시도 method=geo geo=False
[08:39:20] submit 미확인 method=geo generating=False composer=4379
[08:39:20] submit geo 실패 hit=no-btn
[08:39:20] submit 시도 method=send send=False
[08:39:21] submit 미확인 method=send generating=False composer=4379
[08:39:21] submit 시도 method=ctrl
[08:39:22] submit 미확인 method=ctrl generating=False composer=4381
[08:39:22] submit 시도 method=enter
[08:39:23] submit 확인 method=enter generating=False composer=0
[08:39:23] ⏱ 입력·전송 SRT_640 4.2s · chars=4379
[08:39:23] 제출 후 last_saved=https://www.genspark.ai/api/files/s/5y6s3nfo
[08:39:23] ⏱ 생성대기 시작 SRT_640 max=120s
[08:39:34] ⏱ 생성대기 완료(busy무시) 11.0s SRT_640 https://www.genspark.ai/api/files/s/xzgzfqqg
[08:39:34] ⏱ 생성대기구간 SRT_640 11.0s · ok=True
[08:39:34] SRT_640 근접 이미지 https://www.genspark.ai/api/files/s/xzgzfqqg
[08:39:34] 다운로드 files URL=https://www.genspark.ai/api/files/s/xzgzfqqg → SRT_640.png
[08:39:35] ⏱ 다운로드 직접 0.7s size=801987 SRT_640.png
[08:39:35] ⏱ 다운로드구간 SRT_640 0.7s · SRT_640.png
[08:39:37] ⏱ 다운로드후유휴 SRT_640 2.0s · idle=True
[08:39:37] ⏱ 씬합계 SRT_640 19.5s · https://www.genspark.ai/api/files/s/xzgzfqqg
[08:39:37] SRT_640 생성·다운로드 완료
C:\cursor\wuxia\workspace\swardmaster\2부\21장\png\SRT_640.png
[08:39:37] 상태키 SRT_660 · tracking=OFF; Baek|base; Jin|base
[08:39:37] run_scene 시작 SRT_660 · seen_files=31 · last_saved=https://www.genspark.ai/api/files/s/xzgzfqqg
[08:39:37] ⏱ 준비 SRT_660 0.0s · chars=4377
[08:39:38] ⏱ 다음명령유휴 SRT_660 1.5s · idle=True
[08:39:39] fill OK(clip) follow=True chars=4377
[08:39:39] submit 시작 composer=4377 url=https://www.genspark.ai/agents?id=54418115-6d55-49b8-a06a-d1dfd14780d7
[08:39:39] submit geo 실패 hit=no-btn
[08:39:39] submit 시도 method=geo geo=False
[08:39:40] submit 미확인 method=geo generating=False composer=4377
[08:39:40] submit geo 실패 hit=no-btn
[08:39:40] submit 시도 method=send send=False
[08:39:41] submit 미확인 method=send generating=False composer=4377
[08:39:41] submit 시도 method=ctrl
[08:39:42] submit 미확인 method=ctrl generating=False composer=4379
[08:39:42] submit 시도 method=enter
[08:39:42] submit 확인 method=enter generating=False composer=0
[08:39:42] ⏱ 입력·전송 SRT_660 4.2s · chars=4377
[08:39:42] 제출 후 last_saved=https://www.genspark.ai/api/files/s/xzgzfqqg
[08:39:43] ⏱ 생성대기 시작 SRT_660 max=120s
[08:39:58] ⏱ 생성대기 진행 15.5s SRT_660 busy=True url_ok=True src=https://www.genspark.ai/api/files/s/db9hjq32
[08:39:59] ⏱ 생성대기 완료(busy무시) 16.0s SRT_660 https://www.genspark.ai/api/files/s/db9hjq32
[08:39:59] ⏱ 생성대기구간 SRT_660 16.0s · ok=True
[08:39:59] SRT_660 근접 이미지 https://www.genspark.ai/api/files/s/db9hjq32
[08:39:59] 다운로드 files URL=https://www.genspark.ai/api/files/s/db9hjq32 → SRT_660.png
[08:40:00] ⏱ 다운로드 직접 0.9s size=670365 SRT_660.png
[08:40:00] ⏱ 다운로드구간 SRT_660 0.9s · SRT_660.png
[08:40:03] ⏱ 다운로드후유휴 SRT_660 3.1s · idle=True
[08:40:03] ⏱ 씬합계 SRT_660 25.9s · https://www.genspark.ai/api/files/s/db9hjq32
[08:40:03] SRT_660 생성·다운로드 완료
C:\cursor\wuxia\workspace\swardmaster\2부\21장\png\SRT_660.png
[08:40:03] 상태키 SRT_680 · tracking=OFF; Baek|base; Jin|base
[08:40:03] run_scene 시작 SRT_680 · seen_files=32 · last_saved=https://www.genspark.ai/api/files/s/db9hjq32
[08:40:03] ⏱ 준비 SRT_680 0.0s · chars=4102
[08:40:04] ⏱ 다음명령유휴 SRT_680 1.5s · idle=True
[08:40:05] fill 실패: 후보 1개
[08:40:05] run_scene 실패(재시도 없음): 이어쓰기 입력란을 찾지 못했습니다.
[08:40:05] SRT_680 실패 — 다음 씬 계속
이어쓰기 입력란을 찾지 못했습니다.
[08:40:05] 상태키 SRT_700 · tracking=OFF; Baek|base; Jin|base
[08:40:05] SRT_700 실패(한도 추정 streak=2) — 브라우저 종료 후 대기·재오픈
브라우저 탭이 닫혔습니다. 「실행」를 다시 눌러 주세요.
[08:40:09] 한도 대기 전 ChromeDebug 종료
[08:40:16] 한도 대기 불가 — 실행 시작 시각 미입력
[14:07:33] 탭로그 ON — 실행·생성 · 씬 45개 · reopen=True · 한도대기ON
[14:07:41] ChromeDebug 재시작 slot=0 port=9242 user_data=C:\ChromeDebug_2_5 reused=0
[14:07:45] 모델 이미 Pro: Nano Banana Pro
[14:07:45] 세션 준비 — login=OK model=Nano Banana Pro auto=True
[14:07:45] ensure_page cur_sc=10 prefer_sc=10 cur=https://www.genspark.ai/ai_image prefer=https://www.genspark.ai/ai_image
[14:07:46] fill OK(clip) follow=True chars=73352
[14:07:47] 입력창 붙여넣기 — 프롬프트 50827자 + SRT 22482자 = 합계 73352자
  prompt=C:/cursor/wuxia/2_5_sceneImage/md/image.wuxiz.txt
  srt=C:\cursor\wuxia\workspace\swardmaster\2부\21장\mp3\new.srt
[14:07:48] ensure_page cur_sc=10 prefer_sc=10 cur=https://www.genspark.ai/ai_image prefer=https://www.genspark.ai/ai_image
[14:07:49] 동일 입력창에 명령 추가(미실행): ===== CHARACTER LOOK (SRT_060) =====
Look keys (state tracking OFF): Seo|base
Seo Ryeongran, approximately seventeen years old, strikingly beautiful East-Asian young woman of a dem…
[14:07:50] 상태키 SRT_060 · tracking=OFF; Baek|base; Jin|base
[14:07:50] run_scene 시작 SRT_060 · seen_files=32 · last_saved=https://www.genspark.ai/api/files/s/db9hjq32
[14:07:50] ensure_page cur_sc=10 prefer_sc=10 cur=https://www.genspark.ai/ai_image prefer=https://www.genspark.ai/ai_image
[14:07:50] 모델 선택 시작 현재=(없음)
[14:07:50] 모델 선택 결과 ok=False 칩=(없음) picked=
[14:07:50] ⏱ 준비 SRT_060 0.2s · chars=3848
[14:07:50] submit 시작 composer=3848 url=https://www.genspark.ai/ai_image
[14:07:50] submit geo 실패 hit=no-btn
[14:07:50] submit 시도 method=geo geo=False
[14:07:51] submit 미확인 method=geo generating=False composer=3848
[14:07:51] submit geo 실패 hit=no-btn
[14:07:51] submit 시도 method=send send=False
[14:07:52] submit 미확인 method=send generating=False composer=3848
[14:07:52] submit 시도 method=ctrl
[14:07:53] submit 미확인 method=ctrl generating=False composer=3850
[14:07:53] submit 시도 method=enter
[14:07:54] submit 확인 method=enter generating=False composer=0
[14:07:54] ⏱ 입력창전송 SRT_060 4.2s
[14:07:54] 제출 후 last_saved=https://www.genspark.ai/api/files/s/db9hjq32
[14:07:54] ⏱ 생성대기 시작 SRT_060 max=120s
[14:08:09] ⏱ 생성대기 진행 15.1s SRT_060 busy=False url_ok=False src=
[14:08:12] ⏱ 생성대기 완료 17.7s SRT_060 https://www.genspark.ai/api/files/s/p2xcqm1v
[14:08:12] ⏱ 생성대기구간 SRT_060 17.7s · ok=True
[14:08:12] SRT_060 근접 이미지 https://www.genspark.ai/api/files/s/p2xcqm1v
[14:08:12] 다운로드 files URL=https://www.genspark.ai/api/files/s/p2xcqm1v → SRT_060.png
[14:08:13] ⏱ 다운로드 직접 1.2s size=830466 SRT_060.png
[14:08:13] ⏱ 다운로드구간 SRT_060 1.2s · SRT_060.png
[14:08:15] ⏱ 다운로드후유휴 SRT_060 1.7s · idle=True
[14:08:15] ⏱ 씬합계 SRT_060 25.2s · https://www.genspark.ai/api/files/s/p2xcqm1v
[14:08:15] SRT_060 생성·다운로드 완료
C:\cursor\wuxia\workspace\swardmaster\2부\21장\png\SRT_060.png
[14:08:15] 상태키 SRT_300 · tracking=OFF; Baek|base; Jin|base
[14:08:15] run_scene 시작 SRT_300 · seen_files=33 · last_saved=https://www.genspark.ai/api/files/s/p2xcqm1v
[14:08:15] ⏱ 준비 SRT_300 0.0s · chars=5617
[14:08:17] ⏱ 다음명령유휴 SRT_300 1.8s · idle=True
[14:08:18] fill OK(clip) follow=True chars=5617
[14:08:18] submit 시작 composer=5617 url=https://www.genspark.ai/agents?id=0e96600a-fce1-4040-bf2e-ced7e3e19e90
[14:08:18] submit geo 실패 hit=no-btn
[14:08:18] submit 시도 method=geo geo=False
[14:08:19] submit 미확인 method=geo generating=False composer=5617
[14:08:19] submit geo 실패 hit=no-btn
[14:08:19] submit 시도 method=send send=False
[14:08:20] submit 미확인 method=send generating=False composer=5617
[14:08:20] submit 시도 method=ctrl
[14:08:20] submit 미확인 method=ctrl generating=False composer=5619
[14:08:21] submit 시도 method=enter
[14:08:21] submit 확인 method=enter generating=False composer=0
[14:08:21] ⏱ 입력·전송 SRT_300 4.4s · chars=5617
[14:08:21] 제출 후 last_saved=https://www.genspark.ai/api/files/s/p2xcqm1v
[14:08:22] ⏱ 생성대기 시작 SRT_300 max=120s
[14:08:37] ⏱ 생성대기 진행 15.2s SRT_300 busy=False url_ok=False src=
[14:08:38] ⏱ 생성대기 완료 16.5s SRT_300 https://www.genspark.ai/api/files/s/t7ow3jfc
[14:08:38] ⏱ 생성대기구간 SRT_300 16.5s · ok=True
[14:08:38] SRT_300 근접 이미지 https://www.genspark.ai/api/files/s/t7ow3jfc
[14:08:38] 다운로드 files URL=https://www.genspark.ai/api/files/s/t7ow3jfc → SRT_300.png
[14:08:39] ⏱ 다운로드 직접 0.8s size=692800 SRT_300.png
[14:08:39] ⏱ 다운로드구간 SRT_300 0.9s · SRT_300.png
[14:08:41] ⏱ 다운로드후유휴 SRT_300 1.9s · idle=True
[14:08:41] ⏱ 씬합계 SRT_300 25.8s · https://www.genspark.ai/api/files/s/t7ow3jfc
[14:08:41] SRT_300 생성·다운로드 완료
C:\cursor\wuxia\workspace\swardmaster\2부\21장\png\SRT_300.png
[14:08:41] 상태키 SRT_680 · tracking=OFF; Baek|base; Jin|base
[14:08:41] run_scene 시작 SRT_680 · seen_files=34 · last_saved=https://www.genspark.ai/api/files/s/t7ow3jfc
[14:08:41] ⏱ 준비 SRT_680 0.0s · chars=4102
[14:08:43] ⏱ 다음명령유휴 SRT_680 1.9s · idle=True
[14:08:44] fill OK(clip) follow=True chars=4102
[14:08:44] submit 시작 composer=4102 url=https://www.genspark.ai/agents?id=0e96600a-fce1-4040-bf2e-ced7e3e19e90
[14:08:44] submit geo 실패 hit=no-btn
[14:08:44] submit 시도 method=geo geo=False
[14:08:45] submit 미확인 method=geo generating=False composer=4102
[14:08:45] submit geo 실패 hit=no-btn
[14:08:45] submit 시도 method=send send=False
[14:08:46] submit 미확인 method=send generating=False composer=4102
[14:08:46] submit 시도 method=ctrl
[14:08:47] submit 미확인 method=ctrl generating=False composer=4104
[14:08:47] submit 시도 method=enter
[14:08:48] submit 확인 method=enter generating=False composer=0
[14:08:48] ⏱ 입력·전송 SRT_680 5.0s · chars=4102
[14:08:48] 제출 후 last_saved=https://www.genspark.ai/api/files/s/t7ow3jfc
[14:08:48] ⏱ 생성대기 시작 SRT_680 max=120s
[14:09:04] ⏱ 생성대기 진행 15.5s SRT_680 busy=False url_ok=True src=https://www.genspark.ai/api/files/s/tc4veqnv
[14:09:04] ⏱ 생성대기 완료 15.8s SRT_680 https://www.genspark.ai/api/files/s/tc4veqnv
[14:09:04] ⏱ 생성대기구간 SRT_680 15.8s · ok=True
[14:09:04] SRT_680 근접 이미지 https://www.genspark.ai/api/files/s/tc4veqnv
[14:09:04] 다운로드 files URL=https://www.genspark.ai/api/files/s/tc4veqnv → SRT_680.png
[14:09:05] ⏱ 다운로드 직접 0.9s size=735337 SRT_680.png
[14:09:05] ⏱ 다운로드구간 SRT_680 0.9s · SRT_680.png
[14:09:07] ⏱ 다운로드후유휴 SRT_680 1.8s · idle=True
[14:09:07] ⏱ 씬합계 SRT_680 25.7s · https://www.genspark.ai/api/files/s/tc4veqnv
[14:09:07] SRT_680 생성·다운로드 완료
C:\cursor\wuxia\workspace\swardmaster\2부\21장\png\SRT_680.png
[14:09:07] 상태키 SRT_700 · tracking=OFF; Baek|base; Jin|base
[14:09:07] run_scene 시작 SRT_700 · seen_files=35 · last_saved=https://www.genspark.ai/api/files/s/tc4veqnv
[14:09:07] ⏱ 준비 SRT_700 0.0s · chars=4331
[14:09:09] ⏱ 다음명령유휴 SRT_700 1.9s · idle=True
[14:09:10] fill OK(clip) follow=True chars=4331
[14:09:10] submit 시작 composer=4331 url=https://www.genspark.ai/agents?id=0e96600a-fce1-4040-bf2e-ced7e3e19e90
[14:09:10] submit geo 실패 hit=no-btn
[14:09:10] submit 시도 method=geo geo=False
[14:09:11] submit 미확인 method=geo generating=False composer=4331
[14:09:11] submit geo 실패 hit=no-btn
[14:09:11] submit 시도 method=send send=False
[14:09:12] submit 미확인 method=send generating=False composer=4331
[14:09:12] submit 시도 method=ctrl
[14:09:13] submit 미확인 method=ctrl generating=False composer=4333
[14:09:13] submit 시도 method=enter
[14:09:13] submit 확인 method=enter generating=False composer=0
[14:09:13] ⏱ 입력·전송 SRT_700 4.6s · chars=4331
[14:09:13] 제출 후 last_saved=https://www.genspark.ai/api/files/s/tc4veqnv
[14:09:14] ⏱ 생성대기 시작 SRT_700 max=120s
[14:09:25] ⏱ 생성대기 완료 11.5s SRT_700 https://www.genspark.ai/api/files/s/ivzs4c8o
[14:09:25] ⏱ 생성대기구간 SRT_700 11.5s · ok=True
[14:09:25] SRT_700 근접 이미지 https://www.genspark.ai/api/files/s/ivzs4c8o
[14:09:25] 다운로드 files URL=https://www.genspark.ai/api/files/s/ivzs4c8o → SRT_700.png
[14:09:26] ⏱ 다운로드 직접 0.9s size=688439 SRT_700.png
[14:09:26] ⏱ 다운로드구간 SRT_700 1.0s · SRT_700.png
[14:09:28] ⏱ 다운로드후유휴 SRT_700 2.0s · idle=True
[14:09:28] ⏱ 씬합계 SRT_700 21.2s · https://www.genspark.ai/api/files/s/ivzs4c8o
[14:09:28] SRT_700 생성·다운로드 완료
C:\cursor\wuxia\workspace\swardmaster\2부\21장\png\SRT_700.png
[14:09:28] 상태키 SRT_720 · tracking=OFF; Baek|base; Jin|base
[14:09:28] run_scene 시작 SRT_720 · seen_files=36 · last_saved=https://www.genspark.ai/api/files/s/ivzs4c8o
[14:09:28] ⏱ 준비 SRT_720 0.0s · chars=4071
[14:09:30] ⏱ 다음명령유휴 SRT_720 1.8s · idle=True
[14:09:31] fill OK(clip) follow=True chars=4071
[14:09:31] submit 시작 composer=4071 url=https://www.genspark.ai/agents?id=0e96600a-fce1-4040-bf2e-ced7e3e19e90
[14:09:31] submit geo 실패 hit=no-btn
[14:09:31] submit 시도 method=geo geo=False
[14:09:32] submit 미확인 method=geo generating=False composer=4071
[14:09:33] submit geo 실패 hit=no-btn
[14:09:33] submit 시도 method=send send=False
[14:09:33] submit 미확인 method=send generating=False composer=4071
[14:09:34] submit 시도 method=ctrl
[14:09:34] submit 미확인 method=ctrl generating=False composer=4073
[14:09:35] submit 시도 method=enter
[14:09:35] submit 확인 method=enter generating=False composer=0
[14:09:35] ⏱ 입력·전송 SRT_720 4.9s · chars=4071
[14:09:35] 제출 후 last_saved=https://www.genspark.ai/api/files/s/ivzs4c8o
[14:09:35] ⏱ 생성대기 시작 SRT_720 max=120s
[14:09:51] ⏱ 생성대기 진행 15.3s SRT_720 busy=False url_ok=True src=https://www.genspark.ai/api/files/s/ldvkwdst
[14:09:51] ⏱ 생성대기 완료 15.5s SRT_720 https://www.genspark.ai/api/files/s/ldvkwdst
[14:09:51] ⏱ 생성대기구간 SRT_720 15.6s · ok=True
[14:09:51] SRT_720 근접 이미지 https://www.genspark.ai/api/files/s/ldvkwdst
[14:09:51] 다운로드 files URL=https://www.genspark.ai/api/files/s/ldvkwdst → SRT_720.png
[14:09:52] ⏱ 다운로드 직접 0.8s size=623519 SRT_720.png
[14:09:52] ⏱ 다운로드구간 SRT_720 0.8s · SRT_720.png
[14:09:54] ⏱ 다운로드후유휴 SRT_720 2.0s · idle=True
[14:09:54] ⏱ 씬합계 SRT_720 25.4s · https://www.genspark.ai/api/files/s/ldvkwdst
[14:09:54] SRT_720 생성·다운로드 완료
C:\cursor\wuxia\workspace\swardmaster\2부\21장\png\SRT_720.png
[14:09:54] 상태키 SRT_740 · tracking=OFF; Baek|base; Jin|base
[14:09:54] run_scene 시작 SRT_740 · seen_files=37 · last_saved=https://www.genspark.ai/api/files/s/ldvkwdst
[14:09:54] ⏱ 준비 SRT_740 0.0s · chars=4076
[14:09:56] ⏱ 다음명령유휴 SRT_740 2.0s · idle=True
[14:09:57] fill OK(clip) follow=True chars=4076
[14:09:57] submit 시작 composer=4076 url=https://www.genspark.ai/agents?id=0e96600a-fce1-4040-bf2e-ced7e3e19e90
[14:09:57] submit geo 실패 hit=no-btn
[14:09:57] submit 시도 method=geo geo=False
[14:09:58] submit 미확인 method=geo generating=False composer=4076
[14:09:58] submit geo 실패 hit=no-btn
[14:09:58] submit 시도 method=send send=False
[14:09:59] submit 미확인 method=send generating=False composer=4076
[14:09:59] submit 시도 method=ctrl
[14:10:00] submit 미확인 method=ctrl generating=False composer=4078
[14:10:00] submit 시도 method=enter
[14:10:01] submit 확인 method=enter generating=False composer=0
[14:10:01] ⏱ 입력·전송 SRT_740 4.8s · chars=4076
[14:10:01] 제출 후 last_saved=https://www.genspark.ai/api/files/s/ldvkwdst
[14:10:01] ⏱ 생성대기 시작 SRT_740 max=120s
[14:10:15] ⏱ 생성대기 완료 14.0s SRT_740 https://www.genspark.ai/api/files/s/s9l7yefm
[14:10:15] ⏱ 생성대기구간 SRT_740 14.0s · ok=True
[14:10:15] SRT_740 근접 이미지 https://www.genspark.ai/api/files/s/s9l7yefm
[14:10:15] 다운로드 files URL=https://www.genspark.ai/api/files/s/s9l7yefm → SRT_740.png
[14:10:16] ⏱ 다운로드 직접 0.9s size=559452 SRT_740.png
[14:10:16] ⏱ 다운로드구간 SRT_740 0.9s · SRT_740.png
[14:10:18] ⏱ 다운로드후유휴 SRT_740 1.9s · idle=True
[14:10:18] ⏱ 씬합계 SRT_740 23.9s · https://www.genspark.ai/api/files/s/s9l7yefm
[14:10:18] SRT_740 생성·다운로드 완료
C:\cursor\wuxia\workspace\swardmaster\2부\21장\png\SRT_740.png
[14:10:18] 상태키 SRT_760 · tracking=OFF; Baek|base; Jin|base
[14:10:18] run_scene 시작 SRT_760 · seen_files=38 · last_saved=https://www.genspark.ai/api/files/s/s9l7yefm
[14:10:18] ⏱ 준비 SRT_760 0.0s · chars=4111
[14:10:20] ⏱ 다음명령유휴 SRT_760 1.9s · idle=True
[14:10:21] fill OK(clip) follow=True chars=4111
[14:10:21] submit 시작 composer=4111 url=https://www.genspark.ai/agents?id=0e96600a-fce1-4040-bf2e-ced7e3e19e90
[14:10:21] submit geo 실패 hit=no-btn
[14:10:21] submit 시도 method=geo geo=False
[14:10:22] submit 미확인 method=geo generating=False composer=4111
[14:10:22] submit geo 실패 hit=no-btn
[14:10:22] submit 시도 method=send send=False
[14:10:23] submit 미확인 method=send generating=False composer=4111
[14:10:23] submit 시도 method=ctrl
[14:10:24] submit 미확인 method=ctrl generating=False composer=4113
[14:10:24] submit 시도 method=enter
[14:10:25] submit 확인 method=enter generating=False composer=0
[14:10:25] ⏱ 입력·전송 SRT_760 4.9s · chars=4111
[14:10:25] 제출 후 last_saved=https://www.genspark.ai/api/files/s/s9l7yefm
[14:10:25] ⏱ 생성대기 시작 SRT_760 max=120s
[14:10:39] ⏱ 생성대기 완료 13.7s SRT_760 https://www.genspark.ai/api/files/s/ikaihoud
[14:10:39] ⏱ 생성대기구간 SRT_760 13.7s · ok=True
[14:10:39] SRT_760 근접 이미지 https://www.genspark.ai/api/files/s/ikaihoud
[14:10:39] 다운로드 files URL=https://www.genspark.ai/api/files/s/ikaihoud → SRT_760.png
[14:10:40] ⏱ 다운로드 직접 0.9s size=562553 SRT_760.png
[14:10:40] ⏱ 다운로드구간 SRT_760 0.9s · SRT_760.png
[14:10:42] ⏱ 다운로드후유휴 SRT_760 2.2s · idle=True
[14:10:42] ⏱ 씬합계 SRT_760 24.0s · https://www.genspark.ai/api/files/s/ikaihoud
[14:10:42] SRT_760 생성·다운로드 완료
C:\cursor\wuxia\workspace\swardmaster\2부\21장\png\SRT_760.png
[14:10:42] 상태키 SRT_780 · tracking=OFF; Baek|base; Jin|base
[14:10:42] run_scene 시작 SRT_780 · seen_files=39 · last_saved=https://www.genspark.ai/api/files/s/ikaihoud
[14:10:42] ⏱ 준비 SRT_780 0.0s · chars=5685
[14:10:45] ⏱ 다음명령유휴 SRT_780 2.5s · idle=True
[14:10:46] fill OK(clip) follow=True chars=5685
[14:10:46] submit 시작 composer=5685 url=https://www.genspark.ai/agents?id=0e96600a-fce1-4040-bf2e-ced7e3e19e90
[14:10:46] submit geo 실패 hit=no-btn
[14:10:46] submit 시도 method=geo geo=False
[14:10:46] submit 미확인 method=geo generating=False composer=5685
[14:10:47] submit geo 실패 hit=no-btn
[14:10:47] submit 시도 method=send send=False
[14:10:48] submit 미확인 method=send generating=False composer=5685
[14:10:48] submit 시도 method=ctrl
[14:10:49] submit 미확인 method=ctrl generating=False composer=5687
[14:10:49] submit 시도 method=enter
[14:10:50] submit 확인 method=enter generating=False composer=0
[14:10:50] ⏱ 입력·전송 SRT_780 5.0s · chars=5685
[14:10:50] 제출 후 last_saved=https://www.genspark.ai/api/files/s/ikaihoud
[14:10:50] ⏱ 생성대기 시작 SRT_780 max=120s
[14:11:04] ⏱ 생성대기 완료(busy무시) 14.4s SRT_780 https://www.genspark.ai/api/files/s/usqnfxom
[14:11:04] ⏱ 생성대기구간 SRT_780 14.4s · ok=True
[14:11:04] SRT_780 근접 이미지 https://www.genspark.ai/api/files/s/usqnfxom
[14:11:04] 다운로드 files URL=https://www.genspark.ai/api/files/s/usqnfxom → SRT_780.png
[14:11:06] ⏱ 다운로드 직접 1.7s size=638780 SRT_780.png
[14:11:06] ⏱ 다운로드구간 SRT_780 1.7s · SRT_780.png
[14:11:08] ⏱ 다운로드후유휴 SRT_780 2.0s · idle=True
[14:11:08] ⏱ 씬합계 SRT_780 25.9s · https://www.genspark.ai/api/files/s/usqnfxom
[14:11:08] SRT_780 생성·다운로드 완료
C:\cursor\wuxia\workspace\swardmaster\2부\21장\png\SRT_780.png
[14:11:08] 상태키 SRT_800 · tracking=OFF; Baek|base; Jin|base
[14:11:08] run_scene 시작 SRT_800 · seen_files=40 · last_saved=https://www.genspark.ai/api/files/s/usqnfxom
[14:11:08] ⏱ 준비 SRT_800 0.0s · chars=6711
[14:11:11] ⏱ 다음명령유휴 SRT_800 2.2s · idle=True
[14:11:12] fill OK(clip) follow=True chars=6711
[14:11:12] submit 시작 composer=6711 url=https://www.genspark.ai/agents?id=0e96600a-fce1-4040-bf2e-ced7e3e19e90
[14:11:12] submit geo 실패 hit=no-btn
[14:11:12] submit 시도 method=geo geo=False
[14:11:12] submit 미확인 method=geo generating=False composer=6711
[14:11:13] submit geo 실패 hit=no-btn
[14:11:13] submit 시도 method=send send=False
[14:11:14] submit 미확인 method=send generating=False composer=6711
[14:11:14] submit 시도 method=ctrl
[14:11:15] submit 미확인 method=ctrl generating=False composer=6713
[14:11:15] submit 시도 method=enter
[14:11:16] submit 확인 method=enter generating=False composer=0
[14:11:16] ⏱ 입력·전송 SRT_800 5.0s · chars=6711
[14:11:16] 제출 후 last_saved=https://www.genspark.ai/api/files/s/usqnfxom
[14:11:16] ⏱ 생성대기 시작 SRT_800 max=120s
[14:11:31] ⏱ 생성대기 완료 14.7s SRT_800 https://www.genspark.ai/api/files/s/uogr8pmd
[14:11:31] ⏱ 생성대기구간 SRT_800 14.7s · ok=True
[14:11:31] SRT_800 근접 이미지 https://www.genspark.ai/api/files/s/uogr8pmd
[14:11:31] 다운로드 files URL=https://www.genspark.ai/api/files/s/uogr8pmd → SRT_800.png
[14:11:31] ⏱ 다운로드 직접 0.8s size=630103 SRT_800.png
[14:11:31] ⏱ 다운로드구간 SRT_800 0.9s · SRT_800.png
[14:11:34] ⏱ 다운로드후유휴 SRT_800 2.1s · idle=True
[14:11:34] ⏱ 씬합계 SRT_800 25.2s · https://www.genspark.ai/api/files/s/uogr8pmd
[14:11:34] SRT_800 생성·다운로드 완료
C:\cursor\wuxia\workspace\swardmaster\2부\21장\png\SRT_800.png
[14:11:34] 상태키 SRT_820 · tracking=OFF; Baek|base; Jin|base
[14:11:34] run_scene 시작 SRT_820 · seen_files=41 · last_saved=https://www.genspark.ai/api/files/s/uogr8pmd
[14:11:34] ⏱ 준비 SRT_820 0.0s · chars=6689
[14:11:36] ⏱ 다음명령유휴 SRT_820 2.1s · idle=True
[14:11:37] fill OK(clip) follow=True chars=6689
[14:11:37] submit 시작 composer=6689 url=https://www.genspark.ai/agents?id=0e96600a-fce1-4040-bf2e-ced7e3e19e90
[14:11:37] submit geo 실패 hit=no-btn
[14:11:37] submit 시도 method=geo geo=False
[14:11:38] submit 미확인 method=geo generating=False composer=6689
[14:11:39] submit geo 실패 hit=no-btn
[14:11:39] submit 시도 method=send send=False
[14:11:39] submit 미확인 method=send generating=False composer=6689
[14:11:40] submit 시도 method=ctrl
[14:11:40] submit 미확인 method=ctrl generating=False composer=6691
[14:11:41] submit 시도 method=enter
[14:11:41] submit 확인 method=enter generating=False composer=0
[14:11:41] ⏱ 입력·전송 SRT_820 5.2s · chars=6689
[14:11:41] 제출 후 last_saved=https://www.genspark.ai/api/files/s/uogr8pmd
[14:11:41] ⏱ 생성대기 시작 SRT_820 max=120s
[14:11:56] ⏱ 생성대기 완료 14.4s SRT_820 https://www.genspark.ai/api/files/s/ncf2a7ph
[14:11:56] ⏱ 생성대기구간 SRT_820 14.4s · ok=True
[14:11:56] SRT_820 근접 이미지 https://www.genspark.ai/api/files/s/ncf2a7ph
[14:11:56] 다운로드 files URL=https://www.genspark.ai/api/files/s/ncf2a7ph → SRT_820.png
[14:11:57] ⏱ 다운로드 직접 0.9s size=694121 SRT_820.png
[14:11:57] ⏱ 다운로드구간 SRT_820 0.9s · SRT_820.png
[14:11:59] ⏱ 다운로드후유휴 SRT_820 2.3s · idle=True
[14:11:59] ⏱ 씬합계 SRT_820 25.3s · https://www.genspark.ai/api/files/s/ncf2a7ph
[14:11:59] SRT_820 생성·다운로드 완료
C:\cursor\wuxia\workspace\swardmaster\2부\21장\png\SRT_820.png
[14:11:59] 상태키 SRT_840 · tracking=OFF; Baek|base; Jin|base
[14:11:59] run_scene 시작 SRT_840 · seen_files=42 · last_saved=https://www.genspark.ai/api/files/s/ncf2a7ph
[14:11:59] ⏱ 준비 SRT_840 0.0s · chars=5626
[14:12:02] ⏱ 다음명령유휴 SRT_840 2.2s · idle=True
[14:12:03] fill OK(clip) follow=True chars=5626
[14:12:03] submit 시작 composer=5626 url=https://www.genspark.ai/agents?id=0e96600a-fce1-4040-bf2e-ced7e3e19e90
[14:12:03] submit geo 실패 hit=no-btn
[14:12:03] submit 시도 method=geo geo=False
[14:12:04] submit 미확인 method=geo generating=False composer=5626
[14:12:04] submit geo 실패 hit=no-btn
[14:12:04] submit 시도 method=send send=False
[14:12:05] submit 미확인 method=send generating=False composer=5626
[14:12:05] submit 시도 method=ctrl
[14:12:06] submit 미확인 method=ctrl generating=False composer=5628
[14:12:07] submit 시도 method=enter
[14:12:07] submit 확인 method=enter generating=False composer=0
[14:12:07] ⏱ 입력·전송 SRT_840 5.5s · chars=5626
[14:12:07] 제출 후 last_saved=https://www.genspark.ai/api/files/s/ncf2a7ph
[14:12:07] ⏱ 생성대기 시작 SRT_840 max=120s
[14:12:20] ⏱ 생성대기 완료 12.8s SRT_840 https://www.genspark.ai/api/files/s/9ibovs2l
[14:12:20] ⏱ 생성대기구간 SRT_840 12.8s · ok=True
[14:12:20] SRT_840 근접 이미지 https://www.genspark.ai/api/files/s/9ibovs2l
[14:12:20] 다운로드 files URL=https://www.genspark.ai/api/files/s/9ibovs2l → SRT_840.png
[14:12:21] ⏱ 다운로드 직접 1.0s size=637345 SRT_840.png
[14:12:21] ⏱ 다운로드구간 SRT_840 1.0s · SRT_840.png
[14:12:24] ⏱ 다운로드후유휴 SRT_840 2.5s · idle=True
[14:12:24] ⏱ 씬합계 SRT_840 24.4s · https://www.genspark.ai/api/files/s/9ibovs2l
[14:12:24] SRT_840 생성·다운로드 완료
C:\cursor\wuxia\workspace\swardmaster\2부\21장\png\SRT_840.png
[14:12:24] 상태키 SRT_860 · tracking=OFF; Baek|base; Jin|base
[14:12:24] run_scene 시작 SRT_860 · seen_files=43 · last_saved=https://www.genspark.ai/api/files/s/9ibovs2l
[14:12:24] ⏱ 준비 SRT_860 0.0s · chars=5608
[14:12:26] ⏱ 다음명령유휴 SRT_860 2.2s · idle=True
[14:12:27] fill OK(clip) follow=True chars=5608
[14:12:27] submit 시작 composer=5608 url=https://www.genspark.ai/agents?id=0e96600a-fce1-4040-bf2e-ced7e3e19e90
[14:12:27] submit geo 실패 hit=no-btn
[14:12:27] submit 시도 method=geo geo=False
[14:12:28] submit 미확인 method=geo generating=False composer=5608
[14:12:29] submit geo 실패 hit=no-btn
[14:12:29] submit 시도 method=send send=False
[14:12:29] submit 미확인 method=send generating=False composer=5608
[14:12:30] submit 시도 method=ctrl
[14:12:30] submit 미확인 method=ctrl generating=False composer=5610
[14:12:31] submit 시도 method=enter
[14:12:31] submit 확인 method=enter generating=False composer=0
[14:12:31] ⏱ 입력·전송 SRT_860 5.2s · chars=5608
[14:12:31] 제출 후 last_saved=https://www.genspark.ai/api/files/s/9ibovs2l
[14:12:32] ⏱ 생성대기 시작 SRT_860 max=120s
[14:12:47] ⏱ 생성대기 진행 15.0s SRT_860 busy=False url_ok=False src=
[14:12:47] ⏱ 생성대기 한도감지 15.0s SRT_860 · AI Image 한도 - 재설정 2026-08-30 18:36 · AI Image 5시간 제한에 도달했습니다. 8월 30일 오후 6:36에 재설정됩니다 --- 5시간 제한 --- 세션 한도 도달 AI Image 5시간 제한에 도달했습니다. 8월 30일 오후 6:36에 재설정됩니다
[14:12:47] run_scene 실패(재시도 없음): AI Image 한도 - 재설정 2026-08-30 18:36
[14:12:47] SRT_860 실패(한도 확정 streak=1) — 브라우저 종료 후 대기·재오픈
AI Image 한도 - 재설정 2026-08-30 18:36
[14:12:51] 한도 대기 전 ChromeDebug 종료
[14:12:51] 한도 대기 시작 — 정상화 예상 2026-08-30 18:36 (263분) — SRT_860 한도
[18:32:16] 탭로그 ON — 실행·생성 · 씬 34개 · reopen=True · 한도대기ON
[18:32:22] ChromeDebug 재시작 slot=0 port=9242 user_data=C:\ChromeDebug_2_5 reused=0
[18:32:26] 모델 이미 Pro: Nano Banana Pro
[18:32:26] 세션 준비 — login=OK model=Nano Banana Pro auto=True
[18:32:27] ensure_page cur_sc=10 prefer_sc=10 cur=https://www.genspark.ai/ai_image prefer=https://www.genspark.ai/ai_image
[18:32:28] fill OK(clip) follow=True chars=73352
[18:32:29] 입력창 붙여넣기 — 프롬프트 50827자 + SRT 22482자 = 합계 73352자
  prompt=C:/cursor/wuxia/2_5_sceneImage/md/image.wuxiz.txt
  srt=C:\cursor\wuxia\workspace\swardmaster\2부\21장\mp3\new.srt
[18:32:30] ensure_page cur_sc=10 prefer_sc=10 cur=https://www.genspark.ai/ai_image prefer=https://www.genspark.ai/ai_image
[18:32:31] 동일 입력창에 명령 추가(미실행): ===== CHARACTER LOOK (SRT_860) =====
Look keys (state tracking OFF): Jin≈19|base; Namgung|base
Jin Muhan, approximately nineteen years old, East-Asian young swordsman, sharp narrow…
[18:32:32] 상태키 SRT_860 · tracking=OFF; Baek|base; Jin|base
[18:32:32] run_scene 시작 SRT_860 · seen_files=43 · last_saved=https://www.genspark.ai/api/files/s/9ibovs2l
[18:32:32] ensure_page cur_sc=10 prefer_sc=10 cur=https://www.genspark.ai/ai_image prefer=https://www.genspark.ai/ai_image
[18:32:32] 모델 선택 시작 현재=(없음)
[18:32:32] 모델 선택 결과 ok=False 칩=(없음) picked=
[18:32:32] ⏱ 준비 SRT_860 0.1s · chars=5608
[18:32:32] submit 시작 composer=5608 url=https://www.genspark.ai/ai_image
[18:32:32] submit geo 실패 hit=no-btn
[18:32:32] submit 시도 method=geo geo=False
[18:32:32] submit 미확인 method=geo generating=False composer=5608
[18:32:33] submit geo 실패 hit=no-btn
[18:32:33] submit 시도 method=send send=False
[18:32:33] submit 미확인 method=send generating=False composer=5608
[18:32:34] submit 시도 method=ctrl
[18:32:34] submit 미확인 method=ctrl generating=False composer=5610
[18:32:35] submit 시도 method=enter
[18:32:36] submit 확인 method=enter generating=False composer=0
[18:32:36] ⏱ 입력창전송 SRT_860 4.0s
[18:32:36] 제출 후 last_saved=https://www.genspark.ai/api/files/s/9ibovs2l
[18:32:36] ⏱ 생성대기 시작 SRT_860 max=120s
[18:32:51] ⏱ 생성대기 진행 15.1s SRT_860 busy=False url_ok=False src=
[18:32:51] ⏱ 생성대기 한도감지 15.2s SRT_860 · AI Image 한도 - 재설정 2026-08-30 18:36 · AI Image 5시간 제한에 도달했습니다. 8월 30일 오후 6:36에 재설정됩니다 --- 5시간 제한 --- 세션 한도 도달 AI Image 5시간 제한에 도달했습니다. 8월 30일 오후 6:36에 재설정됩니다
[18:32:51] run_scene 실패(재시도 없음): AI Image 한도 - 재설정 2026-08-30 18:36
[18:32:51] SRT_860 실패(한도 확정 streak=1) — 브라우저 종료 후 대기·재오픈
AI Image 한도 - 재설정 2026-08-30 18:36
[18:32:55] 한도 대기 전 ChromeDebug 종료
[18:32:55] 한도 대기 시작 — 정상화 예상 2026-08-30 18:36 (3분) — SRT_860 한도
[18:45:48] 탭로그 ON — 실행·생성 · 씬 34개 · reopen=True · 한도대기ON
[18:45:56] ChromeDebug 재시작 slot=0 port=9242 user_data=C:\ChromeDebug_2_5 reused=0
[18:46:01] 모델 이미 Pro: Nano Banana Pro
[18:46:01] 세션 준비 — login=OK model=Nano Banana Pro auto=True
[18:46:01] ensure_page cur_sc=10 prefer_sc=10 cur=https://www.genspark.ai/ai_image prefer=https://www.genspark.ai/ai_image
[18:46:03] fill OK(clip) follow=True chars=73352
[18:46:04] 입력창 붙여넣기 — 프롬프트 50827자 + SRT 22482자 = 합계 73352자
  prompt=C:/cursor/wuxia/2_5_sceneImage/md/image.wuxiz.txt
  srt=C:\cursor\wuxia\workspace\swardmaster\2부\21장\mp3\new.srt
[18:46:05] ensure_page cur_sc=10 prefer_sc=10 cur=https://www.genspark.ai/ai_image prefer=https://www.genspark.ai/ai_image
[18:46:06] 동일 입력창에 명령 추가(미실행): ===== CHARACTER LOOK (SRT_860) =====
Look keys (state tracking OFF): Jin≈19|base; Namgung|base
Jin Muhan, approximately nineteen years old, East-Asian young swordsman, sharp narrow…
[18:46:07] 상태키 SRT_860 · tracking=OFF; Baek|base; Jin|base
[18:46:07] run_scene 시작 SRT_860 · seen_files=43 · last_saved=https://www.genspark.ai/api/files/s/9ibovs2l
[18:46:07] ensure_page cur_sc=10 prefer_sc=10 cur=https://www.genspark.ai/ai_image prefer=https://www.genspark.ai/ai_image
[18:46:07] 모델 선택 시작 현재=(없음)
[18:46:07] 모델 선택 결과 ok=False 칩=(없음) picked=
[18:46:07] ⏱ 준비 SRT_860 0.4s · chars=5608
[18:46:07] submit 시작 composer=5608 url=https://www.genspark.ai/ai_image
[18:46:07] submit geo 실패 hit=no-btn
[18:46:07] submit 시도 method=geo geo=False
[18:46:08] submit 미확인 method=geo generating=False composer=5608
[18:46:08] submit geo 실패 hit=no-btn
[18:46:08] submit 시도 method=send send=False
[18:46:09] submit 미확인 method=send generating=False composer=5608
[18:46:09] submit 시도 method=ctrl
[18:46:10] submit 미확인 method=ctrl generating=False composer=5610
[18:46:11] submit 시도 method=enter
[18:46:12] submit 확인 method=enter generating=False composer=0
[18:46:12] ⏱ 입력창전송 SRT_860 4.6s
[18:46:12] 제출 후 last_saved=https://www.genspark.ai/api/files/s/9ibovs2l
[18:46:12] ⏱ 생성대기 시작 SRT_860 max=120s
[18:46:27] ⏱ 생성대기 진행 15.3s SRT_860 busy=False url_ok=False src=
[18:46:32] ⏱ 생성대기 완료 19.9s SRT_860 https://www.genspark.ai/api/files/s/ii65n2cw
[18:46:32] ⏱ 생성대기구간 SRT_860 19.9s · ok=True
[18:46:32] SRT_860 근접 이미지 https://www.genspark.ai/api/files/s/ii65n2cw
[18:46:32] 다운로드 files URL=https://www.genspark.ai/api/files/s/ii65n2cw → SRT_860.png
[18:46:33] ⏱ 다운로드 직접 0.9s size=674638 SRT_860.png
[18:46:33] ⏱ 다운로드구간 SRT_860 0.9s · SRT_860.png
[18:46:34] ⏱ 다운로드후유휴 SRT_860 1.5s · idle=True
[18:46:34] ⏱ 씬합계 SRT_860 27.6s · https://www.genspark.ai/api/files/s/ii65n2cw
[18:46:34] SRT_860 생성·다운로드 완료
C:\cursor\wuxia\workspace\swardmaster\2부\21장\png\SRT_860.png
[18:46:35] 상태키 SRT_880 · tracking=OFF; Baek|base; Jin|base
[18:46:35] run_scene 시작 SRT_880 · seen_files=44 · last_saved=https://www.genspark.ai/api/files/s/ii65n2cw
[18:46:35] ⏱ 준비 SRT_880 0.0s · chars=5342
[18:46:36] ⏱ 다음명령유휴 SRT_880 1.3s · idle=True
[18:46:37] fill OK(clip) follow=True chars=5342
[18:46:37] submit 시작 composer=5342 url=https://www.genspark.ai/agents?id=1d199a29-f97e-4e8c-a5d3-ee96bd455975
[18:46:38] submit geo 실패 hit=no-btn
[18:46:38] submit 시도 method=geo geo=False
[18:46:38] submit 미확인 method=geo generating=False composer=5342
[18:46:39] submit geo 실패 hit=no-btn
[18:46:39] submit 시도 method=send send=False
[18:46:40] submit 미확인 method=send generating=False composer=5342
[18:46:40] submit 시도 method=ctrl
[18:46:41] submit 미확인 method=ctrl generating=False composer=5344
[18:46:41] submit 시도 method=enter
[18:46:42] submit 확인 method=enter generating=False composer=0
[18:46:42] ⏱ 입력·전송 SRT_880 6.3s · chars=5342
[18:46:42] 제출 후 last_saved=https://www.genspark.ai/api/files/s/ii65n2cw
[18:46:42] ⏱ 생성대기 시작 SRT_880 max=120s
[18:46:56] ⏱ 생성대기 완료(busy무시) 13.8s SRT_880 https://www.genspark.ai/api/files/s/yo8m8nqi
[18:46:56] ⏱ 생성대기구간 SRT_880 13.8s · ok=True
[18:46:56] SRT_880 근접 이미지 https://www.genspark.ai/api/files/s/yo8m8nqi
[18:46:56] 다운로드 files URL=https://www.genspark.ai/api/files/s/yo8m8nqi → SRT_880.png
[18:46:57] ⏱ 다운로드 직접 0.8s size=685309 SRT_880.png
[18:46:57] ⏱ 다운로드구간 SRT_880 0.8s · SRT_880.png
[18:47:00] ⏱ 다운로드후유휴 SRT_880 2.7s · idle=True
[18:47:00] ⏱ 씬합계 SRT_880 25.2s · https://www.genspark.ai/api/files/s/yo8m8nqi
[18:47:00] SRT_880 생성·다운로드 완료
C:\cursor\wuxia\workspace\swardmaster\2부\21장\png\SRT_880.png
[18:47:00] 상태키 SRT_900 · tracking=OFF; Baek|base; Jin|base
[18:47:00] run_scene 시작 SRT_900 · seen_files=45 · last_saved=https://www.genspark.ai/api/files/s/yo8m8nqi
[18:47:00] ⏱ 준비 SRT_900 0.0s · chars=5737
[18:47:01] ⏱ 다음명령유휴 SRT_900 1.6s · idle=True
[18:47:02] fill OK(clip) follow=True chars=5737
[18:47:02] submit 시작 composer=5737 url=https://www.genspark.ai/agents?id=1d199a29-f97e-4e8c-a5d3-ee96bd455975
[18:47:02] submit geo 실패 hit=no-btn
[18:47:02] submit 시도 method=geo geo=False
[18:47:03] submit 미확인 method=geo generating=False composer=5737
[18:47:03] submit geo 실패 hit=no-btn
[18:47:03] submit 시도 method=send send=False
[18:47:04] submit 미확인 method=send generating=False composer=5737
[18:47:04] submit 시도 method=ctrl
[18:47:05] submit 미확인 method=ctrl generating=False composer=5739
[18:47:05] submit 시도 method=enter
[18:47:06] submit 확인 method=enter generating=False composer=0
[18:47:06] ⏱ 입력·전송 SRT_900 4.3s · chars=5737
[18:47:06] 제출 후 last_saved=https://www.genspark.ai/api/files/s/yo8m8nqi
[18:47:06] ⏱ 생성대기 시작 SRT_900 max=120s
[18:47:20] ⏱ 생성대기 완료(busy무시) 14.4s SRT_900 https://www.genspark.ai/api/files/s/pnbwqbd8
[18:47:20] ⏱ 생성대기구간 SRT_900 14.4s · ok=True
[18:47:20] SRT_900 근접 이미지 https://www.genspark.ai/api/files/s/pnbwqbd8
[18:47:20] 다운로드 files URL=https://www.genspark.ai/api/files/s/pnbwqbd8 → SRT_900.png
[18:47:21] ⏱ 다운로드 직접 0.8s size=614681 SRT_900.png
[18:47:21] ⏱ 다운로드구간 SRT_900 0.8s · SRT_900.png
[18:47:24] ⏱ 다운로드후유휴 SRT_900 2.6s · idle=True
[18:47:24] ⏱ 씬합계 SRT_900 24.0s · https://www.genspark.ai/api/files/s/pnbwqbd8
[18:47:24] SRT_900 생성·다운로드 완료
C:\cursor\wuxia\workspace\swardmaster\2부\21장\png\SRT_900.png
[18:47:24] 상태키 SRT_920 · tracking=OFF; Baek|base; Jin|base
[18:47:24] run_scene 시작 SRT_920 · seen_files=46 · last_saved=https://www.genspark.ai/api/files/s/pnbwqbd8
[18:47:24] ⏱ 준비 SRT_920 0.0s · chars=4290
[18:47:26] ⏱ 다음명령유휴 SRT_920 1.6s · idle=True
[18:47:26] fill OK(clip) follow=True chars=4290
[18:47:26] submit 시작 composer=4290 url=https://www.genspark.ai/agents?id=1d199a29-f97e-4e8c-a5d3-ee96bd455975
[18:47:27] submit geo 실패 hit=no-btn
[18:47:27] submit 시도 method=geo geo=False
[18:47:27] submit 미확인 method=geo generating=False composer=4290
[18:47:28] submit geo 실패 hit=no-btn
[18:47:28] submit 시도 method=send send=False
[18:47:28] submit 미확인 method=send generating=False composer=4290
[18:47:28] submit 시도 method=ctrl
[18:47:29] submit 미확인 method=ctrl generating=False composer=4292
[18:47:29] submit 시도 method=enter
[18:47:30] submit 확인 method=enter generating=False composer=0
[18:47:30] ⏱ 입력·전송 SRT_920 4.3s · chars=4290
[18:47:30] 제출 후 last_saved=https://www.genspark.ai/api/files/s/pnbwqbd8
[18:47:30] ⏱ 생성대기 시작 SRT_920 max=120s
[18:47:44] ⏱ 생성대기 완료(busy무시) 13.7s SRT_920 https://www.genspark.ai/api/files/s/62wxdsz8
[18:47:44] ⏱ 생성대기구간 SRT_920 13.7s · ok=True
[18:47:44] SRT_920 근접 이미지 https://www.genspark.ai/api/files/s/62wxdsz8
[18:47:44] 다운로드 files URL=https://www.genspark.ai/api/files/s/62wxdsz8 → SRT_920.png
[18:47:45] ⏱ 다운로드 직접 0.8s size=690280 SRT_920.png
[18:47:45] ⏱ 다운로드구간 SRT_920 0.8s · SRT_920.png
[18:47:47] ⏱ 다운로드후유휴 SRT_920 2.1s · idle=True
[18:47:47] ⏱ 씬합계 SRT_920 22.7s · https://www.genspark.ai/api/files/s/62wxdsz8
[18:47:47] SRT_920 생성·다운로드 완료
C:\cursor\wuxia\workspace\swardmaster\2부\21장\png\SRT_920.png
[18:47:47] 상태키 SRT_940 · tracking=OFF; Baek|base; Jin|base
[18:47:47] run_scene 시작 SRT_940 · seen_files=47 · last_saved=https://www.genspark.ai/api/files/s/62wxdsz8
[18:47:47] ⏱ 준비 SRT_940 0.0s · chars=4312
[18:47:48] ⏱ 다음명령유휴 SRT_940 1.4s · idle=True
[18:47:49] fill OK(clip) follow=True chars=4312
[18:47:49] submit 시작 composer=4312 url=https://www.genspark.ai/agents?id=1d199a29-f97e-4e8c-a5d3-ee96bd455975
[18:47:49] submit geo 실패 hit=no-btn
[18:47:49] submit 시도 method=geo geo=False
[18:47:50] submit 미확인 method=geo generating=False composer=4312
[18:47:50] submit geo 실패 hit=no-btn
[18:47:50] submit 시도 method=send send=False
[18:47:51] submit 미확인 method=send generating=False composer=4312
[18:47:51] submit 시도 method=ctrl
[18:47:52] submit 미확인 method=ctrl generating=False composer=4314
[18:47:52] submit 시도 method=enter
[18:47:53] submit 확인 method=enter generating=False composer=0
[18:47:53] ⏱ 입력·전송 SRT_940 4.2s · chars=4312
[18:47:53] 제출 후 last_saved=https://www.genspark.ai/api/files/s/62wxdsz8
[18:47:53] ⏱ 생성대기 시작 SRT_940 max=120s
[18:48:04] ⏱ 생성대기 완료(busy무시) 11.2s SRT_940 https://www.genspark.ai/api/files/s/so0qul2y
[18:48:04] ⏱ 생성대기구간 SRT_940 11.2s · ok=True
[18:48:04] SRT_940 근접 이미지 https://www.genspark.ai/api/files/s/so0qul2y
[18:48:04] 다운로드 files URL=https://www.genspark.ai/api/files/s/so0qul2y → SRT_940.png
[18:48:06] ⏱ 다운로드 직접 1.7s size=572338 SRT_940.png
[18:48:06] ⏱ 다운로드구간 SRT_940 1.7s · SRT_940.png
[18:48:07] ⏱ 다운로드후유휴 SRT_940 1.7s · idle=True
[18:48:07] ⏱ 씬합계 SRT_940 20.5s · https://www.genspark.ai/api/files/s/so0qul2y
[18:48:07] SRT_940 생성·다운로드 완료
C:\cursor\wuxia\workspace\swardmaster\2부\21장\png\SRT_940.png
[18:48:08] 상태키 SRT_960 · tracking=OFF; Baek|base; Jin|base
[18:48:08] run_scene 시작 SRT_960 · seen_files=48 · last_saved=https://www.genspark.ai/api/files/s/so0qul2y
[18:48:08] ⏱ 준비 SRT_960 0.0s · chars=4328
[18:48:09] ⏱ 다음명령유휴 SRT_960 1.6s · idle=True
[18:48:10] fill OK(clip) follow=True chars=4328
[18:48:10] submit 시작 composer=4328 url=https://www.genspark.ai/agents?id=1d199a29-f97e-4e8c-a5d3-ee96bd455975
[18:48:10] submit geo 실패 hit=no-btn
[18:48:10] submit 시도 method=geo geo=False
[18:48:11] submit 미확인 method=geo generating=False composer=4328
[18:48:11] submit geo 실패 hit=no-btn
[18:48:11] submit 시도 method=send send=False
[18:48:12] submit 미확인 method=send generating=False composer=4328
[18:48:12] submit 시도 method=ctrl
[18:48:13] submit 미확인 method=ctrl generating=False composer=4330
[18:48:13] submit 시도 method=enter
[18:48:13] submit 확인 method=enter generating=False composer=0
[18:48:13] ⏱ 입력·전송 SRT_960 4.2s · chars=4328
[18:48:13] 제출 후 last_saved=https://www.genspark.ai/api/files/s/so0qul2y
[18:48:14] ⏱ 생성대기 시작 SRT_960 max=120s
[18:48:27] ⏱ 생성대기 완료 13.2s SRT_960 https://www.genspark.ai/api/files/s/xp44bhy0
[18:48:27] ⏱ 생성대기구간 SRT_960 13.2s · ok=True
[18:48:27] SRT_960 근접 이미지 https://www.genspark.ai/api/files/s/xp44bhy0
[18:48:27] 다운로드 files URL=https://www.genspark.ai/api/files/s/xp44bhy0 → SRT_960.png
[18:48:28] ⏱ 다운로드 직접 0.8s size=532513 SRT_960.png
[18:48:28] ⏱ 다운로드구간 SRT_960 0.8s · SRT_960.png
[18:48:29] ⏱ 다운로드후유휴 SRT_960 1.6s · idle=True
[18:48:29] ⏱ 씬합계 SRT_960 21.7s · https://www.genspark.ai/api/files/s/xp44bhy0
[18:48:29] SRT_960 생성·다운로드 완료
C:\cursor\wuxia\workspace\swardmaster\2부\21장\png\SRT_960.png
[18:48:29] 상태키 SRT_980 · tracking=OFF; Baek|base; Jin|base
[18:48:29] run_scene 시작 SRT_980 · seen_files=49 · last_saved=https://www.genspark.ai/api/files/s/xp44bhy0
[18:48:29] ⏱ 준비 SRT_980 0.0s · chars=5791
[18:48:31] ⏱ 다음명령유휴 SRT_980 1.6s · idle=True
[18:48:32] fill OK(clip) follow=True chars=5791
[18:48:32] submit 시작 composer=5791 url=https://www.genspark.ai/agents?id=1d199a29-f97e-4e8c-a5d3-ee96bd455975
[18:48:32] submit geo 실패 hit=no-btn
[18:48:32] submit 시도 method=geo geo=False
[18:48:32] submit 미확인 method=geo generating=False composer=5791
[18:48:33] submit geo 실패 hit=no-btn
[18:48:33] submit 시도 method=send send=False
[18:48:33] submit 미확인 method=send generating=False composer=5791
[18:48:34] submit 시도 method=ctrl
[18:48:34] submit 미확인 method=ctrl generating=False composer=5793
[18:48:35] submit 시도 method=enter
[18:48:35] submit 확인 method=enter generating=False composer=0
[18:48:35] ⏱ 입력·전송 SRT_980 4.2s · chars=5791
[18:48:35] 제출 후 last_saved=https://www.genspark.ai/api/files/s/xp44bhy0
[18:48:35] ⏱ 생성대기 시작 SRT_980 max=120s
[18:48:49] ⏱ 생성대기 완료 13.6s SRT_980 https://www.genspark.ai/api/files/s/cbsb3fmm
[18:48:49] ⏱ 생성대기구간 SRT_980 13.6s · ok=True
[18:48:49] SRT_980 근접 이미지 https://www.genspark.ai/api/files/s/cbsb3fmm
[18:48:49] 다운로드 files URL=https://www.genspark.ai/api/files/s/cbsb3fmm → SRT_980.png
[18:48:50] ⏱ 다운로드 직접 0.8s size=716469 SRT_980.png
[18:48:50] ⏱ 다운로드구간 SRT_980 0.9s · SRT_980.png
[18:48:53] ⏱ 다운로드후유휴 SRT_980 2.6s · idle=True
[18:48:53] ⏱ 씬합계 SRT_980 23.1s · https://www.genspark.ai/api/files/s/cbsb3fmm
[18:48:53] SRT_980 생성·다운로드 완료
C:\cursor\wuxia\workspace\swardmaster\2부\21장\png\SRT_980.png
[18:48:53] 상태키 SRT_1000 · tracking=OFF; Baek|base; Jin|base
[18:48:53] run_scene 시작 SRT_1000 · seen_files=50 · last_saved=https://www.genspark.ai/api/files/s/cbsb3fmm
[18:48:53] ⏱ 준비 SRT_1000 0.0s · chars=5818
[18:48:54] ⏱ 다음명령유휴 SRT_1000 1.5s · idle=True
[18:48:55] fill OK(clip) follow=True chars=5818
[18:48:55] submit 시작 composer=5818 url=https://www.genspark.ai/agents?id=1d199a29-f97e-4e8c-a5d3-ee96bd455975
[18:48:55] submit geo 실패 hit=no-btn
[18:48:55] submit 시도 method=geo geo=False
[18:48:56] submit 미확인 method=geo generating=False composer=5818
[18:48:56] submit geo 실패 hit=no-btn
[18:48:56] submit 시도 method=send send=False
[18:48:57] submit 미확인 method=send generating=False composer=5818
[18:48:57] submit 시도 method=ctrl
[18:48:58] submit 미확인 method=ctrl generating=False composer=5820
[18:48:58] submit 시도 method=enter
[18:48:59] submit 확인 method=enter generating=False composer=0
[18:48:59] ⏱ 입력·전송 SRT_1000 4.3s · chars=5818
[18:48:59] 제출 후 last_saved=https://www.genspark.ai/api/files/s/cbsb3fmm
[18:48:59] ⏱ 생성대기 시작 SRT_1000 max=120s
[18:49:13] ⏱ 생성대기 완료(busy무시) 13.8s SRT_1000 https://www.genspark.ai/api/files/s/0gpnkrvg
[18:49:13] ⏱ 생성대기구간 SRT_1000 13.8s · ok=True
[18:49:13] SRT_1000 근접 이미지 https://www.genspark.ai/api/files/s/0gpnkrvg
[18:49:13] 다운로드 files URL=https://www.genspark.ai/api/files/s/0gpnkrvg → SRT_1000.png
[18:49:14] ⏱ 다운로드 직접 0.8s size=732597 SRT_1000.png
[18:49:14] ⏱ 다운로드구간 SRT_1000 0.9s · SRT_1000.png
[18:49:15] ⏱ 다운로드후유휴 SRT_1000 1.5s · idle=True
[18:49:15] ⏱ 씬합계 SRT_1000 22.3s · https://www.genspark.ai/api/files/s/0gpnkrvg
[18:49:15] SRT_1000 생성·다운로드 완료
C:\cursor\wuxia\workspace\swardmaster\2부\21장\png\SRT_1000.png
[18:49:15] 상태키 SRT_1020 · tracking=OFF; Baek|base; Jin|base
[18:49:15] run_scene 시작 SRT_1020 · seen_files=51 · last_saved=https://www.genspark.ai/api/files/s/0gpnkrvg
[18:49:15] ⏱ 준비 SRT_1020 0.0s · chars=4335
[18:49:17] ⏱ 다음명령유휴 SRT_1020 1.6s · idle=True
[18:49:18] fill OK(clip) follow=True chars=4335
[18:49:18] submit 시작 composer=4335 url=https://www.genspark.ai/agents?id=1d199a29-f97e-4e8c-a5d3-ee96bd455975
[18:49:18] submit geo 실패 hit=no-btn
[18:49:18] submit 시도 method=geo geo=False
[18:49:18] submit 미확인 method=geo generating=False composer=4335
[18:49:19] submit geo 실패 hit=no-btn
[18:49:19] submit 시도 method=send send=False
[18:49:19] submit 미확인 method=send generating=False composer=4335
[18:49:20] submit 시도 method=ctrl
[18:49:20] submit 미확인 method=ctrl generating=False composer=4337
[18:49:20] submit 시도 method=enter
[18:49:21] submit 확인 method=enter generating=False composer=0
[18:49:21] ⏱ 입력·전송 SRT_1020 4.2s · chars=4335
[18:49:21] 제출 후 last_saved=https://www.genspark.ai/api/files/s/0gpnkrvg
[18:49:21] ⏱ 생성대기 시작 SRT_1020 max=120s
[18:49:34] ⏱ 생성대기 완료 12.9s SRT_1020 https://www.genspark.ai/api/files/s/hk3gm3mv
[18:49:34] ⏱ 생성대기구간 SRT_1020 12.9s · ok=True
[18:49:34] SRT_1020 근접 이미지 https://www.genspark.ai/api/files/s/hk3gm3mv
[18:49:34] 다운로드 files URL=https://www.genspark.ai/api/files/s/hk3gm3mv → SRT_1020.png
[18:49:35] ⏱ 다운로드 직접 0.8s size=683393 SRT_1020.png
[18:49:35] ⏱ 다운로드구간 SRT_1020 0.8s · SRT_1020.png
[18:49:37] ⏱ 다운로드후유휴 SRT_1020 1.6s · idle=True
[18:49:37] ⏱ 씬합계 SRT_1020 21.4s · https://www.genspark.ai/api/files/s/hk3gm3mv
[18:49:37] SRT_1020 생성·다운로드 완료
C:\cursor\wuxia\workspace\swardmaster\2부\21장\png\SRT_1020.png
[18:49:37] 상태키 SRT_1040 · tracking=OFF; Baek|base; Jin|base
[18:49:37] run_scene 시작 SRT_1040 · seen_files=52 · last_saved=https://www.genspark.ai/api/files/s/hk3gm3mv
[18:49:37] ⏱ 준비 SRT_1040 0.0s · chars=4323
[18:49:38] ⏱ 다음명령유휴 SRT_1040 1.6s · idle=True
[18:49:39] fill OK(clip) follow=True chars=4323
[18:49:39] submit 시작 composer=4323 url=https://www.genspark.ai/agents?id=1d199a29-f97e-4e8c-a5d3-ee96bd455975
[18:49:39] submit geo 실패 hit=no-btn
[18:49:39] submit 시도 method=geo geo=False
[18:49:40] submit 미확인 method=geo generating=False composer=4323
[18:49:40] submit geo 실패 hit=no-btn
[18:49:40] submit 시도 method=send send=False
[18:49:41] submit 미확인 method=send generating=False composer=4323
[18:49:41] submit 시도 method=ctrl
[18:49:42] submit 미확인 method=ctrl generating=False composer=4325
[18:49:42] submit 시도 method=enter
[18:49:43] submit 확인 method=enter generating=False composer=0
[18:49:43] ⏱ 입력·전송 SRT_1040 4.2s · chars=4323
[18:49:43] 제출 후 last_saved=https://www.genspark.ai/api/files/s/hk3gm3mv
[18:49:43] ⏱ 생성대기 시작 SRT_1040 max=120s
[18:49:55] ⏱ 생성대기 완료 11.7s SRT_1040 https://www.genspark.ai/api/files/s/rtnu8uiu
[18:49:55] ⏱ 생성대기구간 SRT_1040 11.7s · ok=True
[18:49:55] SRT_1040 근접 이미지 https://www.genspark.ai/api/files/s/rtnu8uiu
[18:49:55] 다운로드 files URL=https://www.genspark.ai/api/files/s/rtnu8uiu → SRT_1040.png
[18:49:55] ⏱ 다운로드 직접 0.8s size=678354 SRT_1040.png
[18:49:55] ⏱ 다운로드구간 SRT_1040 0.9s · SRT_1040.png
[18:49:57] ⏱ 다운로드후유휴 SRT_1040 1.4s · idle=True
[18:49:57] ⏱ 씬합계 SRT_1040 20.1s · https://www.genspark.ai/api/files/s/rtnu8uiu
[18:49:57] SRT_1040 생성·다운로드 완료
C:\cursor\wuxia\workspace\swardmaster\2부\21장\png\SRT_1040.png
[18:49:57] 상태키 SRT_1060 · tracking=OFF; Baek|base; Jin|base
[18:49:57] run_scene 시작 SRT_1060 · seen_files=53 · last_saved=https://www.genspark.ai/api/files/s/rtnu8uiu
[18:49:57] ⏱ 준비 SRT_1060 0.0s · chars=4282
[18:49:59] ⏱ 다음명령유휴 SRT_1060 1.5s · idle=True
[18:49:59] fill OK(clip) follow=True chars=4282
[18:49:59] submit 시작 composer=4282 url=https://www.genspark.ai/agents?id=1d199a29-f97e-4e8c-a5d3-ee96bd455975
[18:49:59] submit geo 실패 hit=no-btn
[18:50:00] submit 시도 method=geo geo=False
[18:50:00] submit 미확인 method=geo generating=False composer=4282
[18:50:00] submit geo 실패 hit=no-btn
[18:50:00] submit 시도 method=send send=False
[18:50:01] submit 미확인 method=send generating=False composer=4282
[18:50:01] submit 시도 method=ctrl
[18:50:02] submit 미확인 method=ctrl generating=False composer=4284
[18:50:02] submit 시도 method=enter
[18:50:03] submit 확인 method=enter generating=False composer=0
[18:50:03] ⏱ 입력·전송 SRT_1060 4.2s · chars=4282
[18:50:03] 제출 후 last_saved=https://www.genspark.ai/api/files/s/rtnu8uiu
[18:50:03] ⏱ 생성대기 시작 SRT_1060 max=120s
[18:50:18] ⏱ 생성대기 진행 15.2s SRT_1060 busy=False url_ok=False src=
[18:50:21] ⏱ 생성대기 완료(busy무시) 18.2s SRT_1060 https://www.genspark.ai/api/files/s/ntldikoe
[18:50:21] ⏱ 생성대기구간 SRT_1060 18.2s · ok=True
[18:50:21] SRT_1060 근접 이미지 https://www.genspark.ai/api/files/s/ntldikoe
[18:50:21] 다운로드 files URL=https://www.genspark.ai/api/files/s/ntldikoe → SRT_1060.png
[18:50:22] ⏱ 다운로드 직접 0.8s size=685179 SRT_1060.png
[18:50:22] ⏱ 다운로드구간 SRT_1060 0.9s · SRT_1060.png
[18:50:24] ⏱ 다운로드후유휴 SRT_1060 1.6s · idle=True
[18:50:24] ⏱ 씬합계 SRT_1060 26.7s · https://www.genspark.ai/api/files/s/ntldikoe
[18:50:24] SRT_1060 생성·다운로드 완료
C:\cursor\wuxia\workspace\swardmaster\2부\21장\png\SRT_1060.png
[18:50:24] 상태키 SRT_1080 · tracking=OFF; Baek|base; Jin|base
[18:50:24] run_scene 시작 SRT_1080 · seen_files=54 · last_saved=https://www.genspark.ai/api/files/s/ntldikoe
[18:50:24] ⏱ 준비 SRT_1080 0.0s · chars=4234
[18:50:25] ⏱ 다음명령유휴 SRT_1080 1.4s · idle=True
[18:50:26] fill OK(clip) follow=True chars=4234
[18:50:26] submit 시작 composer=4234 url=https://www.genspark.ai/agents?id=1d199a29-f97e-4e8c-a5d3-ee96bd455975
[18:50:26] submit geo 실패 hit=no-btn
[18:50:26] submit 시도 method=geo geo=False
[18:50:27] submit 미확인 method=geo generating=False composer=4234
[18:50:27] submit geo 실패 hit=no-btn
[18:50:27] submit 시도 method=send send=False
[18:50:28] submit 미확인 method=send generating=False composer=4234
[18:50:28] submit 시도 method=ctrl
[18:50:29] submit 미확인 method=ctrl generating=False composer=4236
[18:50:29] submit 시도 method=enter
[18:50:30] submit 확인 method=enter generating=False composer=0
[18:50:30] ⏱ 입력·전송 SRT_1080 4.2s · chars=4234
[18:50:30] 제출 후 last_saved=https://www.genspark.ai/api/files/s/ntldikoe
[18:50:30] ⏱ 생성대기 시작 SRT_1080 max=120s
[18:50:42] ⏱ 생성대기 완료 12.3s SRT_1080 https://www.genspark.ai/api/files/s/92tldkkj
[18:50:42] ⏱ 생성대기구간 SRT_1080 12.3s · ok=True
[18:50:42] SRT_1080 근접 이미지 https://www.genspark.ai/api/files/s/92tldkkj
[18:50:42] 다운로드 files URL=https://www.genspark.ai/api/files/s/92tldkkj → SRT_1080.png
[18:50:43] ⏱ 다운로드 직접 1.1s size=751303 SRT_1080.png
[18:50:43] ⏱ 다운로드구간 SRT_1080 1.2s · SRT_1080.png
[18:50:45] ⏱ 다운로드후유휴 SRT_1080 2.0s · idle=True
[18:50:45] ⏱ 씬합계 SRT_1080 21.3s · https://www.genspark.ai/api/files/s/92tldkkj
[18:50:45] SRT_1080 생성·다운로드 완료
C:\cursor\wuxia\workspace\swardmaster\2부\21장\png\SRT_1080.png
[18:50:45] 상태키 SRT_1100 · tracking=OFF; Baek|base; Jin|base
[18:50:45] run_scene 시작 SRT_1100 · seen_files=55 · last_saved=https://www.genspark.ai/api/files/s/92tldkkj
[18:50:45] ⏱ 준비 SRT_1100 0.0s · chars=4226
[18:50:47] ⏱ 다음명령유휴 SRT_1100 1.5s · idle=True
[18:50:48] fill OK(clip) follow=True chars=4226
[18:50:48] submit 시작 composer=4226 url=https://www.genspark.ai/agents?id=1d199a29-f97e-4e8c-a5d3-ee96bd455975
[18:50:48] submit geo 실패 hit=no-btn
[18:50:48] submit 시도 method=geo geo=False
[18:50:48] submit 미확인 method=geo generating=False composer=4226
[18:50:49] submit geo 실패 hit=no-btn
[18:50:49] submit 시도 method=send send=False
[18:50:49] submit 미확인 method=send generating=False composer=4226
[18:50:50] submit 시도 method=ctrl
[18:50:50] submit 미확인 method=ctrl generating=False composer=4228
[18:50:51] submit 시도 method=enter
[18:50:51] submit 확인 method=enter generating=False composer=0
[18:50:51] ⏱ 입력·전송 SRT_1100 4.2s · chars=4226
[18:50:51] 제출 후 last_saved=https://www.genspark.ai/api/files/s/92tldkkj
[18:50:51] ⏱ 생성대기 시작 SRT_1100 max=120s
[18:51:06] ⏱ 생성대기 완료 14.3s SRT_1100 https://www.genspark.ai/api/files/s/5xrrkwpt
[18:51:06] ⏱ 생성대기구간 SRT_1100 14.3s · ok=True
[18:51:06] SRT_1100 근접 이미지 https://www.genspark.ai/api/files/s/5xrrkwpt
[18:51:06] 다운로드 files URL=https://www.genspark.ai/api/files/s/5xrrkwpt → SRT_1100.png
[18:51:07] ⏱ 다운로드 직접 0.9s size=738654 SRT_1100.png
[18:51:07] ⏱ 다운로드구간 SRT_1100 0.9s · SRT_1100.png
[18:51:08] ⏱ 다운로드후유휴 SRT_1100 1.5s · idle=True
[18:51:08] ⏱ 씬합계 SRT_1100 22.7s · https://www.genspark.ai/api/files/s/5xrrkwpt
[18:51:08] SRT_1100 생성·다운로드 완료
C:\cursor\wuxia\workspace\swardmaster\2부\21장\png\SRT_1100.png
[18:51:08] 상태키 SRT_1120 · tracking=OFF; Baek|base; Jin|base
[18:51:08] run_scene 시작 SRT_1120 · seen_files=56 · last_saved=https://www.genspark.ai/api/files/s/5xrrkwpt
[18:51:08] ⏱ 준비 SRT_1120 0.0s · chars=4288
[18:51:10] ⏱ 다음명령유휴 SRT_1120 1.5s · idle=True
[18:51:11] fill OK(clip) follow=True chars=4288
[18:51:11] submit 시작 composer=4288 url=https://www.genspark.ai/agents?id=1d199a29-f97e-4e8c-a5d3-ee96bd455975
[18:51:11] submit geo 실패 hit=no-btn
[18:51:11] submit 시도 method=geo geo=False
[18:51:11] submit 미확인 method=geo generating=False composer=4288
[18:51:12] submit geo 실패 hit=no-btn
[18:51:12] submit 시도 method=send send=False
[18:51:12] submit 미확인 method=send generating=False composer=4288
[18:51:13] submit 시도 method=ctrl
[18:51:13] submit 미확인 method=ctrl generating=False composer=4290
[18:51:13] submit 시도 method=enter
[18:51:14] submit 확인 method=enter generating=False composer=0
[18:51:14] ⏱ 입력·전송 SRT_1120 4.2s · chars=4288
[18:51:14] 제출 후 last_saved=https://www.genspark.ai/api/files/s/5xrrkwpt
[18:51:14] ⏱ 생성대기 시작 SRT_1120 max=120s
[18:51:29] ⏱ 생성대기 진행 15.1s SRT_1120 busy=False url_ok=True src=https://www.genspark.ai/api/files/s/fwiqjptt
[18:51:30] ⏱ 생성대기 완료 15.4s SRT_1120 https://www.genspark.ai/api/files/s/fwiqjptt
[18:51:30] ⏱ 생성대기구간 SRT_1120 15.4s · ok=True
[18:51:30] SRT_1120 근접 이미지 https://www.genspark.ai/api/files/s/fwiqjptt
[18:51:30] 다운로드 files URL=https://www.genspark.ai/api/files/s/fwiqjptt → SRT_1120.png
[18:51:30] ⏱ 다운로드 직접 0.7s size=739108 SRT_1120.png
[18:51:30] ⏱ 다운로드구간 SRT_1120 0.7s · SRT_1120.png
[18:51:32] ⏱ 다운로드후유휴 SRT_1120 1.5s · idle=True
[18:51:32] ⏱ 씬합계 SRT_1120 23.6s · https://www.genspark.ai/api/files/s/fwiqjptt
[18:51:32] SRT_1120 생성·다운로드 완료
C:\cursor\wuxia\workspace\swardmaster\2부\21장\png\SRT_1120.png
[18:51:32] 상태키 SRT_1140 · tracking=OFF; Baek|base; Jin|base
[18:51:32] run_scene 시작 SRT_1140 · seen_files=57 · last_saved=https://www.genspark.ai/api/files/s/fwiqjptt
[18:51:32] ⏱ 준비 SRT_1140 0.0s · chars=4312
[18:51:34] ⏱ 다음명령유휴 SRT_1140 1.5s · idle=True
[18:51:34] fill OK(clip) follow=True chars=4312
[18:51:34] submit 시작 composer=4312 url=https://www.genspark.ai/agents?id=1d199a29-f97e-4e8c-a5d3-ee96bd455975
[18:51:34] submit geo 실패 hit=no-btn
[18:51:34] submit 시도 method=geo geo=False
[18:51:35] submit 미확인 method=geo generating=False composer=4312
[18:51:36] submit geo 실패 hit=no-btn
[18:51:36] submit 시도 method=send send=False
[18:51:37] submit 미확인 method=send generating=False composer=4312
[18:51:37] submit 시도 method=ctrl
[18:51:38] submit 미확인 method=ctrl generating=False composer=4314
[18:51:38] submit 시도 method=enter
[18:51:39] submit 확인 method=enter generating=False composer=0
[18:51:39] ⏱ 입력·전송 SRT_1140 5.3s · chars=4312
[18:51:39] 제출 후 last_saved=https://www.genspark.ai/api/files/s/fwiqjptt
[18:51:39] ⏱ 생성대기 시작 SRT_1140 max=120s
[18:51:52] ⏱ 생성대기 완료 13.1s SRT_1140 https://www.genspark.ai/api/files/s/gjqs7nyu
[18:51:52] ⏱ 생성대기구간 SRT_1140 13.1s · ok=True
[18:51:52] SRT_1140 근접 이미지 https://www.genspark.ai/api/files/s/gjqs7nyu
[18:51:52] 다운로드 files URL=https://www.genspark.ai/api/files/s/gjqs7nyu → SRT_1140.png
[18:51:53] ⏱ 다운로드 직접 0.8s size=794903 SRT_1140.png
[18:51:53] ⏱ 다운로드구간 SRT_1140 0.9s · SRT_1140.png
[18:51:55] ⏱ 다운로드후유휴 SRT_1140 1.5s · idle=True
[18:51:55] ⏱ 씬합계 SRT_1140 22.5s · https://www.genspark.ai/api/files/s/gjqs7nyu
[18:51:55] SRT_1140 생성·다운로드 완료
C:\cursor\wuxia\workspace\swardmaster\2부\21장\png\SRT_1140.png
[18:51:55] 상태키 SRT_1160 · tracking=OFF; Baek|base; Jin|base
[18:51:55] run_scene 시작 SRT_1160 · seen_files=58 · last_saved=https://www.genspark.ai/api/files/s/gjqs7nyu
[18:51:55] ⏱ 준비 SRT_1160 0.0s · chars=4305
[18:51:56] ⏱ 다음명령유휴 SRT_1160 1.6s · idle=True
[18:51:57] fill OK(clip) follow=True chars=4305
[18:51:57] submit 시작 composer=4305 url=https://www.genspark.ai/agents?id=1d199a29-f97e-4e8c-a5d3-ee96bd455975
[18:51:57] submit geo 실패 hit=no-btn
[18:51:57] submit 시도 method=geo geo=False
[18:51:58] submit 미확인 method=geo generating=False composer=4305
[18:51:58] submit geo 실패 hit=no-btn
[18:51:58] submit 시도 method=send send=False
[18:51:59] submit 미확인 method=send generating=False composer=4305
[18:51:59] submit 시도 method=ctrl
[18:52:00] submit 미확인 method=ctrl generating=False composer=4307
[18:52:00] submit 시도 method=enter
[18:52:01] submit 확인 method=enter generating=False composer=0
[18:52:01] ⏱ 입력·전송 SRT_1160 4.3s · chars=4305
[18:52:01] 제출 후 last_saved=https://www.genspark.ai/api/files/s/gjqs7nyu
[18:52:01] ⏱ 생성대기 시작 SRT_1160 max=120s
[18:52:14] ⏱ 생성대기 완료(busy무시) 13.0s SRT_1160 https://www.genspark.ai/api/files/s/gshjmgeg
[18:52:14] ⏱ 생성대기구간 SRT_1160 13.0s · ok=True
[18:52:14] SRT_1160 근접 이미지 https://www.genspark.ai/api/files/s/gshjmgeg
[18:52:14] 다운로드 files URL=https://www.genspark.ai/api/files/s/gshjmgeg → SRT_1160.png
[18:52:15] ⏱ 다운로드 직접 0.8s size=542744 SRT_1160.png
[18:52:15] ⏱ 다운로드구간 SRT_1160 0.8s · SRT_1160.png
[18:52:19] ⏱ 다운로드후유휴 SRT_1160 4.9s · idle=True
[18:52:19] ⏱ 씬합계 SRT_1160 24.7s · https://www.genspark.ai/api/files/s/gshjmgeg
[18:52:19] SRT_1160 생성·다운로드 완료
C:\cursor\wuxia\workspace\swardmaster\2부\21장\png\SRT_1160.png
[18:52:20] 상태키 SRT_1180 · tracking=OFF; Baek|base; Jin|base
[18:52:20] run_scene 시작 SRT_1180 · seen_files=59 · last_saved=https://www.genspark.ai/api/files/s/gshjmgeg
[18:52:20] ⏱ 준비 SRT_1180 0.1s · chars=5599
[18:52:21] ⏱ 다음명령유휴 SRT_1180 1.8s · idle=True
[18:52:22] fill OK(clip) follow=True chars=5599
[18:52:22] submit 시작 composer=5599 url=https://www.genspark.ai/agents?id=1d199a29-f97e-4e8c-a5d3-ee96bd455975
[18:52:22] submit geo 실패 hit=no-btn
[18:52:22] submit 시도 method=geo geo=False
[18:52:23] submit 미확인 method=geo generating=False composer=5599
[18:52:23] submit geo 실패 hit=no-btn
[18:52:23] submit 시도 method=send send=False
[18:52:24] submit 미확인 method=send generating=False composer=5599
[18:52:24] submit 시도 method=ctrl
[18:52:25] submit 미확인 method=ctrl generating=False composer=5601
[18:52:25] submit 시도 method=enter
[18:52:26] submit 확인 method=enter generating=False composer=0
[18:52:26] ⏱ 입력·전송 SRT_1180 4.4s · chars=5599
[18:52:26] 제출 후 last_saved=https://www.genspark.ai/api/files/s/gshjmgeg
[18:52:26] ⏱ 생성대기 시작 SRT_1180 max=120s
[18:52:39] ⏱ 생성대기 완료 12.6s SRT_1180 https://www.genspark.ai/api/files/s/uygzucq5
[18:52:39] ⏱ 생성대기구간 SRT_1180 12.6s · ok=True
[18:52:39] SRT_1180 근접 이미지 https://www.genspark.ai/api/files/s/uygzucq5
[18:52:39] 다운로드 files URL=https://www.genspark.ai/api/files/s/uygzucq5 → SRT_1180.png
[18:52:40] ⏱ 다운로드 직접 0.8s size=723277 SRT_1180.png
[18:52:40] ⏱ 다운로드구간 SRT_1180 0.8s · SRT_1180.png
[18:52:42] ⏱ 다운로드후유휴 SRT_1180 2.6s · idle=True
[18:52:42] ⏱ 씬합계 SRT_1180 22.5s · https://www.genspark.ai/api/files/s/uygzucq5
[18:52:42] SRT_1180 생성·다운로드 완료
C:\cursor\wuxia\workspace\swardmaster\2부\21장\png\SRT_1180.png
[18:52:42] 상태키 SRT_1200 · tracking=OFF; Baek|base; Jin|base
[18:52:42] run_scene 시작 SRT_1200 · seen_files=60 · last_saved=https://www.genspark.ai/api/files/s/uygzucq5
[18:52:42] ⏱ 준비 SRT_1200 0.0s · chars=5599
[18:52:44] ⏱ 다음명령유휴 SRT_1200 1.5s · idle=True
[18:52:45] fill OK(clip) follow=True chars=5599
[18:52:45] submit 시작 composer=5599 url=https://www.genspark.ai/agents?id=1d199a29-f97e-4e8c-a5d3-ee96bd455975
[18:52:45] submit geo 실패 hit=no-btn
[18:52:45] submit 시도 method=geo geo=False
[18:52:45] submit 미확인 method=geo generating=False composer=5599
[18:52:46] submit geo 실패 hit=no-btn
[18:52:46] submit 시도 method=send send=False
[18:52:46] submit 미확인 method=send generating=False composer=5599
[18:52:47] submit 시도 method=ctrl
[18:52:47] submit 미확인 method=ctrl generating=False composer=5601
[18:52:48] submit 시도 method=enter
[18:52:48] submit 확인 method=enter generating=False composer=0
[18:52:48] ⏱ 입력·전송 SRT_1200 4.3s · chars=5599
[18:52:48] 제출 후 last_saved=https://www.genspark.ai/api/files/s/uygzucq5
[18:52:48] ⏱ 생성대기 시작 SRT_1200 max=120s
[18:53:03] ⏱ 생성대기 완료 14.2s SRT_1200 https://www.genspark.ai/api/files/s/2x6pqalo
[18:53:03] ⏱ 생성대기구간 SRT_1200 14.2s · ok=True
[18:53:03] SRT_1200 근접 이미지 https://www.genspark.ai/api/files/s/2x6pqalo
[18:53:03] 다운로드 files URL=https://www.genspark.ai/api/files/s/2x6pqalo → SRT_1200.png
[18:53:04] ⏱ 다운로드 직접 0.9s size=715242 SRT_1200.png
[18:53:04] ⏱ 다운로드구간 SRT_1200 0.9s · SRT_1200.png
[18:53:05] ⏱ 다운로드후유휴 SRT_1200 1.6s · idle=True
[18:53:05] ⏱ 씬합계 SRT_1200 22.8s · https://www.genspark.ai/api/files/s/2x6pqalo
[18:53:05] SRT_1200 생성·다운로드 완료
C:\cursor\wuxia\workspace\swardmaster\2부\21장\png\SRT_1200.png
[18:53:05] 상태키 SRT_1220 · tracking=OFF; Baek|base; Jin|base
[18:53:05] run_scene 시작 SRT_1220 · seen_files=61 · last_saved=https://www.genspark.ai/api/files/s/2x6pqalo
[18:53:05] ⏱ 준비 SRT_1220 0.0s · chars=4330
[18:53:07] ⏱ 다음명령유휴 SRT_1220 1.6s · idle=True
[18:53:08] fill OK(clip) follow=True chars=4330
[18:53:08] submit 시작 composer=4330 url=https://www.genspark.ai/agents?id=1d199a29-f97e-4e8c-a5d3-ee96bd455975
[18:53:08] submit geo 실패 hit=no-btn
[18:53:08] submit 시도 method=geo geo=False
[18:53:08] submit 미확인 method=geo generating=False composer=4330
[18:53:09] submit geo 실패 hit=no-btn
[18:53:09] submit 시도 method=send send=False
[18:53:09] submit 미확인 method=send generating=False composer=4330
[18:53:10] submit 시도 method=ctrl
[18:53:10] submit 미확인 method=ctrl generating=False composer=4332
[18:53:11] submit 시도 method=enter
[18:53:11] submit 확인 method=enter generating=False composer=0
[18:53:11] ⏱ 입력·전송 SRT_1220 4.4s · chars=4330
[18:53:11] 제출 후 last_saved=https://www.genspark.ai/api/files/s/2x6pqalo
[18:53:12] ⏱ 생성대기 시작 SRT_1220 max=120s
[18:53:24] ⏱ 생성대기 완료(busy무시) 12.7s SRT_1220 https://www.genspark.ai/api/files/s/fjvqiwyd
[18:53:24] ⏱ 생성대기구간 SRT_1220 12.7s · ok=True
[18:53:24] SRT_1220 근접 이미지 https://www.genspark.ai/api/files/s/fjvqiwyd
[18:53:24] 다운로드 files URL=https://www.genspark.ai/api/files/s/fjvqiwyd → SRT_1220.png
[18:53:25] ⏱ 다운로드 직접 1.0s size=637370 SRT_1220.png
[18:53:25] ⏱ 다운로드구간 SRT_1220 1.0s · SRT_1220.png
[18:53:27] ⏱ 다운로드후유휴 SRT_1220 2.2s · idle=True
[18:53:27] ⏱ 씬합계 SRT_1220 22.1s · https://www.genspark.ai/api/files/s/fjvqiwyd
[18:53:27] SRT_1220 생성·다운로드 완료
C:\cursor\wuxia\workspace\swardmaster\2부\21장\png\SRT_1220.png
[18:53:28] 상태키 SRT_1240 · tracking=OFF; Baek|base; Jin|base
[18:53:28] run_scene 시작 SRT_1240 · seen_files=62 · last_saved=https://www.genspark.ai/api/files/s/fjvqiwyd
[18:53:28] ⏱ 준비 SRT_1240 0.0s · chars=4909
[18:53:29] ⏱ 다음명령유휴 SRT_1240 1.5s · idle=True
[18:53:30] fill OK(clip) follow=True chars=4909
[18:53:30] submit 시작 composer=4909 url=https://www.genspark.ai/agents?id=1d199a29-f97e-4e8c-a5d3-ee96bd455975
[18:53:30] submit geo 실패 hit=no-btn
[18:53:30] submit 시도 method=geo geo=False
[18:53:31] submit 미확인 method=geo generating=False composer=4909
[18:53:31] submit geo 실패 hit=no-btn
[18:53:31] submit 시도 method=send send=False
[18:53:32] submit 미확인 method=send generating=False composer=4909
[18:53:32] submit 시도 method=ctrl
[18:53:33] submit 미확인 method=ctrl generating=False composer=4911
[18:53:33] submit 시도 method=enter
[18:53:33] submit 확인 method=enter generating=False composer=0
[18:53:33] ⏱ 입력·전송 SRT_1240 4.3s · chars=4909
[18:53:33] 제출 후 last_saved=https://www.genspark.ai/api/files/s/fjvqiwyd
[18:53:34] ⏱ 생성대기 시작 SRT_1240 max=120s
[18:53:49] ⏱ 생성대기 완료 14.9s SRT_1240 https://www.genspark.ai/api/files/s/6iespvrh
[18:53:49] ⏱ 생성대기구간 SRT_1240 14.9s · ok=True
[18:53:49] SRT_1240 근접 이미지 https://www.genspark.ai/api/files/s/6iespvrh
[18:53:49] 다운로드 files URL=https://www.genspark.ai/api/files/s/6iespvrh → SRT_1240.png
[18:53:49] ⏱ 다운로드 직접 0.8s size=719503 SRT_1240.png
[18:53:49] ⏱ 다운로드구간 SRT_1240 0.8s · SRT_1240.png
[18:53:54] ⏱ 다운로드후유휴 SRT_1240 4.3s · idle=True
[18:53:54] ⏱ 씬합계 SRT_1240 26.0s · https://www.genspark.ai/api/files/s/6iespvrh
[18:53:54] SRT_1240 생성·다운로드 완료
C:\cursor\wuxia\workspace\swardmaster\2부\21장\png\SRT_1240.png
[18:53:54] 상태키 SRT_1260 · tracking=OFF; Baek|base; Jin|base
[18:53:54] run_scene 시작 SRT_1260 · seen_files=63 · last_saved=https://www.genspark.ai/api/files/s/6iespvrh
[18:53:54] ⏱ 준비 SRT_1260 0.0s · chars=3895
[18:53:55] ⏱ 다음명령유휴 SRT_1260 1.5s · idle=True
[18:53:56] fill OK(clip) follow=True chars=3895
[18:53:56] submit 시작 composer=3895 url=https://www.genspark.ai/agents?id=1d199a29-f97e-4e8c-a5d3-ee96bd455975
[18:53:56] submit geo 실패 hit=no-btn
[18:53:56] submit 시도 method=geo geo=False
[18:53:57] submit 미확인 method=geo generating=False composer=3895
[18:53:57] submit geo 실패 hit=no-btn
[18:53:57] submit 시도 method=send send=False
[18:53:58] submit 미확인 method=send generating=False composer=3895
[18:53:58] submit 시도 method=ctrl
[18:53:59] submit 미확인 method=ctrl generating=False composer=3897
[18:53:59] submit 시도 method=enter
[18:54:00] submit 확인 method=enter generating=False composer=0
[18:54:00] ⏱ 입력·전송 SRT_1260 4.3s · chars=3895
[18:54:00] 제출 후 last_saved=https://www.genspark.ai/api/files/s/6iespvrh
[18:54:00] ⏱ 생성대기 시작 SRT_1260 max=120s
[18:54:11] ⏱ 생성대기 완료 11.4s SRT_1260 https://www.genspark.ai/api/files/s/1ilf6wlk
[18:54:11] ⏱ 생성대기구간 SRT_1260 11.4s · ok=True
[18:54:11] SRT_1260 근접 이미지 https://www.genspark.ai/api/files/s/1ilf6wlk
[18:54:11] 다운로드 files URL=https://www.genspark.ai/api/files/s/1ilf6wlk → SRT_1260.png
[18:54:12] ⏱ 다운로드 직접 0.8s size=656890 SRT_1260.png
[18:54:12] ⏱ 다운로드구간 SRT_1260 0.8s · SRT_1260.png
[18:54:15] ⏱ 다운로드후유휴 SRT_1260 2.6s · idle=True
[18:54:15] ⏱ 씬합계 SRT_1260 20.9s · https://www.genspark.ai/api/files/s/1ilf6wlk
[18:54:15] SRT_1260 생성·다운로드 완료
C:\cursor\wuxia\workspace\swardmaster\2부\21장\png\SRT_1260.png
[18:54:15] 상태키 SRT_1280 · tracking=OFF; Baek|base; Jin|base
[18:54:15] run_scene 시작 SRT_1280 · seen_files=64 · last_saved=https://www.genspark.ai/api/files/s/1ilf6wlk
[18:54:15] ⏱ 준비 SRT_1280 0.0s · chars=4316
[18:54:16] ⏱ 다음명령유휴 SRT_1280 1.5s · idle=True
[18:54:17] fill OK(clip) follow=True chars=4316
[18:54:17] submit 시작 composer=4316 url=https://www.genspark.ai/agents?id=1d199a29-f97e-4e8c-a5d3-ee96bd455975
[18:54:17] submit geo 실패 hit=no-btn
[18:54:17] submit 시도 method=geo geo=False
[18:54:18] submit 미확인 method=geo generating=False composer=4316
[18:54:18] submit geo 실패 hit=no-btn
[18:54:18] submit 시도 method=send send=False
[18:54:19] submit 미확인 method=send generating=False composer=4316
[18:54:19] submit 시도 method=ctrl
[18:54:20] submit 미확인 method=ctrl generating=False composer=4318
[18:54:20] submit 시도 method=enter
[18:54:21] submit 확인 method=enter generating=False composer=0
[18:54:21] ⏱ 입력·전송 SRT_1280 4.3s · chars=4316
[18:54:21] 제출 후 last_saved=https://www.genspark.ai/api/files/s/1ilf6wlk
[18:54:21] ⏱ 생성대기 시작 SRT_1280 max=120s
[18:54:34] ⏱ 생성대기 완료(busy무시) 13.0s SRT_1280 https://www.genspark.ai/api/files/s/oletonhn
[18:54:34] ⏱ 생성대기구간 SRT_1280 13.0s · ok=True
[18:54:34] SRT_1280 근접 이미지 https://www.genspark.ai/api/files/s/oletonhn
[18:54:34] 다운로드 files URL=https://www.genspark.ai/api/files/s/oletonhn → SRT_1280.png
[18:54:35] ⏱ 다운로드 직접 0.8s size=687417 SRT_1280.png
[18:54:35] ⏱ 다운로드구간 SRT_1280 0.8s · SRT_1280.png
[18:54:37] ⏱ 다운로드후유휴 SRT_1280 1.9s · idle=True
[18:54:37] ⏱ 씬합계 SRT_1280 21.9s · https://www.genspark.ai/api/files/s/oletonhn
[18:54:37] SRT_1280 생성·다운로드 완료
C:\cursor\wuxia\workspace\swardmaster\2부\21장\png\SRT_1280.png
[18:54:37] 상태키 SRT_1300 · tracking=OFF; Baek|base; Jin|base
[18:54:37] run_scene 시작 SRT_1300 · seen_files=65 · last_saved=https://www.genspark.ai/api/files/s/oletonhn
[18:54:37] ⏱ 준비 SRT_1300 0.0s · chars=5564
[18:54:39] ⏱ 다음명령유휴 SRT_1300 1.6s · idle=True
[18:54:39] fill OK(clip) follow=True chars=5564
[18:54:39] submit 시작 composer=5564 url=https://www.genspark.ai/agents?id=1d199a29-f97e-4e8c-a5d3-ee96bd455975
[18:54:40] submit geo 실패 hit=no-btn
[18:54:40] submit 시도 method=geo geo=False
[18:54:40] submit 미확인 method=geo generating=False composer=5564
[18:54:41] submit geo 실패 hit=no-btn
[18:54:41] submit 시도 method=send send=False
[18:54:41] submit 미확인 method=send generating=False composer=5564
[18:54:42] submit 시도 method=ctrl
[18:54:42] submit 미확인 method=ctrl generating=False composer=5566
[18:54:42] submit 시도 method=enter
[18:54:43] submit 확인 method=enter generating=False composer=0
[18:54:43] ⏱ 입력·전송 SRT_1300 4.5s · chars=5564
[18:54:43] 제출 후 last_saved=https://www.genspark.ai/api/files/s/oletonhn
[18:54:43] ⏱ 생성대기 시작 SRT_1300 max=120s
[18:54:55] ⏱ 생성대기 완료 11.7s SRT_1300 https://www.genspark.ai/api/files/s/uvb21xsq
[18:54:55] ⏱ 생성대기구간 SRT_1300 11.7s · ok=True
[18:54:55] SRT_1300 근접 이미지 https://www.genspark.ai/api/files/s/uvb21xsq
[18:54:55] 다운로드 files URL=https://www.genspark.ai/api/files/s/uvb21xsq → SRT_1300.png
[18:54:56] ⏱ 다운로드 직접 0.8s size=719826 SRT_1300.png
[18:54:56] ⏱ 다운로드구간 SRT_1300 0.8s · SRT_1300.png
[18:54:58] ⏱ 다운로드후유휴 SRT_1300 2.6s · idle=True
[18:54:58] ⏱ 씬합계 SRT_1300 21.5s · https://www.genspark.ai/api/files/s/uvb21xsq
[18:54:58] SRT_1300 생성·다운로드 완료
C:\cursor\wuxia\workspace\swardmaster\2부\21장\png\SRT_1300.png
[18:54:59] 상태키 SRT_1320 · tracking=OFF; Baek|base; Jin|base
[18:54:59] run_scene 시작 SRT_1320 · seen_files=66 · last_saved=https://www.genspark.ai/api/files/s/uvb21xsq
[18:54:59] ⏱ 준비 SRT_1320 0.0s · chars=4325
[18:55:01] ⏱ 다음명령유휴 SRT_1320 2.1s · idle=True
[18:55:02] fill OK(clip) follow=True chars=4325
[18:55:02] submit 시작 composer=4325 url=https://www.genspark.ai/agents?id=1d199a29-f97e-4e8c-a5d3-ee96bd455975
[18:55:02] submit geo 실패 hit=no-btn
[18:55:02] submit 시도 method=geo geo=False
[18:55:03] submit 미확인 method=geo generating=False composer=4325
[18:55:03] submit geo 실패 hit=no-btn
[18:55:03] submit 시도 method=send send=False
[18:55:04] submit 미확인 method=send generating=False composer=4325
[18:55:04] submit 시도 method=ctrl
[18:55:05] submit 미확인 method=ctrl generating=False composer=4327
[18:55:05] submit 시도 method=enter
[18:55:06] submit 확인 method=enter generating=False composer=0
[18:55:06] ⏱ 입력·전송 SRT_1320 4.7s · chars=4325
[18:55:06] 제출 후 last_saved=https://www.genspark.ai/api/files/s/uvb21xsq
[18:55:06] ⏱ 생성대기 시작 SRT_1320 max=120s
[18:55:16] ⏱ 생성대기 완료 10.7s SRT_1320 https://www.genspark.ai/api/files/s/udmnoagr
[18:55:16] ⏱ 생성대기구간 SRT_1320 10.7s · ok=True
[18:55:17] SRT_1320 근접 이미지 https://www.genspark.ai/api/files/s/udmnoagr
[18:55:17] 다운로드 files URL=https://www.genspark.ai/api/files/s/udmnoagr → SRT_1320.png
[18:55:17] ⏱ 다운로드 직접 0.8s size=616687 SRT_1320.png
[18:55:17] ⏱ 다운로드구간 SRT_1320 0.8s · SRT_1320.png
[18:55:21] ⏱ 다운로드후유휴 SRT_1320 3.4s · idle=True
[18:55:21] ⏱ 씬합계 SRT_1320 22.1s · https://www.genspark.ai/api/files/s/udmnoagr
[18:55:21] SRT_1320 생성·다운로드 완료
C:\cursor\wuxia\workspace\swardmaster\2부\21장\png\SRT_1320.png
[18:55:21] 상태키 SRT_1340 · tracking=OFF; Baek|base; Jin|base
[18:55:21] run_scene 시작 SRT_1340 · seen_files=67 · last_saved=https://www.genspark.ai/api/files/s/udmnoagr
[18:55:21] ⏱ 준비 SRT_1340 0.0s · chars=5558
[18:55:23] ⏱ 다음명령유휴 SRT_1340 1.8s · idle=True
[18:55:24] fill OK(clip) follow=True chars=5558
[18:55:24] submit 시작 composer=5558 url=https://www.genspark.ai/agents?id=1d199a29-f97e-4e8c-a5d3-ee96bd455975
[18:55:24] submit geo 실패 hit=no-btn
[18:55:24] submit 시도 method=geo geo=False
[18:55:24] submit 미확인 method=geo generating=False composer=5558
[18:55:25] submit geo 실패 hit=no-btn
[18:55:25] submit 시도 method=send send=False
[18:55:25] submit 미확인 method=send generating=False composer=5558
[18:55:26] submit 시도 method=ctrl
[18:55:26] submit 미확인 method=ctrl generating=False composer=5560
[18:55:27] submit 시도 method=enter
[18:55:27] submit 확인 method=enter generating=False composer=0
[18:55:27] ⏱ 입력·전송 SRT_1340 4.4s · chars=5558
[18:55:27] 제출 후 last_saved=https://www.genspark.ai/api/files/s/udmnoagr
[18:55:27] ⏱ 생성대기 시작 SRT_1340 max=120s
[18:55:40] ⏱ 생성대기 완료(busy무시) 12.2s SRT_1340 https://www.genspark.ai/api/files/s/82lfqx4g
[18:55:40] ⏱ 생성대기구간 SRT_1340 12.2s · ok=True
[18:55:40] SRT_1340 근접 이미지 https://www.genspark.ai/api/files/s/82lfqx4g
[18:55:40] 다운로드 files URL=https://www.genspark.ai/api/files/s/82lfqx4g → SRT_1340.png
[18:55:41] ⏱ 다운로드 직접 0.8s size=772511 SRT_1340.png
[18:55:41] ⏱ 다운로드구간 SRT_1340 0.9s · SRT_1340.png
[18:55:42] ⏱ 다운로드후유휴 SRT_1340 1.6s · idle=True
[18:55:42] ⏱ 씬합계 SRT_1340 21.2s · https://www.genspark.ai/api/files/s/82lfqx4g
[18:55:42] SRT_1340 생성·다운로드 완료
C:\cursor\wuxia\workspace\swardmaster\2부\21장\png\SRT_1340.png
[18:55:42] 상태키 SRT_1360 · tracking=OFF; Baek|base; Jin|base
[18:55:42] run_scene 시작 SRT_1360 · seen_files=68 · last_saved=https://www.genspark.ai/api/files/s/82lfqx4g
[18:55:42] ⏱ 준비 SRT_1360 0.0s · chars=4297
[18:55:44] ⏱ 다음명령유휴 SRT_1360 1.5s · idle=True
[18:55:45] fill OK(clip) follow=True chars=4297
[18:55:45] submit 시작 composer=4297 url=https://www.genspark.ai/agents?id=1d199a29-f97e-4e8c-a5d3-ee96bd455975
[18:55:45] submit geo 실패 hit=no-btn
[18:55:45] submit 시도 method=geo geo=False
[18:55:45] submit 미확인 method=geo generating=False composer=4297
[18:55:46] submit geo 실패 hit=no-btn
[18:55:46] submit 시도 method=send send=False
[18:55:47] submit 미확인 method=send generating=False composer=4297
[18:55:47] submit 시도 method=ctrl
[18:55:48] submit 미확인 method=ctrl generating=False composer=4299
[18:55:48] submit 시도 method=enter
[18:55:49] submit 확인 method=enter generating=False composer=0
[18:55:49] ⏱ 입력·전송 SRT_1360 5.0s · chars=4297
[18:55:49] 제출 후 last_saved=https://www.genspark.ai/api/files/s/82lfqx4g
[18:55:49] ⏱ 생성대기 시작 SRT_1360 max=120s
[18:56:04] ⏱ 생성대기 진행 15.0s SRT_1360 busy=True url_ok=True src=https://www.genspark.ai/api/files/s/6lgy8jbq
[18:56:04] ⏱ 생성대기 완료(busy무시) 15.0s SRT_1360 https://www.genspark.ai/api/files/s/6lgy8jbq
[18:56:04] ⏱ 생성대기구간 SRT_1360 15.0s · ok=True
[18:56:04] SRT_1360 근접 이미지 https://www.genspark.ai/api/files/s/6lgy8jbq
[18:56:04] 다운로드 files URL=https://www.genspark.ai/api/files/s/6lgy8jbq → SRT_1360.png
[18:56:05] ⏱ 다운로드 직접 0.8s size=815911 SRT_1360.png
[18:56:05] ⏱ 다운로드구간 SRT_1360 0.9s · SRT_1360.png
[18:56:08] ⏱ 다운로드후유휴 SRT_1360 2.9s · idle=True
[18:56:08] ⏱ 씬합계 SRT_1360 25.7s · https://www.genspark.ai/api/files/s/6lgy8jbq
[18:56:08] SRT_1360 생성·다운로드 완료
C:\cursor\wuxia\workspace\swardmaster\2부\21장\png\SRT_1360.png
[18:56:08] 상태키 SRT_1380 · tracking=OFF; Baek|base; Jin|base
[18:56:08] run_scene 시작 SRT_1380 · seen_files=69 · last_saved=https://www.genspark.ai/api/files/s/6lgy8jbq
[18:56:08] ⏱ 준비 SRT_1380 0.1s · chars=4324
[18:56:10] ⏱ 다음명령유휴 SRT_1380 1.7s · idle=True
[18:56:11] fill OK(clip) follow=True chars=4324
[18:56:11] submit 시작 composer=4324 url=https://www.genspark.ai/agents?id=1d199a29-f97e-4e8c-a5d3-ee96bd455975
[18:56:11] submit geo 실패 hit=no-btn
[18:56:11] submit 시도 method=geo geo=False
[18:56:11] submit 미확인 method=geo generating=False composer=4324
[18:56:12] submit geo 실패 hit=no-btn
[18:56:12] submit 시도 method=send send=False
[18:56:13] submit 미확인 method=send generating=False composer=4324
[18:56:13] submit 시도 method=ctrl
[18:56:14] submit 미확인 method=ctrl generating=False composer=4326
[18:56:14] submit 시도 method=enter
[18:56:15] submit 확인 method=enter generating=False composer=0
[18:56:15] ⏱ 입력·전송 SRT_1380 5.1s · chars=4324
[18:56:15] 제출 후 last_saved=https://www.genspark.ai/api/files/s/6lgy8jbq
[18:56:15] ⏱ 생성대기 시작 SRT_1380 max=120s
[18:56:30] ⏱ 생성대기 완료 14.4s SRT_1380 https://www.genspark.ai/api/files/s/znb0t3ib
[18:56:30] ⏱ 생성대기구간 SRT_1380 14.4s · ok=True
[18:56:30] SRT_1380 근접 이미지 https://www.genspark.ai/api/files/s/znb0t3ib
[18:56:30] 다운로드 files URL=https://www.genspark.ai/api/files/s/znb0t3ib → SRT_1380.png
[18:56:31] ⏱ 다운로드 직접 0.8s size=871488 SRT_1380.png
[18:56:31] ⏱ 다운로드구간 SRT_1380 0.9s · SRT_1380.png
[18:56:35] ⏱ 다운로드후유휴 SRT_1380 4.3s · idle=True
[18:56:35] ⏱ 씬합계 SRT_1380 26.7s · https://www.genspark.ai/api/files/s/znb0t3ib
[18:56:35] SRT_1380 생성·다운로드 완료
C:\cursor\wuxia\workspace\swardmaster\2부\21장\png\SRT_1380.png
[18:56:35] 상태키 SRT_1400 · tracking=OFF; Baek|base; Jin|base
[18:56:35] run_scene 시작 SRT_1400 · seen_files=70 · last_saved=https://www.genspark.ai/api/files/s/znb0t3ib
[18:56:35] ⏱ 준비 SRT_1400 0.0s · chars=5574
[18:56:37] ⏱ 다음명령유휴 SRT_1400 2.2s · idle=True
[18:56:38] fill OK(clip) follow=True chars=5574
[18:56:38] submit 시작 composer=5574 url=https://www.genspark.ai/agents?id=1d199a29-f97e-4e8c-a5d3-ee96bd455975
[18:56:38] submit geo 실패 hit=no-btn
[18:56:38] submit 시도 method=geo geo=False
[18:56:39] submit 미확인 method=geo generating=False composer=5574
[18:56:39] submit geo 실패 hit=no-btn
[18:56:39] submit 시도 method=send send=False
[18:56:40] submit 미확인 method=send generating=False composer=5574
[18:56:40] submit 시도 method=ctrl
[18:56:41] submit 미확인 method=ctrl generating=False composer=5576
[18:56:41] submit 시도 method=enter
[18:56:42] submit 확인 method=enter generating=False composer=0
[18:56:42] ⏱ 입력·전송 SRT_1400 4.5s · chars=5574
[18:56:42] 제출 후 last_saved=https://www.genspark.ai/api/files/s/znb0t3ib
[18:56:42] ⏱ 생성대기 시작 SRT_1400 max=120s
[18:56:55] ⏱ 생성대기 완료 12.7s SRT_1400 https://www.genspark.ai/api/files/s/ks74gmnq
[18:56:55] ⏱ 생성대기구간 SRT_1400 12.7s · ok=True
[18:56:55] SRT_1400 근접 이미지 https://www.genspark.ai/api/files/s/ks74gmnq
[18:56:55] 다운로드 files URL=https://www.genspark.ai/api/files/s/ks74gmnq → SRT_1400.png
[18:56:56] ⏱ 다운로드 직접 0.9s size=669806 SRT_1400.png
[18:56:56] ⏱ 다운로드구간 SRT_1400 1.0s · SRT_1400.png
[18:57:00] ⏱ 다운로드후유휴 SRT_1400 4.5s · idle=True
[18:57:00] ⏱ 씬합계 SRT_1400 25.1s · https://www.genspark.ai/api/files/s/ks74gmnq
[18:57:00] SRT_1400 생성·다운로드 완료
C:\cursor\wuxia\workspace\swardmaster\2부\21장\png\SRT_1400.png
[18:57:00] 상태키 SRT_1420 · tracking=OFF; Baek|base; Jin|base
[18:57:00] run_scene 시작 SRT_1420 · seen_files=71 · last_saved=https://www.genspark.ai/api/files/s/ks74gmnq
[18:57:00] ⏱ 준비 SRT_1420 0.1s · chars=5548
[18:57:03] ⏱ 다음명령유휴 SRT_1420 2.3s · idle=True
[18:57:04] fill OK(clip) follow=True chars=5548
[18:57:04] submit 시작 composer=5548 url=https://www.genspark.ai/agents?id=1d199a29-f97e-4e8c-a5d3-ee96bd455975
[18:57:04] submit geo 실패 hit=no-btn
[18:57:04] submit 시도 method=geo geo=False
[18:57:04] submit 미확인 method=geo generating=False composer=5548
[18:57:05] submit geo 실패 hit=no-btn
[18:57:05] submit 시도 method=send send=False
[18:57:06] submit 미확인 method=send generating=False composer=5548
[18:57:06] submit 시도 method=ctrl
[18:57:07] submit 미확인 method=ctrl generating=False composer=5550
[18:57:07] submit 시도 method=enter
[18:57:07] submit 확인 method=enter generating=False composer=0
[18:57:07] ⏱ 입력·전송 SRT_1420 4.7s · chars=5548
[18:57:07] 제출 후 last_saved=https://www.genspark.ai/api/files/s/ks74gmnq
[18:57:08] ⏱ 생성대기 시작 SRT_1420 max=120s
[18:57:22] ⏱ 생성대기 완료 14.4s SRT_1420 https://www.genspark.ai/api/files/s/mgch4xj7
[18:57:22] ⏱ 생성대기구간 SRT_1420 14.4s · ok=True
[18:57:22] SRT_1420 근접 이미지 https://www.genspark.ai/api/files/s/mgch4xj7
[18:57:22] 다운로드 files URL=https://www.genspark.ai/api/files/s/mgch4xj7 → SRT_1420.png
[18:57:24] ⏱ 다운로드 직접 2.2s size=755598 SRT_1420.png
[18:57:24] ⏱ 다운로드구간 SRT_1420 2.2s · SRT_1420.png
[18:57:26] ⏱ 다운로드후유휴 SRT_1420 1.8s · idle=True
[18:57:26] ⏱ 씬합계 SRT_1420 25.8s · https://www.genspark.ai/api/files/s/mgch4xj7
[18:57:26] SRT_1420 생성·다운로드 완료
C:\cursor\wuxia\workspace\swardmaster\2부\21장\png\SRT_1420.png
[18:57:26] 상태키 SRT_1440 · tracking=OFF; Baek|base; Jin|base
[18:57:26] run_scene 시작 SRT_1440 · seen_files=72 · last_saved=https://www.genspark.ai/api/files/s/mgch4xj7
[18:57:26] ⏱ 준비 SRT_1440 0.0s · chars=6180
[18:57:28] ⏱ 다음명령유휴 SRT_1440 1.5s · idle=True
[18:57:29] fill OK(clip) follow=True chars=6180
[18:57:29] submit 시작 composer=6180 url=https://www.genspark.ai/agents?id=1d199a29-f97e-4e8c-a5d3-ee96bd455975
[18:57:29] submit geo 실패 hit=no-btn
[18:57:29] submit 시도 method=geo geo=False
[18:57:29] submit 미확인 method=geo generating=False composer=6180
[18:57:30] submit geo 실패 hit=no-btn
[18:57:30] submit 시도 method=send send=False
[18:57:30] submit 미확인 method=send generating=False composer=6180
[18:57:31] submit 시도 method=ctrl
[18:57:31] submit 미확인 method=ctrl generating=False composer=6182
[18:57:32] submit 시도 method=enter
[18:57:32] submit 확인 method=enter generating=False composer=0
[18:57:32] ⏱ 입력·전송 SRT_1440 4.4s · chars=6180
[18:57:32] 제출 후 last_saved=https://www.genspark.ai/api/files/s/mgch4xj7
[18:57:33] ⏱ 생성대기 시작 SRT_1440 max=120s
[18:57:48] ⏱ 생성대기 진행 15.7s SRT_1440 busy=True url_ok=True src=https://www.genspark.ai/api/files/s/wjdyodgj
[18:57:48] ⏱ 생성대기 완료(busy무시) 15.7s SRT_1440 https://www.genspark.ai/api/files/s/wjdyodgj
[18:57:48] ⏱ 생성대기구간 SRT_1440 15.7s · ok=True
[18:57:48] SRT_1440 근접 이미지 https://www.genspark.ai/api/files/s/wjdyodgj
[18:57:48] 다운로드 files URL=https://www.genspark.ai/api/files/s/wjdyodgj → SRT_1440.png
[18:57:49] ⏱ 다운로드 직접 0.9s size=700410 SRT_1440.png
[18:57:49] ⏱ 다운로드구간 SRT_1440 1.0s · SRT_1440.png
[18:57:52] ⏱ 다운로드후유휴 SRT_1440 3.0s · idle=True
[18:57:52] ⏱ 씬합계 SRT_1440 26.0s · https://www.genspark.ai/api/files/s/wjdyodgj
[18:57:52] SRT_1440 생성·다운로드 완료
C:\cursor\wuxia\workspace\swardmaster\2부\21장\png\SRT_1440.png
[18:57:53] 상태키 SRT_1460 · tracking=OFF; Baek|base; Jin|base
[18:57:53] run_scene 시작 SRT_1460 · seen_files=73 · last_saved=https://www.genspark.ai/api/files/s/wjdyodgj
[18:57:53] ⏱ 준비 SRT_1460 0.0s · chars=3813
[18:57:54] ⏱ 다음명령유휴 SRT_1460 1.8s · idle=True
[18:57:55] fill OK(clip) follow=True chars=3813
[18:57:55] submit 시작 composer=3813 url=https://www.genspark.ai/agents?id=1d199a29-f97e-4e8c-a5d3-ee96bd455975
[18:57:55] submit geo 실패 hit=no-btn
[18:57:55] submit 시도 method=geo geo=False
[18:57:56] submit 미확인 method=geo generating=False composer=3813
[18:57:56] submit geo 실패 hit=no-btn
[18:57:56] submit 시도 method=send send=False
[18:57:57] submit 미확인 method=send generating=False composer=3813
[18:57:57] submit 시도 method=ctrl
[18:57:58] submit 미확인 method=ctrl generating=False composer=3815
[18:57:58] submit 시도 method=enter
[18:57:59] submit 확인 method=enter generating=False composer=0
[18:57:59] ⏱ 입력·전송 SRT_1460 4.7s · chars=3813
[18:57:59] 제출 후 last_saved=https://www.genspark.ai/api/files/s/wjdyodgj
[18:57:59] ⏱ 생성대기 시작 SRT_1460 max=120s
[18:58:13] ⏱ 생성대기 완료(busy무시) 14.2s SRT_1460 https://www.genspark.ai/api/files/s/z6v12oo3
[18:58:13] ⏱ 생성대기구간 SRT_1460 14.2s · ok=True
[18:58:13] SRT_1460 근접 이미지 https://www.genspark.ai/api/files/s/z6v12oo3
[18:58:13] 다운로드 files URL=https://www.genspark.ai/api/files/s/z6v12oo3 → SRT_1460.png
[18:58:14] ⏱ 다운로드 직접 0.8s size=671290 SRT_1460.png
[18:58:14] ⏱ 다운로드구간 SRT_1460 0.8s · SRT_1460.png
[18:58:16] ⏱ 다운로드후유휴 SRT_1460 1.6s · idle=True
[18:58:16] ⏱ 씬합계 SRT_1460 23.4s · https://www.genspark.ai/api/files/s/z6v12oo3
[18:58:16] SRT_1460 생성·다운로드 완료
C:\cursor\wuxia\workspace\swardmaster\2부\21장\png\SRT_1460.png
[18:58:16] 상태키 SRT_1480 · tracking=OFF; Baek|base; Jin|base
[18:58:16] run_scene 시작 SRT_1480 · seen_files=74 · last_saved=https://www.genspark.ai/api/files/s/z6v12oo3
[18:58:16] ⏱ 준비 SRT_1480 0.0s · chars=5532
[18:58:18] ⏱ 다음명령유휴 SRT_1480 1.6s · idle=True
[18:58:18] fill OK(clip) follow=True chars=5532
[18:58:18] submit 시작 composer=5532 url=https://www.genspark.ai/agents?id=1d199a29-f97e-4e8c-a5d3-ee96bd455975
[18:58:19] submit geo 실패 hit=no-btn
[18:58:19] submit 시도 method=geo geo=False
[18:58:19] submit 미확인 method=geo generating=False composer=5532
[18:58:20] submit geo 실패 hit=no-btn
[18:58:20] submit 시도 method=send send=False
[18:58:20] submit 미확인 method=send generating=False composer=5532
[18:58:21] submit 시도 method=ctrl
[18:58:21] submit 미확인 method=ctrl generating=False composer=5534
[18:58:21] submit 시도 method=enter
[18:58:22] submit 확인 method=enter generating=False composer=0
[18:58:22] ⏱ 입력·전송 SRT_1480 4.3s · chars=5532
[18:58:22] 제출 후 last_saved=https://www.genspark.ai/api/files/s/z6v12oo3
[18:58:22] ⏱ 생성대기 시작 SRT_1480 max=120s
[18:58:36] ⏱ 생성대기 완료 14.2s SRT_1480 https://www.genspark.ai/api/files/s/zslnprhc
[18:58:36] ⏱ 생성대기구간 SRT_1480 14.2s · ok=True
[18:58:37] SRT_1480 근접 이미지 https://www.genspark.ai/api/files/s/zslnprhc
[18:58:37] 다운로드 files URL=https://www.genspark.ai/api/files/s/zslnprhc → SRT_1480.png
[18:58:37] ⏱ 다운로드 직접 0.8s size=722070 SRT_1480.png
[18:58:37] ⏱ 다운로드구간 SRT_1480 0.8s · SRT_1480.png
[18:58:42] ⏱ 다운로드후유휴 SRT_1480 4.3s · idle=True
[18:58:42] ⏱ 씬합계 SRT_1480 25.5s · https://www.genspark.ai/api/files/s/zslnprhc
[18:58:42] SRT_1480 생성·다운로드 완료
C:\cursor\wuxia\workspace\swardmaster\2부\21장\png\SRT_1480.png
[18:58:42] 상태키 SRT_1500 · tracking=OFF; Baek|base; Jin|base
[18:58:42] run_scene 시작 SRT_1500 · seen_files=75 · last_saved=https://www.genspark.ai/api/files/s/zslnprhc
[18:58:42] ⏱ 준비 SRT_1500 0.0s · chars=4175
[18:58:43] ⏱ 다음명령유휴 SRT_1500 1.6s · idle=True
[18:58:44] fill OK(clip) follow=True chars=4175
[18:58:44] submit 시작 composer=4175 url=https://www.genspark.ai/agents?id=1d199a29-f97e-4e8c-a5d3-ee96bd455975
[18:58:44] submit geo 실패 hit=no-btn
[18:58:44] submit 시도 method=geo geo=False
[18:58:45] submit 미확인 method=geo generating=False composer=4175
[18:58:45] submit geo 실패 hit=no-btn
[18:58:45] submit 시도 method=send send=False
[18:58:46] submit 미확인 method=send generating=False composer=4175
[18:58:46] submit 시도 method=ctrl
[18:58:47] submit 미확인 method=ctrl generating=False composer=4177
[18:58:47] submit 시도 method=enter
[18:58:48] submit 확인 method=enter generating=False composer=0
[18:58:48] ⏱ 입력·전송 SRT_1500 4.5s · chars=4175
[18:58:48] 제출 후 last_saved=https://www.genspark.ai/api/files/s/zslnprhc
[18:58:48] ⏱ 생성대기 시작 SRT_1500 max=120s
[18:59:01] ⏱ 생성대기 완료 12.7s SRT_1500 https://www.genspark.ai/api/files/s/wsapsmkr
[18:59:01] ⏱ 생성대기구간 SRT_1500 12.7s · ok=True
[18:59:01] SRT_1500 근접 이미지 https://www.genspark.ai/api/files/s/wsapsmkr
[18:59:01] 다운로드 files URL=https://www.genspark.ai/api/files/s/wsapsmkr → SRT_1500.png
[18:59:02] ⏱ 다운로드 직접 0.8s size=705303 SRT_1500.png
[18:59:02] ⏱ 다운로드구간 SRT_1500 0.9s · SRT_1500.png
[18:59:05] ⏱ 다운로드후유휴 SRT_1500 3.8s · idle=True
[18:59:05] ⏱ 씬합계 SRT_1500 23.6s · https://www.genspark.ai/api/files/s/wsapsmkr
[18:59:05] SRT_1500 생성·다운로드 완료
C:\cursor\wuxia\workspace\swardmaster\2부\21장\png\SRT_1500.png
[18:59:06] 상태키 SRT_1503 · tracking=OFF; Baek|base; Jin|base
[18:59:06] run_scene 시작 SRT_1503 · seen_files=76 · last_saved=https://www.genspark.ai/api/files/s/wsapsmkr
[18:59:06] ⏱ 준비 SRT_1503 0.0s · chars=4175
[18:59:07] ⏱ 다음명령유휴 SRT_1503 1.5s · idle=True
[18:59:08] fill OK(clip) follow=True chars=4175
[18:59:08] submit 시작 composer=4175 url=https://www.genspark.ai/agents?id=1d199a29-f97e-4e8c-a5d3-ee96bd455975
[18:59:08] submit geo 실패 hit=no-btn
[18:59:08] submit 시도 method=geo geo=False
[18:59:09] submit 미확인 method=geo generating=False composer=4175
[18:59:09] submit geo 실패 hit=no-btn
[18:59:09] submit 시도 method=send send=False
[18:59:10] submit 미확인 method=send generating=False composer=4175
[18:59:10] submit 시도 method=ctrl
[18:59:11] submit 미확인 method=ctrl generating=False composer=4177
[18:59:11] submit 시도 method=enter
[18:59:12] submit 확인 method=enter generating=False composer=0
[18:59:12] ⏱ 입력·전송 SRT_1503 4.4s · chars=4175
[18:59:12] 제출 후 last_saved=https://www.genspark.ai/api/files/s/wsapsmkr
[18:59:12] ⏱ 생성대기 시작 SRT_1503 max=120s
[18:59:24] ⏱ 생성대기 완료(busy무시) 12.7s SRT_1503 https://www.genspark.ai/api/files/s/pzdzqvew
[18:59:24] ⏱ 생성대기구간 SRT_1503 12.7s · ok=True
[18:59:25] SRT_1503 근접 이미지 https://www.genspark.ai/api/files/s/pzdzqvew
[18:59:25] 다운로드 files URL=https://www.genspark.ai/api/files/s/pzdzqvew → SRT_1503.png
[18:59:25] ⏱ 다운로드 직접 0.8s size=637892 SRT_1503.png
[18:59:25] ⏱ 다운로드구간 SRT_1503 0.9s · SRT_1503.png
[18:59:28] ⏱ 다운로드후유휴 SRT_1503 2.5s · idle=True
[18:59:28] ⏱ 씬합계 SRT_1503 22.3s · https://www.genspark.ai/api/files/s/pzdzqvew
[18:59:28] SRT_1503 생성·다운로드 완료
C:\cursor\wuxia\workspace\swardmaster\2부\21장\png\SRT_1503.png
[18:59:28] 다운로드 실패 없음 — 대상 씬 PNG 모두 확인
